Enzyme,Action,Target_Organ,Next_Step
A,Inhibit,Liver,Hepatic Veno-Occlusive Disease
A,Inhibit,Liver,Liver Neoplasms
A1BG,Inhibit,Liver,Hepatomegaly
A2M,Inhibit,Liver,"Adenoma, Liver Cell"
A2M,Inhibit,Liver,"Carcinoma, Hepatocellular"
A2M,Inhibit,Liver,Hepatolenticular Degeneration
A2M,Inhibit,Liver,Liver Cirrhosis
A2M,Inhibit,Liver,"Liver Cirrhosis, Experimental"
AADAC,Inhibit,Liver,"Liver Cirrhosis, Experimental"
AADAT,Inhibit,Liver,"Carcinoma, Hepatocellular"
AADAT,Inhibit,Liver,"Liver Cirrhosis, Experimental"
AASS,Inhibit,Liver,Chemical and Drug Induced Liver Injury
ABAT,Inhibit,Liver,"Liver Cirrhosis, Experimental"
ABCA8A,Inhibit,Liver,"Liver Cirrhosis, Experimental"
ABCB1,Inhibit,Liver,"Carcinoma, Hepatocellular"
ABCB1,Inhibit,Liver,Chemical and Drug Induced Liver Injury
ABCB1,Inhibit,Heart,"Heart Defects, Congenital"
ABCB1,Inhibit,Liver,"Liver Cirrhosis, Experimental"
ABCB1,Inhibit,Brain,Neuroblastoma
ABCB1,Inhibit,Brain,Neurotoxicity Syndromes
ABCB11,Inhibit,Liver,"CHOLESTASIS, BENIGN RECURRENT INTRAHEPATIC, 2"
ABCB11,Inhibit,Liver,"Cholestasis, Intrahepatic"
ABCB11,Inhibit,Liver,"Cholestasis, progressive familial intrahepatic 1"
ABCB11,Inhibit,Liver,"Cholestasis, progressive familial intrahepatic 2"
ABCB11,Inhibit,Liver,"Cholestasis, progressive familial intrahepatic 3"
ABCB1A,Inhibit,Heart,Cardiomyopathies
ABCB1A,Inhibit,Liver,Chemical and Drug Induced Liver Injury
ABCB1A,Inhibit,Heart,Heart Diseases
ABCB1A,Inhibit,Liver,"Liver Cirrhosis, Experimental"
ABCB1B,Inhibit,Liver,Chemical and Drug Induced Liver Injury
ABCB1B,Inhibit,Liver,Liver Neoplasms
ABCB4,Inhibit,Liver,"Carcinoma, Hepatocellular"
ABCB4,Inhibit,Liver,"Cholestasis, progressive familial intrahepatic 1"
ABCB4,Inhibit,Liver,"Cholestasis, progressive familial intrahepatic 3"
ABCB4,Inhibit,Liver,End Stage Liver Disease
ABCB4,Inhibit,Liver,Intrahepatic Cholestasis of Pregnancy
ABCB4,Inhibit,Liver,Liver Cirrhosis
ABCB4,Inhibit,Liver,"Liver Cirrhosis, Biliary"
ABCB4,Inhibit,Liver,Liver Diseases
ABCB4,Inhibit,Liver,Non-alcoholic Fatty Liver Disease
ABCC1,Inhibit,Liver,Chemical and Drug Induced Liver Injury
ABCC1,Inhibit,Heart,Heart Diseases
ABCC2,Inhibit,Heart,Cardiomyopathies
ABCC2,Inhibit,Liver,Chemical and Drug Induced Liver Injury
ABCC2,Inhibit,Heart,Heart Diseases
ABCC2,Inhibit,Liver,"Liver Cirrhosis, Biliary"
ABCC2,Inhibit,Liver,"Liver Cirrhosis, Experimental"
ABCC2,Inhibit,Liver,Non-alcoholic Fatty Liver Disease
ABCC3,Inhibit,Liver,Hepatomegaly
ABCC5,Inhibit,Liver,"Liver Cirrhosis, Experimental"
ABCC9,Inhibit,Heart,"Cardiomyopathy, Dilated, 1o"
ABCG1,Inhibit,Liver,"Liver Cirrhosis, Experimental"
ABCG2,Inhibit,Heart,Cardiomyopathies
ABCG2,Inhibit,Heart,Heart Failure
ABCG2,Inhibit,Liver,"Liver Cirrhosis, Biliary"
ABCG5,Inhibit,Liver,"Liver Cirrhosis, Experimental"
ABCG8,Inhibit,Liver,"Liver Cirrhosis, Experimental"
ABHD12,Inhibit,Brain,"Polyneuropathy, Hearing Loss, Ataxia, Retinitis Pigmentosa, And Cataract"
ABI1,Inhibit,Liver,Chemical and Drug Induced Liver Injury
ABL1,Inhibit,Heart,"Heart Defects, Congenital"
ABL1,Inhibit,Liver,Liver Neoplasms
ABLIM3,Inhibit,Liver,"Liver Cirrhosis, Experimental"
ABRA,Inhibit,Heart,"Cardiomyopathy, Dilated"
ABTB3,Inhibit,Liver,Liver Neoplasms
ACAA1B,Inhibit,Heart,Heart Failure
ACACA,Inhibit,Liver,"Carcinoma, Hepatocellular"
ACACA,Inhibit,Heart,Heart Failure
ACADM,Inhibit,Liver,Liver Failure
ACADS,Inhibit,Heart,Heart Failure
ACAT1,Inhibit,Liver,"Liver Cirrhosis, Experimental"
ACBD4,Inhibit,Liver,"Liver Cirrhosis, Experimental"
ACE,Inhibit,Heart,"Arrhythmias, Cardiac"
ACE,Inhibit,Brain,Brain Ischemia
ACE,Inhibit,Liver,"Carcinoma, Hepatocellular"
ACE,Inhibit,Heart,Cardiovascular Diseases
ACE,Inhibit,Brain,Cerebral Hemorrhage
ACE,Inhibit,Heart,Heart Failure
ACE,Inhibit,Heart,Myocardial Infarction
ACE,Inhibit,Liver,Non-alcoholic Fatty Liver Disease
ACE2,Inhibit,Heart,Cardiomyopathies
ACE2,Inhibit,Heart,Endomyocardial Fibrosis
ACE2,Inhibit,Heart,Heart Failure
ACHE,Inhibit,Liver,"Liver Cirrhosis, Experimental"
ACKR3,Inhibit,Liver,"Liver Cirrhosis, Experimental"
ACKR5,Inhibit,Liver,"Carcinoma, Hepatocellular"
ACLY,Inhibit,Liver,"Carcinoma, Hepatocellular"
ACLY,Inhibit,Heart,Heart Failure
ACO2,Inhibit,Liver,"Carcinoma, Hepatocellular"
ACOT1,Inhibit,Liver,Hepatomegaly
ACOT1,Inhibit,Liver,Liver Neoplasms
ACOT2,Inhibit,Heart,Myocardial Ischemia
ACOT9,Inhibit,Liver,"Liver Cirrhosis, Experimental"
ACOX1,Inhibit,Liver,"Carcinoma, Hepatocellular"
ACOX2,Inhibit,Liver,"Liver Cirrhosis, Experimental"
ACOX3,Inhibit,Liver,Chemical and Drug Induced Liver Injury
ACP5,Inhibit,Liver,"Liver Cirrhosis, Experimental"
ACSL1,Inhibit,Liver,Chemical and Drug Induced Liver Injury
ACSL1,Inhibit,Liver,"Liver Cirrhosis, Experimental"
ACSL4,Inhibit,Liver,"Carcinoma, Hepatocellular"
ACTA2,Inhibit,Liver,"Cholestasis, Extrahepatic"
ACTA2,Inhibit,Liver,Copper-Overload Cirrhosis
ACTA2,Inhibit,Liver,"Hepatitis, Chronic"
ACTA2,Inhibit,Liver,Liver Cirrhosis
ACTA2,Inhibit,Liver,"Liver Cirrhosis, Experimental"
ACTA2,Inhibit,Liver,Liver Diseases
ACTA2,Inhibit,Heart,Myocardial Infarction
ACTB,Inhibit,Liver,"Carcinoma, Hepatocellular"
ACTB,Inhibit,Liver,Chemical and Drug Induced Liver Injury
ACTB,Inhibit,Heart,Myocardial Ischemia
ACTC1,Inhibit,Heart,"Cardiomyopathy, Dilated"
ACTC1,Inhibit,Heart,"Cardiomyopathy, Familial Hypertrophic, 11"
ACTN1,Inhibit,Liver,"Liver Cirrhosis, Experimental"
ACTN2,Inhibit,Heart,"Cardiomyopathy, Dilated, 1AA"
ACTN4,Inhibit,Liver,Chemical and Drug Induced Liver Injury
ACTR3,Inhibit,Liver,Chemical and Drug Induced Liver Injury
ADA,Inhibit,Liver,"Liver Cirrhosis, Experimental"
ADAM17,Inhibit,Liver,"Liver Cirrhosis, Experimental"
ADAM3A,Inhibit,Liver,Hepatomegaly
ADAM8,Inhibit,Liver,Chemical and Drug Induced Liver Injury
ADAMTS1,Inhibit,Liver,"Carcinoma, Hepatocellular"
ADAMTS13,Inhibit,Liver,"Carcinoma, Hepatocellular"
ADAMTS17,Inhibit,Liver,Liver Neoplasms
ADAMTS19,Inhibit,Heart,Heart Valve Diseases
ADAMTS5,Inhibit,Liver,Hepatomegaly
ADAMTSL2,Inhibit,Heart,Heart Valve Diseases
ADAMTSL2,Inhibit,Liver,Hepatomegaly
ADAR,Inhibit,Heart,Aicardi-Goutieres syndrome
ADAT3,Inhibit,Brain,"NEURODEVELOPMENTAL DISORDER WITH BRAIN ABNORMALITIES, POOR GROWTH, AND DYSMORPHIC FACIES"
ADCY5,Inhibit,Heart,Cardiomyopathies
ADCY5,Inhibit,Brain,Neurodevelopmental Disorders
ADCYAP1,Inhibit,Heart,Cardiomyopathies
ADCYAP1,Inhibit,Brain,Neurotoxicity Syndromes
ADD1,Inhibit,Liver,"Carcinoma, Hepatocellular"
ADD3,Inhibit,Brain,Brain Ischemia
ADD3,Inhibit,Brain,"CEREBRAL PALSY, SPASTIC QUADRIPLEGIC, 3"
ADD3,Inhibit,Liver,"Liver Cirrhosis, Experimental"
ADD3,Inhibit,Brain,Neurotoxicity Syndromes
ADGRE1,Inhibit,Liver,"Liver Cirrhosis, Experimental"
ADGRG7,Inhibit,Liver,"Carcinoma, Hepatocellular"
ADH1,Inhibit,Liver,"Liver Cirrhosis, Experimental"
ADH1A,Inhibit,Liver,"Liver Failure, Acute"
ADH1A,Inhibit,Liver,Non-alcoholic Fatty Liver Disease
ADH1B,Inhibit,Brain,Cerebral Infarction
ADH1B,Inhibit,Liver,"Liver Failure, Acute"
ADH1B,Inhibit,Liver,Non-alcoholic Fatty Liver Disease
ADH4,Inhibit,Liver,"Carcinoma, Hepatocellular"
ADH4,Inhibit,Liver,"Liver Cirrhosis, Experimental"
ADH4,Inhibit,Liver,Non-alcoholic Fatty Liver Disease
ADHFE1,Inhibit,Liver,"Liver Cirrhosis, Experimental"
ADIPOQ,Inhibit,Liver,Chemical and Drug Induced Liver Injury
ADIPOQ,Inhibit,Heart,Heart Failure
ADIPOQ,Inhibit,Liver,"Liver Cirrhosis, Experimental"
ADIPOQ,Inhibit,Heart,Myocardial Ischemia
ADIPOQ,Inhibit,Heart,Myocardial Reperfusion Injury
ADIPOQ,Inhibit,Liver,Non-alcoholic Fatty Liver Disease
ADM,Inhibit,Liver,"Liver Cirrhosis, Experimental"
ADM2,Inhibit,Heart,Myocardial Ischemia
ADNP,Inhibit,Brain,Neurodevelopmental Disorders
ADORA1,Inhibit,Heart,Bradycardia
ADORA1,Inhibit,Brain,"Infarction, Middle Cerebral Artery"
ADORA1,Inhibit,Heart,Myocardial Infarction
ADORA2A,Inhibit,Heart,Cardiomyopathies
ADORA2A,Inhibit,Liver,"Liver Cirrhosis, Experimental"
ADORA2B,Inhibit,Liver,Chemical and Drug Induced Liver Injury
ADORA3,Inhibit,Liver,"Liver Cirrhosis, Experimental"
ADORA3,Inhibit,Heart,Myocardial Infarction
ADRA1A,Inhibit,Liver,"Carcinoma, Hepatocellular"
ADRA1A,Inhibit,Liver,Liver Cirrhosis
ADRA1B,Inhibit,Heart,Cardiomegaly
ADRA1B,Inhibit,Liver,"Liver Cirrhosis, Experimental"
ADRA1B,Inhibit,Brain,Neurotoxicity Syndromes
ADRA1D,Inhibit,Heart,"Heart Failure, Diastolic"
ADRA2A,Inhibit,Heart,Cardiomegaly
ADRA2A,Inhibit,Heart,Heart Diseases
ADRA2B,Inhibit,Liver,"Carcinoma, Hepatocellular"
ADRA2C,Inhibit,Heart,Cardiomegaly
ADRA2C,Inhibit,Heart,Heart Failure
ADRB1,Inhibit,Heart,"Cardiomyopathy, Dilated"
ADRB1,Inhibit,Heart,Cardiovascular Diseases
ADRB1,Inhibit,Heart,Endomyocardial Fibrosis
ADRB1,Inhibit,Heart,Heart Failure
ADRB1,Inhibit,Heart,Myocardial Ischemia
ADRB1,Inhibit,Heart,Myocardial Reperfusion Injury
ADRB2,Inhibit,Heart,Cardiomyopathies
ADRB2,Inhibit,Heart,"Cardiomyopathy, Dilated"
ADRB2,Inhibit,Heart,Myocardial Ischemia
ADRB3,Inhibit,Heart,Heart Failure
AEN,Inhibit,Liver,"Liver Cirrhosis, Experimental"
AFF4,Inhibit,Heart,"Heart Defects, Congenital"
AFG2A,Inhibit,Brain,"NEURODEVELOPMENTAL DISORDER WITH HEARING LOSS, SEIZURES, AND BRAIN ABNORMALITIES"
AFM,Inhibit,Liver,"Liver Cirrhosis, Experimental"
AFP,Inhibit,Liver,"Carcinoma, Hepatocellular"
AFP,Inhibit,Liver,"Liver Cirrhosis, Experimental"
AFP,Inhibit,Liver,Liver Diseases
AFP,Inhibit,Liver,"Liver Neoplasms, Experimental"
AGER,Inhibit,Brain,"Infarction, Middle Cerebral Artery"
AGFG1,Inhibit,Liver,"Liver Cirrhosis, Experimental"
AGK,Inhibit,Heart,Cataract and cardiomyopathy
AGL,Inhibit,Liver,"Liver Cirrhosis, Experimental"
AGPAT3,Inhibit,Brain,Neurodegenerative Diseases
AGT,Inhibit,Heart,"Arrhythmias, Cardiac"
AGT,Inhibit,Heart,Bradycardia
AGT,Inhibit,Heart,Cardiomegaly
AGT,Inhibit,Heart,Cardiomyopathies
AGT,Inhibit,Heart,"Cardiomyopathy, Alcoholic"
AGT,Inhibit,Heart,Cardiotoxicity
AGT,Inhibit,Heart,Cardiovascular Abnormalities
AGT,Inhibit,Heart,Cardiovascular Diseases
AGT,Inhibit,Liver,Chemical and Drug Induced Liver Injury
AGT,Inhibit,Heart,Diabetic Cardiomyopathies
AGT,Inhibit,Heart,Endomyocardial Fibrosis
AGT,Inhibit,Heart,Heart Diseases
AGT,Inhibit,Heart,Heart Failure
AGT,Inhibit,Liver,Liver Cirrhosis
AGT,Inhibit,Liver,"Liver Cirrhosis, Experimental"
AGT,Inhibit,Heart,Myocardial Infarction
AGT,Inhibit,Heart,Myocardial Ischemia
AGT,Inhibit,Heart,Myocardial Reperfusion Injury
AGT,Inhibit,Brain,Neurobehavioral Manifestations
AGTR1,Inhibit,Heart,Heart Failure
AGTR1A,Inhibit,Heart,Cardiomegaly
AGTR1A,Inhibit,Liver,"Liver Cirrhosis, Experimental"
AGTR2,Inhibit,Heart,Diabetic Cardiomyopathies
AHCY,Inhibit,Liver,Hepatolenticular Degeneration
AHCY,Inhibit,Liver,Non-alcoholic Fatty Liver Disease
AHNAK,Inhibit,Liver,"Liver Cirrhosis, Experimental"
AHR,Inhibit,Heart,Cardiomegaly
AHR,Inhibit,Liver,Chemical and Drug Induced Liver Injury
AHR,Inhibit,Heart,"Heart Defects, Congenital"
AHR,Inhibit,Liver,Hepatomegaly
AHR,Inhibit,Liver,Liver Cirrhosis
AHR,Inhibit,Liver,Liver Diseases
AHR,Inhibit,Liver,Liver Neoplasms
AHR,Inhibit,Liver,Non-alcoholic Fatty Liver Disease
AHR,Inhibit,Heart,Tachycardia
AHR2,Inhibit,Heart,"Heart Defects, Congenital"
AHR2,Inhibit,Heart,Heart Diseases
AHR2,Inhibit,Liver,Non-alcoholic Fatty Liver Disease
AIDA,Inhibit,Liver,"Liver Cirrhosis, Experimental"
AIF,Inhibit,Brain,Neuroinflammatory Diseases
AIF1,Inhibit,Liver,"Liver Cirrhosis, Experimental"
AIFM1,Inhibit,Liver,Chemical and Drug Induced Liver Injury
AK1,Inhibit,Heart,Myocardial Ischemia
AKAP5,Inhibit,Heart,Cardiomegaly
AKIP1,Inhibit,Heart,"Heart Failure, Diastolic"
AKR1A1,Inhibit,Liver,"Carcinoma, Hepatocellular"
AKR1A1,Inhibit,Liver,Chemical and Drug Induced Liver Injury
AKR1B1,Inhibit,Liver,"Liver Cirrhosis, Experimental"
AKR1B10,Inhibit,Liver,"Carcinoma, Hepatocellular"
AKR1C1,Inhibit,Liver,"Liver Cirrhosis, Experimental"
AKR1C19,Inhibit,Liver,"Liver Cirrhosis, Experimental"
AKR1C2,Inhibit,Liver,"Carcinoma, Hepatocellular"
AKR1C3,Inhibit,Liver,"Liver Cirrhosis, Experimental"
AKR1C3L1,Inhibit,Liver,"Liver Cirrhosis, Experimental"
AKR7A3,Inhibit,Liver,Hepatomegaly
AKT1,Inhibit,Liver,"Carcinoma, Hepatocellular"
AKT1,Inhibit,Heart,Cardiomegaly
AKT1,Inhibit,Heart,Cardiomyopathies
AKT1,Inhibit,Liver,Fatty Liver
AKT1,Inhibit,Liver,Hepatomegaly
AKTIP,Inhibit,Liver,"Liver Cirrhosis, Experimental"
ALAD,Inhibit,Liver,Liver Cirrhosis
ALAD,Inhibit,Liver,Liver Diseases
ALAD,Inhibit,Liver,"Porphyria, Acute Hepatic"
ALAD,Inhibit,Liver,"Porphyrias, Hepatic"
ALAS2,Inhibit,Liver,"Liver Neoplasms, Experimental"
ALB,Inhibit,Brain,Brain Diseases
ALB,Inhibit,Brain,Brain Injuries
ALB,Inhibit,Brain,Brain Ischemia
ALB,Inhibit,Heart,Cardiovascular Diseases
ALB,Inhibit,Liver,Chemical and Drug Induced Liver Injury
ALB,Inhibit,Liver,"Cholestasis, Extrahepatic"
ALB,Inhibit,Heart,Heart Diseases
ALB,Inhibit,Heart,Heart Failure
ALB,Inhibit,Liver,Hepatic Insufficiency
ALB,Inhibit,Liver,Hepatitis
ALB,Inhibit,Liver,Hepatomegaly
ALB,Inhibit,Liver,Liver Cirrhosis
ALB,Inhibit,Liver,"Liver Cirrhosis, Biliary"
ALB,Inhibit,Liver,"Liver Cirrhosis, Experimental"
ALB,Inhibit,Liver,"Liver Failure, Acute"
ALB,Inhibit,Heart,Myocardial Reperfusion Injury
ALDH1A1,Inhibit,Liver,"Liver Cirrhosis, Experimental"
ALDH1A1,Inhibit,Liver,Liver Diseases
ALDH1A1,Inhibit,Liver,Non-alcoholic Fatty Liver Disease
ALDH1A7,Inhibit,Heart,Heart Failure
ALDH1A7,Inhibit,Liver,"Liver Cirrhosis, Experimental"
ALDH1B1,Inhibit,Liver,Hepatomegaly
ALDH1B1,Inhibit,Liver,"Liver Cirrhosis, Experimental"
ALDH1B1,Inhibit,Liver,Non-alcoholic Fatty Liver Disease
ALDH1L1,Inhibit,Liver,"Liver Cirrhosis, Experimental"
ALDH1L2,Inhibit,Liver,Chemical and Drug Induced Liver Injury
ALDH1L2,Inhibit,Liver,"Liver Cirrhosis, Experimental"
ALDH2,Inhibit,Heart,Heart Injuries
ALDH2,Inhibit,Liver,"Liver Cirrhosis, Experimental"
ALDH2,Inhibit,Liver,Non-alcoholic Fatty Liver Disease
ALDH4A1,Inhibit,Liver,Non-alcoholic Fatty Liver Disease
ALDH5A1,Inhibit,Brain,"Brain Diseases, Metabolic"
ALDH5A1,Inhibit,Brain,Neurologic Manifestations
ALDH6A1,Inhibit,Heart,Myocardial Ischemia
ALDH9A1,Inhibit,Liver,Chemical and Drug Induced Liver Injury
ALDOA,Inhibit,Heart,Myocardial Ischemia
ALDOB,Inhibit,Liver,Chemical and Drug Induced Liver Injury
ALDOB,Inhibit,Liver,"Hepatitis, Autoimmune"
ALG13,Inhibit,Brain,Neurodevelopmental Disorders
ALK,Inhibit,Brain,Brain Neoplasms
ALK,Inhibit,Brain,Neuroblastoma
ALMS1,Inhibit,Heart,"Cardiomyopathy, Dilated"
ALOX15,Inhibit,Heart,"Heart Failure, Diastolic"
ALOX5,Inhibit,Brain,"Infarction, Middle Cerebral Artery"
ALOX5AP,Inhibit,Liver,Liver Diseases
ALOX5AP,Inhibit,Brain,Neurotoxicity Syndromes
ALPL,Inhibit,Liver,Liver Diseases
AMACR,Inhibit,Brain,Hereditary Sensory and Motor Neuropathy
AMACR,Inhibit,Liver,"Liver Cirrhosis, Experimental"
AMACR,Inhibit,Liver,Liver Diseases
AMBP,Inhibit,Liver,Chemical and Drug Induced Liver Injury
AMN,Inhibit,Brain,Neurogenic Inflammation
AMOT,Inhibit,Brain,Brain Neoplasms
ANGPT1,Inhibit,Brain,Neuromuscular Manifestations
ANGPT2,Inhibit,Liver,"Liver Failure, Acute"
ANGPTL3,Inhibit,Liver,"Liver Cirrhosis, Experimental"
ANGPTL4,Inhibit,Liver,Fatty Liver
ANGPTL6,Inhibit,Liver,"Carcinoma, Hepatocellular"
ANK2,Inhibit,Heart,"Cardiac Arrhythmia, Ankyrin-B-Related"
ANK2,Inhibit,Brain,Neurodevelopmental Disorders
ANKRD11,Inhibit,Brain,Neurodevelopmental Disorders
ANKRD23,Inhibit,Heart,"Heart Failure, Diastolic"
ANKS1B,Inhibit,Liver,Hepatolenticular Degeneration
ANKS6,Inhibit,Heart,Cardiovascular Abnormalities
ANKS6,Inhibit,Liver,Liver Cirrhosis
ANLN,Inhibit,Liver,"Carcinoma, Hepatocellular"
ANO6,Inhibit,Liver,"Liver Cirrhosis, Experimental"
ANP32A,Inhibit,Liver,"Liver Failure, Acute"
ANXA1,Inhibit,Liver,"Liver Cirrhosis, Experimental"
ANXA2,Inhibit,Liver,Chemical and Drug Induced Liver Injury
ANXA2,Inhibit,Liver,"Liver Cirrhosis, Experimental"
ANXA2,Inhibit,Liver,Liver Neoplasms
ANXA3,Inhibit,Liver,"Liver Cirrhosis, Experimental"
ANXA4,Inhibit,Liver,"Carcinoma, Hepatocellular"
ANXA4,Inhibit,Liver,"Liver Cirrhosis, Experimental"
ANXA4,Inhibit,Liver,Liver Neoplasms
ANXA5,Inhibit,Liver,Hepatolenticular Degeneration
ANXA5,Inhibit,Liver,"Liver Cirrhosis, Experimental"
ANXA6,Inhibit,Liver,Chemical and Drug Induced Liver Injury
ANXA7,Inhibit,Liver,Liver Neoplasms
AOC1,Inhibit,Heart,Cardiomegaly
AP1S1,Inhibit,Liver,"Cholestasis, Intrahepatic"
AP1S2,Inhibit,Liver,"Liver Cirrhosis, Experimental"
AP3S1,Inhibit,Liver,"Liver Cirrhosis, Experimental"
APAF1,Inhibit,Liver,"Liver Cirrhosis, Experimental"
APBB1IP,Inhibit,Liver,"Liver Cirrhosis, Experimental"
APC,Inhibit,Liver,"Carcinoma, Hepatocellular"
APC,Inhibit,Liver,Liver Diseases
APC,Inhibit,Liver,Liver Neoplasms
APCS,Inhibit,Liver,"Carcinoma, Hepatocellular"
APCS,Inhibit,Heart,Heart Failure
APCS,Inhibit,Liver,Liver Neoplasms
APEX1,Inhibit,Brain,Brain Injuries
APEX1,Inhibit,Liver,"Carcinoma, Hepatocellular"
APEX1,Inhibit,Heart,Heart Diseases
APLN,Inhibit,Liver,"Carcinoma, Hepatocellular"
APLN,Inhibit,Heart,Cardiomegaly
APLN,Inhibit,Heart,"Heart Failure, Diastolic"
APLP2,Inhibit,Heart,Myocardial Ischemia
APMAP,Inhibit,Liver,"Liver Cirrhosis, Experimental"
APOA1,Inhibit,Liver,"Carcinoma, Hepatocellular"
APOA1,Inhibit,Liver,Chemical and Drug Induced Liver Injury
APOA1,Inhibit,Heart,Diabetic Cardiomyopathies
APOA4,Inhibit,Liver,"Liver Cirrhosis, Experimental"
APOA4,Inhibit,Liver,"Liver Neoplasms, Experimental"
APOB,Inhibit,Heart,Cardiovascular Diseases
APOB,Inhibit,Liver,Fatty Liver
APOBEC1,Inhibit,Liver,"Liver Cirrhosis, Experimental"
APOC1,Inhibit,Heart,Heart Failure
APOC2,Inhibit,Liver,"Liver Failure, Acute"
APOC2,Inhibit,Liver,"Liver Neoplasms, Experimental"
APOC3,Inhibit,Heart,Cardiovascular Diseases
APOD,Inhibit,Brain,Neurodegenerative Diseases
APOE,Inhibit,Heart,Cardiovascular Diseases
APOE,Inhibit,Brain,Cerebral Amyloid Angiopathy
APOE,Inhibit,Liver,Chemical and Drug Induced Liver Injury
APOE,Inhibit,Liver,Fatty Liver
APOE,Inhibit,Liver,Hepatolenticular Degeneration
APOE,Inhibit,Heart,Myocardial Infarction
APOE,Inhibit,Brain,Neurobehavioral Manifestations
APOF,Inhibit,Liver,"Carcinoma, Hepatocellular"
APOH,Inhibit,Liver,Chemical and Drug Induced Liver Injury
APOH,Inhibit,Liver,Non-alcoholic Fatty Liver Disease
APOL9A,Inhibit,Liver,"Liver Cirrhosis, Experimental"
APON,Inhibit,Liver,"Liver Cirrhosis, Experimental"
APP,Inhibit,Brain,Amyloid Neuropathies
APP,Inhibit,Brain,"Amyloidosis, Cerebroarterial, App-Related"
APP,Inhibit,Brain,Brain Diseases
APP,Inhibit,Heart,Cardiomyopathies
APP,Inhibit,Brain,Cerebral Amyloid Angiopathy
APP,Inhibit,Liver,"Liver Cirrhosis, Experimental"
APP,Inhibit,Brain,Neurodegenerative Diseases
APP,Inhibit,Brain,Neurogenic Inflammation
APPL,Inhibit,Brain,Neurodegenerative Diseases
APPL1,Inhibit,Liver,"Liver Cirrhosis, Experimental"
AQP1,Inhibit,Heart,"Edema, Cardiac"
AQP2,Inhibit,Heart,Cardiomyopathies
AQP4,Inhibit,Brain,Neuromyelitis Optica
AQP7,Inhibit,Liver,"Liver Cirrhosis, Experimental"
AR,Inhibit,Brain,"Bulbospinal neuronopathy, X-linked recessive"
AR,Inhibit,Liver,"Carcinoma, Hepatocellular"
AREG,Inhibit,Heart,Myocardial Ischemia
ARG1,Inhibit,Liver,Chemical and Drug Induced Liver Injury
ARG2,Inhibit,Heart,Heart Failure
ARHGAP11A,Inhibit,Liver,"Carcinoma, Hepatocellular"
ARHGAP30,Inhibit,Liver,"Liver Cirrhosis, Experimental"
ARHGAP31,Inhibit,Liver,Adams Oliver syndrome
ARHGAP9,Inhibit,Liver,"Liver Cirrhosis, Experimental"
ARHGDIB,Inhibit,Liver,"Liver Cirrhosis, Experimental"
ARHGEF39,Inhibit,Liver,"Carcinoma, Hepatocellular"
ARID1A,Inhibit,Liver,"Carcinoma, Hepatocellular"
ARID1A,Inhibit,Brain,Neuroblastoma
ARID1B,Inhibit,Liver,"Carcinoma, Hepatocellular"
ARID1B,Inhibit,Brain,Neuroblastoma
ARID1B,Inhibit,Brain,Neurodevelopmental Disorders
ARID2,Inhibit,Liver,"Carcinoma, Hepatocellular"
ARID3A,Inhibit,Liver,"Carcinoma, Hepatocellular"
ARL11,Inhibit,Liver,"Liver Cirrhosis, Experimental"
ARL8A,Inhibit,Liver,"Liver Cirrhosis, Experimental"
ARMCX1,Inhibit,Liver,"Liver Cirrhosis, Experimental"
ARNT,Inhibit,Liver,Chemical and Drug Induced Liver Injury
ARNT,Inhibit,Liver,Liver Cirrhosis
ARPC1B,Inhibit,Liver,"Liver Cirrhosis, Experimental"
ARRB1,Inhibit,Liver,Liver Cirrhosis
ARRB2,Inhibit,Liver,Liver Cirrhosis
ARRB2,Inhibit,Liver,"Liver Cirrhosis, Experimental"
ASAH1,Inhibit,Liver,"Liver Cirrhosis, Experimental"
ASAH2,Inhibit,Liver,Liver Diseases
ASF1B,Inhibit,Liver,"Carcinoma, Hepatocellular"
ASH1L,Inhibit,Liver,Liver Neoplasms
ASH1L,Inhibit,Brain,Neurodevelopmental Disorders
ASIC1,Inhibit,Brain,Brain Injuries
ASIC1,Inhibit,Brain,Brain Ischemia
ASMT,Inhibit,Liver,Hepatolenticular Degeneration
ASNS,Inhibit,Liver,"Liver Cirrhosis, Experimental"
ASNS,Inhibit,Liver,Liver Neoplasms
ASPG,Inhibit,Liver,"Carcinoma, Hepatocellular"
ASPM,Inhibit,Liver,"Carcinoma, Hepatocellular"
ASPN,Inhibit,Liver,"Liver Cirrhosis, Experimental"
ASS1,Inhibit,Liver,Liver Diseases
ASS1,Inhibit,Liver,"Liver Failure, Acute"
ASTN1,Inhibit,Brain,Brain Injuries
ASXL3,Inhibit,Brain,Neurodevelopmental Disorders
ATF3,Inhibit,Heart,Cardiomyopathies
ATF3,Inhibit,Brain,"Infarction, Middle Cerebral Artery"
ATF3,Inhibit,Liver,"Liver Cirrhosis, Experimental"
ATF4,Inhibit,Liver,Fatty Liver
ATG5,Inhibit,Liver,Chemical and Drug Induced Liver Injury
ATG5,Inhibit,Liver,Hepatomegaly
ATG5,Inhibit,Liver,Liver Cirrhosis
ATG7,Inhibit,Liver,"Carcinoma, Hepatocellular"
ATG7,Inhibit,Liver,Chemical and Drug Induced Liver Injury
ATG7,Inhibit,Liver,Hepatomegaly
ATG7,Inhibit,Liver,Liver Failure
ATL1,Inhibit,Brain,"NEUROPATHY, HEREDITARY SENSORY, TYPE ID"
ATL3,Inhibit,Brain,"NEUROPATHY, HEREDITARY SENSORY, TYPE IF"
ATM,Inhibit,Liver,"Carcinoma, Hepatocellular"
ATM,Inhibit,Heart,"Cardiomyopathy, Dilated"
ATM,Inhibit,Liver,Liver Cirrhosis
ATM,Inhibit,Heart,Myocardial Infarction
ATOH8,Inhibit,Liver,Chemical and Drug Induced Liver Injury
ATOX1,Inhibit,Liver,"Hepatitis, Chronic"
ATP10D,Inhibit,Liver,"Liver Cirrhosis, Experimental"
ATP13A2,Inhibit,Brain,Neuronal Ceroid-Lipofuscinoses
ATP1A1,Inhibit,Heart,Myocardial Infarction
ATP1A1,Inhibit,Heart,Myocardial Ischemia
ATP1A1,Inhibit,Heart,Myocardial Reperfusion Injury
ATP1A3,Inhibit,Heart,Heart Failure
ATP2A1,Inhibit,Heart,Heart Failure
ATP2A2,Inhibit,Heart,Cardiomegaly
ATP2A2,Inhibit,Heart,Diabetic Cardiomyopathies
ATP2A2,Inhibit,Heart,Heart Diseases
ATP2A2,Inhibit,Heart,Heart Failure
ATP2A2,Inhibit,Heart,Myocardial Reperfusion Injury
ATP2A2,Inhibit,Heart,Myocardial Stunning
ATP5F1B,Inhibit,Liver,Non-alcoholic Fatty Liver Disease
ATP5IF1,Inhibit,Liver,Fatty Liver
ATP5ME,Inhibit,Heart,Heart Diseases
ATP5PD,Inhibit,Liver,"Carcinoma, Hepatocellular"
ATP5PF,Inhibit,Heart,Heart Diseases
ATP6,Inhibit,Brain,Neuropathy ataxia and retinitis pigmentosa
ATP6V1D,Inhibit,Liver,Chemical and Drug Induced Liver Injury
ATP6V1D,Inhibit,Liver,"Liver Cirrhosis, Experimental"
ATP7A,Inhibit,Liver,"Hepatitis, Chronic"
ATP7A,Inhibit,Liver,"Liver Neoplasms, Experimental"
ATP7A,Inhibit,Brain,Neurologic Manifestations
ATP7B,Inhibit,Liver,Fatty Liver
ATP7B,Inhibit,Liver,Hepatitis
ATP7B,Inhibit,Liver,Hepatolenticular Degeneration
ATP7B,Inhibit,Liver,Liver Cirrhosis
ATP7B,Inhibit,Liver,Liver Diseases
ATP7B,Inhibit,Liver,"Liver Failure, Acute"
ATP7B,Inhibit,Liver,Liver Neoplasms
ATP7B,Inhibit,Liver,"Liver Neoplasms, Experimental"
ATP8B1,Inhibit,Liver,"Cholestasis, Intrahepatic"
ATP8B1,Inhibit,Liver,"Cholestasis, progressive familial intrahepatic 1"
ATP8B1,Inhibit,Liver,"Cholestasis, progressive familial intrahepatic 3"
ATP8B1,Inhibit,Liver,Intrahepatic Cholestasis of Pregnancy
ATRN,Inhibit,Liver,"Liver Cirrhosis, Experimental"
ATRX,Inhibit,Brain,Neuroblastoma
ATRX,Inhibit,Brain,Neuroendocrine Tumors
ATXN1,Inhibit,Brain,Neurodegenerative Diseases
AURKA,Inhibit,Liver,"Carcinoma, Hepatocellular"
AURKA,Inhibit,Brain,Neuroblastoma
AURKB,Inhibit,Liver,"Carcinoma, Hepatocellular"
AVP,Inhibit,Heart,"Arrhythmias, Cardiac"
AVP,Inhibit,Heart,Cardiomyopathies
AVP,Inhibit,Brain,"Diabetes Insipidus, Neurogenic"
AVP,Inhibit,Heart,Heart Failure
AVPR2,Inhibit,Heart,Cardiomyopathies
AVPR2,Inhibit,Heart,Heart Failure
AXIN1,Inhibit,Liver,"Carcinoma, Hepatocellular"
AXIN2,Inhibit,Heart,"Cardiomyopathy, Dilated"
AXIN2,Inhibit,Heart,Myocardial Ischemia
AXL,Inhibit,Liver,"Liver Cirrhosis, Experimental"
AXL,Inhibit,Brain,"Neurofibroma, Plexiform"
B2M,Inhibit,Heart,Heart Diseases
B3GAT1,Inhibit,Liver,Non-alcoholic Fatty Liver Disease
B3GAT3,Inhibit,Heart,"MULTIPLE JOINT DISLOCATIONS, SHORT STATURE, AND CRANIOFACIAL DYSMORPHISM WITH OR WITHOUT CONGENITAL HEART DEFECTS"
B4GALT5,Inhibit,Liver,"Liver Cirrhosis, Experimental"
B9D1,Inhibit,Liver,"Liver Cirrhosis, Experimental"
BACH1,Inhibit,Heart,Cardiotoxicity
BAG3,Inhibit,Heart,"CARDIOMYOPATHY, DILATED, 1HH"
BAK1,Inhibit,Liver,"Liver Neoplasms, Experimental"
BAK1,Inhibit,Heart,Myocardial Infarction
BAMBI,Inhibit,Heart,Cardiomegaly
BAMBI,Inhibit,Heart,Heart Failure
BAMBI,Inhibit,Liver,Liver Cirrhosis
BAP1,Inhibit,Liver,Liver Neoplasms
BAP1,Inhibit,Brain,Neuroendocrine Tumors
BARD1,Inhibit,Brain,Neuroblastoma
BAX,Inhibit,Brain,Cerebral Hemorrhage
BAX,Inhibit,Liver,Chemical and Drug Induced Liver Injury
BAX,Inhibit,Heart,Myocardial Infarction
BAX,Inhibit,Heart,Myocardial Reperfusion Injury
BBC3,Inhibit,Brain,Brain Ischemia
BBC3,Inhibit,Liver,"Liver Neoplasms, Experimental"
BBOX1,Inhibit,Liver,"Liver Cirrhosis, Experimental"
BCHE,Inhibit,Heart,Cardiotoxicity
BCHE,Inhibit,Brain,Neuroblastoma
BCHE,Inhibit,Brain,Neurotoxicity Syndromes
BCHE,Inhibit,Heart,Tachycardia
BCL2,Inhibit,Brain,Cerebral Hemorrhage
BCL2,Inhibit,Liver,"Liver Cirrhosis, Alcoholic"
BCL2,Inhibit,Liver,"Liver Neoplasms, Experimental"
BCL2,Inhibit,Heart,Myocardial Infarction
BCL2A1D,Inhibit,Liver,"Liver Cirrhosis, Experimental"
BCL2L1,Inhibit,Liver,"Carcinoma, Hepatocellular"
BCL2L1,Inhibit,Brain,Cerebral Hemorrhage
BCL2L1,Inhibit,Liver,Liver Diseases
BCL2L1,Inhibit,Liver,"Liver Neoplasms, Experimental"
BCL2L1,Inhibit,Heart,Myocardial Infarction
BCL2L1,Inhibit,Brain,Neurotoxicity Syndromes
BCO2,Inhibit,Liver,"Carcinoma, Hepatocellular"
BCR,Inhibit,Liver,"Liver Cirrhosis, Experimental"
BDH1,Inhibit,Liver,Chemical and Drug Induced Liver Injury
BDH1,Inhibit,Liver,"Liver Cirrhosis, Experimental"
BDKRB2,Inhibit,Heart,Cardiomyopathies
BDKRB2,Inhibit,Liver,Chemical and Drug Induced Liver Injury
BDNF,Inhibit,Brain,Brain Injuries
BDNF,Inhibit,Brain,Brain Ischemia
BECN1,Inhibit,Brain,Brain Injuries
BECN1,Inhibit,Heart,Myocardial Infarction
BGLAP,Inhibit,Heart,Heart Valve Diseases
BGN,Inhibit,Liver,"Liver Cirrhosis, Experimental"
BHLHE40,Inhibit,Heart,Myocardial Ischemia
BHMT,Inhibit,Liver,Hepatolenticular Degeneration
BICD2,Inhibit,Liver,"Liver Cirrhosis, Experimental"
BID,Inhibit,Liver,"Carcinoma, Hepatocellular"
BIRC2,Inhibit,Brain,Neuroblastoma
BIRC3,Inhibit,Liver,Fatty Liver
BIRC3,Inhibit,Liver,"Liver Cirrhosis, Experimental"
BIRC3,Inhibit,Brain,Neuroblastoma
BIRC5,Inhibit,Liver,"Carcinoma, Hepatocellular"
BKGD,Inhibit,Liver,"Liver Cirrhosis, Experimental"
BLOC1S2,Inhibit,Liver,"Liver Cirrhosis, Experimental"
BLVRA,Inhibit,Liver,HYPERBILIVERDINEMIA
BLVRA,Inhibit,Liver,"Liver Cirrhosis, Experimental"
BLVRB,Inhibit,Liver,Chemical and Drug Induced Liver Injury
BMAL1,Inhibit,Liver,Chemical and Drug Induced Liver Injury
BMAL1,Inhibit,Heart,Myocardial Ischemia
BMF,Inhibit,Liver,"Liver Cirrhosis, Experimental"
BMP10,Inhibit,Heart,"Heart Failure, Systolic"
BMP2,Inhibit,Heart,Cardiotoxicity
BMP7,Inhibit,Liver,"Liver Cirrhosis, Experimental"
BMPER,Inhibit,Liver,"Carcinoma, Hepatocellular"
BPNT1,Inhibit,Liver,Chemical and Drug Induced Liver Injury
BRAF,Inhibit,Liver,"Carcinoma, Hepatocellular"
BRAF,Inhibit,Heart,Cardiofaciocutaneous syndrome
BRAF,Inhibit,Liver,Liver Neoplasms
BRAF,Inhibit,Brain,Neuroendocrine Tumors
BRAP,Inhibit,Heart,Myocardial Infarction
BRD4,Inhibit,Liver,Chemical and Drug Induced Liver Injury
BSG,Inhibit,Liver,"Carcinoma, Hepatocellular"
BSN,Inhibit,Heart,Heart Diseases
BTD,Inhibit,Liver,Chemical and Drug Induced Liver Injury
BTG2,Inhibit,Liver,"Carcinoma, Hepatocellular"
BUB1,Inhibit,Liver,"Carcinoma, Hepatocellular"
BUB1B,Inhibit,Liver,"Carcinoma, Hepatocellular"
C11H3ORF70,Inhibit,Liver,"Liver Cirrhosis, Experimental"
C13H1ORF21,Inhibit,Liver,"Liver Cirrhosis, Experimental"
C14ORF180,Inhibit,Liver,"Carcinoma, Hepatocellular"
C19ORF12,Inhibit,Brain,NEURODEGENERATION WITH BRAIN IRON ACCUMULATION 4
C1QA,Inhibit,Liver,"Liver Cirrhosis, Experimental"
C1QB,Inhibit,Liver,Liver Cirrhosis
C1QB,Inhibit,Liver,"Liver Cirrhosis, Experimental"
C1QB,Inhibit,Heart,Myocardial Ischemia
C1QC,Inhibit,Liver,"Fatty Liver, Alcoholic"
C1QC,Inhibit,Liver,Hepatitis C
C1QC,Inhibit,Liver,"Liver Cirrhosis, Experimental"
C1QC,Inhibit,Liver,Non-alcoholic Fatty Liver Disease
C1S,Inhibit,Liver,"Hepatitis, Autoimmune"
C3,Inhibit,Liver,Chemical and Drug Induced Liver Injury
C3,Inhibit,Brain,"Infarction, Middle Cerebral Artery"
C5AR1,Inhibit,Liver,"Liver Cirrhosis, Experimental"
C5H1ORF210,Inhibit,Liver,"Liver Cirrhosis, Experimental"
C6,Inhibit,Heart,Heart Valve Diseases
C7,Inhibit,Liver,"Liver Cirrhosis, Experimental"
C8G,Inhibit,Liver,"Liver Cirrhosis, Experimental"
C9,Inhibit,Liver,"Carcinoma, Hepatocellular"
C9ORF72,Inhibit,Brain,Frontotemporal Dementia With Motor Neuron Disease
CA2,Inhibit,Liver,"Carcinoma, Hepatocellular"
CA3,Inhibit,Liver,Chemical and Drug Induced Liver Injury
CA3,Inhibit,Liver,"Liver Cirrhosis, Experimental"
CABCOCO1,Inhibit,Liver,Hepatomegaly
CABIN1,Inhibit,Heart,Cardiomegaly
CACNA1C,Inhibit,Heart,"Arrhythmias, Cardiac"
CACNA1D,Inhibit,Heart,Bradycardia
CACNA1D,Inhibit,Heart,Heart Block
CACNA1D,Inhibit,Heart,"Tachycardia, Supraventricular"
CACNA2D3,Inhibit,Brain,Neurodevelopmental Disorders
CADPS2,Inhibit,Liver,Chemical and Drug Induced Liver Injury
CALCA,Inhibit,Brain,Neurogenic Inflammation
CALCA,Inhibit,Brain,Sciatic Neuropathy
CALM1,Inhibit,Heart,Polymorphic Catecholaminergic Ventricular Tachycardia
CALR,Inhibit,Heart,Myocardial Ischemia
CAMK2A,Inhibit,Liver,Hepatolenticular Degeneration
CAMK2A,Inhibit,Liver,Hepatomegaly
CAMK2D,Inhibit,Liver,"Liver Cirrhosis, Experimental"
CAMK2D,Inhibit,Heart,Myocardial Ischemia
CANX,Inhibit,Liver,Chemical and Drug Induced Liver Injury
CANX,Inhibit,Heart,Myocardial Ischemia
CAP1,Inhibit,Liver,Chemical and Drug Induced Liver Injury
CAP2,Inhibit,Liver,"Carcinoma, Hepatocellular"
CAPG,Inhibit,Liver,"Liver Cirrhosis, Experimental"
CAPN2,Inhibit,Heart,Hypoplastic Left Heart Syndrome
CAR3,Inhibit,Liver,Chemical and Drug Induced Liver Injury
CAR3,Inhibit,Liver,Fatty Liver
CAR3,Inhibit,Liver,"Liver Cirrhosis, Experimental"
CAR3,Inhibit,Liver,"Liver Neoplasms, Experimental"
CAR5A,Inhibit,Liver,"Liver Cirrhosis, Experimental"
CASK,Inhibit,Brain,Neurodevelopmental Disorders
CASP1,Inhibit,Liver,"Liver Cirrhosis, Experimental"
CASP1,Inhibit,Heart,Myocardial Reperfusion Injury
CASP12,Inhibit,Liver,"Liver Cirrhosis, Experimental"
CASP12,Inhibit,Heart,Myocardial Reperfusion Injury
CASP3,Inhibit,Brain,Brain Ischemia
CASP3,Inhibit,Brain,Cerebral Hemorrhage
CASP3,Inhibit,Liver,Copper-Overload Cirrhosis
CASP3,Inhibit,Brain,Diabetic Neuropathies
CASP3,Inhibit,Heart,Heart Valve Diseases
CASP3,Inhibit,Liver,"Hepatitis, Chronic"
CASP3,Inhibit,Heart,Myocardial Infarction
CASP3,Inhibit,Heart,Myocardial Reperfusion Injury
CASP3,Inhibit,Brain,Neurotoxicity Syndromes
CASP4,Inhibit,Liver,"Liver Cirrhosis, Experimental"
CASP7,Inhibit,Liver,"Liver Cirrhosis, Experimental"
CASP7,Inhibit,Heart,Myocardial Reperfusion Injury
CASP8,Inhibit,Liver,"Carcinoma, Hepatocellular"
CASP8,Inhibit,Brain,Cerebral Hemorrhage
CASP8,Inhibit,Heart,Myocardial Reperfusion Injury
CASP9,Inhibit,Brain,Brain Ischemia
CASP9,Inhibit,Heart,Myocardial Reperfusion Injury
CASQ2,Inhibit,Heart,Polymorphic Catecholaminergic Ventricular Tachycardia
CASQ2,Inhibit,Heart,"Tachycardia, Ventricular"
CASQ2,Inhibit,Heart,"VENTRICULAR TACHYCARDIA, CATECHOLAMINERGIC POLYMORPHIC, 1, WITH OR WITHOUT ATRIAL DYSFUNCTION AND/OR DILATED CARDIOMYOPATHY"
CAST,Inhibit,Liver,"Liver Failure, Acute"
CAST,Inhibit,Heart,Myocarditis
CAT,Inhibit,Brain,Brain Ischemia
CAT,Inhibit,Liver,"Carcinoma, Hepatocellular"
CAT,Inhibit,Heart,Cardiomyopathies
CAT,Inhibit,Heart,Cardiotoxicity
CAT,Inhibit,Liver,Chemical and Drug Induced Liver Injury
CAT,Inhibit,Brain,Diabetic Neuropathies
CAT,Inhibit,Liver,Fatty Liver
CAT,Inhibit,Heart,Heart Failure
CAT,Inhibit,Liver,Hepatitis
CAT,Inhibit,Liver,"Hepatitis, Chronic"
CAT,Inhibit,Liver,"Liver Cirrhosis, Alcoholic"
CAT,Inhibit,Heart,Myocardial Infarction
CAT,Inhibit,Heart,Myocardial Reperfusion Injury
CAT,Inhibit,Liver,Non-alcoholic Fatty Liver Disease
CAT-2,Inhibit,Brain,Neurodegenerative Diseases
CAV1,Inhibit,Heart,Cardiomegaly
CAV1,Inhibit,Liver,"Liver Cirrhosis, Experimental"
CAV3,Inhibit,Heart,Cardiomegaly
CAV3,Inhibit,Heart,"Cardiomyopathy, Familial Hypertrophic, 1"
CAV3,Inhibit,Heart,"Heart Defects, Congenital"
CBFB,Inhibit,Heart,"Heart Defects, Congenital"
CBR1,Inhibit,Liver,"Carcinoma, Hepatocellular"
CBR1,Inhibit,Heart,Cardiomyopathies
CBS,Inhibit,Heart,Cardiovascular Diseases
CCBE1,Inhibit,Liver,"Carcinoma, Hepatocellular"
CCDC126,Inhibit,Liver,"Liver Cirrhosis, Experimental"
CCDC134,Inhibit,Liver,Liver Neoplasms
CCDC80,Inhibit,Liver,Chemical and Drug Induced Liver Injury
CCK,Inhibit,Liver,Liver Diseases
CCK,Inhibit,Brain,Neurobehavioral Manifestations
CCK,Inhibit,Brain,Neurotoxicity Syndromes
CCL11,Inhibit,Brain,Brain Ischemia
CCL12,Inhibit,Brain,Brain Ischemia
CCL14,Inhibit,Liver,"Carcinoma, Hepatocellular"
CCL2,Inhibit,Brain,Brain Injuries
CCL2,Inhibit,Brain,Brain Ischemia
CCL2,Inhibit,Heart,Cardiotoxicity
CCL2,Inhibit,Heart,Cardiovascular Diseases
CCL2,Inhibit,Liver,Chemical and Drug Induced Liver Injury
CCL2,Inhibit,Liver,Fatty Liver
CCL2,Inhibit,Heart,Heart Failure
CCL2,Inhibit,Heart,Heart Valve Diseases
CCL2,Inhibit,Liver,"Hepatitis, Autoimmune"
CCL2,Inhibit,Brain,"Infarction, Middle Cerebral Artery"
CCL2,Inhibit,Liver,Liver Cirrhosis
CCL2,Inhibit,Liver,"Liver Cirrhosis, Experimental"
CCL2,Inhibit,Liver,Liver Diseases
CCL2,Inhibit,Heart,Myocardial Ischemia
CCL2,Inhibit,Heart,Myocardial Reperfusion Injury
CCL20,Inhibit,Liver,"Liver Neoplasms, Experimental"
CCL3,Inhibit,Brain,Brain Ischemia
CCL3,Inhibit,Liver,"Carcinoma, Hepatocellular"
CCL3,Inhibit,Heart,Myocardial Ischemia
CCL4,Inhibit,Brain,Brain Ischemia
CCL4,Inhibit,Heart,Myocardial Ischemia
CCL5,Inhibit,Liver,"Hepatitis, Alcoholic"
CCL5,Inhibit,Liver,"Hepatitis, Autoimmune"
CCL5,Inhibit,Liver,"Liver Cirrhosis, Biliary"
CCL5,Inhibit,Liver,"Liver Cirrhosis, Experimental"
CCL6,Inhibit,Heart,Heart Valve Diseases
CCL6,Inhibit,Liver,"Liver Cirrhosis, Experimental"
CCL7,Inhibit,Brain,"Infarction, Middle Cerebral Artery"
CCL9,Inhibit,Brain,Brain Ischemia
CCM2,Inhibit,Brain,Cerebral Cavernous Malformations 2
CCN1,Inhibit,Liver,"Carcinoma, Hepatocellular"
CCN2,Inhibit,Liver,"Cholestasis, Extrahepatic"
CCN2,Inhibit,Heart,Heart Failure
CCN2,Inhibit,Liver,"Hepatitis B, Chronic"
CCN2,Inhibit,Liver,Liver Cirrhosis
CCN2,Inhibit,Liver,"Liver Cirrhosis, Experimental"
CCN2A,Inhibit,Brain,Brain Neoplasms
CCNA1,Inhibit,Liver,"Carcinoma, Hepatocellular"
CCNA2,Inhibit,Liver,"Liver Cirrhosis, Experimental"
CCNB1,Inhibit,Liver,"Carcinoma, Hepatocellular"
CCNB2,Inhibit,Liver,"Carcinoma, Hepatocellular"
CCNB2,Inhibit,Liver,"Liver Cirrhosis, Experimental"
CCND1,Inhibit,Brain,Brain Neoplasms
CCND1,Inhibit,Liver,"Carcinoma, Hepatocellular"
CCND1,Inhibit,Liver,Liver Neoplasms
CCND1,Inhibit,Liver,"Liver Neoplasms, Experimental"
CCND1,Inhibit,Heart,Myocardial Ischemia
CCND2,Inhibit,Heart,Cardiomegaly
CCND2,Inhibit,Heart,Myocardial Ischemia
CCNDBP1,Inhibit,Liver,"Liver Neoplasms, Experimental"
CCNE1,Inhibit,Liver,"Carcinoma, Hepatocellular"
CCNF,Inhibit,Liver,"Carcinoma, Hepatocellular"
CCNG1,Inhibit,Liver,"Liver Cirrhosis, Experimental"
CCNH,Inhibit,Liver,Liver Neoplasms
CCR1,Inhibit,Liver,"Carcinoma, Hepatocellular"
CCR1,Inhibit,Liver,Liver Diseases
CCR2,Inhibit,Liver,Chemical and Drug Induced Liver Injury
CCR2,Inhibit,Liver,Liver Diseases
CCR4,Inhibit,Brain,Brain Ischemia
CCR4,Inhibit,Liver,Liver Neoplasms
CCR5,Inhibit,Liver,Hepatitis C
CCS,Inhibit,Liver,"Hepatitis, Chronic"
CCT3,Inhibit,Liver,Chemical and Drug Induced Liver Injury
CCT5,Inhibit,Liver,Chemical and Drug Induced Liver Injury
CCT5,Inhibit,Brain,"Neuropathy, Hereditary Sensory, with Spastic Paraplegia, Autosomal Recessive"
CD14,Inhibit,Brain,Brain Injuries
CD14,Inhibit,Liver,Liver Cirrhosis
CD14,Inhibit,Liver,Non-alcoholic Fatty Liver Disease
CD163,Inhibit,Liver,"Carcinoma, Hepatocellular"
CD163,Inhibit,Liver,"Liver Cirrhosis, Experimental"
CD200R1,Inhibit,Liver,"Liver Cirrhosis, Experimental"
CD200R2,Inhibit,Liver,"Liver Cirrhosis, Experimental"
CD209,Inhibit,Liver,Hepatitis C
CD24,Inhibit,Liver,"Liver Cirrhosis, Experimental"
CD27,Inhibit,Heart,"Cardiomyopathy, Dilated"
CD27,Inhibit,Heart,Myocarditis
CD274,Inhibit,Liver,"Carcinoma, Hepatocellular"
CD276,Inhibit,Liver,"Carcinoma, Hepatocellular"
CD276,Inhibit,Liver,"Liver Cirrhosis, Experimental"
CD34,Inhibit,Liver,"Carcinoma, Hepatocellular"
CD36,Inhibit,Heart,"Cardiomyopathy, Dilated"
CD36,Inhibit,Liver,"Liver Cirrhosis, Experimental"
CD36,Inhibit,Heart,Myocardial Ischemia
CD38,Inhibit,Liver,"Liver Cirrhosis, Experimental"
CD38,Inhibit,Heart,Myocardial Ischemia
CD3D,Inhibit,Liver,"Liver Cirrhosis, Biliary"
CD3D,Inhibit,Liver,Liver Diseases
CD3D,Inhibit,Brain,Neurotoxicity Syndromes
CD44,Inhibit,Brain,Neuroblastoma
CD48,Inhibit,Liver,"Liver Cirrhosis, Experimental"
CD53,Inhibit,Brain,Gastro-enteropancreatic neuroendocrine tumor
CD53,Inhibit,Liver,"Liver Cirrhosis, Experimental"
CD5L,Inhibit,Liver,"Carcinoma, Hepatocellular"
CD5L,Inhibit,Liver,"Liver Cirrhosis, Experimental"
CD63,Inhibit,Liver,"Liver Cirrhosis, Experimental"
CD63,Inhibit,Liver,"Liver Neoplasms, Experimental"
CD68,Inhibit,Liver,"Cholestasis, Extrahepatic"
CD68,Inhibit,Liver,"Liver Cirrhosis, Experimental"
CD7,Inhibit,Liver,"Liver Cirrhosis, Experimental"
CD70,Inhibit,Heart,"Cardiomyopathy, Dilated"
CD70,Inhibit,Heart,Myocarditis
CD74,Inhibit,Liver,"Liver Cirrhosis, Experimental"
CD74,Inhibit,Liver,"Liver Failure, Acute"
CD79B,Inhibit,Liver,Liver Diseases
CD80,Inhibit,Liver,"Liver Cirrhosis, Biliary"
CD81,Inhibit,Liver,Hepatitis C
CD83,Inhibit,Liver,"Liver Cirrhosis, Experimental"
CD86,Inhibit,Brain,Gastro-enteropancreatic neuroendocrine tumor
CD86,Inhibit,Liver,"Liver Cirrhosis, Experimental"
CD86,Inhibit,Liver,Liver Diseases
CD9,Inhibit,Liver,Liver Cirrhosis
CDC20,Inhibit,Liver,"Carcinoma, Hepatocellular"
CDC25B,Inhibit,Liver,Chemical and Drug Induced Liver Injury
CDC25B,Inhibit,Heart,"Heart Failure, Diastolic"
CDC25C,Inhibit,Liver,"Carcinoma, Hepatocellular"
CDC42BPB,Inhibit,Brain,Neurodevelopmental Disorders
CDC42SE1,Inhibit,Liver,"Liver Cirrhosis, Experimental"
CDC45,Inhibit,Liver,"Carcinoma, Hepatocellular"
CDC6,Inhibit,Liver,"Carcinoma, Hepatocellular"
CDCA2,Inhibit,Liver,"Carcinoma, Hepatocellular"
CDCA3,Inhibit,Liver,"Carcinoma, Hepatocellular"
CDCA5,Inhibit,Liver,"Carcinoma, Hepatocellular"
CDCA8,Inhibit,Liver,"Carcinoma, Hepatocellular"
CDH1,Inhibit,Liver,Liver Cirrhosis
CDH1,Inhibit,Liver,"Liver Neoplasms, Experimental"
CDH13,Inhibit,Liver,"Carcinoma, Hepatocellular"
CDH2,Inhibit,Heart,Myocardial Ischemia
CDH5,Inhibit,Liver,"Liver Cirrhosis, Biliary"
CDH5,Inhibit,Liver,"Liver Cirrhosis, Experimental"
CDK1,Inhibit,Liver,"Carcinoma, Hepatocellular"
CDK1,Inhibit,Liver,"Liver Cirrhosis, Experimental"
CDK13,Inhibit,Heart,"CONGENITAL HEART DEFECTS, DYSMORPHIC FACIAL FEATURES, AND INTELLECTUAL DEVELOPMENTAL DISORDER"
CDK14,Inhibit,Liver,"Carcinoma, Hepatocellular"
CDK4,Inhibit,Brain,Brain Neoplasms
CDK4,Inhibit,Brain,Brain Stem Neoplasms
CDK4,Inhibit,Liver,"Carcinoma, Hepatocellular"
CDK5R1,Inhibit,Brain,Brain Diseases
CDK6,Inhibit,Brain,Brain Stem Neoplasms
CDKL5,Inhibit,Brain,Neurodevelopmental Disorders
CDKN1A,Inhibit,Brain,Brain Injuries
CDKN1A,Inhibit,Liver,"Liver Cirrhosis, Experimental"
CDKN1A,Inhibit,Liver,Liver Neoplasms
CDKN1B,Inhibit,Liver,"Adenoma, Liver Cell"
CDKN1B,Inhibit,Liver,"Carcinoma, Hepatocellular"
CDKN1B,Inhibit,Liver,Liver Neoplasms
CDKN1B,Inhibit,Brain,Neuroendocrine Tumors
CDKN2A,Inhibit,Brain,Brain Neoplasms
CDKN2A,Inhibit,Brain,Brain Stem Neoplasms
CDKN2A,Inhibit,Liver,"Carcinoma, Hepatocellular"
CDKN2A,Inhibit,Liver,Liver Neoplasms
CDKN2A,Inhibit,Brain,Neuroblastoma
CDKN2B,Inhibit,Liver,"Carcinoma, Hepatocellular"
CDKN2B,Inhibit,Liver,Liver Neoplasms
CDKN2B-AS1,Inhibit,Heart,Heart Failure
CDKN2C,Inhibit,Liver,"Carcinoma, Hepatocellular"
CDKN3,Inhibit,Liver,"Carcinoma, Hepatocellular"
CDKN3,Inhibit,Liver,"Liver Cirrhosis, Experimental"
CDO1,Inhibit,Liver,"Liver Cirrhosis, Experimental"
CDS1,Inhibit,Liver,Chemical and Drug Induced Liver Injury
CDT1,Inhibit,Liver,"Carcinoma, Hepatocellular"
CEBPA,Inhibit,Liver,"Carcinoma, Hepatocellular"
CEBPB,Inhibit,Brain,Brain Injuries
CEBPB,Inhibit,Brain,Brain Ischemia
CEBPB,Inhibit,Liver,"Carcinoma, Hepatocellular"
CEBPB,Inhibit,Heart,Cardiomegaly
CEBPB,Inhibit,Liver,Fatty Liver
CEBPD,Inhibit,Liver,"Carcinoma, Hepatocellular"
CEBPD,Inhibit,Liver,"Liver Cirrhosis, Experimental"
CEBPD,Inhibit,Heart,Myocardial Ischemia
CELA1,Inhibit,Liver,Chemical and Drug Induced Liver Injury
CELA1,Inhibit,Liver,"Liver Cirrhosis, Experimental"
CELF2,Inhibit,Liver,"Liver Cirrhosis, Experimental"
CELSR3,Inhibit,Liver,"Carcinoma, Hepatocellular"
CEMIP2,Inhibit,Liver,"Liver Cirrhosis, Experimental"
CENPA,Inhibit,Liver,"Carcinoma, Hepatocellular"
CENPE,Inhibit,Liver,"Carcinoma, Hepatocellular"
CENPF,Inhibit,Liver,"Carcinoma, Hepatocellular"
CENPM,Inhibit,Liver,"Carcinoma, Hepatocellular"
CENPU,Inhibit,Liver,"Carcinoma, Hepatocellular"
CENPW,Inhibit,Liver,"Carcinoma, Hepatocellular"
CEP131,Inhibit,Liver,"Carcinoma, Hepatocellular"
CEP55,Inhibit,Liver,"Carcinoma, Hepatocellular"
CERK,Inhibit,Liver,"Liver Cirrhosis, Experimental"
CERT1,Inhibit,Brain,Neurodevelopmental Disorders
CERT1,Inhibit,Brain,"NEURODEVELOPMENTAL DISORDER WITH HYPOTONIA, SPEECH DELAY, AND DYSMORPHIC FACIES"
CES1,Inhibit,Brain,Brain Injuries
CES1G,Inhibit,Liver,Fatty Liver
CES2,Inhibit,Liver,"Liver Cirrhosis, Experimental"
CES3,Inhibit,Liver,"Liver Cirrhosis, Experimental"
CES3,Inhibit,Heart,Myocardial Ischemia
CETP,Inhibit,Liver,"Carcinoma, Hepatocellular"
CETP,Inhibit,Heart,Cardiovascular Diseases
CFAP20,Inhibit,Liver,Chemical and Drug Induced Liver Injury
CFB,Inhibit,Brain,Brain Injuries
CFD,Inhibit,Heart,Heart Failure
CFD,Inhibit,Liver,"Liver Cirrhosis, Experimental"
CFH,Inhibit,Liver,Chemical and Drug Induced Liver Injury
CFP,Inhibit,Liver,"Carcinoma, Hepatocellular"
CFP,Inhibit,Liver,"Liver Cirrhosis, Experimental"
CGREF1,Inhibit,Liver,Liver Neoplasms
CHAF1B,Inhibit,Liver,"Carcinoma, Hepatocellular"
CHAMP1,Inhibit,Brain,"NEURODEVELOPMENTAL DISORDER WITH HYPOTONIA, IMPAIRED LANGUAGE, AND DYSMORPHIC FEATURES"
CHD2,Inhibit,Brain,Neurodevelopmental Disorders
CHD5,Inhibit,Brain,Neuroblastoma
CHD6,Inhibit,Brain,Neuroblastoma
CHDH,Inhibit,Heart,Heart Failure
CHEK2,Inhibit,Brain,Neuroblastoma
CHN2,Inhibit,Liver,Liver Neoplasms
CHRM1,Inhibit,Brain,Brain Ischemia
CHRM2,Inhibit,Heart,Bradycardia
CHRM2,Inhibit,Brain,Brain Injuries
CHRM2,Inhibit,Brain,Diabetic Neuropathies
CHRM2,Inhibit,Brain,"Urinary Bladder, Neurogenic"
CHRM2A,Inhibit,Heart,Bradycardia
CHRM3,Inhibit,Liver,Chemical and Drug Induced Liver Injury
CHRM3,Inhibit,Liver,Liver Cirrhosis
CHRNA7,Inhibit,Brain,Brain Injuries
CHRNA7,Inhibit,Brain,Neurobehavioral Manifestations
CHST3,Inhibit,Heart,"MULTIPLE JOINT DISLOCATIONS, SHORT STATURE, AND CRANIOFACIAL DYSMORPHISM WITH OR WITHOUT CONGENITAL HEART DEFECTS"
CHSY1,Inhibit,Liver,"Liver Cirrhosis, Experimental"
CIDEA,Inhibit,Heart,Heart Failure
CIDEA,Inhibit,Liver,"Liver Cirrhosis, Experimental"
CIDEA,Inhibit,Liver,Liver Neoplasms
CIITA,Inhibit,Brain,Gastro-enteropancreatic neuroendocrine tumor
CILK1,Inhibit,Brain,Endocrine-Cerebroosteodysplasia
CIRBP,Inhibit,Heart,Myocardial Ischemia
CIRBP,Inhibit,Brain,Neurogenic Inflammation
CITED2,Inhibit,Heart,Heart Septal Defects
CITED2,Inhibit,Heart,"Heart Septal Defects, Ventricular"
CKAP2L,Inhibit,Liver,"Carcinoma, Hepatocellular"
CKB,Inhibit,Liver,Chemical and Drug Induced Liver Injury
CKB,Inhibit,Heart,Myocardial Infarction
CKLF,Inhibit,Liver,"Liver Cirrhosis, Experimental"
CKM,Inhibit,Heart,Myocardial Infarction
CLEC10A,Inhibit,Heart,Myocardial Ischemia
CLEC16A,Inhibit,Liver,"Liver Cirrhosis, Biliary"
CLEC1B,Inhibit,Liver,"Carcinoma, Hepatocellular"
CLEC4A,Inhibit,Liver,"Liver Cirrhosis, Experimental"
CLEC4A1,Inhibit,Liver,"Liver Cirrhosis, Experimental"
CLEC4A3,Inhibit,Liver,"Liver Cirrhosis, Experimental"
CLEC4B2,Inhibit,Liver,Liver Diseases
CLEC4E,Inhibit,Brain,Brain Injuries
CLEC4F,Inhibit,Liver,"Liver Cirrhosis, Experimental"
CLEC4G,Inhibit,Liver,"Carcinoma, Hepatocellular"
CLEC4M,Inhibit,Liver,"Carcinoma, Hepatocellular"
CLIC1,Inhibit,Liver,"Liver Cirrhosis, Experimental"
CLIC2,Inhibit,Liver,"Liver Cirrhosis, Experimental"
CLN3,Inhibit,Brain,Neuronal Ceroid-Lipofuscinoses
CLN5,Inhibit,Brain,"Ceroid lipofuscinosis, neuronal 5"
CLN6,Inhibit,Brain,"Ceroid Lipofuscinosis, Neuronal, 6"
CLN6,Inhibit,Brain,Neuronal Ceroid-Lipofuscinoses
CLN8,Inhibit,Brain,"Ceroid lipofuscinosis, neuronal 8"
CLN8,Inhibit,Brain,Neuronal Ceroid-Lipofuscinoses
CLP1,Inhibit,Liver,"Liver Cirrhosis, Experimental"
CLSTN2,Inhibit,Liver,Liver Neoplasms
CLTRN,Inhibit,Liver,"Carcinoma, Hepatocellular"
CLU,Inhibit,Liver,Chemical and Drug Induced Liver Injury
CMTM3,Inhibit,Liver,"Liver Cirrhosis, Experimental"
CNDP1,Inhibit,Liver,"Carcinoma, Hepatocellular"
CNDP1,Inhibit,Liver,"Liver Cirrhosis, Experimental"
CNDP1,Inhibit,Brain,Neurologic Manifestations
CNDP2,Inhibit,Liver,Fatty Liver
CNNM2,Inhibit,Heart,"Arrhythmias, Cardiac"
CNP,Inhibit,Liver,"Liver Cirrhosis, Experimental"
CNPY4,Inhibit,Liver,"Liver Cirrhosis, Experimental"
CNR1,Inhibit,Liver,Liver Cirrhosis
CNR1,Inhibit,Liver,"Liver Cirrhosis, Experimental"
CNR2,Inhibit,Liver,Liver Cirrhosis
CNTF,Inhibit,Brain,Cerebral Hemorrhage
CNTNAP4,Inhibit,Liver,"Carcinoma, Hepatocellular"
COA5,Inhibit,Heart,"Cardioencephalomyopathy, Fatal Infantile, due to Cytochrome C Oxidase Deficiency"
COA6,Inhibit,Heart,"Cardioencephalomyopathy, Fatal Infantile, due to Cytochrome C Oxidase Deficiency"
COASY,Inhibit,Brain,NEURODEGENERATION WITH BRAIN IRON ACCUMULATION 6
COBLL1,Inhibit,Heart,Myocardial Reperfusion Injury
COBLL1,Inhibit,Liver,Non-alcoholic Fatty Liver Disease
COL12A1,Inhibit,Liver,"Liver Cirrhosis, Experimental"
COL14A1,Inhibit,Liver,Chemical and Drug Induced Liver Injury
COL15A1,Inhibit,Liver,"Carcinoma, Hepatocellular"
COL18A1,Inhibit,Heart,Heart Valve Diseases
COL1A1,Inhibit,Liver,"Cholestasis, Extrahepatic"
COL1A1,Inhibit,Heart,Heart Valve Diseases
COL1A1,Inhibit,Liver,Liver Cirrhosis
COL1A1,Inhibit,Liver,"Liver Cirrhosis, Experimental"
COL1A2,Inhibit,Heart,"Ehlers-Danlos syndrome, cardiac valvular form"
COL1A2,Inhibit,Heart,Heart Valve Diseases
COL1A2,Inhibit,Liver,Liver Cirrhosis
COL1A2,Inhibit,Liver,"Liver Cirrhosis, Experimental"
COL3A1,Inhibit,Liver,Chemical and Drug Induced Liver Injury
COL3A1,Inhibit,Liver,"Cholestasis, Extrahepatic"
COL3A1,Inhibit,Heart,Endomyocardial Fibrosis
COL3A1,Inhibit,Liver,Fatty Liver
COL3A1,Inhibit,Liver,Liver Cirrhosis
COL3A1,Inhibit,Liver,"Liver Cirrhosis, Alcoholic"
COL3A1,Inhibit,Liver,"Liver Cirrhosis, Experimental"
COL3A1,Inhibit,Liver,Liver Diseases
COL4A1,Inhibit,Brain,BRAIN SMALL VESSEL DISEASE 1 WITH OR WITHOUT OCULAR ANOMALIES
COL4A1,Inhibit,Brain,Cerebral Hemorrhage
COL4A1,Inhibit,Brain,Cerebral Small Vessel Diseases
COL4A1,Inhibit,Heart,"Heart Failure, Diastolic"
COL4A1,Inhibit,Liver,"Liver Cirrhosis, Experimental"
COL4A2,Inhibit,Brain,Cerebral Hemorrhage
COL4A2,Inhibit,Liver,"Liver Cirrhosis, Experimental"
COL5A1,Inhibit,Liver,"Liver Cirrhosis, Experimental"
COL5A2,Inhibit,Liver,Liver Cirrhosis
COL5A2,Inhibit,Liver,"Liver Cirrhosis, Experimental"
COL6A1,Inhibit,Heart,"Heart Failure, Diastolic"
COL6A1,Inhibit,Liver,"Liver Cirrhosis, Experimental"
COL6A2,Inhibit,Liver,"Liver Cirrhosis, Experimental"
COL8A1,Inhibit,Heart,"Heart Failure, Diastolic"
COLEC10,Inhibit,Liver,"Carcinoma, Hepatocellular"
COLEC12,Inhibit,Liver,"Liver Cirrhosis, Experimental"
COMMD1,Inhibit,Liver,Copper-Overload Cirrhosis
COMMD1,Inhibit,Liver,"Hepatitis, Chronic"
COMMD1,Inhibit,Liver,Liver Cirrhosis
COMT,Inhibit,Liver,"Carcinoma, Hepatocellular"
COPS3,Inhibit,Liver,Hepatomegaly
COPS5,Inhibit,Liver,"Carcinoma, Hepatocellular"
COQ10A,Inhibit,Liver,"Liver Cirrhosis, Experimental"
COQ9,Inhibit,Liver,Chemical and Drug Induced Liver Injury
COTL1,Inhibit,Liver,"Liver Cirrhosis, Experimental"
COX1,Inhibit,Heart,Cardiomyopathies
COX15,Inhibit,Heart,"Cardioencephalomyopathy, Fatal Infantile, due to Cytochrome C Oxidase Deficiency"
COX17,Inhibit,Liver,"Hepatitis, Chronic"
COX2,Inhibit,Brain,Neuroblastoma
COX5B,Inhibit,Heart,Myocardial Ischemia
COX7B2,Inhibit,Liver,"Carcinoma, Hepatocellular"
CP,Inhibit,Brain,Brain Diseases
CP,Inhibit,Liver,"Carcinoma, Hepatocellular"
CP,Inhibit,Liver,Chemical and Drug Induced Liver Injury
CP,Inhibit,Liver,"Hepatitis, Chronic"
CP,Inhibit,Liver,Hepatolenticular Degeneration
CP,Inhibit,Liver,Liver Cirrhosis
CP,Inhibit,Liver,"Liver Neoplasms, Experimental"
CPEB3,Inhibit,Liver,"Carcinoma, Hepatocellular"
CPQ,Inhibit,Liver,"Liver Cirrhosis, Experimental"
CPS1,Inhibit,Liver,Chemical and Drug Induced Liver Injury
CPS1,Inhibit,Liver,"Liver Cirrhosis, Experimental"
CPT1A,Inhibit,Liver,Non-alcoholic Fatty Liver Disease
CPT1B,Inhibit,Heart,Cardiomegaly
CPT1B,Inhibit,Liver,Liver Neoplasms
CPT1B,Inhibit,Heart,Myocardial Ischemia
CPT2,Inhibit,Brain,"Brain Diseases, Metabolic"
CRABP1,Inhibit,Liver,Liver Neoplasms
CREB1,Inhibit,Heart,Myocardial Infarction
CREG1,Inhibit,Heart,"Heart Failure, Diastolic"
CREM,Inhibit,Heart,Myocardial Infarction
CRH,Inhibit,Heart,Bradycardia
CRHBP,Inhibit,Liver,"Carcinoma, Hepatocellular"
CRIP,Inhibit,Liver,"Liver Cirrhosis, Experimental"
CRISPLD2,Inhibit,Liver,Liver Diseases
CRISPLD2,Inhibit,Brain,Neurotoxicity Syndromes
CRK,Inhibit,Heart,Myocardial Ischemia
CROT,Inhibit,Liver,"Liver Cirrhosis, Experimental"
CRP,Inhibit,Liver,"Carcinoma, Hepatocellular"
CRP,Inhibit,Heart,Cardiovascular Diseases
CRP,Inhibit,Brain,Cerebrovascular Disorders
CRP,Inhibit,Liver,Chemical and Drug Induced Liver Injury
CRP,Inhibit,Heart,Heart Diseases
CRP,Inhibit,Heart,Heart Failure
CRP,Inhibit,Heart,Myocardial Ischemia
CRP,Inhibit,Heart,Myocarditis
CRTAP,Inhibit,Liver,"Liver Cirrhosis, Experimental"
CRY1,Inhibit,Liver,"Liver Cirrhosis, Experimental"
CRYAB,Inhibit,Heart,"CARDIOMYOPATHY, DILATED, 1II"
CRYAB,Inhibit,Liver,"Liver Cirrhosis, Experimental"
CRYAB,Inhibit,Brain,Neurodegenerative Diseases
CRYGD,Inhibit,Liver,Hepatomegaly
CRYM,Inhibit,Heart,Heart Failure
CS,Inhibit,Heart,Cardiomyopathies
CS,Inhibit,Heart,Heart Failure
CSAD,Inhibit,Liver,"Liver Cirrhosis, Experimental"
CSF1,Inhibit,Heart,Cardiotoxicity
CSF1R,Inhibit,Liver,"Liver Cirrhosis, Experimental"
CSF2,Inhibit,Heart,Heart Failure
CSF2,Inhibit,Liver,Liver Neoplasms
CSF2,Inhibit,Liver,Non-alcoholic Fatty Liver Disease
CSF3,Inhibit,Brain,Brain Injuries
CSF3,Inhibit,Heart,"Cardiomyopathy, Dilated"
CSF3,Inhibit,Liver,Chemical and Drug Induced Liver Injury
CSF3,Inhibit,Heart,Heart Diseases
CSF3,Inhibit,Heart,Heart Failure
CSF3,Inhibit,Liver,Hepatic Veno-Occlusive Disease
CSF3,Inhibit,Liver,"Liver Cirrhosis, Experimental"
CSF3,Inhibit,Liver,Liver Diseases
CSF3,Inhibit,Liver,"Liver Failure, Acute"
CSF3,Inhibit,Liver,Liver Neoplasms
CSGALNACT1,Inhibit,Liver,"Liver Cirrhosis, Experimental"
CSMD1,Inhibit,Liver,"Carcinoma, Hepatocellular"
CSNK2A1,Inhibit,Brain,OKUR-CHUNG NEURODEVELOPMENTAL SYNDROME
CSPG4,Inhibit,Liver,"Carcinoma, Hepatocellular"
CSRNP1,Inhibit,Liver,"Carcinoma, Hepatocellular"
CSRNP1,Inhibit,Heart,"Cardiomyopathy, Dilated"
CSRP3,Inhibit,Heart,"Cardiomyopathy, Dilated, 1M"
CSRP3,Inhibit,Heart,"CARDIOMYOPATHY, FAMILIAL HYPERTROPHIC, 12"
CST3,Inhibit,Heart,Cardiovascular Diseases
CST3,Inhibit,Brain,"Cerebral Amyloid Angiopathy, Familial"
CTC1,Inhibit,Brain,Brain Diseases
CTC1,Inhibit,Brain,Cerebroretinal Microangiopathy with Calcifications and Cysts
CTDP1,Inhibit,Brain,"Congenital Cataracts, Facial Dysmorphism, And Neuropathy"
CTF1,Inhibit,Heart,Cardiomegaly
CTLA2A,Inhibit,Liver,"Liver Cirrhosis, Experimental"
CTNNA3,Inhibit,Heart,"ARRHYTHMOGENIC RIGHT VENTRICULAR DYSPLASIA, FAMILIAL, 13"
CTNNB1,Inhibit,Liver,"Adenoma, Liver Cell"
CTNNB1,Inhibit,Liver,"Carcinoma, Hepatocellular"
CTNNB1,Inhibit,Heart,"Cardiomyopathy, Dilated"
CTNNB1,Inhibit,Liver,Chemical and Drug Induced Liver Injury
CTNNB1,Inhibit,Liver,Hepatoblastoma
CTNNB1,Inhibit,Liver,Liver Cirrhosis
CTNNB1,Inhibit,Liver,Liver Neoplasms
CTNNB1,Inhibit,Liver,"Liver Neoplasms, Experimental"
CTNNB1,Inhibit,Heart,Myocardial Ischemia
CTNNB1,Inhibit,Brain,Neurodevelopmental Disorders
CTNNB1,Inhibit,Brain,NEURODEVELOPMENTAL DISORDER WITH SPASTIC DIPLEGIA AND VISUAL DEFECTS
CTSC,Inhibit,Heart,Myocardial Ischemia
CTSD,Inhibit,Liver,"Carcinoma, Hepatocellular"
CTSD,Inhibit,Brain,"Ceroid Lipofuscinosis, Neuronal, 10"
CTSE,Inhibit,Liver,Chemical and Drug Induced Liver Injury
CTSE,Inhibit,Liver,"Liver Cirrhosis, Experimental"
CTSF,Inhibit,Brain,"CEROID LIPOFUSCINOSIS, NEURONAL, 13 (KUFS TYPE)"
CTSS,Inhibit,Liver,"Liver Cirrhosis, Experimental"
CTSZ,Inhibit,Liver,"Liver Cirrhosis, Experimental"
CTTNBP2,Inhibit,Heart,Myocardial Ischemia
CTTNBP2NL,Inhibit,Liver,"Liver Cirrhosis, Experimental"
CUL3,Inhibit,Brain,Neurodevelopmental Disorders
CX3CL1,Inhibit,Heart,Myocardial Ischemia
CXADR,Inhibit,Liver,"Liver Cirrhosis, Experimental"
CXCL1,Inhibit,Liver,Chemical and Drug Induced Liver Injury
CXCL1,Inhibit,Liver,"Hepatitis, Autoimmune"
CXCL1,Inhibit,Liver,"Liver Cirrhosis, Experimental"
CXCL1,Inhibit,Liver,Liver Neoplasms
CXCL10,Inhibit,Brain,Brain Injuries
CXCL10,Inhibit,Brain,Brain Ischemia
CXCL10,Inhibit,Heart,Cardiovascular Diseases
CXCL10,Inhibit,Brain,Cerebrovascular Disorders
CXCL10,Inhibit,Liver,Chemical and Drug Induced Liver Injury
CXCL10,Inhibit,Liver,"Liver Cirrhosis, Biliary"
CXCL10,Inhibit,Liver,"Liver Cirrhosis, Experimental"
CXCL10,Inhibit,Heart,Myocardial Ischemia
CXCL12,Inhibit,Liver,"Carcinoma, Hepatocellular"
CXCL12,Inhibit,Heart,Endomyocardial Fibrosis
CXCL12,Inhibit,Liver,"Liver Cirrhosis, Experimental"
CXCL13,Inhibit,Liver,"Liver Cirrhosis, Experimental"
CXCL14,Inhibit,Liver,"Carcinoma, Hepatocellular"
CXCL14,Inhibit,Liver,Chemical and Drug Induced Liver Injury
CXCL14,Inhibit,Liver,Liver Cirrhosis
CXCL15,Inhibit,Liver,Liver Cirrhosis
CXCL16,Inhibit,Liver,"Liver Cirrhosis, Experimental"
CXCL2,Inhibit,Heart,Heart Failure
CXCL2,Inhibit,Brain,"Infarction, Middle Cerebral Artery"
CXCL2,Inhibit,Heart,Myocardial Ischemia
CXCL3,Inhibit,Heart,"Heart Failure, Diastolic"
CXCL8,Inhibit,Liver,"Carcinoma, Hepatocellular"
CXCL8,Inhibit,Heart,Cardiotoxicity
CXCL8,Inhibit,Liver,Fatty Liver
CXCL8,Inhibit,Heart,Heart Failure
CXCL8,Inhibit,Liver,"Hepatitis, Alcoholic"
CXCL8,Inhibit,Liver,Hepatolenticular Degeneration
CXCL9,Inhibit,Liver,"Liver Cirrhosis, Biliary"
CXCL9,Inhibit,Liver,"Liver Cirrhosis, Experimental"
CXCL9,Inhibit,Liver,"Liver Neoplasms, Experimental"
CXCR2,Inhibit,Brain,Brain Diseases
CXCR2,Inhibit,Brain,"Infarction, Middle Cerebral Artery"
CXCR2,Inhibit,Liver,Liver Diseases
CXCR5,Inhibit,Liver,"Liver Cirrhosis, Biliary"
CYBA,Inhibit,Heart,Heart Diseases
CYBA,Inhibit,Liver,Hepatomegaly
CYBA,Inhibit,Liver,Liver Cirrhosis
CYBA,Inhibit,Liver,"Liver Cirrhosis, Experimental"
CYBA,Inhibit,Brain,Neuroinflammatory Diseases
CYBB,Inhibit,Brain,Brain Infarction
CYBB,Inhibit,Heart,Heart Failure
CYBB,Inhibit,Liver,"Liver Cirrhosis, Experimental"
CYBB,Inhibit,Heart,Myocardial Reperfusion Injury
CYBB,Inhibit,Brain,Neuroinflammatory Diseases
CYCS,Inhibit,Brain,Brain Ischemia
CYCS,Inhibit,Liver,Fatty Liver
CYGB,Inhibit,Liver,"Cholestasis, Extrahepatic"
CYGB,Inhibit,Liver,Hepatic Insufficiency
CYGB,Inhibit,Liver,Hepatomegaly
CYGB,Inhibit,Liver,"Liver Cirrhosis, Biliary"
CYGB,Inhibit,Liver,"Liver Cirrhosis, Experimental"
CYLD,Inhibit,Liver,"Carcinoma, Hepatocellular"
CYP17A1,Inhibit,Liver,"Carcinoma, Hepatocellular"
CYP17A1,Inhibit,Liver,"Liver Cirrhosis, Experimental"
CYP17A1,Inhibit,Liver,Non-alcoholic Fatty Liver Disease
CYP19A1,Inhibit,Liver,Fatty Liver
CYP1A1,Inhibit,Heart,Bradycardia
CYP1A1,Inhibit,Liver,"Carcinoma, Hepatocellular"
CYP1A1,Inhibit,Heart,Cardiomegaly
CYP1A1,Inhibit,Liver,Chemical and Drug Induced Liver Injury
CYP1A1,Inhibit,Liver,Hepatomegaly
CYP1A1,Inhibit,Heart,"Tachycardia, Sinus"
CYP1A2,Inhibit,Liver,"Carcinoma, Hepatocellular"
CYP1A2,Inhibit,Liver,Chemical and Drug Induced Liver Injury
CYP1A2,Inhibit,Liver,Hepatomegaly
CYP1A2,Inhibit,Liver,Liver Cirrhosis
CYP1A2,Inhibit,Liver,"Liver Cirrhosis, Experimental"
CYP1A2,Inhibit,Liver,Liver Diseases
CYP1A2,Inhibit,Liver,"Liver Neoplasms, Experimental"
CYP1A2,Inhibit,Liver,Non-alcoholic Fatty Liver Disease
CYP1B1,Inhibit,Heart,Cardiomegaly
CYP1B1,Inhibit,Liver,Chemical and Drug Induced Liver Injury
CYP1B1,Inhibit,Liver,Fatty Liver
CYP1B1,Inhibit,Liver,Hepatomegaly
CYP26A1,Inhibit,Liver,"Liver Cirrhosis, Experimental"
CYP27A1,Inhibit,Liver,Liver Cirrhosis
CYP27A1,Inhibit,Brain,"Xanthomatosis, Cerebrotendinous"
CYP2A2,Inhibit,Liver,"Liver Cirrhosis, Experimental"
CYP2A4,Inhibit,Liver,"Liver Neoplasms, Experimental"
CYP2A5,Inhibit,Liver,Chemical and Drug Induced Liver Injury
CYP2A6,Inhibit,Brain,Brain Diseases
CYP2A6,Inhibit,Liver,Chemical and Drug Induced Liver Injury
CYP2A6,Inhibit,Liver,Hepatitis B
CYP2A6,Inhibit,Liver,Hepatitis C
CYP2A6,Inhibit,Liver,"Liver Diseases, Parasitic"
CYP2B1,Inhibit,Liver,Hepatitis C
CYP2B1,Inhibit,Liver,Hepatomegaly
CYP2B6,Inhibit,Liver,"Carcinoma, Hepatocellular"
CYP2B6,Inhibit,Liver,Chemical and Drug Induced Liver Injury
CYP2C,Inhibit,Liver,"Liver Cirrhosis, Experimental"
CYP2C11,Inhibit,Heart,Cardiomegaly
CYP2C11,Inhibit,Liver,Chemical and Drug Induced Liver Injury
CYP2C11,Inhibit,Liver,"Liver Cirrhosis, Experimental"
CYP2C19,Inhibit,Heart,Cardiovascular Diseases
CYP2C19,Inhibit,Liver,Chemical and Drug Induced Liver Injury
CYP2C29,Inhibit,Liver,"Liver Neoplasms, Experimental"
CYP2C8,Inhibit,Liver,"Carcinoma, Hepatocellular"
CYP2C9,Inhibit,Brain,Brain Neoplasms
CYP2C9,Inhibit,Heart,Cardiomyopathies
CYP2C9,Inhibit,Liver,Chemical and Drug Induced Liver Injury
CYP2D4,Inhibit,Liver,"Liver Cirrhosis, Experimental"
CYP2D6,Inhibit,Heart,Bradycardia
CYP2E1,Inhibit,Liver,"Carcinoma, Hepatocellular"
CYP2E1,Inhibit,Heart,Cardiomegaly
CYP2E1,Inhibit,Liver,Chemical and Drug Induced Liver Injury
CYP2E1,Inhibit,Liver,Fatty Liver
CYP2E1,Inhibit,Liver,"Fatty Liver, Alcoholic"
CYP2E1,Inhibit,Liver,"Liver Cirrhosis, Alcoholic"
CYP2E1,Inhibit,Liver,Liver Neoplasms
CYP2E1,Inhibit,Liver,"Liver Neoplasms, Experimental"
CYP2E1,Inhibit,Liver,Non-alcoholic Fatty Liver Disease
CYP2F2,Inhibit,Liver,"Liver Neoplasms, Experimental"
CYP2K18,Inhibit,Liver,Chemical and Drug Induced Liver Injury
CYP2R1,Inhibit,Liver,Liver Cirrhosis
CYP2T1,Inhibit,Liver,"Liver Cirrhosis, Experimental"
CYP39A1,Inhibit,Liver,"Carcinoma, Hepatocellular"
CYP3A11,Inhibit,Liver,"Liver Cirrhosis, Experimental"
CYP3A13,Inhibit,Liver,"Liver Cirrhosis, Experimental"
CYP3A16,Inhibit,Liver,"Liver Neoplasms, Experimental"
CYP3A23-3A1,Inhibit,Liver,"Adenoma, Liver Cell"
CYP3A23-3A1,Inhibit,Liver,Chemical and Drug Induced Liver Injury
CYP3A4,Inhibit,Liver,Chemical and Drug Induced Liver Injury
CYP3A4,Inhibit,Liver,Hepatitis C
CYP3A5,Inhibit,Brain,Neurotoxicity Syndromes
CYP3A9,Inhibit,Liver,"Liver Cirrhosis, Experimental"
CYP4A11,Inhibit,Liver,"Carcinoma, Hepatocellular"
CYP4A11,Inhibit,Liver,Liver Cirrhosis
CYP4A14,Inhibit,Liver,"Hepatitis, Animal"
CYP4A3,Inhibit,Heart,Cardiomegaly
CYP4A3,Inhibit,Liver,Chemical and Drug Induced Liver Injury
CYP7B1,Inhibit,Liver,Fatty Liver
CYP7B1,Inhibit,Liver,Liver Diseases
CYP8B1,Inhibit,Liver,Chemical and Drug Induced Liver Injury
CYRIA,Inhibit,Liver,"Liver Cirrhosis, Experimental"
CYRIB,Inhibit,Heart,"Heart Failure, Diastolic"
CYRIB,Inhibit,Liver,"Liver Cirrhosis, Experimental"
CYSTM1,Inhibit,Liver,"Liver Cirrhosis, Experimental"
DAB2IP,Inhibit,Heart,Myocardial Infarction
DACT2,Inhibit,Liver,Liver Neoplasms
DAO,Inhibit,Liver,"Liver Cirrhosis, Experimental"
DAPK1,Inhibit,Brain,Brain Neoplasms
DAPK2,Inhibit,Liver,Hepatomegaly
DARS1,Inhibit,Brain,HYPOMYELINATION WITH BRAINSTEM AND SPINAL CORD INVOLVEMENT AND LEG SPASTICITY
DARS2,Inhibit,Brain,Leukoencephalopathy with Brainstem and Spinal Cord Involvement and Lactate Elevation
DAXX,Inhibit,Brain,Neuroendocrine Tumors
DBH,Inhibit,Liver,"Carcinoma, Hepatocellular"
DBH,Inhibit,Brain,Neuroblastoma
DBNDD2,Inhibit,Liver,"Liver Cirrhosis, Experimental"
DBT,Inhibit,Liver,Chemical and Drug Induced Liver Injury
DCAF4L2,Inhibit,Liver,"Carcinoma, Hepatocellular"
DCAF8,Inhibit,Brain,"Giant Axonal Neuropathy, Autosomal Dominant"
DCD,Inhibit,Liver,Liver Neoplasms
DCN,Inhibit,Liver,"Carcinoma, Hepatocellular"
DCN,Inhibit,Heart,Myocardial Ischemia
DCTN1,Inhibit,Brain,"Neuronopathy, Distal Hereditary Motor, Type Viib"
DCXR,Inhibit,Liver,"Liver Cirrhosis, Experimental"
DDAH1,Inhibit,Liver,Liver Diseases
DDB1,Inhibit,Liver,Chemical and Drug Induced Liver Injury
DDC,Inhibit,Liver,"Liver Cirrhosis, Experimental"
DDIT3,Inhibit,Liver,Fatty Liver
DDIT3,Inhibit,Heart,Myocardial Infarction
DDX3X,Inhibit,Brain,Neurodevelopmental Disorders
DDX54,Inhibit,Liver,Liver Neoplasms
DEAF1,Inhibit,Brain,NEURODEVELOPMENTAL DISORDER WITH HYPOTONIA AND IMPAIRED EXPRESSIVE LANGUAGE AND WITH OR WITHOUT SEIZURES
DENND1B,Inhibit,Liver,"Liver Cirrhosis, Biliary"
DEPDC1,Inhibit,Liver,"Carcinoma, Hepatocellular"
DEPDC1B,Inhibit,Liver,"Carcinoma, Hepatocellular"
DEPDC5,Inhibit,Liver,"Carcinoma, Hepatocellular"
DEPDC7,Inhibit,Liver,"Liver Cirrhosis, Experimental"
DES,Inhibit,Heart,"Cardiomyopathy, Dilated, 1i"
DES,Inhibit,Brain,"Scapuloperoneal Syndrome, Neurogenic, Kaeser Type"
DGAT2,Inhibit,Liver,Chemical and Drug Induced Liver Injury
DGKZ,Inhibit,Heart,Myocardial Infarction
DGUOK,Inhibit,Liver,MITOCHONDRIAL DNA DEPLETION SYNDROME 3 (HEPATOCEREBRAL TYPE)
DHCR7,Inhibit,Liver,Liver Cirrhosis
DHFR,Inhibit,Liver,Chemical and Drug Induced Liver Injury
DHH,Inhibit,Brain,"46,Xy Gonadal Dysgenesis, Partial, With Minifascicular Neuropathy"
DHRS3,Inhibit,Liver,"Liver Cirrhosis, Experimental"
DHRS7,Inhibit,Liver,Chemical and Drug Induced Liver Injury
DHRS7,Inhibit,Liver,Fatty Liver
DHRS7,Inhibit,Liver,"Liver Cirrhosis, Experimental"
DHTKD1,Inhibit,Liver,"Liver Cirrhosis, Experimental"
DIABLO,Inhibit,Brain,Brain Ischemia
DIABLO,Inhibit,Heart,Myocardial Reperfusion Injury
DIAPH3,Inhibit,Brain,"Auditory Neuropathy, Autosomal Dominant, 1"
DICER1,Inhibit,Liver,Liver Neoplasms
DIO1,Inhibit,Liver,"Liver Cirrhosis, Experimental"
DIPK2A,Inhibit,Liver,"Liver Cirrhosis, Experimental"
DIPK2B,Inhibit,Liver,"Carcinoma, Hepatocellular"
DIRAS3,Inhibit,Liver,"Carcinoma, Hepatocellular"
DLAT,Inhibit,Liver,Chemical and Drug Induced Liver Injury
DLAT,Inhibit,Heart,Myocardial Ischemia
DLG4,Inhibit,Brain,Neurodevelopmental Disorders
DLGAP1,Inhibit,Brain,Neurodevelopmental Disorders
DLGAP5,Inhibit,Liver,"Carcinoma, Hepatocellular"
DLL1,Inhibit,Brain,Brain Neoplasms
DLL4,Inhibit,Liver,Adams Oliver syndrome
DMD,Inhibit,Heart,Cardiomegaly
DMD,Inhibit,Heart,Cardiomyopathies
DMD,Inhibit,Heart,"Cardiomyopathy, Dilated"
DMD,Inhibit,Heart,"CARDIOMYOPATHY, DILATED, 3B"
DNAJB2,Inhibit,Brain,"NEURONOPATHY, DISTAL HEREDITARY MOTOR, AUTOSOMAL RECESSIVE 5"
DNAJB9,Inhibit,Liver,Chemical and Drug Induced Liver Injury
DNAJC12,Inhibit,Liver,Chemical and Drug Induced Liver Injury
DNAJC6,Inhibit,Liver,"Carcinoma, Hepatocellular"
DNASE1L3,Inhibit,Liver,"Carcinoma, Hepatocellular"
DNM1,Inhibit,Brain,Neurodevelopmental Disorders
DNM1L,Inhibit,Heart,Myocardial Ischemia
DNM1L,Inhibit,Heart,Myocarditis
DNMT1,Inhibit,Brain,Hereditary Sensory and Autonomic Neuropathies
DNMT1,Inhibit,Brain,"NEUROPATHY, HEREDITARY SENSORY, TYPE IE"
DOCK10,Inhibit,Liver,"Liver Cirrhosis, Experimental"
DOCK6,Inhibit,Liver,Adams Oliver syndrome
DOCK7,Inhibit,Liver,"Liver Cirrhosis, Experimental"
DOCK8,Inhibit,Brain,Neuroblastoma
DOCK8,Inhibit,Brain,Neurodevelopmental Disorders
DPP10,Inhibit,Liver,Liver Neoplasms
DPP7,Inhibit,Liver,"Liver Cirrhosis, Experimental"
DPYD,Inhibit,Liver,"Carcinoma, Hepatocellular"
DPYS,Inhibit,Liver,"Liver Cirrhosis, Experimental"
DRAM1,Inhibit,Liver,"Liver Cirrhosis, Experimental"
DRD2,Inhibit,Heart,Bradycardia
DRD2,Inhibit,Heart,Tachycardia
DSC2,Inhibit,Heart,"Arrhythmogenic Right Ventricular Dysplasia, Familial, 11"
DSC2,Inhibit,Liver,Chemical and Drug Induced Liver Injury
DSCAM,Inhibit,Liver,Hepatomegaly
DSCAM,Inhibit,Brain,Neurodevelopmental Disorders
DSG2,Inhibit,Heart,"Arrhythmogenic Right Ventricular Dysplasia, Familial, 10"
DSG2,Inhibit,Heart,"Cardiomyopathy, Dilated, 1BB"
DSP,Inhibit,Heart,"Arrhythmogenic Right Ventricular Dysplasia, Familial, 8"
DSP,Inhibit,Heart,Cardiomyopathy dilated with woolly hair and keratoderma
DSP,Inhibit,Heart,"CARDIOMYOPATHY, DILATED, WITH WOOLLY HAIR, KERATODERMA, AND TOOTH AGENESIS"
DSP,Inhibit,Heart,"Death, Sudden, Cardiac"
DST,Inhibit,Brain,"NEUROPATHY, HEREDITARY SENSORY AND AUTONOMIC, TYPE VI"
DSTN,Inhibit,Heart,Heart Failure
DTL,Inhibit,Liver,"Carcinoma, Hepatocellular"
DTX2,Inhibit,Brain,Brain Neoplasms
DUS1L,Inhibit,Liver,"Liver Cirrhosis, Experimental"
DUSP1,Inhibit,Heart,Myocardial Ischemia
DUSP16,Inhibit,Liver,"Liver Cirrhosis, Experimental"
DUSP6,Inhibit,Liver,"Liver Cirrhosis, Experimental"
DUSP6,Inhibit,Heart,Myocardial Ischemia
DUXAP9,Inhibit,Liver,"Carcinoma, Hepatocellular"
DYNC1H1,Inhibit,Brain,"CORTICAL DYSPLASIA, COMPLEX, WITH OTHER BRAIN MALFORMATIONS 13"
DYNLL1,Inhibit,Brain,Brain Ischemia
DYRK1A,Inhibit,Brain,Neurodevelopmental Disorders
DYSF,Inhibit,Liver,"Liver Cirrhosis, Experimental"
E2F1,Inhibit,Liver,"Carcinoma, Hepatocellular"
E2F1,Inhibit,Liver,Chemical and Drug Induced Liver Injury
E2F8,Inhibit,Liver,"Carcinoma, Hepatocellular"
EAF2,Inhibit,Liver,"Carcinoma, Hepatocellular"
ECE1,Inhibit,Heart,"Heart Defects, Congenital"
ECE1,Inhibit,Heart,"Hirschsprung Disease, Cardiac Defects, and Autonomic Dysfunction"
ECHDC1,Inhibit,Liver,Chemical and Drug Induced Liver Injury
ECHS1,Inhibit,Liver,Chemical and Drug Induced Liver Injury
ECM1,Inhibit,Liver,"Carcinoma, Hepatocellular"
ECT2,Inhibit,Liver,"Carcinoma, Hepatocellular"
ECT2,Inhibit,Liver,"Liver Cirrhosis, Experimental"
EDEM1,Inhibit,Liver,Chemical and Drug Induced Liver Injury
EDN1,Inhibit,Heart,"Arrhythmias, Cardiac"
EDN1,Inhibit,Heart,Bradycardia
EDN1,Inhibit,Heart,Cardiomegaly
EDN1,Inhibit,Heart,Cardiomyopathies
EDN1,Inhibit,Heart,Cardiovascular Abnormalities
EDN1,Inhibit,Heart,Cardiovascular Diseases
EDN1,Inhibit,Brain,Cerebrovascular Disorders
EDN1,Inhibit,Heart,"Heart Defects, Congenital"
EDN1,Inhibit,Heart,Heart Failure
EDN1,Inhibit,Liver,Hepatorenal Syndrome
EDN1,Inhibit,Brain,"Infarction, Middle Cerebral Artery"
EDN1,Inhibit,Liver,"Liver Cirrhosis, Experimental"
EDN1,Inhibit,Heart,Myocardial Ischemia
EDN1,Inhibit,Heart,Myocardial Reperfusion Injury
EDN2,Inhibit,Heart,Bradycardia
EDN3,Inhibit,Heart,Bradycardia
EDNRA,Inhibit,Heart,"Heart Defects, Congenital"
EDNRA,Inhibit,Heart,Heart Failure
EDNRB,Inhibit,Heart,Heart Failure
EEF1A2,Inhibit,Brain,Neurodevelopmental Disorders
EEIG2,Inhibit,Liver,"Liver Cirrhosis, Experimental"
EFNB2,Inhibit,Liver,Liver Neoplasms
EGF,Inhibit,Liver,"Carcinoma, Hepatocellular"
EGF,Inhibit,Liver,"Liver Cirrhosis, Experimental"
EGFR,Inhibit,Liver,"Carcinoma, Hepatocellular"
EGFR,Inhibit,Heart,"Cardiomyopathy, Dilated"
EGLN1,Inhibit,Brain,Neurotoxicity Syndromes
EGLN3,Inhibit,Liver,Liver Neoplasms
EGR1,Inhibit,Brain,Brain Ischemia
EGR1,Inhibit,Liver,"Carcinoma, Hepatocellular"
EGR1,Inhibit,Liver,"Cholestasis, Intrahepatic"
EGR2,Inhibit,Liver,"Carcinoma, Hepatocellular"
EGR2,Inhibit,Brain,Hereditary Sensory and Motor Neuropathy
EGR2,Inhibit,Heart,Myocardial Ischemia
EHD3,Inhibit,Liver,"Carcinoma, Hepatocellular"
EIF2A,Inhibit,Heart,Myocardial Ischemia
EIF2AK1,Inhibit,Liver,Chemical and Drug Induced Liver Injury
EIF2AK1,Inhibit,Liver,Non-alcoholic Fatty Liver Disease
EIF2AK3,Inhibit,Heart,Myocardial Ischemia
EIF3H,Inhibit,Liver,"Carcinoma, Hepatocellular"
EIF4E3,Inhibit,Liver,"Liver Cirrhosis, Experimental"
EIF4EBP2,Inhibit,Liver,Chemical and Drug Induced Liver Injury
ELK3,Inhibit,Heart,"Heart Failure, Diastolic"
ELN,Inhibit,Heart,Myocardial Ischemia
ELOVL5,Inhibit,Liver,"Liver Cirrhosis, Experimental"
ELOVL6,Inhibit,Heart,Heart Failure
EMB,Inhibit,Liver,"Liver Cirrhosis, Experimental"
EML1,Inhibit,Brain,Band Heterotopia of Brain
EML4,Inhibit,Brain,Brain Neoplasms
EMP1,Inhibit,Liver,"Liver Cirrhosis, Experimental"
ENC1,Inhibit,Liver,"Liver Cirrhosis, Experimental"
ENO1,Inhibit,Liver,"Carcinoma, Hepatocellular"
ENO1,Inhibit,Liver,Chemical and Drug Induced Liver Injury
ENO2,Inhibit,Brain,Brain Injuries
ENO2,Inhibit,Liver,"Liver Neoplasms, Experimental"
ENO3,Inhibit,Liver,Liver Diseases
ENPEP,Inhibit,Liver,"Liver Cirrhosis, Experimental"
ENPP2,Inhibit,Liver,Hepatitis
ENPP2,Inhibit,Liver,"Liver Cirrhosis, Experimental"
ENSA,Inhibit,Heart,Myocardial Ischemia
ENTPD2,Inhibit,Liver,"Liver Cirrhosis, Biliary"
EOGT,Inhibit,Liver,Adams Oliver syndrome
EOMES,Inhibit,Brain,Gastro-enteropancreatic neuroendocrine tumor
EPAS1,Inhibit,Liver,"Carcinoma, Hepatocellular"
EPB41L2,Inhibit,Liver,"Liver Cirrhosis, Experimental"
EPCAM,Inhibit,Liver,"Liver Cirrhosis, Experimental"
EPG5,Inhibit,Heart,Cardiomyopathies
EPHB2,Inhibit,Brain,PROSTATE CANCER/BRAIN CANCER SUSCEPTIBILITY
EPHX1,Inhibit,Liver,"Carcinoma, Hepatocellular"
EPHX1,Inhibit,Liver,Chemical and Drug Induced Liver Injury
EPHX1,Inhibit,Heart,Myocardial Ischemia
EPHX2,Inhibit,Heart,Heart Failure
EPHX2,Inhibit,Heart,Myocardial Ischemia
EPHX2,Inhibit,Heart,Myocardial Reperfusion Injury
EPN3,Inhibit,Heart,"Heart Failure, Diastolic"
EPO,Inhibit,Brain,Brain Injuries
EPO,Inhibit,Heart,Cardiomyopathies
EPO,Inhibit,Heart,Heart Diseases
EPO,Inhibit,Heart,"Heart Septal Defects, Ventricular"
EPO,Inhibit,Heart,Myocardial Infarction
EPO,Inhibit,Brain,Neurodegenerative Diseases
EPO,Inhibit,Brain,Polyneuropathies
EPO,Inhibit,Heart,"Shock, Cardiogenic"
EPO,Inhibit,Heart,"Tachycardia, Ventricular"
EPS8L3,Inhibit,Liver,"Carcinoma, Hepatocellular"
ERAP1,Inhibit,Liver,"Liver Cirrhosis, Experimental"
ERBB3,Inhibit,Brain,Neuronal intestinal pseudoobstruction
ERCC1,Inhibit,Brain,Cerebrooculofacioskeletal Syndrome 4
ERCC2,Inhibit,Brain,Cerebrooculofacioskeletal Syndrome 2
ERCC5,Inhibit,Brain,Cerebrooculofacioskeletal Syndrome 3
ERCC6,Inhibit,Brain,Cerebrooculofacioskeletal Syndrome 1
EREG,Inhibit,Liver,"Carcinoma, Hepatocellular"
ERGIC1,Inhibit,Brain,Arthrogryposis multiplex congenita neurogenic type
ERLEC1,Inhibit,Liver,Chemical and Drug Induced Liver Injury
ERN1,Inhibit,Liver,Chemical and Drug Induced Liver Injury
ERN1,Inhibit,Liver,"Liver Cirrhosis, Experimental"
ERP29,Inhibit,Liver,"Carcinoma, Hepatocellular"
ES2,Inhibit,Liver,"Liver Cirrhosis, Experimental"
ESM1,Inhibit,Liver,"Carcinoma, Hepatocellular"
ESM1,Inhibit,Liver,Liver Neoplasms
ESR1,Inhibit,Liver,"Carcinoma, Hepatocellular"
ESR1,Inhibit,Liver,Liver Neoplasms
ESR1,Inhibit,Liver,"Liver Neoplasms, Experimental"
ESR1,Inhibit,Heart,Myocardial Infarction
ESR1,Inhibit,Brain,Neuroblastoma
ESR1,Inhibit,Liver,Non-alcoholic Fatty Liver Disease
ESR2,Inhibit,Heart,"Arrhythmias, Cardiac"
ETFA,Inhibit,Liver,"Carcinoma, Hepatocellular"
EWSR1,Inhibit,Brain,"Neuroectodermal Tumors, Primitive"
EXO1,Inhibit,Liver,"Carcinoma, Hepatocellular"
EXOSC2,Inhibit,Liver,Liver Neoplasms
EXTL1,Inhibit,Liver,"Liver Cirrhosis, Experimental"
EXTL3,Inhibit,Brain,IMMUNOSKELETAL DYSPLASIA WITH NEURODEVELOPMENTAL ABNORMALITIES
EYA1,Inhibit,Heart,Cayler cardiofacial syndrome
EYA1,Inhibit,Heart,"Heart Defects, Congenital"
EYA4,Inhibit,Heart,"Cardiomyopathy, Dilated, 1J"
EZH2,Inhibit,Liver,"Carcinoma, Hepatocellular"
EZR,Inhibit,Liver,"Liver Cirrhosis, Experimental"
F12,Inhibit,Liver,"Liver Neoplasms, Experimental"
F13A1,Inhibit,Heart,Myocardial Infarction
F2,Inhibit,Brain,Brain Ischemia
F2,Inhibit,Liver,"Carcinoma, Hepatocellular"
F2,Inhibit,Liver,Fatty Liver
F2,Inhibit,Brain,"Infarction, Middle Cerebral Artery"
F2,Inhibit,Liver,Liver Cirrhosis
F2,Inhibit,Liver,Liver Failure
F2,Inhibit,Heart,Myocardial Infarction
F2,Inhibit,Liver,Non-alcoholic Fatty Liver Disease
F2R,Inhibit,Liver,Fatty Liver
F2R,Inhibit,Liver,Hepatitis
F2R,Inhibit,Liver,Liver Cirrhosis
F2R,Inhibit,Liver,"Liver Cirrhosis, Experimental"
F2RL1,Inhibit,Heart,Myocardial Ischemia
F2RL3,Inhibit,Liver,Chemical and Drug Induced Liver Injury
F2RL3,Inhibit,Liver,Peliosis Hepatis
F3,Inhibit,Liver,Chemical and Drug Induced Liver Injury
F3,Inhibit,Liver,Liver Cirrhosis
F3,Inhibit,Heart,Myocardial Ischemia
F5,Inhibit,Brain,Brain Ischemia
F5,Inhibit,Liver,Liver Cirrhosis
F5,Inhibit,Heart,Myocardial Infarction
F7,Inhibit,Brain,Cerebral Hemorrhage
F7,Inhibit,Liver,"Liver Failure, Acute"
F7,Inhibit,Heart,Myocardial Infarction
FA2H,Inhibit,Brain,"SPASTIC PARAPLEGIA 35, AUTOSOMAL RECESSIVE, WITH OR WITHOUT NEURODEGENERATION"
FABP1,Inhibit,Liver,"Liver Failure, Acute"
FABP2,Inhibit,Liver,"Liver Cirrhosis, Experimental"
FABP5,Inhibit,Liver,"Carcinoma, Hepatocellular"
FABP5,Inhibit,Heart,Myocardial Ischemia
FABP7,Inhibit,Liver,"Liver Cirrhosis, Experimental"
FADD,Inhibit,Liver,"IMMUNODEFICIENCY 90 WITH ENCEPHALOPATHY, FUNCTIONAL HYPOSPLENIA, AND HEPATIC DYSFUNCTION"
FADS1,Inhibit,Liver,Chemical and Drug Induced Liver Injury
FADS2,Inhibit,Liver,Chemical and Drug Induced Liver Injury
FAHD1,Inhibit,Liver,"Liver Cirrhosis, Experimental"
FAM111B,Inhibit,Liver,"Carcinoma, Hepatocellular"
FAM134B,Inhibit,Liver,"Carcinoma, Hepatocellular"
FAM167B,Inhibit,Liver,"Liver Cirrhosis, Experimental"
FAM180A,Inhibit,Liver,"Carcinoma, Hepatocellular"
FAM43A,Inhibit,Liver,"Liver Cirrhosis, Experimental"
FAM65C,Inhibit,Liver,"Carcinoma, Hepatocellular"
FAM72B,Inhibit,Liver,"Carcinoma, Hepatocellular"
FAM89A,Inhibit,Liver,"Liver Cirrhosis, Experimental"
FANCD2,Inhibit,Liver,"Carcinoma, Hepatocellular"
FANCI,Inhibit,Liver,"Carcinoma, Hepatocellular"
FARSB,Inhibit,Brain,RAJAB INTERSTITIAL LUNG DISEASE WITH BRAIN CALCIFICATIONS 1
FAS,Inhibit,Heart,Cardiomyopathies
FAS,Inhibit,Heart,"Cardiomyopathy, Dilated"
FAS,Inhibit,Heart,Cardiotoxicity
FAS,Inhibit,Liver,"Liver Cirrhosis, Experimental"
FAS,Inhibit,Liver,"Liver Failure, Acute"
FAS,Inhibit,Liver,"Liver Neoplasms, Experimental"
FAS,Inhibit,Liver,Non-alcoholic Fatty Liver Disease
FAS,Inhibit,Heart,"Pregnancy Complications, Cardiovascular"
FASL,Inhibit,Heart,Cardiotoxicity
FASLG,Inhibit,Heart,Cardiomyopathies
FASLG,Inhibit,Heart,"Cardiomyopathy, Dilated"
FASLG,Inhibit,Heart,Cardiotoxicity
FASLG,Inhibit,Liver,Hepatitis
FASLG,Inhibit,Liver,"Liver Failure, Acute"
FASN,Inhibit,Liver,"Carcinoma, Hepatocellular"
FASN,Inhibit,Heart,"Cardiomyopathy, Dilated"
FASN,Inhibit,Heart,"Cardiomyopathy, Hypertrophic"
FASN,Inhibit,Liver,Chemical and Drug Induced Liver Injury
FASN,Inhibit,Heart,Heart Failure
FAT1,Inhibit,Liver,"Liver Cirrhosis, Experimental"
FATE1,Inhibit,Liver,"Carcinoma, Hepatocellular"
FBLN5,Inhibit,Heart,Heart Failure
FBN1,Inhibit,Liver,Liver Cirrhosis
FBN1,Inhibit,Liver,"Liver Cirrhosis, Experimental"
FBP1,Inhibit,Liver,"Carcinoma, Hepatocellular"
FBP1,Inhibit,Liver,"Liver Failure, Acute"
FBP2,Inhibit,Liver,"Liver Failure, Acute"
FBXL18,Inhibit,Liver,"Carcinoma, Hepatocellular"
FBXO38,Inhibit,Brain,"NEURONOPATHY, DISTAL HEREDITARY MOTOR, AUTOSOMAL DOMINANT 6"
FBXO9,Inhibit,Liver,"Liver Cirrhosis, Experimental"
FCER1G,Inhibit,Liver,"Liver Cirrhosis, Experimental"
FCGR1A,Inhibit,Heart,Heart Valve Diseases
FCGR1A,Inhibit,Liver,"Liver Cirrhosis, Experimental"
FCGR3A,Inhibit,Liver,"Liver Cirrhosis, Experimental"
FCMR,Inhibit,Liver,Chemical and Drug Induced Liver Injury
FCN1,Inhibit,Liver,"Liver Cirrhosis, Experimental"
FCN2,Inhibit,Liver,"Carcinoma, Hepatocellular"
FCN3,Inhibit,Liver,"Carcinoma, Hepatocellular"
FDFT1,Inhibit,Liver,"Carcinoma, Hepatocellular"
FEV,Inhibit,Heart,Myocardial Ischemia
FEZ2,Inhibit,Heart,Myocardial Ischemia
FFAR2,Inhibit,Brain,Neuroinflammatory Diseases
FFAR3,Inhibit,Brain,Neuroinflammatory Diseases
FGA,Inhibit,Liver,Chemical and Drug Induced Liver Injury
FGF1,Inhibit,Heart,Myocardial Ischemia
FGF12,Inhibit,Liver,Hepatomegaly
FGF15,Inhibit,Liver,Hepatic Insufficiency
FGF15,Inhibit,Liver,Liver Cirrhosis
FGF19,Inhibit,Liver,"Carcinoma, Hepatocellular"
FGF2,Inhibit,Brain,Brain Infarction
FGF2,Inhibit,Brain,Brain Injuries
FGF2,Inhibit,Heart,Cardiomegaly
FGF2,Inhibit,Liver,Liver Cirrhosis
FGF2,Inhibit,Liver,"Liver Cirrhosis, Experimental"
FGF2,Inhibit,Heart,Myocardial Ischemia
FGF21,Inhibit,Liver,Fatty Liver
FGF21,Inhibit,Brain,"Infarction, Middle Cerebral Artery"
FGF21,Inhibit,Liver,Non-alcoholic Fatty Liver Disease
FGF3,Inhibit,Liver,"Carcinoma, Hepatocellular"
FGF4,Inhibit,Liver,"Carcinoma, Hepatocellular"
FGF7,Inhibit,Liver,Liver Cirrhosis
FGF8,Inhibit,Heart,Cardiovascular Abnormalities
FGFR1,Inhibit,Liver,"Carcinoma, Hepatocellular"
FGFR1,Inhibit,Heart,Heart Valve Diseases
FGFR2,Inhibit,Liver,Liver Cirrhosis
FGL2,Inhibit,Liver,"Liver Cirrhosis, Experimental"
FGR,Inhibit,Liver,"Liver Cirrhosis, Experimental"
FHIT,Inhibit,Liver,Liver Neoplasms
FHL1,Inhibit,Heart,"Heart Failure, Diastolic"
FHL1,Inhibit,Liver,"Liver Cirrhosis, Experimental"
FHL2,Inhibit,Heart,Cardiomegaly
FHL2,Inhibit,Liver,"Liver Cirrhosis, Experimental"
FIBIN,Inhibit,Heart,"Heart Failure, Diastolic"
FIP1L1,Inhibit,Heart,Heart Failure
FIS1,Inhibit,Brain,"Ceroid lipofuscinosis, neuronal 1, infantile"
FJX1,Inhibit,Brain,Brain Neoplasms
FKBP1A,Inhibit,Liver,"Liver Cirrhosis, Experimental"
FKBP5,Inhibit,Brain,Neurobehavioral Manifestations
FKTN,Inhibit,Heart,"Cardiomyopathy, Dilated, 1x"
FLCN,Inhibit,Liver,Liver Neoplasms
FLI1,Inhibit,Liver,"Liver Cirrhosis, Experimental"
FLNA,Inhibit,Heart,"Cardiac valvular dysplasia, X-linked"
FLNA,Inhibit,Liver,"Liver Cirrhosis, Experimental"
FLNA,Inhibit,Liver,Non-alcoholic Fatty Liver Disease
FLNC,Inhibit,Heart,"CARDIOMYOPATHY, FAMILIAL HYPERTROPHIC, 26"
FLT1,Inhibit,Brain,Cerebral Hemorrhage
FLT1,Inhibit,Liver,Chemical and Drug Induced Liver Injury
FLT1,Inhibit,Liver,Liver Cirrhosis
FLVCR1,Inhibit,Liver,"Carcinoma, Hepatocellular"
FMNL1,Inhibit,Liver,"Liver Cirrhosis, Experimental"
FMNL2,Inhibit,Liver,"Liver Cirrhosis, Experimental"
FMO1,Inhibit,Liver,"Liver Cirrhosis, Experimental"
FMO3,Inhibit,Liver,Chemical and Drug Induced Liver Injury
FNDC5,Inhibit,Heart,Cardiomegaly
FNDC5,Inhibit,Heart,Endomyocardial Fibrosis
FOCAD,Inhibit,Liver,Liver Cirrhosis
FOLR1,Inhibit,Brain,"Brain Diseases, Metabolic, Inborn"
FOLR1,Inhibit,Heart,"Heart Defects, Congenital"
FOLR1,Inhibit,Brain,Neurodegeneration Due To Cerebral Folate Transport Deficiency
FOLR2,Inhibit,Liver,"Liver Cirrhosis, Experimental"
FOLR2,Inhibit,Liver,Non-alcoholic Fatty Liver Disease
FOS,Inhibit,Brain,Brain Injuries
FOS,Inhibit,Liver,"Carcinoma, Hepatocellular"
FOS,Inhibit,Liver,"Cholestasis, Extrahepatic"
FOS,Inhibit,Brain,"Infarction, Middle Cerebral Artery"
FOS,Inhibit,Liver,"Liver Cirrhosis, Experimental"
FOS,Inhibit,Brain,Neurotoxicity Syndromes
FOSB,Inhibit,Liver,"Carcinoma, Hepatocellular"
FOSB,Inhibit,Liver,Liver Neoplasms
FOXA1,Inhibit,Liver,Fatty Liver
FOXA2,Inhibit,Liver,"Liver Cirrhosis, Experimental"
FOXC2,Inhibit,Heart,Cardiovascular Abnormalities
FOXG1,Inhibit,Brain,Neurodevelopmental Disorders
FOXM1,Inhibit,Liver,"Carcinoma, Hepatocellular"
FOXM1,Inhibit,Liver,"Liver Neoplasms, Experimental"
FOXO3,Inhibit,Liver,Liver Cirrhosis
FOXP1,Inhibit,Brain,Neurodevelopmental Disorders
FOXP4-AS1,Inhibit,Liver,"Carcinoma, Hepatocellular"
FOXP4-AS1,Inhibit,Liver,"Liver Neoplasms, Experimental"
FRY,Inhibit,Liver,"Liver Cirrhosis, Experimental"
FST,Inhibit,Liver,"Carcinoma, Hepatocellular"
FST,Inhibit,Liver,"Liver Failure, Acute"
FST,Inhibit,Liver,Liver Neoplasms
FSTL1,Inhibit,Liver,"Liver Cirrhosis, Experimental"
FTCD,Inhibit,Liver,"Liver Cirrhosis, Experimental"
FTH1,Inhibit,Brain,Neurodegenerative Diseases
FTH1,Inhibit,Brain,Neurotoxicity Syndromes
FTL,Inhibit,Brain,Neuroferritinopathy
FTL1,Inhibit,Liver,Chemical and Drug Induced Liver Injury
FTL1,Inhibit,Brain,Neurodegenerative Diseases
FTO,Inhibit,Liver,Non-alcoholic Fatty Liver Disease
FXN,Inhibit,Brain,Neurobehavioral Manifestations
FXYD2,Inhibit,Liver,"Liver Cirrhosis, Experimental"
FXYD3,Inhibit,Heart,"Heart Failure, Diastolic"
FXYD5,Inhibit,Liver,"Liver Cirrhosis, Experimental"
FXYD6,Inhibit,Liver,"Liver Cirrhosis, Experimental"
FYN,Inhibit,Liver,"Liver Cirrhosis, Experimental"
FZD8,Inhibit,Liver,"Liver Cirrhosis, Experimental"
G0S2,Inhibit,Liver,"Liver Cirrhosis, Experimental"
G6PC1,Inhibit,Liver,Hepatorenal form of glycogen storage disease
G6PC1,Inhibit,Liver,"Liver Cirrhosis, Experimental"
GAA,Inhibit,Heart,"Cardiomyopathy, Hypertrophic"
GABRA1,Inhibit,Liver,Hepatic Encephalopathy
GABRA6,Inhibit,Brain,"Infarction, Middle Cerebral Artery"
GABRB1,Inhibit,Liver,Hepatic Encephalopathy
GABRB2,Inhibit,Brain,Neurodevelopmental Disorders
GABRB3,Inhibit,Brain,Brain Injuries
GABRB3,Inhibit,Brain,Neurodevelopmental Disorders
GABRD,Inhibit,Liver,"Carcinoma, Hepatocellular"
GABRG2,Inhibit,Liver,Hepatic Encephalopathy
GABRG3,Inhibit,Brain,Brain Injuries
GABRR2,Inhibit,Liver,Liver Diseases
GABRR2,Inhibit,Brain,Neurotoxicity Syndromes
GADD45A,Inhibit,Liver,Chemical and Drug Induced Liver Injury
GADL1,Inhibit,Liver,Liver Neoplasms
GAL,Inhibit,Heart,Tachycardia
GALC,Inhibit,Liver,"Liver Cirrhosis, Experimental"
GALNT13,Inhibit,Liver,Hepatomegaly
GAN,Inhibit,Brain,Giant Axonal Neuropathy
GANAB,Inhibit,Liver,Chemical and Drug Induced Liver Injury
GAPDH,Inhibit,Liver,"Carcinoma, Hepatocellular"
GARS1,Inhibit,Brain,"Neuronopathy, Distal Hereditary Motor, Type V"
GAS5,Inhibit,Heart,Myocardial Ischemia
GAS6,Inhibit,Heart,Cardiomegaly
GASK1B,Inhibit,Liver,"Liver Cirrhosis, Experimental"
GATA2,Inhibit,Heart,Cardiovascular Abnormalities
GATA3,Inhibit,Brain,Gastro-enteropancreatic neuroendocrine tumor
GATA3,Inhibit,Brain,Neuroblastoma
GATA4,Inhibit,Heart,Cardiomegaly
GATA4,Inhibit,Heart,"Heart Septal Defects, Ventricular"
GATA4,Inhibit,Heart,Myocardial Infarction
GATA4,Inhibit,Heart,TESTICULAR ANOMALIES WITH OR WITHOUT CONGENITAL HEART DISEASE
GATA6,Inhibit,Heart,CONOTRUNCAL HEART MALFORMATIONS
GATA6,Inhibit,Heart,"HEART DEFECTS, CONGENITAL, AND OTHER CONGENITAL ANOMALIES"
GATAD1,Inhibit,Heart,"CARDIOMYOPATHY, DILATED, 2B"
GATM,Inhibit,Heart,Heart Failure
GATM,Inhibit,Heart,Myocardial Ischemia
GBA3,Inhibit,Liver,"Carcinoma, Hepatocellular"
GBP2,Inhibit,Liver,"Liver Cirrhosis, Experimental"
GBP2,Inhibit,Heart,Myocardial Ischemia
GBP4,Inhibit,Liver,"Liver Cirrhosis, Experimental"
GC,Inhibit,Liver,Chemical and Drug Induced Liver Injury
GC,Inhibit,Liver,Hepatic Encephalopathy
GC,Inhibit,Liver,Liver Cirrhosis
GC,Inhibit,Liver,"Liver Cirrhosis, Experimental"
GC,Inhibit,Liver,"Liver Failure, Acute"
GCAT,Inhibit,Liver,"Liver Cirrhosis, Experimental"
GCG,Inhibit,Heart,Bradycardia
GCG,Inhibit,Heart,Heart Diseases
GCG,Inhibit,Heart,Heart Failure
GCG,Inhibit,Heart,Tachycardia
GCG,Inhibit,Heart,"Tachycardia, Sinus"
GCH1,Inhibit,Heart,Myocardial Ischemia
GCHFR,Inhibit,Liver,"Liver Cirrhosis, Experimental"
GCK,Inhibit,Liver,"Liver Cirrhosis, Experimental"
GCLC,Inhibit,Liver,Chemical and Drug Induced Liver Injury
GCLC,Inhibit,Heart,Myocardial Infarction
GCLC,Inhibit,Heart,Myocardial Ischemia
GCLM,Inhibit,Liver,Chemical and Drug Induced Liver Injury
GCLM,Inhibit,Heart,Myocardial Infarction
GCNT1,Inhibit,Liver,"Liver Cirrhosis, Experimental"
GDA,Inhibit,Liver,Chemical and Drug Induced Liver Injury
GDF1,Inhibit,Heart,"CONGENITAL HEART DEFECTS, MULTIPLE TYPES, 6"
GDF1,Inhibit,Heart,"Heart Defects, Congenital"
GDF15,Inhibit,Liver,"Carcinoma, Hepatocellular"
GDF15,Inhibit,Heart,Heart Failure
GDF15,Inhibit,Heart,Myocardial Ischemia
GDF2,Inhibit,Liver,"Carcinoma, Hepatocellular"
GDF3,Inhibit,Heart,"Heart Defects, Congenital"
GDI1,Inhibit,Liver,Chemical and Drug Induced Liver Injury
GDNF,Inhibit,Brain,Neurodegenerative Diseases
GDNF,Inhibit,Brain,Neurologic Manifestations
GET1,Inhibit,Liver,"Liver Cirrhosis, Experimental"
GFAP,Inhibit,Brain,"Ceroid lipofuscinosis, neuronal 1, infantile"
GFAP,Inhibit,Brain,Neuromyelitis Optica
GFER,Inhibit,Liver,"Liver Failure, Acute"
GFI1,Inhibit,Brain,Gastro-enteropancreatic neuroendocrine tumor
GFRA1,Inhibit,Liver,"Liver Cirrhosis, Experimental"
GGH,Inhibit,Liver,Chemical and Drug Induced Liver Injury
GGH,Inhibit,Liver,"Liver Cirrhosis, Experimental"
GGT1,Inhibit,Liver,Liver Diseases
GGT1,Inhibit,Heart,Myocardial Infarction
GGTA1,Inhibit,Liver,"Liver Cirrhosis, Experimental"
GH1,Inhibit,Heart,Cardiovascular Diseases
GH1,Inhibit,Liver,"Liver Cirrhosis, Experimental"
GHR,Inhibit,Liver,"Carcinoma, Hepatocellular"
GHR,Inhibit,Liver,"Liver Cirrhosis, Experimental"
GHR,Inhibit,Heart,Myocardial Ischemia
GHRL,Inhibit,Liver,Chemical and Drug Induced Liver Injury
GHRL,Inhibit,Heart,Heart Failure
GIGYF2,Inhibit,Brain,Neurodevelopmental Disorders
GINS1,Inhibit,Liver,"Carcinoma, Hepatocellular"
GJA1,Inhibit,Heart,"Arrhythmias, Cardiac"
GJA1,Inhibit,Liver,"Liver Cirrhosis, Experimental"
GJA1,Inhibit,Heart,Myocardial Reperfusion Injury
GJA4,Inhibit,Liver,"Liver Cirrhosis, Experimental"
GJB1,Inhibit,Liver,"Carcinoma, Hepatocellular"
GJB1,Inhibit,Liver,Liver Neoplasms
GJB1,Inhibit,Liver,"Liver Neoplasms, Experimental"
GK,Inhibit,Liver,"Liver Cirrhosis, Experimental"
GK,Inhibit,Heart,Myocardial Ischemia
GLAZ,Inhibit,Brain,Neurodegenerative Diseases
GLI1,Inhibit,Liver,"Carcinoma, Hepatocellular"
GLIPR1,Inhibit,Liver,"Liver Cirrhosis, Experimental"
GLRX3,Inhibit,Heart,Cardiomegaly
GLS,Inhibit,Liver,"Liver Cirrhosis, Experimental"
GLS2,Inhibit,Liver,"Liver Cirrhosis, Experimental"
GLT8D1,Inhibit,Liver,"Liver Cirrhosis, Experimental"
GLUD1,Inhibit,Liver,Chemical and Drug Induced Liver Injury
GLUL,Inhibit,Brain,"Brain Diseases, Metabolic, Inborn"
GLUL,Inhibit,Liver,"Carcinoma, Hepatocellular"
GLUL,Inhibit,Liver,Hepatic Encephalopathy
GLUL,Inhibit,Liver,"Liver Neoplasms, Experimental"
GMFG,Inhibit,Liver,"Liver Cirrhosis, Experimental"
GMNN,Inhibit,Liver,"Carcinoma, Hepatocellular"
GNA11,Inhibit,Heart,"Heart Defects, Congenital"
GNA12,Inhibit,Heart,Myocardial Ischemia
GNA14,Inhibit,Liver,"Liver Cirrhosis, Experimental"
GNAI2,Inhibit,Heart,Bradycardia
GNAI2,Inhibit,Liver,"Liver Cirrhosis, Experimental"
GNAI2,Inhibit,Heart,"VENTRICULAR TACHYCARDIA, FAMILIAL"
GNAO1,Inhibit,Liver,"Carcinoma, Hepatocellular"
GNAO1,Inhibit,Brain,Neurodevelopmental Disorders
GNAQ,Inhibit,Heart,"Heart Defects, Congenital"
GNAS,Inhibit,Liver,"Liver Diseases, Parasitic"
GNAS,Inhibit,Brain,Neuroblastoma
GNAS,Inhibit,Heart,Tachycardia
GNAZ,Inhibit,Liver,"Carcinoma, Hepatocellular"
GNB5,Inhibit,Heart,"LODDER-MERLA SYNDROME, TYPE 1, WITH IMPAIRED INTELLECTUAL DEVELOPMENT AND CARDIAC ARRHYTHMIA"
GNB5,Inhibit,Heart,"LODDER-MERLA SYNDROME, TYPE 2, WITH DEVELOPMENTAL DELAY AND WITH OR WITHOUT CARDIAC ARRHYTHMIA"
GNG8,Inhibit,Liver,Liver Diseases
GNGT2,Inhibit,Liver,"Liver Cirrhosis, Experimental"
GNMT,Inhibit,Liver,"Carcinoma, Hepatocellular"
GNMT,Inhibit,Liver,Hepatitis
GNMT,Inhibit,Liver,"Hepatitis, Chronic"
GNMT,Inhibit,Liver,Liver Neoplasms
GNMT,Inhibit,Liver,Non-alcoholic Fatty Liver Disease
GNPDA1,Inhibit,Liver,"Liver Cirrhosis, Experimental"
GNRH1,Inhibit,Heart,Bradycardia
GNRH1,Inhibit,Heart,Tachycardia
GOT1,Inhibit,Liver,Chemical and Drug Induced Liver Injury
GOT1,Inhibit,Liver,"Liver Cirrhosis, Experimental"
GP1BA,Inhibit,Brain,"NONARTERITIC ANTERIOR ISCHEMIC OPTIC NEUROPATHY, SUSCEPTIBILITY TO"
GP1BB,Inhibit,Heart,"Heart Defects, Congenital"
GPAM,Inhibit,Liver,"Liver Cirrhosis, Experimental"
GPC3,Inhibit,Liver,"Carcinoma, Hepatocellular"
GPD1,Inhibit,Liver,Chemical and Drug Induced Liver Injury
GPD1L,Inhibit,Liver,Fatty Liver
GPER1,Inhibit,Liver,Hepatomegaly
GPER1,Inhibit,Liver,Liver Neoplasms
GPM6A,Inhibit,Liver,"Carcinoma, Hepatocellular"
GPNMB,Inhibit,Liver,"Liver Cirrhosis, Experimental"
GPNMB,Inhibit,Liver,"Liver Failure, Acute"
GPR137B-PS,Inhibit,Liver,Liver Cirrhosis
GPR155,Inhibit,Liver,Hepatomegaly
GPR158,Inhibit,Liver,"Carcinoma, Hepatocellular"
GPR17,Inhibit,Brain,Brain Infarction
GPR68,Inhibit,Liver,"Liver Cirrhosis, Experimental"
GPT,Inhibit,Liver,Chemical and Drug Induced Liver Injury
GPT,Inhibit,Liver,Fatty Liver
GPT,Inhibit,Liver,"Liver Cirrhosis, Experimental"
GPT,Inhibit,Liver,Liver Diseases
GPT,Inhibit,Liver,Non-alcoholic Fatty Liver Disease
GPT2,Inhibit,Brain,NEURODEVELOPMENTAL DISORDER WITH SPASTIC PARAPLEGIA AND MICROCEPHALY
GPX1,Inhibit,Brain,Brain Ischemia
GPX1,Inhibit,Heart,"Cardiomyopathy, Dilated"
GPX1,Inhibit,Heart,Cardiovascular Diseases
GPX1,Inhibit,Liver,Fatty Liver
GPX1,Inhibit,Liver,"Hepatitis, Chronic"
GPX2,Inhibit,Liver,Liver Neoplasms
GPX3,Inhibit,Liver,Liver Neoplasms
GPX3,Inhibit,Brain,Neurodegenerative Diseases
GPX4,Inhibit,Liver,Fatty Liver
GPX4,Inhibit,Heart,Heart Failure
GPX8,Inhibit,Liver,"Liver Cirrhosis, Experimental"
GRIK2,Inhibit,Liver,Liver Neoplasms
GRIN1,Inhibit,Brain,"NEURODEVELOPMENTAL DISORDER WITH OR WITHOUT HYPERKINETIC MOVEMENTS AND SEIZURES, AUTOSOMAL DOMINANT"
GRIN2B,Inhibit,Brain,Neurodevelopmental Disorders
GRK2,Inhibit,Heart,Cardiomegaly
GRK2,Inhibit,Heart,Cardiomyopathies
GRK2,Inhibit,Heart,Cardiotoxicity
GRK2,Inhibit,Heart,Cardiovascular Diseases
GRK2,Inhibit,Heart,Heart Failure
GRK4,Inhibit,Liver,Chemical and Drug Induced Liver Injury
GRK5,Inhibit,Heart,Cardiovascular Diseases
GRK5,Inhibit,Liver,Liver Diseases
GRM5,Inhibit,Brain,Diabetic Neuropathies
GRM8,Inhibit,Brain,Brain Injuries
GRN,Inhibit,Brain,"CEROID LIPOFUSCINOSIS, NEURONAL, 11"
GRN,Inhibit,Liver,"Liver Cirrhosis, Experimental"
GRP,Inhibit,Liver,"Liver Neoplasms, Experimental"
GSK3B,Inhibit,Brain,Brain Injuries
GSK3B,Inhibit,Heart,Cardiomegaly
GSK3B,Inhibit,Brain,"Ceroid Lipofuscinosis, Neuronal, 6"
GSK3B,Inhibit,Heart,Heart Failure
GSK3B,Inhibit,Heart,Myocardial Infarction
GSN,Inhibit,Heart,Cardiomegaly
GSN,Inhibit,Liver,Chemical and Drug Induced Liver Injury
GSN,Inhibit,Liver,"Liver Cirrhosis, Experimental"
GSR,Inhibit,Liver,Chemical and Drug Induced Liver Injury
GSR,Inhibit,Brain,Neurodegenerative Diseases
GSTA1,Inhibit,Liver,Chemical and Drug Induced Liver Injury
GSTA1,Inhibit,Heart,Myocardial Ischemia
GSTA1,Inhibit,Liver,Non-alcoholic Fatty Liver Disease
GSTA2,Inhibit,Liver,"Liver Cirrhosis, Experimental"
GSTA3,Inhibit,Liver,"Liver Cirrhosis, Experimental"
GSTA4,Inhibit,Liver,Chemical and Drug Induced Liver Injury
GSTM1,Inhibit,Liver,"Carcinoma, Hepatocellular"
GSTM1,Inhibit,Liver,Chemical and Drug Induced Liver Injury
GSTM1,Inhibit,Liver,"Liver Cirrhosis, Experimental"
GSTM1,Inhibit,Liver,Liver Neoplasms
GSTM1,Inhibit,Brain,Neurodegenerative Diseases
GSTM1,Inhibit,Liver,Non-alcoholic Fatty Liver Disease
GSTM2,Inhibit,Liver,Chemical and Drug Induced Liver Injury
GSTM2,Inhibit,Heart,Myocardial Ischemia
GSTM2,Inhibit,Brain,Neurodegenerative Diseases
GSTM3,Inhibit,Liver,Chemical and Drug Induced Liver Injury
GSTM4,Inhibit,Liver,Chemical and Drug Induced Liver Injury
GSTM4,Inhibit,Brain,Neurodegenerative Diseases
GSTM5,Inhibit,Brain,Neurodegenerative Diseases
GSTM6,Inhibit,Brain,Neurodegenerative Diseases
GSTO1,Inhibit,Liver,Chemical and Drug Induced Liver Injury
GSTO1,Inhibit,Brain,Neurodegenerative Diseases
GSTP1,Inhibit,Liver,"Carcinoma, Hepatocellular"
GSTP1,Inhibit,Liver,Chemical and Drug Induced Liver Injury
GSTP1,Inhibit,Liver,"Liver Neoplasms, Experimental"
GSTP1,Inhibit,Heart,Myocardial Ischemia
GSTP1,Inhibit,Liver,Non-alcoholic Fatty Liver Disease
GSTP3,Inhibit,Liver,"Liver Cirrhosis, Experimental"
GSTT1,Inhibit,Liver,Chemical and Drug Induced Liver Injury
GSTT1,Inhibit,Liver,Non-alcoholic Fatty Liver Disease
GSTT1B,Inhibit,Liver,Chemical and Drug Induced Liver Injury
GTSE1,Inhibit,Liver,"Carcinoma, Hepatocellular"
GULO,Inhibit,Liver,Chemical and Drug Induced Liver Injury
GULO,Inhibit,Liver,Fatty Liver
GULO,Inhibit,Liver,"Liver Cirrhosis, Experimental"
GULP1,Inhibit,Liver,"Liver Cirrhosis, Experimental"
GYG1,Inhibit,Heart,"Arrhythmias, Cardiac"
GYG1,Inhibit,Heart,Myocardial Ischemia
GYS2,Inhibit,Liver,"Carcinoma, Hepatocellular"
GYS2,Inhibit,Liver,"Glycogen Storage Disease 0, Liver"
GZMA,Inhibit,Liver,"Liver Cirrhosis, Experimental"
GZMB,Inhibit,Liver,Hepatitis
H19,Inhibit,Liver,Chemical and Drug Induced Liver Injury
H19,Inhibit,Heart,Heart Failure
H19,Inhibit,Liver,"Hepatitis, Animal"
H19,Inhibit,Liver,"Liver Neoplasms, Experimental"
H2-T23,Inhibit,Heart,Myocardial Ischemia
H4C1,Inhibit,Liver,"Liver Failure, Acute"
HACE1,Inhibit,Brain,Neuroblastoma
HACL1,Inhibit,Liver,Chemical and Drug Induced Liver Injury
HADHA,Inhibit,Liver,Chemical and Drug Induced Liver Injury
HADHA,Inhibit,Heart,Myocardial Ischemia
HADHA,Inhibit,Brain,Trifunctional Protein Deficiency With Myopathy And Neuropathy
HADHB,Inhibit,Liver,Fatty Liver
HADHB,Inhibit,Heart,Heart Diseases
HAGH,Inhibit,Liver,"Liver Cirrhosis, Experimental"
HAL,Inhibit,Liver,"Liver Cirrhosis, Experimental"
HAMP,Inhibit,Liver,"Carcinoma, Hepatocellular"
HAMP,Inhibit,Heart,"Heart Failure, Diastolic"
HAMP,Inhibit,Liver,Hepatolenticular Degeneration
HAND2,Inhibit,Heart,Cardiomegaly
HAND2,Inhibit,Heart,"Heart Defects, Congenital"
HAND2,Inhibit,Heart,Heart Failure
HAND2,Inhibit,Brain,Neuroblastoma
HAO1,Inhibit,Liver,"Liver Cirrhosis, Experimental"
HAO2,Inhibit,Liver,"Carcinoma, Hepatocellular"
HAO2,Inhibit,Liver,Chemical and Drug Induced Liver Injury
HAO2,Inhibit,Liver,"Liver Cirrhosis, Experimental"
HAS3,Inhibit,Liver,Fatty Liver
HAVCR1,Inhibit,Liver,Chemical and Drug Induced Liver Injury
HBA1,Inhibit,Brain,Cerebral Infarction
HBA-A1,Inhibit,Liver,Chemical and Drug Induced Liver Injury
HBEGF,Inhibit,Heart,Cardiotoxicity
HBEGFA,Inhibit,Brain,Brain Neoplasms
HBEGFB,Inhibit,Brain,Brain Neoplasms
HCAR3,Inhibit,Brain,Neuroinflammatory Diseases
HCFC1,Inhibit,Liver,Liver Neoplasms
HCK,Inhibit,Liver,"Liver Cirrhosis, Experimental"
HCRT,Inhibit,Brain,Neurodegenerative Diseases
HDAC1,Inhibit,Heart,Heart Diseases
HDAC2,Inhibit,Heart,Cardiomegaly
HDAC2,Inhibit,Liver,Liver Cirrhosis
HDAC3,Inhibit,Heart,Heart Diseases
HDAC6,Inhibit,Heart,"Cardiomyopathy, Dilated"
HDC,Inhibit,Liver,Hepatomegaly
HEBP2,Inhibit,Liver,Liver Neoplasms
HECW2,Inhibit,Brain,"NEURODEVELOPMENTAL DISORDER WITH HYPOTONIA, SEIZURES, AND ABSENT LANGUAGE"
HELLS,Inhibit,Liver,"Liver Cirrhosis, Experimental"
HERC3,Inhibit,Liver,Liver Neoplasms
HERC5,Inhibit,Liver,"Carcinoma, Hepatocellular"
HES1,Inhibit,Brain,"Neuroectodermal Tumors, Primitive"
HES5,Inhibit,Brain,Brain Neoplasms
HEXIM1,Inhibit,Liver,"Liver Cirrhosis, Experimental"
HEY1,Inhibit,Brain,"Neuroectodermal Tumors, Primitive"
HEY2,Inhibit,Heart,"Cardiomyopathy, Hypertrophic"
HFE,Inhibit,Liver,Hepatitis C
HGF,Inhibit,Liver,"Carcinoma, Hepatocellular"
HGF,Inhibit,Heart,Cardiomyopathies
HGF,Inhibit,Liver,Copper-Overload Cirrhosis
HGF,Inhibit,Brain,Diabetic Neuropathies
HGF,Inhibit,Liver,"Hepatitis, Chronic"
HGF,Inhibit,Liver,Liver Cirrhosis
HGF,Inhibit,Liver,"Liver Cirrhosis, Experimental"
HGF,Inhibit,Liver,"Liver Failure, Acute"
HGF,Inhibit,Liver,Liver Neoplasms
HGF,Inhibit,Liver,"Liver Neoplasms, Experimental"
HGF,Inhibit,Heart,Myocardial Ischemia
HGF,Inhibit,Brain,Neuroblastoma
HGFAC,Inhibit,Liver,"Carcinoma, Hepatocellular"
HHEX,Inhibit,Liver,Fatty Liver
HHIP,Inhibit,Liver,"Carcinoma, Hepatocellular"
HIF1A,Inhibit,Brain,Brain Ischemia
HIF1A,Inhibit,Heart,Cardiomegaly
HIF1A,Inhibit,Heart,"Heart Defects, Congenital"
HIF1A,Inhibit,Heart,Heart Failure
HIF1A,Inhibit,Brain,"Hypoxia-Ischemia, Brain"
HIF1A,Inhibit,Liver,Liver Cirrhosis
HIF1A,Inhibit,Liver,"Liver Cirrhosis, Biliary"
HIF1A,Inhibit,Heart,Myocardial Reperfusion Injury
HIGD2A,Inhibit,Liver,Liver Neoplasms
HINT1,Inhibit,Brain,Inherited Peripheral Neuropathy
HIP1,Inhibit,Liver,"Liver Cirrhosis, Experimental"
HIVEP2,Inhibit,Heart,Myocardial Ischemia
HIVEP3,Inhibit,Brain,Neurodevelopmental Disorders
HJURP,Inhibit,Liver,"Carcinoma, Hepatocellular"
HJV,Inhibit,Liver,"Liver Cirrhosis, Experimental"
HK1,Inhibit,Heart,Myocardial Ischemia
HK1,Inhibit,Brain,"Neuropathy, hereditary motor and sensory, Russe type"
HK2,Inhibit,Heart,Myocardial Ischemia
HK3,Inhibit,Liver,Liver Diseases
HLA-A,Inhibit,Liver,Chemical and Drug Induced Liver Injury
HLA-B,Inhibit,Liver,Chemical and Drug Induced Liver Injury
HLA-C,Inhibit,Liver,"Hepatitis B, Chronic"
HLA-DPA1,Inhibit,Liver,"Hepatitis B, Chronic"
HLA-DPB1,Inhibit,Liver,"Hepatitis B, Chronic"
HLA-DQB1,Inhibit,Liver,Chemical and Drug Induced Liver Injury
HLA-DRB1,Inhibit,Liver,Chemical and Drug Induced Liver Injury
HMGB1,Inhibit,Liver,Chemical and Drug Induced Liver Injury
HMGB1,Inhibit,Liver,"Cholestasis, Extrahepatic"
HMGB1,Inhibit,Heart,Myocardial Infarction
HMGB1,Inhibit,Heart,Myocardial Ischemia
HMGB1,Inhibit,Heart,Myocardial Reperfusion Injury
HMGB1,Inhibit,Brain,"Neuropathy, Painful"
HMGB2,Inhibit,Liver,"Carcinoma, Hepatocellular"
HMGCR,Inhibit,Liver,"Carcinoma, Hepatocellular"
HMGCR,Inhibit,Liver,"Liver Cirrhosis, Experimental"
HMGCS2,Inhibit,Heart,Heart Failure
HMGCS2,Inhibit,Heart,Myocardial Ischemia
HMGN5B,Inhibit,Liver,"Liver Cirrhosis, Experimental"
HMMR,Inhibit,Liver,"Carcinoma, Hepatocellular"
HMMR-AS1,Inhibit,Liver,"Carcinoma, Hepatocellular"
HMOX1,Inhibit,Heart,Cardiomegaly
HMOX1,Inhibit,Brain,Cerebral Hemorrhage
HMOX1,Inhibit,Liver,Chemical and Drug Induced Liver Injury
HMOX1,Inhibit,Heart,Heart Failure
HMOX1,Inhibit,Liver,Hepatitis
HMOX1,Inhibit,Liver,Hepatorenal Syndrome
HMOX1,Inhibit,Liver,"Liver Cirrhosis, Experimental"
HMOX1,Inhibit,Liver,Liver Diseases
HMOX1,Inhibit,Liver,Liver Neoplasms
HMOX1,Inhibit,Heart,Myocardial Ischemia
HMOX1,Inhibit,Brain,Neurodegenerative Diseases
HMOX2,Inhibit,Brain,Cerebral Hemorrhage
HNF1A,Inhibit,Liver,"Hepatic Adenomas, Familial"
HNRNPU,Inhibit,Brain,Neurodevelopmental Disorders
HOPX,Inhibit,Liver,"Liver Cirrhosis, Experimental"
HOTAIR,Inhibit,Liver,"Carcinoma, Hepatocellular"
HOTTIP,Inhibit,Heart,Heart Failure
HOXA1,Inhibit,Brain,Athabaskan brainstem dysgenesis
HOXA1,Inhibit,Heart,"Heart Defects, Congenital"
HOXA10,Inhibit,Liver,"Carcinoma, Hepatocellular"
HOXA11-AS,Inhibit,Heart,Heart Failure
HOXA13,Inhibit,Liver,"Carcinoma, Hepatocellular"
HOXA3,Inhibit,Heart,"Heart Defects, Congenital"
HOXA3,Inhibit,Liver,"Liver Cirrhosis, Experimental"
HOXD9,Inhibit,Liver,"Carcinoma, Hepatocellular"
HP,Inhibit,Heart,Cardiovascular Diseases
HP,Inhibit,Liver,Hepatitis B
HP,Inhibit,Liver,"Hepatitis B, Chronic"
HP,Inhibit,Liver,"Hepatitis C, Chronic"
HP,Inhibit,Heart,Myocardial Infarction
HPCAL1,Inhibit,Liver,"Liver Cirrhosis, Experimental"
HPD,Inhibit,Liver,Chemical and Drug Induced Liver Injury
HPDL,Inhibit,Brain,NEURODEVELOPMENTAL DISORDER WITH PROGRESSIVE SPASTICITY AND BRAIN WHITE MATTER ABNORMALITIES
HPGDS,Inhibit,Liver,"Liver Cirrhosis, Experimental"
HPGDS,Inhibit,Liver,Liver Diseases
HPRT1,Inhibit,Liver,Chemical and Drug Induced Liver Injury
HPSE,Inhibit,Liver,"Liver Cirrhosis, Experimental"
HPX,Inhibit,Liver,Chemical and Drug Induced Liver Injury
HRAS,Inhibit,Liver,"Adenoma, Liver Cell"
HRAS,Inhibit,Brain,Brain Neoplasms
HRAS,Inhibit,Liver,"Carcinoma, Hepatocellular"
HRAS,Inhibit,Heart,Cardiofaciocutaneous syndrome
HRAS,Inhibit,Liver,Liver Neoplasms
HRAS,Inhibit,Liver,"Liver Neoplasms, Experimental"
HRAS,Inhibit,Brain,Neuroblastoma
HRC,Inhibit,Heart,Cardiomegaly
HRH2,Inhibit,Liver,Chemical and Drug Induced Liver Injury
HSD11B2,Inhibit,Liver,Liver Cirrhosis
HSD11B2,Inhibit,Heart,Myocardial Infarction
HSD17B2,Inhibit,Liver,"Liver Cirrhosis, Experimental"
HSD17B6,Inhibit,Liver,"Liver Cirrhosis, Experimental"
HSD3B2,Inhibit,Liver,"Carcinoma, Hepatocellular"
HSDL2,Inhibit,Liver,Liver Neoplasms
HSP27,Inhibit,Heart,Myocardial Infarction
HSPA1A,Inhibit,Brain,Brain Injuries
HSPA1A,Inhibit,Liver,Liver Diseases
HSPA1A,Inhibit,Heart,Myocardial Ischemia
HSPA2,Inhibit,Heart,Myocardial Ischemia
HSPA5,Inhibit,Liver,"Carcinoma, Hepatocellular"
HSPA5,Inhibit,Liver,Chemical and Drug Induced Liver Injury
HSPA5,Inhibit,Heart,Myocardial Infarction
HSPA9,Inhibit,Liver,"Carcinoma, Hepatocellular"
HSPA9,Inhibit,Heart,Myocardial Ischemia
HSPB1,Inhibit,Liver,"Carcinoma, Hepatocellular"
HSPB1,Inhibit,Heart,"Cardiomyopathy, Hypertrophic"
HSPB1,Inhibit,Heart,Heart Failure
HSPB1,Inhibit,Brain,"Neuronopathy, Distal Hereditary Motor, Type IIB"
HSPB3,Inhibit,Brain,"NEURONOPATHY, DISTAL HEREDITARY MOTOR, AUTOSOMAL DOMINANT 4"
HSPB6,Inhibit,Heart,Heart Diseases
HSPB8,Inhibit,Brain,"Neuropathy, Distal Hereditary Motor, Type IIA"
HSPD1,Inhibit,Heart,Cardiomyopathies
HSPD1,Inhibit,Heart,"Cardiomyopathy, Hypertrophic"
HSPD1,Inhibit,Brain,"Infarction, Middle Cerebral Artery"
HSPE1,Inhibit,Heart,Cardiomyopathies
HTATIP2,Inhibit,Liver,"Carcinoma, Hepatocellular"
HTR1A,Inhibit,Heart,Bradycardia
HTR2B,Inhibit,Heart,Cardiomegaly
HTR2B,Inhibit,Heart,Heart Failure
HTR2B,Inhibit,Heart,Heart Valve Diseases
HTR4,Inhibit,Heart,"Arrhythmias, Cardiac"
HTR4,Inhibit,Heart,Tachycardia
HTRA1,Inhibit,Brain,"CEREBRAL ARTERIOPATHY, AUTOSOMAL RECESSIVE, WITH SUBCORTICAL INFARCTS AND LEUKOENCEPHALOPATHY 2"
HULC,Inhibit,Liver,Liver Neoplasms
HYKK,Inhibit,Liver,"Liver Cirrhosis, Experimental"
IARS1,Inhibit,Liver,"GROWTH RETARDATION, IMPAIRED INTELLECTUAL DEVELOPMENT, HYPOTONIA, AND HEPATOPATHY"
IARS2,Inhibit,Brain,"CATARACTS, GROWTH HORMONE DEFICIENCY, SENSORY NEUROPATHY, SENSORINEURAL HEARING LOSS, AND SKELETAL DYSPLASIA"
ICAM1,Inhibit,Brain,"Brain Injuries, Traumatic"
ICAM1,Inhibit,Brain,Brain Ischemia
ICAM1,Inhibit,Heart,Cardiovascular Diseases
ICAM1,Inhibit,Brain,"Infarction, Middle Cerebral Artery"
ICAM1,Inhibit,Heart,Myocardial Infarction
ICAM1,Inhibit,Heart,Myocardial Ischemia
ICAM1,Inhibit,Heart,Myocardial Reperfusion Injury
ICAM2,Inhibit,Liver,"Liver Cirrhosis, Experimental"
ICAM3,Inhibit,Liver,"Liver Cirrhosis, Biliary"
ID1,Inhibit,Heart,Myocardial Ischemia
ID2,Inhibit,Liver,"Liver Cirrhosis, Experimental"
ID3,Inhibit,Heart,Myocardial Ischemia
ID4,Inhibit,Liver,"Liver Cirrhosis, Experimental"
IDH1,Inhibit,Liver,"Carcinoma, Hepatocellular"
IDH1,Inhibit,Liver,"Liver Failure, Acute"
IDH2,Inhibit,Heart,Cardiomegaly
IDH2,Inhibit,Heart,"Cardiomyopathy, Hypertrophic"
IDO1,Inhibit,Brain,Neurodegenerative Diseases
IDO2,Inhibit,Liver,Chemical and Drug Induced Liver Injury
IDO2,Inhibit,Liver,Liver Cirrhosis
IFI204,Inhibit,Liver,"Liver Cirrhosis, Experimental"
IFI27L2B,Inhibit,Liver,"Liver Cirrhosis, Experimental"
IFI30,Inhibit,Liver,Non-alcoholic Fatty Liver Disease
IFI35,Inhibit,Liver,"Liver Cirrhosis, Experimental"
IFIH1,Inhibit,Heart,Aicardi-Goutieres syndrome
IFIT3,Inhibit,Heart,Heart Failure
IFITM1,Inhibit,Liver,"Liver Cirrhosis, Experimental"
IFNA,Inhibit,Liver,"Hepatitis C, Chronic"
IFNA1,Inhibit,Liver,"Carcinoma, Hepatocellular"
IFNA1,Inhibit,Liver,Hepatitis B
IFNA1,Inhibit,Liver,Liver Cirrhosis
IFNA1,Inhibit,Liver,"Liver Cirrhosis, Experimental"
IFNA1,Inhibit,Liver,Liver Neoplasms
IFNA2,Inhibit,Liver,Chemical and Drug Induced Liver Injury
IFNA2,Inhibit,Liver,Fatty Liver
IFNA2,Inhibit,Liver,Hepatitis B
IFNA2,Inhibit,Liver,"Hepatitis B, Chronic"
IFNA2,Inhibit,Liver,Hepatitis C
IFNA2,Inhibit,Liver,"Hepatitis C, Chronic"
IFNA2,Inhibit,Liver,"Hepatitis, Chronic"
IFNA2,Inhibit,Liver,Hepatomegaly
IFNA2,Inhibit,Liver,"Liver Cirrhosis, Experimental"
IFNA2,Inhibit,Heart,Myocardial Infarction
IFNA2,Inhibit,Brain,"Optic Neuropathy, Ischemic"
IFNAR2,Inhibit,Liver,Hepatitis B
IFNB1,Inhibit,Brain,Brain Diseases
IFNB1,Inhibit,Liver,Hepatitis B
IFNB1,Inhibit,Brain,Neuroblastoma
IFNG,Inhibit,Brain,Brain Diseases
IFNG,Inhibit,Liver,Chemical and Drug Induced Liver Injury
IFNG,Inhibit,Heart,Heart Arrest
IFNG,Inhibit,Heart,Heart Failure
IFNG,Inhibit,Liver,Hepatitis
IFNG,Inhibit,Liver,"Hepatitis, Autoimmune"
IFNG,Inhibit,Liver,Hepatitis B
IFNG,Inhibit,Liver,Hepatitis C
IFNG,Inhibit,Liver,"Liver Cirrhosis, Experimental"
IFNGR1,Inhibit,Liver,Hepatitis B
IFNGR1,Inhibit,Liver,"Liver Cirrhosis, Experimental"
IFNGR1,Inhibit,Heart,Myocardial Ischemia
IFNL3,Inhibit,Brain,Brain Injuries
IFNL3,Inhibit,Liver,"Hepatic Fibrosis, Congenital"
IFNL3,Inhibit,Liver,Hepatitis C
IFRD1,Inhibit,Liver,"Liver Cirrhosis, Experimental"
IFT122,Inhibit,Heart,"Edema, Cardiac"
IFT88,Inhibit,Liver,Liver Neoplasms
IGBP1,Inhibit,Liver,"Carcinoma, Hepatocellular"
IGF1,Inhibit,Liver,"Carcinoma, Hepatocellular"
IGF1,Inhibit,Heart,Cardiomegaly
IGF1,Inhibit,Liver,Chemical and Drug Induced Liver Injury
IGF1,Inhibit,Heart,Diabetic Cardiomyopathies
IGF1,Inhibit,Brain,"Infarction, Middle Cerebral Artery"
IGF1,Inhibit,Liver,Liver Cirrhosis
IGF1,Inhibit,Liver,"Liver Cirrhosis, Experimental"
IGF1,Inhibit,Heart,Myocardial Ischemia
IGF1,Inhibit,Brain,Neurodevelopmental Disorders
IGF1R,Inhibit,Liver,"Carcinoma, Hepatocellular"
IGF2,Inhibit,Liver,"Carcinoma, Hepatocellular"
IGF2,Inhibit,Liver,Hepatoblastoma
IGF2,Inhibit,Liver,Liver Neoplasms
IGF2BP1,Inhibit,Liver,"Carcinoma, Hepatocellular"
IGF2BP1,Inhibit,Brain,Neuroblastoma
IGF2BP3,Inhibit,Liver,"Carcinoma, Hepatocellular"
IGF2BP3,Inhibit,Liver,"Liver Cirrhosis, Experimental"
IGF2R,Inhibit,Liver,"Carcinoma, Hepatocellular"
IGF2R,Inhibit,Heart,Diabetic Cardiomyopathies
IGF2R,Inhibit,Heart,Endomyocardial Fibrosis
IGF2R,Inhibit,Liver,"Liver Cirrhosis, Experimental"
IGFALS,Inhibit,Liver,"Carcinoma, Hepatocellular"
IGFALS,Inhibit,Liver,"Liver Cirrhosis, Experimental"
IGFBP1,Inhibit,Liver,Liver Cirrhosis
IGFBP1,Inhibit,Liver,"Liver Cirrhosis, Biliary"
IGFBP1,Inhibit,Liver,"Liver Cirrhosis, Experimental"
IGFBP2,Inhibit,Liver,Liver Cirrhosis
IGFBP2,Inhibit,Liver,"Liver Cirrhosis, Experimental"
IGFBP3,Inhibit,Liver,"Liver Cirrhosis, Experimental"
IGFBP3,Inhibit,Heart,Myocardial Ischemia
IGFBP7,Inhibit,Liver,"Liver Cirrhosis, Experimental"
IGG-2A,Inhibit,Liver,Hepatomegaly
IGH-6,Inhibit,Liver,Hepatomegaly
IGKC,Inhibit,Liver,Hepatomegaly
IGSF6,Inhibit,Liver,"Liver Cirrhosis, Experimental"
IKBKG,Inhibit,Liver,"Liver Cirrhosis, Experimental"
IKBKG,Inhibit,Liver,"Liver Neoplasms, Experimental"
IKBKG,Inhibit,Liver,Non-alcoholic Fatty Liver Disease
IKZF1,Inhibit,Brain,Gastro-enteropancreatic neuroendocrine tumor
IKZF3,Inhibit,Brain,Gastro-enteropancreatic neuroendocrine tumor
IL10,Inhibit,Brain,Brain Injuries
IL10,Inhibit,Brain,Gastro-enteropancreatic neuroendocrine tumor
IL10,Inhibit,Liver,"Hepatitis, Autoimmune"
IL10,Inhibit,Liver,Hepatolenticular Degeneration
IL10,Inhibit,Liver,"Liver Cirrhosis, Experimental"
IL10,Inhibit,Heart,Myocardial Infarction
IL10RB,Inhibit,Brain,Brain Ischemia
IL10RB,Inhibit,Liver,Hepatitis B
IL11,Inhibit,Liver,Chemical and Drug Induced Liver Injury
IL11,Inhibit,Brain,"Infarction, Middle Cerebral Artery"
IL11,Inhibit,Liver,Liver Diseases
IL12A,Inhibit,Liver,"Liver Cirrhosis, Biliary"
IL12A,Inhibit,Liver,Liver Neoplasms
IL12B,Inhibit,Liver,Chemical and Drug Induced Liver Injury
IL12B,Inhibit,Liver,"Liver Cirrhosis, Biliary"
IL12B,Inhibit,Liver,Liver Neoplasms
IL12RB1,Inhibit,Brain,Brain Ischemia
IL12RB2,Inhibit,Brain,Brain Injuries
IL13,Inhibit,Liver,"Hepatitis, Autoimmune"
IL13RA2,Inhibit,Brain,Brain Injuries
IL17A,Inhibit,Brain,Brain Ischemia
IL17A,Inhibit,Heart,Cardiovascular Diseases
IL17A,Inhibit,Brain,Cerebrovascular Disorders
IL17A,Inhibit,Liver,Chemical and Drug Induced Liver Injury
IL17RA,Inhibit,Brain,Brain Ischemia
IL17RD,Inhibit,Brain,Brain Injuries
IL18,Inhibit,Brain,Brain Ischemia
IL18,Inhibit,Heart,Cardiomegaly
IL18,Inhibit,Liver,Chemical and Drug Induced Liver Injury
IL18,Inhibit,Heart,Heart Valve Diseases
IL18,Inhibit,Liver,"Hepatitis, Autoimmune"
IL18,Inhibit,Liver,"Liver Cirrhosis, Experimental"
IL18BP,Inhibit,Liver,"Liver Cirrhosis, Experimental"
IL18R1,Inhibit,Brain,Brain Injuries
IL1A,Inhibit,Brain,Brain Injuries
IL1A,Inhibit,Brain,Brain Ischemia
IL1A,Inhibit,Heart,Cardiomyopathies
IL1A,Inhibit,Liver,Chemical and Drug Induced Liver Injury
IL1A,Inhibit,Heart,Myocardial Ischemia
IL1A,Inhibit,Liver,Non-alcoholic Fatty Liver Disease
IL1B,Inhibit,Brain,Brain Injuries
IL1B,Inhibit,Brain,"Brain Injuries, Traumatic"
IL1B,Inhibit,Brain,Brain Ischemia
IL1B,Inhibit,Heart,Cardiomegaly
IL1B,Inhibit,Heart,Cardiomyopathies
IL1B,Inhibit,Heart,Cardiotoxicity
IL1B,Inhibit,Liver,Chemical and Drug Induced Liver Injury
IL1B,Inhibit,Liver,"Cholestasis, Extrahepatic"
IL1B,Inhibit,Heart,Heart Failure
IL1B,Inhibit,Heart,Heart Valve Diseases
IL1B,Inhibit,Brain,"Infarction, Middle Cerebral Artery"
IL1B,Inhibit,Liver,"Liver Cirrhosis, Experimental"
IL1B,Inhibit,Heart,Myocardial Infarction
IL1B,Inhibit,Heart,Myocardial Ischemia
IL1B,Inhibit,Brain,Neuroblastoma
IL1B,Inhibit,Brain,Neuroinflammatory Diseases
IL1B,Inhibit,Liver,Non-alcoholic Fatty Liver Disease
IL1R1,Inhibit,Brain,Brain Injuries
IL1R2,Inhibit,Liver,Chemical and Drug Induced Liver Injury
IL1R2,Inhibit,Liver,Liver Diseases
IL1RAP,Inhibit,Liver,"Carcinoma, Hepatocellular"
IL1RAP,Inhibit,Liver,Liver Diseases
IL1RN,Inhibit,Brain,Brain Injuries
IL1RN,Inhibit,Brain,Brain Ischemia
IL1RN,Inhibit,Liver,"Carcinoma, Hepatocellular"
IL1RN,Inhibit,Heart,Cardiovascular Diseases
IL1RN,Inhibit,Brain,Cerebrovascular Disorders
IL1RN,Inhibit,Liver,"Liver Failure, Acute"
IL1RN,Inhibit,Heart,Myocardial Infarction
IL1RN,Inhibit,Liver,Non-alcoholic Fatty Liver Disease
IL2,Inhibit,Brain,Brain Injuries
IL2,Inhibit,Brain,Brain Neoplasms
IL2,Inhibit,Liver,"Hepatitis, Autoimmune"
IL2,Inhibit,Liver,Liver Neoplasms
IL22,Inhibit,Liver,Chemical and Drug Induced Liver Injury
IL22,Inhibit,Liver,"Hepatitis, Autoimmune"
IL22,Inhibit,Brain,"Infarction, Middle Cerebral Artery"
IL2RB,Inhibit,Brain,Gastro-enteropancreatic neuroendocrine tumor
IL2RB,Inhibit,Liver,"Liver Cirrhosis, Experimental"
IL2RG,Inhibit,Liver,"Liver Cirrhosis, Experimental"
IL3,Inhibit,Liver,Non-alcoholic Fatty Liver Disease
IL31RA,Inhibit,Brain,Brain Injuries
IL33,Inhibit,Liver,"Liver Cirrhosis, Experimental"
IL4,Inhibit,Heart,Cardiomyopathies
IL4,Inhibit,Liver,Chemical and Drug Induced Liver Injury
IL4,Inhibit,Liver,"Hepatitis, Autoimmune"
IL4,Inhibit,Liver,Non-alcoholic Fatty Liver Disease
IL5,Inhibit,Liver,"Hepatitis, Autoimmune"
IL6,Inhibit,Brain,Brain Injuries
IL6,Inhibit,Brain,Brain Ischemia
IL6,Inhibit,Liver,"Carcinoma, Hepatocellular"
IL6,Inhibit,Heart,Cardiomyopathies
IL6,Inhibit,Liver,Chemical and Drug Induced Liver Injury
IL6,Inhibit,Liver,"Cholestasis, Extrahepatic"
IL6,Inhibit,Heart,Heart Failure
IL6,Inhibit,Liver,"Hepatitis, Autoimmune"
IL6,Inhibit,Liver,Hepatolenticular Degeneration
IL6,Inhibit,Brain,"Infarction, Middle Cerebral Artery"
IL6,Inhibit,Liver,Liver Cirrhosis
IL6,Inhibit,Liver,"Liver Cirrhosis, Alcoholic"
IL6,Inhibit,Liver,"Liver Neoplasms, Experimental"
IL6,Inhibit,Heart,Myocardial Infarction
IL6,Inhibit,Heart,Myocardial Ischemia
IL6,Inhibit,Heart,Myocarditis
IL6,Inhibit,Brain,Neurodegenerative Diseases
IL6,Inhibit,Heart,"Pregnancy Complications, Cardiovascular"
IL6RA,Inhibit,Brain,"Infarction, Middle Cerebral Artery"
IL6ST,Inhibit,Brain,"Infarction, Middle Cerebral Artery"
IL6ST,Inhibit,Heart,Myocardial Ischemia
IL7,Inhibit,Brain,Brain Injuries
IL7R,Inhibit,Liver,"Liver Cirrhosis, Biliary"
IL7R,Inhibit,Liver,"Liver Cirrhosis, Experimental"
IL9,Inhibit,Liver,"Hepatitis, Autoimmune"
IL9R,Inhibit,Brain,Brain Injuries
IL9R,Inhibit,Liver,Liver Diseases
ILF2,Inhibit,Brain,Neurodevelopmental Disorders
ILK,Inhibit,Liver,"Liver Cirrhosis, Experimental"
IMMT,Inhibit,Liver,Chemical and Drug Induced Liver Injury
INHBA,Inhibit,Liver,"Liver Failure, Acute"
INHBC,Inhibit,Liver,"Liver Cirrhosis, Experimental"
INHBE,Inhibit,Liver,"Liver Cirrhosis, Experimental"
INMT,Inhibit,Liver,"Carcinoma, Hepatocellular"
INMT,Inhibit,Liver,"Liver Cirrhosis, Experimental"
INPP4B,Inhibit,Liver,"Carcinoma, Hepatocellular"
INPP5D,Inhibit,Liver,"Liver Cirrhosis, Experimental"
INPPL1,Inhibit,Liver,"Liver Cirrhosis, Experimental"
INS,Inhibit,Heart,"Cardiomyopathy, Hypertrophic"
INS,Inhibit,Heart,Diabetic Cardiomyopathies
INS,Inhibit,Liver,Fatty Liver
INS,Inhibit,Heart,Heart Arrest
INS,Inhibit,Heart,Heart Failure
INS,Inhibit,Liver,Hepatitis
INS,Inhibit,Liver,"Liver Cirrhosis, Experimental"
INS,Inhibit,Liver,Liver Diseases
INS,Inhibit,Liver,"Liver Failure, Acute"
INS,Inhibit,Brain,Neurocognitive Disorders
INS,Inhibit,Liver,Non-alcoholic Fatty Liver Disease
INS,Inhibit,Heart,Tachycardia
INS1,Inhibit,Heart,Bradycardia
INS1,Inhibit,Heart,Diabetic Cardiomyopathies
INSIG2,Inhibit,Liver,"Liver Cirrhosis, Experimental"
INS-IGF2,Inhibit,Liver,"Carcinoma, Hepatocellular"
INSR,Inhibit,Brain,Diabetic Neuropathies
IQGAP1,Inhibit,Brain,Brain Neoplasms
IQGAP1,Inhibit,Liver,"Carcinoma, Hepatocellular"
IQGAP1,Inhibit,Liver,"Liver Cirrhosis, Experimental"
IQGAP2,Inhibit,Brain,Brain Neoplasms
IQGAP2,Inhibit,Liver,"Carcinoma, Hepatocellular"
IQGAP3,Inhibit,Liver,"Carcinoma, Hepatocellular"
IQSEC2,Inhibit,Brain,Neurodevelopmental Disorders
IRAK1,Inhibit,Liver,Chemical and Drug Induced Liver Injury
IRAK1,Inhibit,Brain,"Hypoxia-Ischemia, Brain"
IRAK4,Inhibit,Brain,"Hypoxia-Ischemia, Brain"
IRF1,Inhibit,Brain,Brain Injuries
IRF1,Inhibit,Heart,Myocardial Ischemia
IRF2,Inhibit,Liver,"Carcinoma, Hepatocellular"
IRF8,Inhibit,Liver,"Liver Cirrhosis, Experimental"
IRS1,Inhibit,Liver,"Carcinoma, Hepatocellular"
IRS2,Inhibit,Liver,"Carcinoma, Hepatocellular"
IRX5,Inhibit,Heart,"Heart Defects, Congenital"
ISG15,Inhibit,Liver,"Carcinoma, Hepatocellular"
ISG20,Inhibit,Liver,"Liver Cirrhosis, Experimental"
ISL1,Inhibit,Brain,Neuroblastoma
ISYNA1,Inhibit,Liver,"Liver Cirrhosis, Experimental"
ITGA2B,Inhibit,Brain,Cerebral Hemorrhage
ITGA2B,Inhibit,Liver,"Liver Cirrhosis, Experimental"
ITGAL,Inhibit,Liver,"Liver Cirrhosis, Experimental"
ITGAV,Inhibit,Brain,Cerebral Hemorrhage
ITGB1,Inhibit,Brain,"Brain Injuries, Traumatic"
ITGB1,Inhibit,Heart,Cardiomyopathies
ITGB1,Inhibit,Heart,"Cardiomyopathy, Dilated"
ITGB1,Inhibit,Heart,Heart Failure
ITGB1,Inhibit,Liver,"Liver Cirrhosis, Experimental"
ITGB2,Inhibit,Brain,Brain Neoplasms
ITGB2,Inhibit,Heart,Heart Valve Diseases
ITGB2,Inhibit,Liver,"Liver Cirrhosis, Experimental"
ITGB3,Inhibit,Brain,Cerebral Hemorrhage
ITGB3,Inhibit,Liver,"Liver Cirrhosis, Experimental"
ITGB3,Inhibit,Heart,Myocardial Infarction
ITGB6,Inhibit,Liver,"Hepatitis C, Chronic"
ITGB6,Inhibit,Liver,"Liver Cirrhosis, Experimental"
ITGB6,Inhibit,Liver,Liver Diseases
ITIH1,Inhibit,Liver,Liver Neoplasms
ITIH3,Inhibit,Liver,"Carcinoma, Hepatocellular"
ITM2B,Inhibit,Brain,"CEREBRAL AMYLOID ANGIOPATHY, ITM2B-RELATED, 1"
ITPR1,Inhibit,Liver,Chemical and Drug Induced Liver Injury
ITPR1,Inhibit,Brain,"Hypoxia, Brain"
ITPR1,Inhibit,Brain,Neurodevelopmental Disorders
ITPR2,Inhibit,Heart,Cardiomegaly
ITPR2,Inhibit,Brain,"Hypoxia, Brain"
IVD,Inhibit,Liver,"Liver Cirrhosis, Experimental"
IYD,Inhibit,Liver,"Liver Cirrhosis, Experimental"
JAG1,Inhibit,Heart,"Heart Defects, Congenital"
JAK2,Inhibit,Heart,Heart Valve Diseases
JAK2,Inhibit,Liver,"Liver Cirrhosis, Experimental"
JAK2,Inhibit,Liver,"Liver Neoplasms, Experimental"
JAK2,Inhibit,Heart,Myocardial Ischemia
JAK2,Inhibit,Liver,Non-alcoholic Fatty Liver Disease
JAM3,Inhibit,Brain,"HEMORRHAGIC DESTRUCTION OF THE BRAIN, SUBEPENDYMAL CALCIFICATION, AND CATARACTS"
JDP2,Inhibit,Liver,"Carcinoma, Hepatocellular"
JDP2,Inhibit,Liver,"Liver Cirrhosis, Experimental"
JPH2,Inhibit,Heart,"CARDIOMYOPATHY, FAMILIAL HYPERTROPHIC, 17"
JUN,Inhibit,Brain,Brain Injuries
JUN,Inhibit,Brain,Brain Ischemia
JUN,Inhibit,Liver,"Carcinoma, Hepatocellular"
JUN,Inhibit,Liver,"Cholestasis, Extrahepatic"
JUN,Inhibit,Liver,Liver Neoplasms
JUNB,Inhibit,Brain,"Infarction, Middle Cerebral Artery"
JUNB,Inhibit,Heart,Myocardial Ischemia
JUND,Inhibit,Liver,Chemical and Drug Induced Liver Injury
JUND,Inhibit,Liver,Liver Cirrhosis
JUP,Inhibit,Heart,"Arrhythmogenic Right Ventricular Dysplasia, Familial, 12"
JUP,Inhibit,Liver,Liver Diseases
KANK1,Inhibit,Brain,"Cerebral Palsy, Spastic Quadriplegic, 2"
KANK1,Inhibit,Liver,"Liver Cirrhosis, Experimental"
KANK2,Inhibit,Heart,"Heart Failure, Diastolic"
KAT8,Inhibit,Heart,"Cardiomyopathy, Hypertrophic"
KAT8,Inhibit,Heart,Heart Failure
KATNAL2,Inhibit,Brain,Neurodevelopmental Disorders
KBTBD11,Inhibit,Liver,"Carcinoma, Hepatocellular"
KCNH1,Inhibit,Brain,Neurodevelopmental Disorders
KCNH2,Inhibit,Heart,"Arrhythmias, Cardiac"
KCNJ2,Inhibit,Heart,"Arrhythmias, Cardiac"
KCNJ2,Inhibit,Heart,"Tachycardia, Ventricular"
KCNJ5,Inhibit,Heart,Heart Block
KCNJ8,Inhibit,Liver,"Liver Cirrhosis, Experimental"
KCNJ8,Inhibit,Heart,Myocardial Ischemia
KCNN2,Inhibit,Heart,"Arrhythmias, Cardiac"
KCNN2,Inhibit,Liver,"Carcinoma, Hepatocellular"
KCNN2,Inhibit,Heart,Cardiotoxicity
KCNN2,Inhibit,Heart,Heart Arrest
KCNQ2,Inhibit,Brain,Brain Diseases
KCNQ2,Inhibit,Brain,Neurodevelopmental Disorders
KDM8,Inhibit,Liver,"Carcinoma, Hepatocellular"
KDR,Inhibit,Brain,Cerebral Hemorrhage
KDR,Inhibit,Liver,"Liver Neoplasms, Experimental"
KDR,Inhibit,Heart,Myocardial Ischemia
KEAP1,Inhibit,Liver,"Cholestasis, Extrahepatic"
KEAP1,Inhibit,Liver,Hepatic Insufficiency
KEAP1,Inhibit,Liver,Hepatitis
KEAP1,Inhibit,Liver,Hepatomegaly
KEAP1,Inhibit,Liver,"Liver Cirrhosis, Biliary"
KIF11,Inhibit,Liver,"Carcinoma, Hepatocellular"
KIF14,Inhibit,Liver,"Carcinoma, Hepatocellular"
KIF15,Inhibit,Liver,"Carcinoma, Hepatocellular"
KIF18A,Inhibit,Liver,"Carcinoma, Hepatocellular"
KIF18B,Inhibit,Liver,"Carcinoma, Hepatocellular"
KIF1A,Inhibit,Brain,"NEUROPATHY, HEREDITARY SENSORY AND AUTONOMIC, TYPE IIA"
KIF1A,Inhibit,Brain,"NEUROPATHY, HEREDITARY SENSORY, TYPE IIC"
KIF1B,Inhibit,Brain,Neuroblastoma
KIF20A,Inhibit,Liver,"Carcinoma, Hepatocellular"
KIF23,Inhibit,Liver,"Carcinoma, Hepatocellular"
KIF2A,Inhibit,Brain,"CORTICAL DYSPLASIA, COMPLEX, WITH OTHER BRAIN MALFORMATIONS 3"
KIF2C,Inhibit,Liver,"Carcinoma, Hepatocellular"
KIF4A,Inhibit,Liver,"Carcinoma, Hepatocellular"
KIF5C,Inhibit,Brain,"CORTICAL DYSPLASIA, COMPLEX, WITH OTHER BRAIN MALFORMATIONS 2"
KIF6,Inhibit,Heart,Myocardial Infarction
KIFC1,Inhibit,Liver,"Carcinoma, Hepatocellular"
KIT,Inhibit,Brain,"Neuroectodermal Tumors, Primitive, Peripheral"
KITL,Inhibit,Liver,Chemical and Drug Induced Liver Injury
KITLG,Inhibit,Heart,Myocardial Ischemia
KLB,Inhibit,Liver,Non-alcoholic Fatty Liver Disease
KLC2,Inhibit,Brain,"Spastic Paraplegia, Optic Atrophy, and Neuropathy"
KLF11,Inhibit,Liver,Hepatomegaly
KLF13,Inhibit,Heart,Myocardial Infarction
KLF15,Inhibit,Heart,Endomyocardial Fibrosis
KLF4,Inhibit,Heart,"Heart Defects, Congenital"
KLF4,Inhibit,Heart,Myocardial Ischemia
KLF5,Inhibit,Liver,Liver Cirrhosis
KLF6,Inhibit,Liver,"Liver Cirrhosis, Experimental"
KLF9,Inhibit,Heart,"Heart Failure, Diastolic"
KLHL24,Inhibit,Heart,"EPIDERMOLYSIS BULLOSA SIMPLEX 6, GENERALIZED INTERMEDIATE, WITH OR WITHOUT CARDIOMYOPATHY"
KLK1,Inhibit,Heart,Diabetic Cardiomyopathies
KLK1,Inhibit,Heart,Myocardial Infarction
KMO,Inhibit,Liver,"Liver Cirrhosis, Experimental"
KMT2A,Inhibit,Liver,"Carcinoma, Hepatocellular"
KMT2A,Inhibit,Brain,Neurodevelopmental Disorders
KMT2B,Inhibit,Liver,"Carcinoma, Hepatocellular"
KMT2C,Inhibit,Liver,"Carcinoma, Hepatocellular"
KMT2C,Inhibit,Liver,"Liver Diseases, Parasitic"
KMT2C,Inhibit,Brain,Neurodevelopmental Disorders
KMT2E,Inhibit,Brain,Neurodevelopmental Disorders
KMT5B,Inhibit,Brain,Neurodevelopmental Disorders
KNG1,Inhibit,Heart,"Arrhythmias, Cardiac"
KNG1,Inhibit,Heart,Bradycardia
KNG1,Inhibit,Liver,Chemical and Drug Induced Liver Injury
KNG1,Inhibit,Liver,"Liver Cirrhosis, Experimental"
KNG1,Inhibit,Heart,Myocardial Reperfusion Injury
KNG1,Inhibit,Heart,Tachycardia
KRAS,Inhibit,Liver,"Carcinoma, Hepatocellular"
KRAS,Inhibit,Heart,Cardiofaciocutaneous syndrome
KRAS,Inhibit,Liver,"Liver Diseases, Parasitic"
KRAS,Inhibit,Liver,Liver Neoplasms
KRAS,Inhibit,Liver,"Liver Neoplasms, Experimental"
KRAS,Inhibit,Brain,Neuroblastoma
KRASP1,Inhibit,Heart,Heart Failure
KRT18,Inhibit,Liver,Chemical and Drug Induced Liver Injury
KRT18,Inhibit,Liver,"Cirrhosis, Familial"
KRT18,Inhibit,Liver,Liver Cirrhosis
KRT18,Inhibit,Liver,"Liver Cirrhosis, Experimental"
KRT18,Inhibit,Liver,"Liver Failure, Acute"
KRT18,Inhibit,Liver,Liver Neoplasms
KRT19,Inhibit,Liver,Copper-Overload Cirrhosis
KRT19,Inhibit,Liver,"Hepatitis, Chronic"
KRT19,Inhibit,Liver,"Liver Cirrhosis, Experimental"
KRT7,Inhibit,Liver,Copper-Overload Cirrhosis
KRT7,Inhibit,Liver,"Hepatitis, Chronic"
KRT7,Inhibit,Liver,"Liver Cirrhosis, Biliary"
KRT8,Inhibit,Liver,Chemical and Drug Induced Liver Injury
KRT8,Inhibit,Liver,Liver Cirrhosis
KRT8,Inhibit,Liver,"Liver Cirrhosis, Experimental"
KRT8,Inhibit,Liver,"Liver Failure, Acute"
KRT8,Inhibit,Liver,Liver Neoplasms
KRT90,Inhibit,Liver,Hepatomegaly
KTN1,Inhibit,Liver,"Liver Cirrhosis, Experimental"
KYNU,Inhibit,Liver,"Liver Cirrhosis, Experimental"
KYNU,Inhibit,Brain,Neurodegenerative Diseases
L1CAM,Inhibit,Brain,"Gait Disorders, Neurologic"
L3HYPDH,Inhibit,Liver,"Liver Cirrhosis, Experimental"
LAMA1,Inhibit,Brain,"Brain Injuries, Traumatic"
LAMA1,Inhibit,Liver,Non-alcoholic Fatty Liver Disease
LAMA4,Inhibit,Heart,"CARDIOMYOPATHY, DILATED, 1JJ"
LAMC1,Inhibit,Brain,Neuromuscular Manifestations
LAMC2,Inhibit,Liver,Liver Cirrhosis
LAMC3,Inhibit,Brain,Brain Diseases
LAP3,Inhibit,Liver,Chemical and Drug Induced Liver Injury
LAPTM5,Inhibit,Liver,"Liver Cirrhosis, Experimental"
LARGE1,Inhibit,Liver,Liver Neoplasms
LARS1,Inhibit,Liver,INFANTILE LIVER FAILURE SYNDROME 1
LAT,Inhibit,Liver,Liver Diseases
LAT,Inhibit,Brain,Neurotoxicity Syndromes
LBH,Inhibit,Liver,"Liver Cirrhosis, Experimental"
LBP,Inhibit,Liver,Chemical and Drug Induced Liver Injury
LBP,Inhibit,Liver,"Liver Cirrhosis, Experimental"
LCAT,Inhibit,Liver,"Carcinoma, Hepatocellular"
LCN2,Inhibit,Liver,Chemical and Drug Induced Liver Injury
LCN2,Inhibit,Heart,Heart Valve Diseases
LCN2,Inhibit,Liver,"Hepatitis, Animal"
LCN2,Inhibit,Liver,"Liver Cirrhosis, Experimental"
LCP1,Inhibit,Liver,"Liver Cirrhosis, Experimental"
LCP2,Inhibit,Liver,"Liver Cirrhosis, Experimental"
LDB3,Inhibit,Heart,"Cardiomyopathy, Dilated, 1C"
LDHA,Inhibit,Heart,Cardiomyopathies
LDHA,Inhibit,Liver,"Liver Failure, Acute"
LDHA,Inhibit,Heart,Myocardial Infarction
LDHB,Inhibit,Liver,"Liver Cirrhosis, Experimental"
LDLR,Inhibit,Liver,Chemical and Drug Induced Liver Injury
LDLR,Inhibit,Liver,Fatty Liver
LDLR,Inhibit,Liver,Hepatomegaly
LDLR,Inhibit,Liver,Liver Cirrhosis
LDLR,Inhibit,Liver,Non-alcoholic Fatty Liver Disease
LEMD2,Inhibit,Heart,"CATARACT 46, JUVENILE-ONSET, WITH OR WITHOUT ARRHYTHMIC CARDIOMYOPATHY"
LEP,Inhibit,Heart,Cardiomegaly
LEP,Inhibit,Liver,Fatty Liver
LEP,Inhibit,Liver,"Hepatitis, Autoimmune"
LEP,Inhibit,Liver,Hepatomegaly
LEP,Inhibit,Liver,"Liver Cirrhosis, Experimental"
LEP,Inhibit,Liver,Non-alcoholic Fatty Liver Disease
LEP,Inhibit,Heart,Tachycardia
LEPR,Inhibit,Heart,Cardiomegaly
LEPR,Inhibit,Heart,Cardiomyopathies
LEPR,Inhibit,Heart,Diabetic Cardiomyopathies
LEPR,Inhibit,Brain,Diabetic Neuropathies
LEPR,Inhibit,Liver,Fatty Liver
LEPR,Inhibit,Liver,Hepatomegaly
LETM1,Inhibit,Liver,"Carcinoma, Hepatocellular"
LGALS1,Inhibit,Liver,Liver Cirrhosis
LGALS1,Inhibit,Liver,"Liver Cirrhosis, Experimental"
LGALS2,Inhibit,Liver,"Liver Cirrhosis, Experimental"
LGALS2,Inhibit,Heart,Myocardial Infarction
LGALS3,Inhibit,Liver,Chemical and Drug Induced Liver Injury
LGALS3,Inhibit,Liver,"Liver Cirrhosis, Experimental"
LGALS3,Inhibit,Heart,Myocardial Infarction
LGALS3,Inhibit,Heart,ST Elevation Myocardial Infarction
LGALS3BP,Inhibit,Liver,Liver Cirrhosis
LGALSL,Inhibit,Liver,"Liver Cirrhosis, Experimental"
LGI4,Inhibit,Brain,"ARTHROGRYPOSIS MULTIPLEX CONGENITA 1, NEUROGENIC, WITH MYELIN DEFECT"
LGMN,Inhibit,Liver,"Liver Cirrhosis, Experimental"
LHB,Inhibit,Heart,Bradycardia
LHB,Inhibit,Heart,Tachycardia
LHFPL6,Inhibit,Liver,"Liver Cirrhosis, Experimental"
LIF,Inhibit,Heart,Cardiomegaly
LIF,Inhibit,Liver,Non-alcoholic Fatty Liver Disease
LIFR,Inhibit,Liver,"Carcinoma, Hepatocellular"
LILRB5,Inhibit,Liver,"Carcinoma, Hepatocellular"
LIMK2,Inhibit,Liver,"Liver Cirrhosis, Experimental"
LIMS2,Inhibit,Heart,"MUSCULAR DYSTROPHY, AUTOSOMAL RECESSIVE, WITH CARDIOMYOPATHY AND TRIANGULAR TONGUE"
LIN28B,Inhibit,Brain,Neuroblastoma
LIN7A,Inhibit,Liver,"Liver Cirrhosis, Experimental"
LINC00221,Inhibit,Liver,"Carcinoma, Hepatocellular"
LINC01588,Inhibit,Heart,Myocardial Infarction
LINC01588,Inhibit,Heart,Myocardial Reperfusion Injury
LINC-ROR,Inhibit,Liver,Liver Neoplasms
LINGO2,Inhibit,Liver,Liver Neoplasms
LIPC,Inhibit,Liver,HEPATIC LIPASE DEFICIENCY
LMNA,Inhibit,Heart,"Cardiomyopathy, Dilated"
LMNA,Inhibit,Heart,"CARDIOMYOPATHY, DILATED, WITH HYPERGONADOTROPIC HYPOGONADISM"
LMNA,Inhibit,Heart,"Death, Sudden, Cardiac"
LMNA,Inhibit,Heart,Heart Block
LMNA,Inhibit,Heart,"Heart-hand syndrome, Slovenian type"
LMNA,Inhibit,Heart,"Tachycardia, Ventricular"
LMO2,Inhibit,Liver,"Liver Cirrhosis, Experimental"
LMX1B,Inhibit,Brain,Neurodevelopmental Disorders
LOX,Inhibit,Liver,Hepatitis B
LOX,Inhibit,Liver,Hepatitis C
LOX,Inhibit,Liver,Hepatolenticular Degeneration
LOX,Inhibit,Liver,Liver Cirrhosis
LOX,Inhibit,Liver,"Liver Cirrhosis, Biliary"
LOX,Inhibit,Liver,"Liver Cirrhosis, Experimental"
LOXL1,Inhibit,Liver,Liver Cirrhosis
LOXL2,Inhibit,Liver,Hepatitis B
LOXL2,Inhibit,Liver,Hepatitis C
LOXL2,Inhibit,Liver,Hepatolenticular Degeneration
LOXL2,Inhibit,Liver,"Liver Cirrhosis, Biliary"
LOXL2,Inhibit,Liver,"Liver Cirrhosis, Experimental"
LOXL3,Inhibit,Liver,"Carcinoma, Hepatocellular"
LPA,Inhibit,Liver,"Carcinoma, Hepatocellular"
LPA,Inhibit,Heart,Cardiovascular Diseases
LPL,Inhibit,Heart,Cardiomyopathies
LPL,Inhibit,Heart,Cardiovascular Diseases
LPL,Inhibit,Liver,Hepatitis C
LPL,Inhibit,Liver,"Liver Cirrhosis, Experimental"
LPXN,Inhibit,Liver,"Liver Cirrhosis, Experimental"
LRAT,Inhibit,Liver,"Carcinoma, Hepatocellular"
LRAT,Inhibit,Liver,Chemical and Drug Induced Liver Injury
LRAT,Inhibit,Liver,"Liver Cirrhosis, Experimental"
LRP8,Inhibit,Heart,Myocardial Infarction
LRRC1,Inhibit,Liver,"Carcinoma, Hepatocellular"
LRRC10,Inhibit,Heart,Heart Failure
LRRC28,Inhibit,Liver,"Liver Cirrhosis, Experimental"
LRRC59,Inhibit,Liver,"Carcinoma, Hepatocellular"
LRRFIP1,Inhibit,Liver,"Liver Cirrhosis, Experimental"
LSG1,Inhibit,Brain,Brain Injuries
LSP1,Inhibit,Heart,Heart Valve Diseases
LTA,Inhibit,Liver,Hepatic Encephalopathy
LTA,Inhibit,Heart,Myocardial Infarction
LTA4H,Inhibit,Liver,"Liver Cirrhosis, Experimental"
LTB,Inhibit,Liver,"Liver Cirrhosis, Experimental"
LTB4R,Inhibit,Liver,Liver Diseases
LTB4R1,Inhibit,Liver,Chemical and Drug Induced Liver Injury
LTBP1,Inhibit,Liver,"Liver Cirrhosis, Experimental"
LTF,Inhibit,Liver,Chemical and Drug Induced Liver Injury
LTF,Inhibit,Liver,Liver Neoplasms
LUM,Inhibit,Liver,Liver Cirrhosis
LUM,Inhibit,Liver,"Liver Cirrhosis, Experimental"
LURAP1L,Inhibit,Liver,"Liver Cirrhosis, Experimental"
LY86,Inhibit,Brain,Brain Injuries
LY86,Inhibit,Heart,Heart Valve Diseases
LY86,Inhibit,Liver,"Liver Cirrhosis, Experimental"
LY96,Inhibit,Liver,"Liver Cirrhosis, Experimental"
LYVE1,Inhibit,Liver,"Carcinoma, Hepatocellular"
MACIR,Inhibit,Liver,Liver Neoplasms
MACROD2,Inhibit,Liver,Liver Neoplasms
MAD2L1,Inhibit,Liver,"Carcinoma, Hepatocellular"
MAF,Inhibit,Liver,"Cholestasis, Intrahepatic"
MAFG,Inhibit,Liver,"Cholestasis, Intrahepatic"
MAGEA1,Inhibit,Liver,"Carcinoma, Hepatocellular"
MAGEA3,Inhibit,Liver,"Carcinoma, Hepatocellular"
MAGEA6,Inhibit,Liver,"Carcinoma, Hepatocellular"
MAGEC2,Inhibit,Liver,"Carcinoma, Hepatocellular"
MAGEE1,Inhibit,Liver,"Liver Cirrhosis, Experimental"
MAGI2,Inhibit,Brain,Neurobehavioral Manifestations
MALAT1,Inhibit,Liver,"Carcinoma, Hepatocellular"
MALAT1,Inhibit,Liver,Chemical and Drug Induced Liver Injury
MALAT1,Inhibit,Liver,"Liver Cirrhosis, Experimental"
MALAT1,Inhibit,Liver,Liver Neoplasms
MAML3,Inhibit,Heart,"Heart Defects, Congenital"
MAOA,Inhibit,Liver,End Stage Liver Disease
MAOA,Inhibit,Liver,Hepatic Encephalopathy
MAOB,Inhibit,Liver,Hepatic Encephalopathy
MAP1LC3A,Inhibit,Liver,"Liver Cirrhosis, Experimental"
MAP1LC3B,Inhibit,Liver,Chemical and Drug Induced Liver Injury
MAP2K1,Inhibit,Brain,Brain Ischemia
MAP2K1,Inhibit,Heart,Cardiofaciocutaneous syndrome
MAP2K1,Inhibit,Heart,Heart Failure
MAP2K2,Inhibit,Heart,Cardiofaciocutaneous syndrome
MAP2K7,Inhibit,Heart,Heart Failure
MAP3K5,Inhibit,Heart,Cardiomyopathies
MAP3K5,Inhibit,Liver,Chemical and Drug Induced Liver Injury
MAP3K7,Inhibit,Liver,"Cholestasis, Extrahepatic"
MAP3K8,Inhibit,Liver,"Liver Cirrhosis, Experimental"
MAP3K8,Inhibit,Heart,Myocardial Ischemia
MAPK1,Inhibit,Brain,Brain Ischemia
MAPK1,Inhibit,Heart,Cardiomyopathies
MAPK1,Inhibit,Brain,"Ceroid Lipofuscinosis, Neuronal, 6"
MAPK1,Inhibit,Liver,"Cholestasis, Extrahepatic"
MAPK1,Inhibit,Liver,"Liver Neoplasms, Experimental"
MAPK10,Inhibit,Heart,Heart Failure
MAPK11,Inhibit,Heart,Cardiomyopathies
MAPK14,Inhibit,Heart,Cardiomyopathies
MAPK14,Inhibit,Liver,"Cholestasis, Extrahepatic"
MAPK14,Inhibit,Liver,Hepatic Insufficiency
MAPK14,Inhibit,Liver,Hepatomegaly
MAPK14,Inhibit,Liver,"Liver Cirrhosis, Biliary"
MAPK14,Inhibit,Liver,Liver Neoplasms
MAPK14,Inhibit,Heart,Myocardial Ischemia
MAPK3,Inhibit,Brain,Brain Ischemia
MAPK3,Inhibit,Heart,Cardiomyopathies
MAPK3,Inhibit,Brain,"Ceroid Lipofuscinosis, Neuronal, 6"
MAPK3,Inhibit,Liver,"Cholestasis, Extrahepatic"
MAPK3,Inhibit,Liver,"Liver Neoplasms, Experimental"
MAPK8,Inhibit,Liver,"Cholestasis, Extrahepatic"
MAPK8,Inhibit,Liver,"Liver Failure, Acute"
MAPK9,Inhibit,Liver,"Cholestasis, Extrahepatic"
MAPRE1,Inhibit,Heart,Myocardial Ischemia
MAPT,Inhibit,Liver,"Carcinoma, Hepatocellular"
MAPT,Inhibit,Heart,Cardiomyopathies
MAPT,Inhibit,Brain,Neurodegenerative Diseases
MAPT,Inhibit,Brain,Pick Disease of the Brain
MARCO,Inhibit,Liver,"Carcinoma, Hepatocellular"
MARS1,Inhibit,Liver,INTERSTITIAL LUNG AND LIVER DISEASE
MAT1A,Inhibit,Brain,Brain Diseases
MAT1A,Inhibit,Liver,"Carcinoma, Hepatocellular"
MAT1A,Inhibit,Liver,Chemical and Drug Induced Liver Injury
MAT1A,Inhibit,Liver,Fatty Liver
MBOAT2,Inhibit,Liver,Hepatomegaly
MBOAT7,Inhibit,Liver,"Liver Cirrhosis, Alcoholic"
MBP,Inhibit,Brain,Cerebrovascular Disorders
MBP,Inhibit,Brain,Neuromyelitis Optica
MBTPS1,Inhibit,Liver,"Carcinoma, Hepatocellular"
MBTPS2,Inhibit,Liver,"Carcinoma, Hepatocellular"
MCAM,Inhibit,Brain,Neurogenic Inflammation
MCCC1,Inhibit,Liver,Chemical and Drug Induced Liver Injury
MCM10,Inhibit,Liver,"Carcinoma, Hepatocellular"
MCM2,Inhibit,Liver,"Carcinoma, Hepatocellular"
MDH1,Inhibit,Liver,Chemical and Drug Induced Liver Injury
MDH1,Inhibit,Liver,"Liver Cirrhosis, Experimental"
MDH1,Inhibit,Liver,"Liver Failure, Acute"
ME1,Inhibit,Liver,"Carcinoma, Hepatocellular"
ME1,Inhibit,Liver,Chemical and Drug Induced Liver Injury
MECP2,Inhibit,Liver,"Carcinoma, Hepatocellular"
MECP2,Inhibit,Brain,Neurodevelopmental Disorders
MED1,Inhibit,Liver,"Carcinoma, Hepatocellular"
MED1,Inhibit,Liver,Chemical and Drug Induced Liver Injury
MED13L,Inhibit,Heart,IMPAIRED INTELLECTUAL DEVELOPMENT AND DISTINCTIVE FACIAL FEATURES WITH OR WITHOUT CARDIAC DEFECTS
MED13L,Inhibit,Brain,Neurodevelopmental Disorders
MED17,Inhibit,Brain,"MICROCEPHALY, POSTNATAL PROGRESSIVE, WITH SEIZURES AND BRAIN ATROPHY"
MEF2C,Inhibit,Brain,Neurodevelopmental Disorders
MEF2C,Inhibit,Brain,"NEURODEVELOPMENTAL DISORDER WITH HYPOTONIA, STEREOTYPIC HAND MOVEMENTS, AND IMPAIRED LANGUAGE"
MEIS2,Inhibit,Heart,"Cardiac Malformation, Cleft Lip-Palate, Microcephaly and Digital Anomalies"
MELK,Inhibit,Liver,"Carcinoma, Hepatocellular"
MEN1,Inhibit,Brain,Neuroendocrine Tumors
MEOX2,Inhibit,Liver,"Liver Cirrhosis, Experimental"
MEOX2,Inhibit,Heart,Myocardial Ischemia
MET,Inhibit,Liver,"Carcinoma, Hepatocellular"
MET,Inhibit,Liver,Copper-Overload Cirrhosis
MET,Inhibit,Liver,Fatty Liver
MET,Inhibit,Liver,"Hepatitis, Chronic"
MET,Inhibit,Liver,Hepatomegaly
MET,Inhibit,Liver,"Liver Neoplasms, Experimental"
MET,Inhibit,Brain,Neuroblastoma
METRNL,Inhibit,Liver,"Liver Cirrhosis, Experimental"
METTL14,Inhibit,Heart,Cardiomyopathies
METTL14,Inhibit,Heart,Cardiotoxicity
METTL3,Inhibit,Liver,Fatty Liver
METTL3,Inhibit,Liver,Liver Cirrhosis
MFAP4,Inhibit,Liver,"Liver Cirrhosis, Experimental"
MFF,Inhibit,Heart,Myocardial Infarction
MFGE8,Inhibit,Liver,"Liver Neoplasms, Experimental"
MFN1,Inhibit,Brain,"Ceroid lipofuscinosis, neuronal 1, infantile"
MFN2,Inhibit,Heart,Cardiomegaly
MFN2,Inhibit,Brain,Hereditary Motor And Sensory Neuropathy VI
MFSD2A,Inhibit,Liver,"Carcinoma, Hepatocellular"
MFSD2A,Inhibit,Brain,"NEURODEVELOPMENTAL DISORDER WITH PROGRESSIVE MICROCEPHALY, SPASTICITY, AND BRAIN IMAGING ABNORMALITIES"
MFSD8,Inhibit,Brain,"Ceroid Lipofuscinosis, Neuronal, 7"
MGAT5,Inhibit,Liver,"Liver Cirrhosis, Experimental"
MGLL,Inhibit,Liver,Liver Cirrhosis
MGMT,Inhibit,Brain,Brain Neoplasms
MGMT,Inhibit,Liver,"Liver Cirrhosis, Experimental"
MGP,Inhibit,Liver,"Liver Cirrhosis, Experimental"
MGST1,Inhibit,Brain,Neurodegenerative Diseases
MIA3,Inhibit,Heart,Myocardial Infarction
MIAT,Inhibit,Heart,Myocardial Infarction
MICA,Inhibit,Liver,"Carcinoma, Hepatocellular"
MICAL2,Inhibit,Liver,Liver Cirrhosis
MID1IP1,Inhibit,Liver,"Liver Cirrhosis, Experimental"
MINDY3,Inhibit,Liver,"Liver Cirrhosis, Experimental"
MIR100,Inhibit,Liver,Chemical and Drug Induced Liver Injury
MIR100,Inhibit,Liver,Hepatitis B
MIR103-1,Inhibit,Liver,Chemical and Drug Induced Liver Injury
MIR106B,Inhibit,Heart,Heart Failure
MIR107,Inhibit,Liver,Chemical and Drug Induced Liver Injury
MIR107,Inhibit,Heart,Heart Failure
MIR10A,Inhibit,Liver,Chemical and Drug Induced Liver Injury
MIR10A,Inhibit,Liver,"Liver Neoplasms, Experimental"
MIR10A,Inhibit,Heart,Myocardial Reperfusion Injury
MIR10B,Inhibit,Liver,Chemical and Drug Induced Liver Injury
MIR10B,Inhibit,Liver,Fatty Liver
MIR10B,Inhibit,Heart,Myocardial Reperfusion Injury
MIR1-1,Inhibit,Liver,Chemical and Drug Induced Liver Injury
MIR122,Inhibit,Liver,Chemical and Drug Induced Liver Injury
MIR122,Inhibit,Liver,Hepatitis B
MIR1246,Inhibit,Liver,Chemical and Drug Induced Liver Injury
MIR1247,Inhibit,Liver,Chemical and Drug Induced Liver Injury
MIR1249,Inhibit,Liver,Chemical and Drug Induced Liver Injury
MIR125A,Inhibit,Heart,Heart Failure
MIR125A,Inhibit,Liver,"Liver Neoplasms, Experimental"
MIR125B1,Inhibit,Liver,Chemical and Drug Induced Liver Injury
MIR125B2,Inhibit,Heart,Cardiomegaly
MIR125B2,Inhibit,Liver,Chemical and Drug Induced Liver Injury
MIR125B2,Inhibit,Heart,Endomyocardial Fibrosis
MIR125B2,Inhibit,Liver,Hepatitis B
MIR125B2,Inhibit,Heart,Myocardial Infarction
MIR126,Inhibit,Heart,Heart Failure
MIR126,Inhibit,Heart,Myocardial Reperfusion Injury
MIR1260A,Inhibit,Liver,Chemical and Drug Induced Liver Injury
MIR1260B,Inhibit,Liver,Chemical and Drug Induced Liver Injury
MIR1268A,Inhibit,Heart,Heart Failure
MIR1273H,Inhibit,Liver,Chemical and Drug Induced Liver Injury
MIR1275,Inhibit,Heart,Heart Failure
MIR1285-1,Inhibit,Liver,Chemical and Drug Induced Liver Injury
MIR1290,Inhibit,Liver,Chemical and Drug Induced Liver Injury
MIR1291,Inhibit,Liver,Chemical and Drug Induced Liver Injury
MIR1303,Inhibit,Liver,Chemical and Drug Induced Liver Injury
MIR1304,Inhibit,Liver,Chemical and Drug Induced Liver Injury
MIR1306,Inhibit,Liver,Chemical and Drug Induced Liver Injury
MIR1307,Inhibit,Liver,Chemical and Drug Induced Liver Injury
MIR130A,Inhibit,Liver,Chemical and Drug Induced Liver Injury
MIR130B,Inhibit,Liver,Chemical and Drug Induced Liver Injury
MIR132,Inhibit,Brain,Brain Injuries
MIR132,Inhibit,Liver,Chemical and Drug Induced Liver Injury
MIR133A2,Inhibit,Heart,Heart Failure
MIR134,Inhibit,Liver,Fatty Liver
MIR134,Inhibit,Heart,Myocardial Reperfusion Injury
MIR1343,Inhibit,Liver,Chemical and Drug Induced Liver Injury
MIR137,Inhibit,Heart,Myocardial Reperfusion Injury
MIR139,Inhibit,Liver,Fatty Liver
MIR140,Inhibit,Heart,Heart Failure
MIR141,Inhibit,Liver,Chemical and Drug Induced Liver Injury
MIR141,Inhibit,Liver,"Liver Cirrhosis, Alcoholic"
MIR142,Inhibit,Liver,Chemical and Drug Induced Liver Injury
MIR142,Inhibit,Heart,Myocardial Reperfusion Injury
MIR143,Inhibit,Liver,Chemical and Drug Induced Liver Injury
MIR144,Inhibit,Heart,Heart Failure
MIR145,Inhibit,Heart,Heart Failure
MIR145,Inhibit,Liver,"Liver Neoplasms, Experimental"
MIR145,Inhibit,Heart,Myocardial Infarction
MIR1468,Inhibit,Liver,Chemical and Drug Induced Liver Injury
MIR1468,Inhibit,Liver,Hepatitis B
MIR148A,Inhibit,Liver,Chemical and Drug Induced Liver Injury
MIR148A,Inhibit,Heart,Heart Failure
MIR148A,Inhibit,Liver,Hepatitis B
MIR148A,Inhibit,Liver,Liver Neoplasms
MIR148B,Inhibit,Liver,Fatty Liver
MIR149,Inhibit,Liver,Chemical and Drug Induced Liver Injury
MIR150,Inhibit,Liver,Chemical and Drug Induced Liver Injury
MIR150,Inhibit,Liver,Fatty Liver
MIR150,Inhibit,Heart,Heart Failure
MIR151,Inhibit,Liver,"Liver Neoplasms, Experimental"
MIR151A,Inhibit,Heart,Heart Failure
MIR151B,Inhibit,Liver,Chemical and Drug Induced Liver Injury
MIR152,Inhibit,Liver,Chemical and Drug Induced Liver Injury
MIR153,Inhibit,Liver,Liver Cirrhosis
MIR153C,Inhibit,Brain,Neurobehavioral Manifestations
MIR154,Inhibit,Liver,Fatty Liver
MIR15A,Inhibit,Heart,Heart Failure
MIR15A,Inhibit,Heart,Myocardial Reperfusion Injury
MIR15B,Inhibit,Heart,Heart Failure
MIR17,Inhibit,Liver,Chemical and Drug Induced Liver Injury
MIR17,Inhibit,Liver,Fatty Liver
MIR17,Inhibit,Heart,Heart Failure
MIR17,Inhibit,Liver,"Liver Cirrhosis, Alcoholic"
MIR181C,Inhibit,Liver,Chemical and Drug Induced Liver Injury
MIR181C,Inhibit,Liver,"Liver Neoplasms, Experimental"
MIR181C,Inhibit,Heart,Myocardial Reperfusion Injury
MIR181D,Inhibit,Liver,"Liver Neoplasms, Experimental"
MIR183,Inhibit,Brain,Brain Injuries
MIR183,Inhibit,Liver,Fatty Liver
MIR183,Inhibit,Liver,"Liver Neoplasms, Experimental"
MIR183,Inhibit,Heart,Myocardial Reperfusion Injury
MIR186,Inhibit,Liver,"Liver Neoplasms, Experimental"
MIR186,Inhibit,Heart,Myocardial Reperfusion Injury
MIR188,Inhibit,Liver,Chemical and Drug Induced Liver Injury
MIR188,Inhibit,Heart,Myocardial Reperfusion Injury
MIR18A,Inhibit,Liver,Chemical and Drug Induced Liver Injury
MIR18A,Inhibit,Heart,Heart Failure
MIR18A,Inhibit,Liver,"Liver Neoplasms, Experimental"
MIR18B,Inhibit,Heart,Heart Failure
MIR190A,Inhibit,Liver,Hepatitis B
MIR191,Inhibit,Liver,Chemical and Drug Induced Liver Injury
MIR191,Inhibit,Heart,Heart Failure
MIR192,Inhibit,Liver,Chemical and Drug Induced Liver Injury
MIR192,Inhibit,Liver,Hepatitis B
MIR192,Inhibit,Liver,Hepatomegaly
MIR193A,Inhibit,Liver,Chemical and Drug Induced Liver Injury
MIR193A,Inhibit,Heart,Myocardial Reperfusion Injury
MIR193B,Inhibit,Liver,Chemical and Drug Induced Liver Injury
MIR193B,Inhibit,Heart,Heart Failure
MIR193B,Inhibit,Liver,Hepatitis B
MIR193B,Inhibit,Liver,"Liver Cirrhosis, Alcoholic"
MIR194-1,Inhibit,Liver,Chemical and Drug Induced Liver Injury
MIR194-2,Inhibit,Liver,Hepatitis B
MIR195,Inhibit,Heart,Heart Failure
MIR195,Inhibit,Liver,"Liver Neoplasms, Experimental"
MIR196B,Inhibit,Liver,"Liver Neoplasms, Experimental"
MIR196B,Inhibit,Heart,Myocardial Reperfusion Injury
MIR197,Inhibit,Liver,Fatty Liver
MIR197,Inhibit,Heart,Myocardial Reperfusion Injury
MIR19A,Inhibit,Liver,Chemical and Drug Induced Liver Injury
MIR19A,Inhibit,Heart,Heart Failure
MIR200B,Inhibit,Liver,"Liver Neoplasms, Experimental"
MIR200C,Inhibit,Liver,Chemical and Drug Induced Liver Injury
MIR201,Inhibit,Heart,Myocardial Reperfusion Injury
MIR203,Inhibit,Liver,Chemical and Drug Induced Liver Injury
MIR203,Inhibit,Liver,Liver Cirrhosis
MIR204,Inhibit,Liver,Hepatitis B
MIR206,Inhibit,Liver,"Liver Neoplasms, Experimental"
MIR206,Inhibit,Heart,Myocardial Reperfusion Injury
MIR207,Inhibit,Liver,"Liver Neoplasms, Experimental"
MIR207,Inhibit,Heart,Myocardial Reperfusion Injury
MIR208A,Inhibit,Heart,Cardiotoxicity
MIR20A,Inhibit,Heart,Heart Failure
MIR20B,Inhibit,Heart,Heart Failure
MIR20B,Inhibit,Heart,Myocardial Reperfusion Injury
MIR21,Inhibit,Heart,Cardiomegaly
MIR21,Inhibit,Liver,Chemical and Drug Induced Liver Injury
MIR21,Inhibit,Heart,Heart Diseases
MIR21,Inhibit,Heart,Heart Failure
MIR21,Inhibit,Heart,Myocardial Reperfusion Injury
MIR210,Inhibit,Liver,Chemical and Drug Induced Liver Injury
MIR210,Inhibit,Heart,Heart Failure
MIR212,Inhibit,Liver,"Liver Neoplasms, Experimental"
MIR215,Inhibit,Liver,Liver Cirrhosis
MIR217,Inhibit,Liver,Chemical and Drug Induced Liver Injury
MIR218-1,Inhibit,Liver,Chemical and Drug Induced Liver Injury
MIR219A1,Inhibit,Liver,Fatty Liver
MIR22,Inhibit,Liver,Chemical and Drug Induced Liver Injury
MIR221,Inhibit,Liver,Chemical and Drug Induced Liver Injury
MIR221,Inhibit,Liver,"Liver Neoplasms, Experimental"
MIR222,Inhibit,Liver,Chemical and Drug Induced Liver Injury
MIR23A,Inhibit,Liver,Chemical and Drug Induced Liver Injury
MIR23A,Inhibit,Heart,Heart Failure
MIR23B,Inhibit,Liver,Chemical and Drug Induced Liver Injury
MIR23B,Inhibit,Heart,Myocardial Reperfusion Injury
MIR26A1,Inhibit,Liver,"Liver Neoplasms, Experimental"
MIR26B,Inhibit,Heart,Heart Failure
MIR26B,Inhibit,Liver,"Liver Neoplasms, Experimental"
MIR27A,Inhibit,Heart,Myocardial Reperfusion Injury
MIR27B,Inhibit,Liver,Chemical and Drug Induced Liver Injury
MIR27B,Inhibit,Heart,Myocardial Reperfusion Injury
MIR28,Inhibit,Liver,Hepatitis B
MIR28,Inhibit,Heart,Myocardial Reperfusion Injury
MIR290,Inhibit,Liver,"Liver Neoplasms, Experimental"
MIR292,Inhibit,Liver,"Liver Neoplasms, Experimental"
MIR296,Inhibit,Heart,Myocardial Reperfusion Injury
MIR29A,Inhibit,Liver,Liver Cirrhosis
MIR29A,Inhibit,Liver,Liver Neoplasms
MIR29B2,Inhibit,Liver,Chemical and Drug Induced Liver Injury
MIR29C,Inhibit,Liver,Chemical and Drug Induced Liver Injury
MIR29C,Inhibit,Heart,Heart Failure
MIR29C,Inhibit,Liver,Liver Cirrhosis
MIR300,Inhibit,Liver,"Liver Neoplasms, Experimental"
MIR301A,Inhibit,Liver,Chemical and Drug Induced Liver Injury
MIR301A,Inhibit,Heart,Heart Failure
MIR301A,Inhibit,Liver,"Liver Neoplasms, Experimental"
MIR301B,Inhibit,Heart,Myocardial Reperfusion Injury
MIR302C,Inhibit,Liver,Liver Cirrhosis
MIR30A,Inhibit,Liver,Chemical and Drug Induced Liver Injury
MIR30A,Inhibit,Liver,"Liver Neoplasms, Experimental"
MIR30B,Inhibit,Liver,Chemical and Drug Induced Liver Injury
MIR30B,Inhibit,Heart,Heart Failure
MIR30B,Inhibit,Liver,Liver Cirrhosis
MIR30B,Inhibit,Liver,"Liver Neoplasms, Experimental"
MIR30C-1,Inhibit,Liver,Chemical and Drug Induced Liver Injury
MIR30C-1,Inhibit,Liver,Liver Cirrhosis
MIR30C1,Inhibit,Heart,Myocardial Infarction
MIR30C1,Inhibit,Heart,Myocardial Reperfusion Injury
MIR30C2,Inhibit,Liver,Liver Cirrhosis
MIR30D,Inhibit,Liver,"Liver Neoplasms, Experimental"
MIR30E,Inhibit,Liver,"Liver Neoplasms, Experimental"
MIR3135B,Inhibit,Heart,Heart Failure
MIR320A,Inhibit,Liver,Chemical and Drug Induced Liver Injury
MIR320A,Inhibit,Liver,Fatty Liver
MIR324,Inhibit,Liver,"Liver Neoplasms, Experimental"
MIR326,Inhibit,Heart,Heart Failure
MIR327,Inhibit,Liver,Chemical and Drug Induced Liver Injury
MIR327,Inhibit,Heart,Myocardial Reperfusion Injury
MIR328,Inhibit,Liver,Chemical and Drug Induced Liver Injury
MIR330,Inhibit,Heart,Myocardial Reperfusion Injury
MIR331,Inhibit,Liver,"Liver Neoplasms, Experimental"
MIR331,Inhibit,Heart,Myocardial Reperfusion Injury
MIR335,Inhibit,Liver,Chemical and Drug Induced Liver Injury
MIR335,Inhibit,Liver,"Liver Neoplasms, Experimental"
MIR335,Inhibit,Heart,Myocardial Reperfusion Injury
MIR336,Inhibit,Liver,"Liver Neoplasms, Experimental"
MIR337,Inhibit,Liver,Chemical and Drug Induced Liver Injury
MIR337,Inhibit,Heart,Myocardial Reperfusion Injury
MIR338,Inhibit,Liver,Chemical and Drug Induced Liver Injury
MIR338,Inhibit,Liver,"Liver Cirrhosis, Alcoholic"
MIR338,Inhibit,Liver,"Liver Neoplasms, Experimental"
MIR339,Inhibit,Liver,"Liver Neoplasms, Experimental"
MIR33B,Inhibit,Liver,Chemical and Drug Induced Liver Injury
MIR340,Inhibit,Liver,"Liver Neoplasms, Experimental"
MIR342,Inhibit,Liver,Chemical and Drug Induced Liver Injury
MIR342,Inhibit,Heart,Heart Failure
MIR345,Inhibit,Liver,Chemical and Drug Induced Liver Injury
MIR345,Inhibit,Liver,Liver Cirrhosis
MIR346,Inhibit,Heart,Myocardial Reperfusion Injury
MIR347,Inhibit,Liver,"Liver Neoplasms, Experimental"
MIR349,Inhibit,Liver,"Liver Neoplasms, Experimental"
MIR34A,Inhibit,Liver,Chemical and Drug Induced Liver Injury
MIR34A,Inhibit,Liver,Fatty Liver
MIR34A,Inhibit,Heart,Heart Diseases
MIR34A,Inhibit,Liver,"Liver Neoplasms, Experimental"
MIR34C,Inhibit,Liver,Chemical and Drug Induced Liver Injury
MIR34C,Inhibit,Heart,Myocardial Reperfusion Injury
MIR350,Inhibit,Liver,"Liver Neoplasms, Experimental"
MIR351,Inhibit,Liver,Chemical and Drug Induced Liver Injury
MIR351,Inhibit,Heart,Myocardial Reperfusion Injury
MIR352,Inhibit,Liver,"Liver Neoplasms, Experimental"
MIR3591,Inhibit,Liver,Chemical and Drug Induced Liver Injury
MIR361,Inhibit,Liver,Chemical and Drug Induced Liver Injury
MIR361,Inhibit,Heart,Heart Failure
MIR361,Inhibit,Heart,Myocardial Reperfusion Injury
MIR3615,Inhibit,Liver,Chemical and Drug Induced Liver Injury
MIR3615,Inhibit,Liver,"Liver Cirrhosis, Alcoholic"
MIR362,Inhibit,Liver,Chemical and Drug Induced Liver Injury
MIR362,Inhibit,Heart,Myocardial Reperfusion Injury
MIR365A,Inhibit,Liver,Hepatitis B
MIR365B,Inhibit,Liver,Hepatitis B
MIR3663,Inhibit,Liver,"Carcinoma, Hepatocellular"
MIR367,Inhibit,Liver,Chemical and Drug Induced Liver Injury
MIR369,Inhibit,Heart,Myocardial Reperfusion Injury
MIR374A,Inhibit,Heart,Heart Failure
MIR375,Inhibit,Heart,Myocardial Reperfusion Injury
MIR376A,Inhibit,Heart,Myocardial Reperfusion Injury
MIR376B,Inhibit,Heart,Myocardial Reperfusion Injury
MIR376C,Inhibit,Liver,Liver Cirrhosis
MIR378A,Inhibit,Liver,Chemical and Drug Induced Liver Injury
MIR378A,Inhibit,Liver,Hepatitis B
MIR378C,Inhibit,Liver,Chemical and Drug Induced Liver Injury
MIR378F,Inhibit,Heart,Heart Failure
MIR378I,Inhibit,Liver,Chemical and Drug Induced Liver Injury
MIR378I,Inhibit,Liver,Hepatitis B
MIR383,Inhibit,Liver,"Liver Neoplasms, Experimental"
MIR384,Inhibit,Heart,Cardiomegaly
MIR384,Inhibit,Liver,Fatty Liver
MIR409,Inhibit,Heart,Heart Failure
MIR409,Inhibit,Liver,"Liver Neoplasms, Experimental"
MIR410,Inhibit,Liver,Chemical and Drug Induced Liver Injury
MIR410,Inhibit,Liver,Fatty Liver
MIR411,Inhibit,Heart,Myocardial Reperfusion Injury
MIR421,Inhibit,Liver,Chemical and Drug Induced Liver Injury
MIR421,Inhibit,Liver,"Liver Cirrhosis, Alcoholic"
MIR423,Inhibit,Liver,Chemical and Drug Induced Liver Injury
MIR423,Inhibit,Liver,"Liver Cirrhosis, Alcoholic"
MIR423,Inhibit,Heart,Myocardial Infarction
MIR429,Inhibit,Liver,"Liver Neoplasms, Experimental"
MIR429,Inhibit,Heart,Myocardial Reperfusion Injury
MIR433,Inhibit,Heart,Myocardial Reperfusion Injury
MIR4428,Inhibit,Heart,Heart Failure
MIR4433B,Inhibit,Liver,Chemical and Drug Induced Liver Injury
MIR4448,Inhibit,Liver,Chemical and Drug Induced Liver Injury
MIR4485,Inhibit,Heart,Heart Failure
MIR4492,Inhibit,Liver,Chemical and Drug Induced Liver Injury
MIR4497,Inhibit,Heart,Heart Failure
MIR449C,Inhibit,Liver,Fatty Liver
MIR4507,Inhibit,Liver,Chemical and Drug Induced Liver Injury
MIR4516,Inhibit,Liver,Chemical and Drug Induced Liver Injury
MIR451A,Inhibit,Heart,Myocardial Reperfusion Injury
MIR452,Inhibit,Liver,Chemical and Drug Induced Liver Injury
MIR452,Inhibit,Heart,Myocardial Reperfusion Injury
MIR454,Inhibit,Heart,Heart Failure
MIR455,Inhibit,Liver,"Carcinoma, Hepatocellular"
MIR455,Inhibit,Liver,Chemical and Drug Induced Liver Injury
MIR455,Inhibit,Liver,Hepatitis B
MIR463,Inhibit,Liver,Fatty Liver
MIR4721,Inhibit,Heart,Heart Failure
MIR4732,Inhibit,Heart,Heart Failure
MIR483,Inhibit,Liver,Chemical and Drug Induced Liver Injury
MIR483,Inhibit,Liver,"Liver Cirrhosis, Alcoholic"
MIR483,Inhibit,Liver,"Liver Neoplasms, Experimental"
MIR484,Inhibit,Liver,Chemical and Drug Induced Liver Injury
MIR484,Inhibit,Heart,Heart Failure
MIR484,Inhibit,Liver,"Liver Cirrhosis, Alcoholic"
MIR493,Inhibit,Heart,Myocardial Reperfusion Injury
MIR494,Inhibit,Heart,Heart Failure
MIR497,Inhibit,Liver,Chemical and Drug Induced Liver Injury
MIR497,Inhibit,Brain,Diabetic Neuropathies
MIR499A,Inhibit,Liver,Chemical and Drug Induced Liver Injury
MIR500,Inhibit,Heart,Myocardial Reperfusion Injury
MIR503,Inhibit,Liver,Chemical and Drug Induced Liver Injury
MIR503,Inhibit,Liver,Fatty Liver
MIR503,Inhibit,Liver,Liver Cirrhosis
MIR503,Inhibit,Heart,Myocardial Reperfusion Injury
MIR505,Inhibit,Liver,Chemical and Drug Induced Liver Injury
MIR505,Inhibit,Liver,"Liver Neoplasms, Experimental"
MIR5099,Inhibit,Liver,Chemical and Drug Induced Liver Injury
MIR5189,Inhibit,Heart,Heart Failure
MIR5196,Inhibit,Liver,Chemical and Drug Induced Liver Injury
MIR520B,Inhibit,Liver,"Carcinoma, Hepatocellular"
MIR532,Inhibit,Liver,Chemical and Drug Induced Liver Injury
MIR532,Inhibit,Heart,Heart Failure
MIR532,Inhibit,Liver,"Liver Cirrhosis, Alcoholic"
MIR532,Inhibit,Heart,Myocardial Reperfusion Injury
MIR539,Inhibit,Liver,"Carcinoma, Hepatocellular"
MIR539,Inhibit,Liver,"Liver Neoplasms, Experimental"
MIR542,Inhibit,Liver,Fatty Liver
MIR542,Inhibit,Heart,Myocardial Reperfusion Injury
MIR5588,Inhibit,Liver,Chemical and Drug Induced Liver Injury
MIR574,Inhibit,Liver,Chemical and Drug Induced Liver Injury
MIR574,Inhibit,Heart,Heart Failure
MIR5787,Inhibit,Heart,Heart Failure
MIR582,Inhibit,Heart,Myocardial Reperfusion Injury
MIR589,Inhibit,Liver,Chemical and Drug Induced Liver Injury
MIR589,Inhibit,Liver,"Liver Cirrhosis, Alcoholic"
MIR590,Inhibit,Heart,Heart Failure
MIR592,Inhibit,Liver,Chemical and Drug Induced Liver Injury
MIR598,Inhibit,Liver,"Liver Neoplasms, Experimental"
MIR598,Inhibit,Heart,Myocardial Reperfusion Injury
MIR6125,Inhibit,Heart,Heart Failure
MIR6132,Inhibit,Heart,Heart Failure
MIR615,Inhibit,Liver,"Carcinoma, Hepatocellular"
MIR625,Inhibit,Liver,Chemical and Drug Induced Liver Injury
MIR627,Inhibit,Liver,Chemical and Drug Induced Liver Injury
MIR629,Inhibit,Liver,Chemical and Drug Induced Liver Injury
MIR629,Inhibit,Liver,"Liver Cirrhosis, Alcoholic"
MIR637,Inhibit,Liver,"Carcinoma, Hepatocellular"
MIR642A,Inhibit,Heart,Heart Failure
MIR651,Inhibit,Liver,Chemical and Drug Induced Liver Injury
MIR652,Inhibit,Liver,"Liver Neoplasms, Experimental"
MIR660,Inhibit,Liver,Chemical and Drug Induced Liver Injury
MIR660,Inhibit,Heart,Heart Failure
MIR664B,Inhibit,Heart,Heart Failure
MIR666,Inhibit,Heart,Myocardial Reperfusion Injury
MIR671,Inhibit,Liver,"Liver Neoplasms, Experimental"
MIR672,Inhibit,Heart,Myocardial Reperfusion Injury
MIR6741,Inhibit,Liver,Chemical and Drug Induced Liver Injury
MIR6769B,Inhibit,Heart,Heart Failure
MIR6785,Inhibit,Heart,Heart Failure
MIR6794,Inhibit,Heart,Heart Failure
MIR6815,Inhibit,Liver,Chemical and Drug Induced Liver Injury
MIR6852,Inhibit,Liver,Chemical and Drug Induced Liver Injury
MIR6869,Inhibit,Heart,Heart Failure
MIR687,Inhibit,Liver,Chemical and Drug Induced Liver Injury
MIR6881,Inhibit,Liver,Hepatitis B
MIR6893,Inhibit,Heart,Heart Failure
MIR697,Inhibit,Liver,Chemical and Drug Induced Liver Injury
MIR704,Inhibit,Liver,Chemical and Drug Induced Liver Injury
MIR706,Inhibit,Liver,Fatty Liver
MIR708,Inhibit,Liver,"Liver Neoplasms, Experimental"
MIR741,Inhibit,Heart,Myocardial Reperfusion Injury
MIR743A,Inhibit,Heart,Myocardial Reperfusion Injury
MIR743B,Inhibit,Heart,Myocardial Reperfusion Injury
MIR744,Inhibit,Liver,Chemical and Drug Induced Liver Injury
MIR744,Inhibit,Heart,Myocardial Reperfusion Injury
MIR758,Inhibit,Heart,Myocardial Reperfusion Injury
MIR760,Inhibit,Liver,"Liver Neoplasms, Experimental"
MIR761,Inhibit,Heart,Myocardial Infarction
MIR764,Inhibit,Liver,Chemical and Drug Induced Liver Injury
MIR764,Inhibit,Liver,Liver Cirrhosis
MIR766,Inhibit,Liver,Chemical and Drug Induced Liver Injury
MIR766,Inhibit,Heart,Heart Failure
MIR769,Inhibit,Liver,"Carcinoma, Hepatocellular"
MIR7704,Inhibit,Liver,Chemical and Drug Induced Liver Injury
MIR7977,Inhibit,Liver,Chemical and Drug Induced Liver Injury
MIR8485,Inhibit,Heart,Heart Failure
MIR872,Inhibit,Liver,"Liver Neoplasms, Experimental"
MIR875,Inhibit,Liver,Liver Cirrhosis
MIR877,Inhibit,Liver,Chemical and Drug Induced Liver Injury
MIR879,Inhibit,Liver,Chemical and Drug Induced Liver Injury
MIR885,Inhibit,Liver,"Carcinoma, Hepatocellular"
MIR885,Inhibit,Liver,Chemical and Drug Induced Liver Injury
MIR885,Inhibit,Liver,Hepatitis B
MIR885,Inhibit,Liver,"Hepatitis B, Chronic"
MIR885,Inhibit,Liver,Liver Cirrhosis
MIR885,Inhibit,Liver,"Liver Cirrhosis, Alcoholic"
MIR9-1,Inhibit,Brain,Neurobehavioral Manifestations
MIR92B,Inhibit,Liver,"Liver Neoplasms, Experimental"
MIR93,Inhibit,Liver,Chemical and Drug Induced Liver Injury
MIR93,Inhibit,Heart,Heart Failure
MIR93,Inhibit,Liver,"Liver Cirrhosis, Alcoholic"
MIR942,Inhibit,Heart,Heart Failure
MIR942,Inhibit,Liver,Liver Cirrhosis
MIR96,Inhibit,Heart,Heart Failure
MIR98,Inhibit,Heart,Heart Failure
MIR98,Inhibit,Liver,"Liver Neoplasms, Experimental"
MIR99A,Inhibit,Liver,Chemical and Drug Induced Liver Injury
MIR99A,Inhibit,Liver,Hepatitis B
MIR99B,Inhibit,Heart,Heart Failure
MIR99B,Inhibit,Liver,"Liver Neoplasms, Experimental"
MIRLET7B,Inhibit,Liver,Chemical and Drug Induced Liver Injury
MIRLET7B,Inhibit,Liver,"Liver Neoplasms, Experimental"
MIRLET7C,Inhibit,Liver,Chemical and Drug Induced Liver Injury
MIRLET7C,Inhibit,Liver,Hepatitis B
MIRLET7D,Inhibit,Liver,Chemical and Drug Induced Liver Injury
MIRLET7D,Inhibit,Liver,"Liver Neoplasms, Experimental"
MIRLET7E,Inhibit,Liver,"Liver Neoplasms, Experimental"
MIRLET7F-2,Inhibit,Heart,Heart Injuries
MIRLET7G,Inhibit,Liver,Chemical and Drug Induced Liver Injury
MIRLET7G,Inhibit,Heart,Heart Failure
MIRLET7I,Inhibit,Liver,Chemical and Drug Induced Liver Injury
MIRLET7I,Inhibit,Heart,Heart Failure
MIRLET7I,Inhibit,Liver,"Liver Neoplasms, Experimental"
MIRLET7I,Inhibit,Heart,Myocardial Reperfusion Injury
MIS12,Inhibit,Liver,"Liver Cirrhosis, Experimental"
MKI67,Inhibit,Liver,"Adenoma, Liver Cell"
MKI67,Inhibit,Liver,"Carcinoma, Hepatocellular"
MKI67,Inhibit,Liver,Copper-Overload Cirrhosis
MKI67,Inhibit,Liver,"Hepatitis, Chronic"
MKI67,Inhibit,Liver,Liver Cirrhosis
MKI67,Inhibit,Liver,"Liver Cirrhosis, Experimental"
MLC1,Inhibit,Liver,Hepatomegaly
MLXIPL,Inhibit,Liver,"Carcinoma, Hepatocellular"
MME,Inhibit,Brain,Diabetic Neuropathies
MME,Inhibit,Liver,"Liver Cirrhosis, Experimental"
MMEL1,Inhibit,Liver,"Liver Cirrhosis, Biliary"
MMP1,Inhibit,Liver,"Liver Cirrhosis, Experimental"
MMP1,Inhibit,Liver,Non-alcoholic Fatty Liver Disease
MMP13,Inhibit,Liver,"Liver Cirrhosis, Experimental"
MMP14,Inhibit,Liver,"Carcinoma, Hepatocellular"
MMP14,Inhibit,Liver,Liver Neoplasms
MMP15,Inhibit,Liver,"Liver Cirrhosis, Experimental"
MMP2,Inhibit,Liver,"Carcinoma, Hepatocellular"
MMP2,Inhibit,Brain,Cerebral Hemorrhage
MMP2,Inhibit,Brain,Cerebral Infarction
MMP2,Inhibit,Liver,Chemical and Drug Induced Liver Injury
MMP2,Inhibit,Liver,"Cholestasis, Extrahepatic"
MMP2,Inhibit,Brain,Diabetic Neuropathies
MMP2,Inhibit,Liver,Liver Cirrhosis
MMP2,Inhibit,Liver,"Liver Cirrhosis, Alcoholic"
MMP2,Inhibit,Liver,"Liver Cirrhosis, Experimental"
MMP2,Inhibit,Liver,"Liver Neoplasms, Experimental"
MMP2,Inhibit,Heart,Myocardial Infarction
MMP3,Inhibit,Brain,Cerebral Hemorrhage
MMP8,Inhibit,Liver,"Liver Cirrhosis, Experimental"
MMP9,Inhibit,Brain,Brain Edema
MMP9,Inhibit,Brain,Brain Injuries
MMP9,Inhibit,Brain,"Brain Injuries, Traumatic"
MMP9,Inhibit,Brain,Brain Ischemia
MMP9,Inhibit,Liver,"Carcinoma, Hepatocellular"
MMP9,Inhibit,Brain,Cerebral Hemorrhage
MMP9,Inhibit,Brain,Cerebral Infarction
MMP9,Inhibit,Liver,Chemical and Drug Induced Liver Injury
MMP9,Inhibit,Liver,"Cholestasis, Extrahepatic"
MMP9,Inhibit,Brain,Diabetic Neuropathies
MMP9,Inhibit,Brain,"Infarction, Middle Cerebral Artery"
MMP9,Inhibit,Liver,"Liver Cirrhosis, Experimental"
MMP9,Inhibit,Liver,Liver Diseases
MMP9,Inhibit,Heart,Myocardial Infarction
MMP9,Inhibit,Brain,Neuroblastoma
MOB3A,Inhibit,Liver,"Liver Cirrhosis, Experimental"
MOGAT2,Inhibit,Liver,"Carcinoma, Hepatocellular"
MPDZ,Inhibit,Brain,"HYDROCEPHALUS, CONGENITAL, 2, WITH OR WITHOUT BRAIN OR EYE ANOMALIES"
MPEG1,Inhibit,Liver,"Liver Neoplasms, Experimental"
MPO,Inhibit,Brain,Brain Diseases
MPO,Inhibit,Brain,Brain Injuries
MPO,Inhibit,Brain,"Brain Injuries, Traumatic"
MPO,Inhibit,Brain,Brain Ischemia
MPO,Inhibit,Liver,"Carcinoma, Hepatocellular"
MPO,Inhibit,Heart,Cardiovascular Diseases
MPO,Inhibit,Liver,"Cholestasis, Extrahepatic"
MPO,Inhibit,Liver,"Liver Cirrhosis, Alcoholic"
MPV17,Inhibit,Liver,Navajo neurohepatopathy
MPZ,Inhibit,Brain,Hereditary Sensory and Motor Neuropathy
MRLC2,Inhibit,Heart,Myocardial Ischemia
MRO,Inhibit,Liver,"Carcinoma, Hepatocellular"
MRO,Inhibit,Liver,"Liver Cirrhosis, Experimental"
MRTFA,Inhibit,Liver,Liver Cirrhosis
MRTFA,Inhibit,Liver,Non-alcoholic Fatty Liver Disease
MS4A6A,Inhibit,Heart,"Heart Failure, Diastolic"
MSH5,Inhibit,Liver,"Carcinoma, Hepatocellular"
MSL3,Inhibit,Brain,"Gait Disorders, Neurologic"
MSN,Inhibit,Liver,"Liver Cirrhosis, Experimental"
MSN,Inhibit,Heart,Myocardial Ischemia
MST1,Inhibit,Liver,Chemical and Drug Induced Liver Injury
MST1R,Inhibit,Liver,Chemical and Drug Induced Liver Injury
MSTN,Inhibit,Heart,Heart Failure
MT1,Inhibit,Heart,"Cardiac Output, Low"
MT1A,Inhibit,Liver,"Carcinoma, Hepatocellular"
MT1A,Inhibit,Liver,"Hepatitis, Chronic"
MT1A,Inhibit,Liver,"Liver Cirrhosis, Experimental"
MT1E,Inhibit,Liver,"Carcinoma, Hepatocellular"
MT1F,Inhibit,Liver,"Carcinoma, Hepatocellular"
MT2,Inhibit,Heart,"Cardiac Output, Low"
MT2A,Inhibit,Liver,"Carcinoma, Hepatocellular"
MT2A,Inhibit,Heart,Cardiomegaly
MT2A,Inhibit,Heart,Heart Diseases
MT2A,Inhibit,Liver,"Liver Cirrhosis, Experimental"
MTBP,Inhibit,Liver,"Carcinoma, Hepatocellular"
MTHFD2,Inhibit,Heart,Heart Failure
MTHFR,Inhibit,Brain,Brain Ischemia
MTHFR,Inhibit,Heart,Cardiovascular Diseases
MTHFR,Inhibit,Liver,Chemical and Drug Induced Liver Injury
MTHFR,Inhibit,Heart,"Heart Defects, Congenital"
MTHFR,Inhibit,Liver,Liver Diseases
MTMR7,Inhibit,Liver,"Liver Cirrhosis, Experimental"
MTOR,Inhibit,Liver,"Carcinoma, Hepatocellular"
MTOR,Inhibit,Liver,Hepatomegaly
MTOR,Inhibit,Brain,Neurotoxicity Syndromes
MTPN,Inhibit,Liver,Chemical and Drug Induced Liver Injury
MTTP,Inhibit,Liver,Fatty Liver
MTTP,Inhibit,Liver,Non-alcoholic Fatty Liver Disease
MVK,Inhibit,Liver,"Carcinoma, Hepatocellular"
MVP,Inhibit,Liver,"Liver Cirrhosis, Experimental"
MX1,Inhibit,Heart,Heart Failure
MX1,Inhibit,Heart,Myocardial Ischemia
MYADM,Inhibit,Liver,"Liver Cirrhosis, Experimental"
MYB,Inhibit,Brain,Neuroblastoma
MYBL2,Inhibit,Liver,"Carcinoma, Hepatocellular"
MYBPC3,Inhibit,Heart,Cardiomegaly
MYBPC3,Inhibit,Heart,Cardiomyopathies
MYBPC3,Inhibit,Heart,"Cardiomyopathy, Familial Hypertrophic, 4"
MYBPC3,Inhibit,Heart,"Cardiomyopathy, Hypertrophic"
MYBPC3,Inhibit,Heart,"Cardiomyopathy, Hypertrophic, Familial"
MYBPC3,Inhibit,Heart,"Death, Sudden, Cardiac"
MYC,Inhibit,Liver,"Carcinoma, Hepatocellular"
MYC,Inhibit,Heart,"Cardiomyopathy, Hypertrophic"
MYC,Inhibit,Liver,Fatty Liver
MYC,Inhibit,Liver,"Liver Cirrhosis, Experimental"
MYC,Inhibit,Liver,Liver Neoplasms
MYC,Inhibit,Liver,"Liver Neoplasms, Experimental"
MYC,Inhibit,Brain,Neuroblastoma
MYC,Inhibit,Brain,Neuroectodermal Tumors
MYCN,Inhibit,Brain,Neuroblastoma
MYD88,Inhibit,Liver,"Cholestasis, Extrahepatic"
MYH14,Inhibit,Brain,"PERIPHERAL NEUROPATHY, MYOPATHY, HOARSENESS, AND HEARING LOSS"
MYH6,Inhibit,Heart,Cardiomegaly
MYH6,Inhibit,Heart,"Cardiomyopathy, Dilated"
MYH6,Inhibit,Heart,"Cardiomyopathy, Dilated, 1EE"
MYH6,Inhibit,Heart,"Cardiomyopathy, Familial Hypertrophic, 1"
MYH6,Inhibit,Heart,"Cardiomyopathy, Familial Hypertrophic, 14"
MYH6,Inhibit,Heart,"Cardiomyopathy, Hypertrophic"
MYH6,Inhibit,Heart,"Cardiomyopathy, Hypertrophic, Familial"
MYH6,Inhibit,Heart,"Heart Defects, Congenital"
MYH6,Inhibit,Heart,"Heart Failure, Diastolic"
MYH6,Inhibit,Heart,"Heart Failure, Systolic"
MYH6,Inhibit,Heart,"Heart Septal Defects, Atrial"
MYH6,Inhibit,Heart,Myocarditis
MYH7,Inhibit,Heart,"Cardiomyopathy, Dilated"
MYH7,Inhibit,Heart,"Cardiomyopathy, Dilated, 1s"
MYH7,Inhibit,Heart,"Cardiomyopathy, Familial Hypertrophic, 1"
MYH7,Inhibit,Heart,"Cardiomyopathy, Hypertrophic"
MYH7,Inhibit,Heart,"Cardiomyopathy, Hypertrophic, Familial"
MYH7,Inhibit,Heart,"Heart Failure, Diastolic"
MYH7,Inhibit,Heart,Myocardial Infarction
MYL1,Inhibit,Heart,Heart Injuries
MYL2,Inhibit,Heart,"Cardiomyopathy, Familial Hypertrophic, 10"
MYL2,Inhibit,Heart,"Cardiomyopathy, Hypertrophic"
MYL2,Inhibit,Heart,"Cardiomyopathy, Hypertrophic, Familial"
MYL3,Inhibit,Heart,"Cardiomyopathy, Familial Hypertrophic, 8"
MYL4,Inhibit,Heart,"Cardiomyopathy, Hypertrophic"
MYL7,Inhibit,Heart,"Cardiomyopathy, Hypertrophic"
MYL9,Inhibit,Brain,Brain Edema
MYL9,Inhibit,Liver,"Liver Cirrhosis, Experimental"
MYLK,Inhibit,Brain,Brain Edema
MYLK2,Inhibit,Heart,"Cardiomyopathy, Familial Hypertrophic, 1"
MYO1B,Inhibit,Liver,Hepatomegaly
MYO1C,Inhibit,Liver,"Liver Cirrhosis, Experimental"
MYO1F,Inhibit,Liver,"Liver Cirrhosis, Experimental"
MYO5A,Inhibit,Liver,"Liver Cirrhosis, Experimental"
MYO5B,Inhibit,Liver,Liver Neoplasms
MYO6,Inhibit,Heart,"DEAFNESS, AUTOSOMAL DOMINANT 22;DFNA22 DEAFNESS, AUTOSOMAL DOMINANT 22, WITH HYPERTROPHIC CARDIOMYOPATHY,"
MYOC,Inhibit,Heart,Heart Failure
MYOC,Inhibit,Liver,"Liver Cirrhosis, Experimental"
MYOCD,Inhibit,Heart,Cardiomegaly
MYOT,Inhibit,Heart,Cardiomyopathies
MYOZ2,Inhibit,Heart,"CARDIOMYOPATHY, FAMILIAL HYPERTROPHIC, 16"
MYPN,Inhibit,Heart,"CARDIOMYOPATHY, DILATED, 1KK"
MYT1L,Inhibit,Brain,Neurodevelopmental Disorders
NACC1,Inhibit,Brain,"NEURODEVELOPMENTAL DISORDER WITH EPILEPSY, CATARACTS, FEEDING DIFFICULTIES, AND DELAYED BRAIN MYELINATION"
NAGA,Inhibit,Brain,Neuroaxonal Dystrophies
NAGK,Inhibit,Liver,"Liver Cirrhosis, Experimental"
NAP1L5,Inhibit,Liver,"Liver Cirrhosis, Experimental"
NAT2,Inhibit,Liver,"Carcinoma, Hepatocellular"
NAT2,Inhibit,Liver,Chemical and Drug Induced Liver Injury
NAT2,Inhibit,Liver,Liver Neoplasms
NAT8,Inhibit,Liver,"Liver Cirrhosis, Experimental"
NAXE,Inhibit,Brain,"ENCEPHALOPATHY, PROGRESSIVE, EARLY-ONSET, WITH BRAIN EDEMA AND/OR LEUKOENCEPHALOPATHY, 1"
NBAS,Inhibit,Liver,INFANTILE LIVER FAILURE SYNDROME 2
NBEA,Inhibit,Liver,"Liver Cirrhosis, Experimental"
NCAPG,Inhibit,Liver,"Carcinoma, Hepatocellular"
NCAPH,Inhibit,Liver,"Carcinoma, Hepatocellular"
NCF1,Inhibit,Brain,Neuroinflammatory Diseases
NCF4,Inhibit,Heart,Heart Diseases
NCKAP1,Inhibit,Brain,Neurodevelopmental Disorders
NCKAP1L,Inhibit,Liver,"Liver Cirrhosis, Experimental"
NCOR1,Inhibit,Liver,Liver Neoplasms
NCOR2,Inhibit,Liver,"Liver Cirrhosis, Experimental"
ND5,Inhibit,Liver,"Carcinoma, Hepatocellular"
NDC80,Inhibit,Liver,"Carcinoma, Hepatocellular"
NDRG1,Inhibit,Liver,"Liver Cirrhosis, Experimental"
NDRG1,Inhibit,Liver,Liver Neoplasms
NDRG1,Inhibit,Brain,"Neuropathy, hereditary motor and sensory, LOM type"
NDRG2,Inhibit,Liver,"Liver Cirrhosis, Experimental"
NDUFAF2,Inhibit,Brain,"Brain Diseases, Metabolic, Inborn"
NDUFB7,Inhibit,Liver,Hepatolenticular Degeneration
NDUFS1,Inhibit,Heart,"Cardiomyopathy, Hypertrophic"
NDUFS2,Inhibit,Heart,Cardiomyopathies
NDUFS3,Inhibit,Liver,Chemical and Drug Induced Liver Injury
NDUFS4,Inhibit,Brain,Brain Diseases
NDUFV2,Inhibit,Heart,Cardiomyopathies
NEAT1,Inhibit,Liver,Liver Neoplasms
NECTIN2,Inhibit,Liver,"Liver Cirrhosis, Experimental"
NEDD4,Inhibit,Heart,Myocardial Ischemia
NEIL1,Inhibit,Liver,Fatty Liver
NEIL3,Inhibit,Liver,"Carcinoma, Hepatocellular"
NEK2,Inhibit,Liver,"Carcinoma, Hepatocellular"
NEK6,Inhibit,Liver,"Liver Cirrhosis, Experimental"
NEXMIF,Inhibit,Brain,Neurodevelopmental Disorders
NEXN,Inhibit,Heart,"Cardiomyopathy, Dilated, 1CC"
NEXN,Inhibit,Heart,"CARDIOMYOPATHY, FAMILIAL HYPERTROPHIC, 20"
NF1,Inhibit,Brain,Neurofibroma
NF1,Inhibit,Brain,Neurofibromatoses
NF1,Inhibit,Brain,Neurofibromatosis 1
NF1,Inhibit,Brain,"Neurofibromatosis, Familial Spinal"
NF1,Inhibit,Brain,Neurofibromatosis-Noonan syndrome
NF2,Inhibit,Brain,Neurofibromatosis 2
NFATC4,Inhibit,Liver,Chemical and Drug Induced Liver Injury
NFE2L2,Inhibit,Liver,"Carcinoma, Hepatocellular"
NFE2L2,Inhibit,Heart,"Cardiac Output, Low"
NFE2L2,Inhibit,Liver,Chemical and Drug Induced Liver Injury
NFE2L2,Inhibit,Liver,"Cholestasis, Extrahepatic"
NFE2L2,Inhibit,Liver,Fatty Liver
NFE2L2,Inhibit,Heart,Heart Failure
NFE2L2,Inhibit,Liver,Hepatic Insufficiency
NFE2L2,Inhibit,Liver,Hepatomegaly
NFE2L2,Inhibit,Liver,Liver Cirrhosis
NFE2L2,Inhibit,Liver,"Liver Cirrhosis, Biliary"
NFE2L2,Inhibit,Liver,"Liver Cirrhosis, Experimental"
NFE2L2,Inhibit,Liver,Liver Neoplasms
NFE2L2,Inhibit,Brain,Neurotoxicity Syndromes
NFE2L2,Inhibit,Liver,Non-alcoholic Fatty Liver Disease
NFIA,Inhibit,Brain,BRAIN MALFORMATIONS WITH OR WITHOUT URINARY TRACT DEFECTS
NFKB1,Inhibit,Brain,Brain Ischemia
NFKB1,Inhibit,Liver,"Liver Cirrhosis, Biliary"
NFKB1,Inhibit,Liver,Liver Diseases
NFKBIA,Inhibit,Brain,Brain Ischemia
NFKBIA,Inhibit,Liver,"Carcinoma, Hepatocellular"
NFKBIA,Inhibit,Liver,"Liver Cirrhosis, Experimental"
NFKBIA,Inhibit,Heart,Myocardial Ischemia
NFKBIE,Inhibit,Liver,"Liver Cirrhosis, Experimental"
NFKBIZ,Inhibit,Liver,"Liver Cirrhosis, Experimental"
NFXL1,Inhibit,Liver,Chemical and Drug Induced Liver Injury
NGF,Inhibit,Brain,Hereditary Sensory and Autonomic Neuropathies
NGF,Inhibit,Brain,"Infarction, Middle Cerebral Artery"
NGF,Inhibit,Brain,Neurobehavioral Manifestations
NGF,Inhibit,Brain,Neurodegenerative Diseases
NGF,Inhibit,Brain,Neurogenic Inflammation
NGFR,Inhibit,Brain,Neurodegenerative Diseases
NHSL3,Inhibit,Liver,"Liver Cirrhosis, Experimental"
NID1,Inhibit,Liver,"Liver Cirrhosis, Experimental"
NID2,Inhibit,Liver,"Liver Cirrhosis, Experimental"
NIPAL2,Inhibit,Liver,"Liver Cirrhosis, Experimental"
NIPBL,Inhibit,Heart,"Heart Defects, Congenital"
NISCH,Inhibit,Heart,Bradycardia
NKILA,Inhibit,Liver,"Carcinoma, Hepatocellular"
NKX2-5,Inhibit,Heart,Cardiomegaly
NKX2-5,Inhibit,Heart,"Cardiomyopathy, Dilated"
NKX2-5,Inhibit,Heart,CONOTRUNCAL HEART MALFORMATIONS
NKX2-5,Inhibit,Heart,"Heart Septal Defects, Ventricular"
NKX2-5,Inhibit,Heart,Hypoplastic Left Heart Syndrome
NKX2-6,Inhibit,Heart,CONOTRUNCAL HEART MALFORMATIONS
NLRC3,Inhibit,Liver,"Carcinoma, Hepatocellular"
NLRC5,Inhibit,Liver,"Fatty Liver, Alcoholic"
NLRC5,Inhibit,Liver,"Liver Cirrhosis, Experimental"
NLRP3,Inhibit,Brain,Neurotoxicity Syndromes
NLRP3,Inhibit,Liver,Non-alcoholic Fatty Liver Disease
NME1,Inhibit,Liver,"Carcinoma, Hepatocellular"
NME1,Inhibit,Heart,"Cardiomyopathy, Hypertrophic"
NME2,Inhibit,Liver,Chemical and Drug Induced Liver Injury
NMI,Inhibit,Liver,"Liver Cirrhosis, Experimental"
NMNAT1,Inhibit,Brain,"Brain Injuries, Traumatic"
NMNAT1,Inhibit,Brain,Neurobehavioral Manifestations
NNAT,Inhibit,Brain,Neuroblastoma
NNMT,Inhibit,Liver,"Carcinoma, Hepatocellular"
NOCT,Inhibit,Liver,"Liver Cirrhosis, Experimental"
NOP16,Inhibit,Liver,Liver Neoplasms
NOS1,Inhibit,Liver,End Stage Liver Disease
NOS1,Inhibit,Liver,Hepatic Encephalopathy
NOS1,Inhibit,Brain,Neurobehavioral Manifestations
NOS2,Inhibit,Brain,Brain Edema
NOS2,Inhibit,Brain,"Brain Injuries, Traumatic"
NOS2,Inhibit,Brain,Brain Ischemia
NOS2,Inhibit,Heart,Cardiovascular Abnormalities
NOS2,Inhibit,Liver,"Cholestasis, Extrahepatic"
NOS2,Inhibit,Heart,Heart Failure
NOS2,Inhibit,Liver,Hepatic Insufficiency
NOS2,Inhibit,Liver,Hepatomegaly
NOS2,Inhibit,Brain,"Hypoxia-Ischemia, Brain"
NOS2,Inhibit,Liver,"Liver Cirrhosis, Biliary"
NOS2,Inhibit,Liver,"Liver Cirrhosis, Experimental"
NOS2,Inhibit,Liver,Liver Diseases
NOS2,Inhibit,Heart,Myocardial Infarction
NOS2,Inhibit,Heart,Myocardial Reperfusion Injury
NOS2,Inhibit,Heart,Myocardial Stunning
NOS3,Inhibit,Heart,Cardiomegaly
NOS3,Inhibit,Heart,Cardiovascular Diseases
NOS3,Inhibit,Liver,"Cholestasis, Extrahepatic"
NOS3,Inhibit,Heart,Heart Failure
NOS3,Inhibit,Liver,Hepatic Insufficiency
NOS3,Inhibit,Liver,Hepatomegaly
NOS3,Inhibit,Liver,"Liver Cirrhosis, Biliary"
NOS3,Inhibit,Liver,"Liver Cirrhosis, Experimental"
NOS3,Inhibit,Heart,Myocardial Infarction
NOS3,Inhibit,Heart,Myocardial Ischemia
NOS3,Inhibit,Heart,Myocardial Reperfusion Injury
NOS3,Inhibit,Heart,"Tachycardia, Ventricular"
NOTCH1,Inhibit,Liver,Adams Oliver syndrome
NOTCH1,Inhibit,Liver,Chemical and Drug Induced Liver Injury
NOTCH1,Inhibit,Heart,Heart Valve Diseases
NOTCH2,Inhibit,Brain,Gastro-enteropancreatic neuroendocrine tumor
NOTCH2,Inhibit,Brain,"Neuroectodermal Tumors, Primitive"
NOTCH2NLC,Inhibit,Brain,Neuronal intranuclear inclusion disease
NOTCH3,Inhibit,Liver,"Carcinoma, Hepatocellular"
NOX1,Inhibit,Heart,Heart Failure
NOX4,Inhibit,Brain,Brain Injuries
NOX4,Inhibit,Liver,Chemical and Drug Induced Liver Injury
NOX4,Inhibit,Heart,Heart Failure
NOX4,Inhibit,Liver,"Liver Cirrhosis, Experimental"
NPAS2,Inhibit,Liver,"Liver Cirrhosis, Experimental"
NPC1,Inhibit,Liver,Liver Cirrhosis
NPC1,Inhibit,Liver,Liver Diseases
NPDC1,Inhibit,Liver,"Liver Cirrhosis, Experimental"
NPHP3,Inhibit,Liver,RENAL-HEPATIC-PANCREATIC DYSPLASIA 1
NPHP3,Inhibit,Liver,Renal hepatic pancreatic dysplasia Dandy Walker cyst
NPPA,Inhibit,Heart,Cardiomegaly
NPPA,Inhibit,Heart,"Cardiomyopathy, Dilated"
NPPA,Inhibit,Heart,Heart Failure
NPPA,Inhibit,Heart,"Heart Failure, Diastolic"
NPPA,Inhibit,Liver,Liver Cirrhosis
NPPA,Inhibit,Heart,Myocardial Infarction
NPPA,Inhibit,Heart,Myocardial Ischemia
NPPB,Inhibit,Brain,Brain Injuries
NPPB,Inhibit,Heart,"Cardiac Output, High"
NPPB,Inhibit,Heart,Cardiomegaly
NPPB,Inhibit,Heart,Cardiomyopathies
NPPB,Inhibit,Heart,"Cardiomyopathy, Dilated"
NPPB,Inhibit,Heart,Cardiotoxicity
NPPB,Inhibit,Heart,Cardiovascular Diseases
NPPB,Inhibit,Brain,Cerebral Hemorrhage
NPPB,Inhibit,Heart,"Heart Defects, Congenital"
NPPB,Inhibit,Heart,Heart Diseases
NPPB,Inhibit,Heart,Heart Failure
NPPB,Inhibit,Heart,"Tachycardia, Ventricular"
NPR1,Inhibit,Heart,Cardiomegaly
NPR1,Inhibit,Heart,Heart Failure
NPTN,Inhibit,Heart,Myocardial Ischemia
NPY,Inhibit,Heart,Cardiovascular Diseases
NPY,Inhibit,Brain,Cerebral Infarction
NPY,Inhibit,Brain,Neurobehavioral Manifestations
NQO1,Inhibit,Liver,Liver Diseases
NQO1,Inhibit,Brain,Neurotoxicity Syndromes
NQO1,Inhibit,Liver,Non-alcoholic Fatty Liver Disease
NQO2,Inhibit,Liver,"Liver Cirrhosis, Experimental"
NR0B2,Inhibit,Liver,"Carcinoma, Hepatocellular"
NR0B2,Inhibit,Liver,Chemical and Drug Induced Liver Injury
NR0B2,Inhibit,Liver,Fatty Liver
NR0B2,Inhibit,Liver,"Liver Cirrhosis, Experimental"
NR1D1,Inhibit,Liver,Fatty Liver
NR1H2,Inhibit,Liver,"Carcinoma, Hepatocellular"
NR1H2,Inhibit,Liver,Hepatomegaly
NR1H3,Inhibit,Liver,Chemical and Drug Induced Liver Injury
NR1H3,Inhibit,Liver,Fatty Liver
NR1H4,Inhibit,Liver,"Carcinoma, Hepatocellular"
NR1H4,Inhibit,Liver,Chemical and Drug Induced Liver Injury
NR1H4,Inhibit,Liver,"CHOLESTASIS, PROGRESSIVE FAMILIAL INTRAHEPATIC, 5"
NR1H4,Inhibit,Liver,Fatty Liver
NR1H4,Inhibit,Liver,Hepatomegaly
NR1H4,Inhibit,Liver,Liver Diseases
NR1H4,Inhibit,Liver,Liver Neoplasms
NR1H4,Inhibit,Liver,Non-alcoholic Fatty Liver Disease
NR1I2,Inhibit,Liver,Chemical and Drug Induced Liver Injury
NR1I2,Inhibit,Liver,Fatty Liver
NR1I2,Inhibit,Liver,Hepatomegaly
NR1I3,Inhibit,Liver,"Adenoma, Liver Cell"
NR1I3,Inhibit,Liver,Chemical and Drug Induced Liver Injury
NR1I3,Inhibit,Liver,Hepatomegaly
NR1I3,Inhibit,Liver,Liver Neoplasms
NR1I3,Inhibit,Liver,"Liver Neoplasms, Experimental"
NR2F2,Inhibit,Liver,Chemical and Drug Induced Liver Injury
NR2F2,Inhibit,Heart,"CONGENITAL HEART DEFECTS, MULTIPLE TYPES, 4"
NR3C2,Inhibit,Heart,"Cardiomyopathy, Dilated"
NR3C2,Inhibit,Heart,Heart Failure
NR3C2,Inhibit,Heart,Myocardial Infarction
NR4A1,Inhibit,Heart,Myocardial Ischemia
NR5A2,Inhibit,Liver,Chemical and Drug Induced Liver Injury
NR5A2,Inhibit,Liver,Hepatomegaly
NR5A2,Inhibit,Liver,Non-alcoholic Fatty Liver Disease
NRARP,Inhibit,Brain,Brain Neoplasms
NRAS,Inhibit,Brain,Neuroblastoma
NRAS,Inhibit,Brain,Neurocutaneous melanosis
NRAS,Inhibit,Brain,Neurofibrosarcoma
NREP,Inhibit,Liver,Chemical and Drug Induced Liver Injury
NREP,Inhibit,Liver,Fatty Liver
NREP,Inhibit,Liver,"Liver Cirrhosis, Experimental"
NRG1,Inhibit,Heart,Cardiotoxicity
NRG1,Inhibit,Heart,Heart Failure
NRG1,Inhibit,Liver,"Liver Cirrhosis, Experimental"
NRIP1,Inhibit,Heart,Heart Failure
NRIP1,Inhibit,Heart,Myocardial Infarction
NRP1,Inhibit,Liver,Liver Diseases
NRROS,Inhibit,Liver,"Liver Cirrhosis, Experimental"
NSA2,Inhibit,Liver,"Liver Cirrhosis, Biliary"
NSMF,Inhibit,Liver,"Liver Cirrhosis, Experimental"
NT5E,Inhibit,Liver,"Liver Cirrhosis, Experimental"
NT5E,Inhibit,Brain,Neuroblastoma
NTF3,Inhibit,Brain,Diabetic Neuropathies
NTN1,Inhibit,Brain,Brain Edema
NTN1,Inhibit,Liver,Chemical and Drug Induced Liver Injury
NTN1,Inhibit,Brain,Neurobehavioral Manifestations
NTRK1,Inhibit,Brain,Hereditary Sensory and Autonomic Neuropathies
NTRK1,Inhibit,Brain,Neuroblastoma
NTRK2,Inhibit,Brain,Neuroblastoma
NTS,Inhibit,Heart,Bradycardia
N-TUTCA2,Inhibit,Heart,Myocarditis
NUCLEOLIN,Inhibit,Heart,Myocardial Ischemia
NUDCD3,Inhibit,Liver,Liver Neoplasms
NUDT16,Inhibit,Liver,"Liver Cirrhosis, Experimental"
NUDT7,Inhibit,Liver,Liver Neoplasms
NUF2,Inhibit,Liver,"Carcinoma, Hepatocellular"
NUPR1,Inhibit,Heart,"Heart Failure, Diastolic"
NUPR1,Inhibit,Liver,"Liver Cirrhosis, Experimental"
NUS1,Inhibit,Liver,Chemical and Drug Induced Liver Injury
NUS1,Inhibit,Liver,Fatty Liver
NUSAP1,Inhibit,Liver,"Carcinoma, Hepatocellular"
OAS1A,Inhibit,Liver,Chemical and Drug Induced Liver Injury
OAT,Inhibit,Liver,"Liver Cirrhosis, Experimental"
OAT,Inhibit,Liver,Liver Neoplasms
OBP3,Inhibit,Liver,Chemical and Drug Induced Liver Injury
OBP3,Inhibit,Liver,Liver Cirrhosis
OBP3,Inhibit,Liver,"Liver Cirrhosis, Experimental"
OBP3,Inhibit,Liver,Liver Diseases
OCIAD1,Inhibit,Liver,Chemical and Drug Induced Liver Injury
OCLN,Inhibit,Brain,"Brain Injuries, Traumatic"
OCLN,Inhibit,Liver,Hepatic Veno-Occlusive Disease
OCRL,Inhibit,Brain,Oculocerebrorenal Syndrome
OGDH,Inhibit,Liver,Chemical and Drug Induced Liver Injury
OGDHL,Inhibit,Heart,Heart Failure
OGG1,Inhibit,Brain,Brain Diseases
OGG1,Inhibit,Heart,Heart Diseases
OIT3,Inhibit,Liver,"Carcinoma, Hepatocellular"
OLFML2A,Inhibit,Liver,"Carcinoma, Hepatocellular"
OLFML2B,Inhibit,Liver,"Carcinoma, Hepatocellular"
OLFML2B,Inhibit,Liver,"Liver Cirrhosis, Experimental"
OLFML3,Inhibit,Liver,"Liver Cirrhosis, Experimental"
OLR1,Inhibit,Heart,Cardiomyopathies
OLR1,Inhibit,Heart,Heart Failure
OLR1,Inhibit,Heart,Myocardial Infarction
OLR59,Inhibit,Liver,Chemical and Drug Induced Liver Injury
OLR59,Inhibit,Liver,"Liver Cirrhosis, Experimental"
OPA1,Inhibit,Heart,MITOCHONDRIAL DNA DEPLETION SYNDROME 14B (CARDIOENCEPHALOMYOPATHIC TYPE)
OPRK1,Inhibit,Heart,"Arrhythmias, Cardiac"
OPRL1,Inhibit,Heart,"Arrhythmias, Cardiac"
OPRM1,Inhibit,Liver,Hepatic Encephalopathy
OPRM1,Inhibit,Liver,Hepatitis C
ORC1,Inhibit,Liver,"Carcinoma, Hepatocellular"
ORM1,Inhibit,Liver,Liver Failure
OSGIN1,Inhibit,Liver,"Liver Cirrhosis, Experimental"
OSM,Inhibit,Liver,"Liver Cirrhosis, Experimental"
OTC,Inhibit,Brain,Brain Diseases
OTC,Inhibit,Liver,"Liver Cirrhosis, Experimental"
OTUB2,Inhibit,Liver,"Liver Cirrhosis, Experimental"
OTULINL,Inhibit,Liver,"Liver Cirrhosis, Experimental"
P2RX1,Inhibit,Brain,Neurotoxicity Syndromes
P2RX7,Inhibit,Liver,Liver Cirrhosis
P2RX7,Inhibit,Liver,"Liver Cirrhosis, Experimental"
P2RY12,Inhibit,Heart,Myocardial Infarction
P4HB,Inhibit,Liver,Chemical and Drug Induced Liver Injury
P4HB,Inhibit,Heart,Myocardial Ischemia
PAH,Inhibit,Liver,Chemical and Drug Induced Liver Injury
PAK4,Inhibit,Brain,Neuroblastoma
PALMD,Inhibit,Liver,"Liver Cirrhosis, Experimental"
PAMR1,Inhibit,Liver,"Carcinoma, Hepatocellular"
PAMR1,Inhibit,Heart,Heart Failure
PAMR1,Inhibit,Liver,"Liver Cirrhosis, Experimental"
PAN2,Inhibit,Liver,Chemical and Drug Induced Liver Injury
PANK2,Inhibit,Brain,Neurodegeneration with brain iron accumulation (NBIA)
PANK2,Inhibit,Brain,Neurodegenerative Diseases
PANK2,Inhibit,Brain,Pantothenate Kinase-Associated Neurodegeneration
PANX1,Inhibit,Liver,Chemical and Drug Induced Liver Injury
PANX1,Inhibit,Liver,"Liver Failure, Acute"
PANX1,Inhibit,Liver,Massive Hepatic Necrosis
PAPPA,Inhibit,Heart,Myocardial Infarction
PAQR9,Inhibit,Liver,"Liver Cirrhosis, Experimental"
PARD3B,Inhibit,Brain,Neurodevelopmental Disorders
PARK7,Inhibit,Liver,"Carcinoma, Hepatocellular"
PARK7,Inhibit,Liver,Chemical and Drug Induced Liver Injury
PARP1,Inhibit,Brain,Brain Injuries
PARP1,Inhibit,Brain,"Brain Injuries, Traumatic"
PARP1,Inhibit,Brain,Brain Ischemia
PARP1,Inhibit,Liver,"Carcinoma, Hepatocellular"
PARP1,Inhibit,Heart,Cardiomyopathies
PARP1,Inhibit,Brain,"Ceroid lipofuscinosis, neuronal 1, infantile"
PARP1,Inhibit,Liver,Hepatitis
PAX5,Inhibit,Brain,Neurodevelopmental Disorders
PBK,Inhibit,Liver,"Carcinoma, Hepatocellular"
PC,Inhibit,Liver,Chemical and Drug Induced Liver Injury
PC,Inhibit,Liver,"Liver Cirrhosis, Experimental"
PCAT14,Inhibit,Heart,Heart Failure
PCDHA13,Inhibit,Heart,Hypoplastic Left Heart Syndrome
PCDHA9,Inhibit,Heart,Heart Valve Diseases
PCDHA9,Inhibit,Heart,Hypoplastic Left Heart Syndrome
PCGEM1,Inhibit,Heart,Heart Failure
PCK1,Inhibit,Liver,"Carcinoma, Hepatocellular"
PCK1,Inhibit,Heart,Heart Failure
PCK1,Inhibit,Liver,"Liver Cirrhosis, Experimental"
PCK2,Inhibit,Liver,"Liver Cirrhosis, Experimental"
PCLAF,Inhibit,Liver,"Carcinoma, Hepatocellular"
PCNA,Inhibit,Brain,Brain Neoplasms
PCNA,Inhibit,Liver,Hepatoblastoma
PCOLCE,Inhibit,Liver,Chemical and Drug Induced Liver Injury
PCOLCE,Inhibit,Liver,Liver Cirrhosis
PCSK5,Inhibit,Heart,Heart Septal Defects
PCSK5,Inhibit,Heart,"Heart Septal Defects, Ventricular"
PCYT1A,Inhibit,Liver,Chemical and Drug Induced Liver Injury
PDCD10,Inhibit,Brain,Cerebral Cavernous Malformations 3
PDE12,Inhibit,Heart,Cardiovirus Infections
PDE3A,Inhibit,Heart,Myocardial Infarction
PDE4B,Inhibit,Heart,Myocardial Ischemia
PDE8B,Inhibit,Brain,Neurodegenerative Diseases
PDGFA,Inhibit,Liver,"Liver Cirrhosis, Experimental"
PDGFB,Inhibit,Liver,"Carcinoma, Hepatocellular"
PDGFRA,Inhibit,Heart,Heart Failure
PDGFRA,Inhibit,Liver,"Liver Cirrhosis, Experimental"
PDGFRB,Inhibit,Liver,"Liver Cirrhosis, Experimental"
PDGFRL,Inhibit,Liver,"Carcinoma, Hepatocellular"
PDHA1,Inhibit,Heart,Myocardial Ischemia
PDIA3,Inhibit,Liver,"Carcinoma, Hepatocellular"
PDK2,Inhibit,Heart,Cardiomyopathies
PDK4,Inhibit,Liver,"Carcinoma, Hepatocellular"
PDK4,Inhibit,Liver,Chemical and Drug Induced Liver Injury
PDK4,Inhibit,Heart,Myocardial Ischemia
PDK4,Inhibit,Liver,Non-alcoholic Fatty Liver Disease
PDLIM5,Inhibit,Liver,Chemical and Drug Induced Liver Injury
PDLIM5,Inhibit,Heart,Myocardial Ischemia
PDPK1,Inhibit,Heart,Heart Failure
PDRG1,Inhibit,Liver,Liver Neoplasms
PDYN,Inhibit,Heart,Bradycardia
PDZRN3,Inhibit,Liver,"Liver Cirrhosis, Experimental"
PEA15A,Inhibit,Liver,"Liver Cirrhosis, Experimental"
PEBP1,Inhibit,Heart,Heart Failure
PEBP1,Inhibit,Heart,Myocardial Ischemia
PEG3,Inhibit,Liver,"Liver Diseases, Parasitic"
PEMT,Inhibit,Liver,Liver Cirrhosis
PEMT,Inhibit,Liver,Non-alcoholic Fatty Liver Disease
PEPD,Inhibit,Liver,Hepatomegaly
PEX11A,Inhibit,Liver,Chemical and Drug Induced Liver Injury
PFKFB3,Inhibit,Heart,Myocardial Ischemia
PFKM,Inhibit,Heart,Myocardial Ischemia
PFKP,Inhibit,Liver,"Liver Cirrhosis, Experimental"
PFN1,Inhibit,Liver,"Liver Cirrhosis, Experimental"
PGAP1,Inhibit,Brain,"NEURODEVELOPMENTAL DISORDER WITH DYSMORPHIC FEATURES, SPASTICITY, AND BRAIN ABNORMALITIES"
PGD,Inhibit,Liver,"Carcinoma, Hepatocellular"
PGK1,Inhibit,Liver,"Carcinoma, Hepatocellular"
PGLYRP1,Inhibit,Brain,Brain Injuries
PGM1,Inhibit,Liver,Chemical and Drug Induced Liver Injury
PGM1,Inhibit,Heart,Myocardial Ischemia
PHACTR1,Inhibit,Brain,Cerebrovascular Trauma
PHACTR1,Inhibit,Heart,Myocardial Infarction
PHB1,Inhibit,Liver,"Carcinoma, Hepatocellular"
PHF2,Inhibit,Brain,Neurodevelopmental Disorders
PHGDH,Inhibit,Liver,Liver Neoplasms
PHLDA1,Inhibit,Liver,"Carcinoma, Hepatocellular"
PHLDA3,Inhibit,Heart,Myocardial Infarction
PHLDA3,Inhibit,Heart,Myocardial Reperfusion Injury
PHOX2B,Inhibit,Brain,Neuroblastoma
PIGG,Inhibit,Brain,"NEURODEVELOPMENTAL DISORDER WITH OR WITHOUT HYPOTONIA, SEIZURES, AND CEREBELLAR ATROPHY"
PIGL,Inhibit,Brain,Zunich neuroectodermal syndrome
PIK3CA,Inhibit,Liver,"Carcinoma, Hepatocellular"
PIK3CG,Inhibit,Heart,Cardiomegaly
PIK3CG,Inhibit,Heart,Heart Failure
PIK3IP1,Inhibit,Heart,"Heart Failure, Diastolic"
PINK1,Inhibit,Brain,Neuroblastoma
PITPNM3,Inhibit,Liver,"Carcinoma, Hepatocellular"
PITX1,Inhibit,Liver,"Carcinoma, Hepatocellular"
PITX2,Inhibit,Heart,"Heart Defects, Congenital"
PITX3,Inhibit,Brain,Neurologic Manifestations
PKD2,Inhibit,Liver,"Liver Cirrhosis, Experimental"
PKD2,Inhibit,Brain,Neurodegenerative Diseases
PKLR,Inhibit,Liver,"Liver Cirrhosis, Experimental"
PKM,Inhibit,Liver,"Carcinoma, Hepatocellular"
PKMYT1,Inhibit,Liver,"Carcinoma, Hepatocellular"
PKP1,Inhibit,Liver,"Carcinoma, Hepatocellular"
PKP2,Inhibit,Heart,"Arrhythmogenic Right Ventricular Dysplasia, Familial, 9"
PLA2G12A,Inhibit,Liver,"Liver Cirrhosis, Experimental"
PLA2G2A,Inhibit,Heart,Myocardial Ischemia
PLA2G4A,Inhibit,Liver,"Liver Cirrhosis, Experimental"
PLA2G6,Inhibit,Brain,NEURODEGENERATION WITH BRAIN IRON ACCUMULATION 2A
PLAC8,Inhibit,Liver,"Carcinoma, Hepatocellular"
PLAC8,Inhibit,Liver,"Liver Cirrhosis, Experimental"
PLAT,Inhibit,Brain,Brain Edema
PLAT,Inhibit,Brain,Brain Infarction
PLAT,Inhibit,Brain,Brain Ischemia
PLAT,Inhibit,Heart,Cardiac Tamponade
PLAT,Inhibit,Brain,Cerebral Hemorrhage
PLAT,Inhibit,Brain,Cerebral Infarction
PLAT,Inhibit,Liver,Chemical and Drug Induced Liver Injury
PLAT,Inhibit,Heart,Heart Failure
PLAT,Inhibit,Brain,"Infarction, Middle Cerebral Artery"
PLAT,Inhibit,Liver,"Liver Cirrhosis, Experimental"
PLAT,Inhibit,Heart,Myocardial Infarction
PLAT,Inhibit,Brain,Neurologic Manifestations
PLAT,Inhibit,Brain,Neurotoxicity Syndromes
PLAT,Inhibit,Heart,Pericardial Effusion
PLAT,Inhibit,Heart,"Shock, Cardiogenic"
PLAU,Inhibit,Brain,Brain Edema
PLAU,Inhibit,Brain,Brain Ischemia
PLAU,Inhibit,Brain,Cerebral Hemorrhage
PLAU,Inhibit,Brain,Cerebral Infarction
PLAU,Inhibit,Brain,Cerebrovascular Disorders
PLAU,Inhibit,Heart,"Heart Rupture, Post-Infarction"
PLAU,Inhibit,Brain,"Infarction, Middle Cerebral Artery"
PLAU,Inhibit,Liver,Liver Cirrhosis
PLAU,Inhibit,Liver,"Liver Cirrhosis, Experimental"
PLAU,Inhibit,Heart,Myocardial Infarction
PLD1,Inhibit,Heart,Cardiomegaly
PLD1,Inhibit,Brain,"Infarction, Middle Cerebral Artery"
PLD2,Inhibit,Heart,Cardiomegaly
PLD4,Inhibit,Liver,"Liver Cirrhosis, Experimental"
PLEK,Inhibit,Liver,"Liver Cirrhosis, Experimental"
PLEKHB1,Inhibit,Liver,"Liver Cirrhosis, Experimental"
PLEKHH1,Inhibit,Liver,"Liver Cirrhosis, Experimental"
PLG,Inhibit,Liver,Chemical and Drug Induced Liver Injury
PLG,Inhibit,Liver,"Liver Cirrhosis, Experimental"
PLIN2,Inhibit,Liver,Fatty Liver
PLIN2,Inhibit,Liver,"Liver Cirrhosis, Experimental"
PLIN3,Inhibit,Liver,"Liver Cirrhosis, Experimental"
PLIN4,Inhibit,Brain,Vacuolar Neuromyopathy
PLK1,Inhibit,Liver,"Carcinoma, Hepatocellular"
PLN,Inhibit,Heart,"Cardiomyopathy, Dilated, 1p"
PLN,Inhibit,Heart,"CARDIOMYOPATHY, FAMILIAL HYPERTROPHIC, 18"
PLN,Inhibit,Heart,Myocardial Infarction
PLN,Inhibit,Heart,Myocardial Reperfusion Injury
PLN,Inhibit,Heart,Myocardial Stunning
PLOD2,Inhibit,Liver,Liver Cirrhosis
PLOD2,Inhibit,Liver,"Liver Cirrhosis, Experimental"
PLPP2,Inhibit,Liver,"Liver Cirrhosis, Experimental"
PLPP3,Inhibit,Heart,Cardiomegaly
PLS1,Inhibit,Liver,Liver Neoplasms
PLS3,Inhibit,Liver,Chemical and Drug Induced Liver Injury
PLSCR1,Inhibit,Liver,"Liver Cirrhosis, Experimental"
PLSCR2,Inhibit,Liver,"Liver Cirrhosis, Experimental"
PLTP,Inhibit,Liver,"Liver Cirrhosis, Experimental"
PLVAP,Inhibit,Liver,"Carcinoma, Hepatocellular"
PLXDC1,Inhibit,Liver,"Carcinoma, Hepatocellular"
PLXNB1,Inhibit,Brain,Neurodevelopmental Disorders
PLXND1,Inhibit,Heart,"Heart Failure, Diastolic"
PMEPA1,Inhibit,Liver,"Liver Cirrhosis, Experimental"
PML,Inhibit,Liver,"Liver Neoplasms, Experimental"
PMP22,Inhibit,Brain,Hereditary Sensory and Motor Neuropathy
PMP22,Inhibit,Brain,Tomaculous neuropathy
PMS2,Inhibit,Brain,"Neuroectodermal Tumors, Primitive"
PNOC,Inhibit,Brain,Neurogenic Inflammation
PNP,Inhibit,Liver,Chemical and Drug Induced Liver Injury
PNPLA2,Inhibit,Heart,Endomyocardial Fibrosis
PNPLA2,Inhibit,Heart,Heart Diseases
PNPLA2,Inhibit,Heart,Heart Failure
PNPLA3,Inhibit,Liver,Fatty Liver
PNPLA3,Inhibit,Liver,"Liver Cirrhosis, Alcoholic"
PNPLA3,Inhibit,Liver,"Liver Diseases, Alcoholic"
PNPLA3,Inhibit,Liver,Non-alcoholic Fatty Liver Disease
PNPLA6,Inhibit,Brain,Motor Neuron Disease
PNPLA6,Inhibit,Liver,Oliver-McFarlane syndrome
PNPLA6,Inhibit,Brain,Polyneuropathies
PNPT1,Inhibit,Liver,"Carcinoma, Hepatocellular"
PNPT1,Inhibit,Brain,"DEAFNESS, AUTOSOMAL RECESSIVE 70, WITH OR WITHOUT ADULT-ONSET NEURODEGENERATION"
PNRC1,Inhibit,Liver,Chemical and Drug Induced Liver Injury
POGZ,Inhibit,Brain,Neurodevelopmental Disorders
POLG,Inhibit,Liver,Chemical and Drug Induced Liver Injury
POLG,Inhibit,Brain,Diffuse Cerebral Sclerosis of Schilder
POLG,Inhibit,Brain,"Sensory ataxic neuropathy, dysarthria, and ophthalmoparesis"
POLR2G,Inhibit,Liver,Chemical and Drug Induced Liver Injury
POMC,Inhibit,Heart,Bradycardia
POMC,Inhibit,Heart,Cardiomegaly
POMC,Inhibit,Heart,Cardiomyopathies
POMC,Inhibit,Heart,"Cardiomyopathy, Hypertrophic"
POMC,Inhibit,Brain,Cerebral Hemorrhage
POMC,Inhibit,Brain,Cerebral Palsy
POMC,Inhibit,Liver,Fatty Liver
POMC,Inhibit,Heart,Heart Failure
POMC,Inhibit,Liver,"Liver Cirrhosis, Experimental"
POMC,Inhibit,Liver,"Liver Failure, Acute"
POMC,Inhibit,Heart,Myocardial Ischemia
POMC,Inhibit,Brain,Neurogenic Inflammation
PON1,Inhibit,Brain,Brain Neoplasms
PON1,Inhibit,Heart,Cardiovascular Diseases
PON1,Inhibit,Liver,Chemical and Drug Induced Liver Injury
PON1,Inhibit,Liver,Fatty Liver
PON1,Inhibit,Heart,Heart Diseases
PON1,Inhibit,Heart,Heart Failure
PON1,Inhibit,Brain,"Neuroectodermal Tumors, Primitive"
PON1,Inhibit,Brain,Neurotoxicity Syndromes
PON2,Inhibit,Heart,Cardiovascular Diseases
POR,Inhibit,Heart,Heart Failure
POSTN,Inhibit,Liver,Liver Cirrhosis
POU2F2,Inhibit,Brain,Gastro-enteropancreatic neuroendocrine tumor
POU5F1,Inhibit,Heart,"Heart Defects, Congenital"
PPA2,Inhibit,Heart,"SUDDEN CARDIAC FAILURE, ALCOHOL-INDUCED"
PPA2,Inhibit,Heart,"SUDDEN CARDIAC FAILURE, INFANTILE"
PPAP2A,Inhibit,Liver,"Liver Cirrhosis, Experimental"
PPARA,Inhibit,Heart,Cardiomegaly
PPARA,Inhibit,Liver,Chemical and Drug Induced Liver Injury
PPARA,Inhibit,Liver,Fatty Liver
PPARA,Inhibit,Liver,"Fatty Liver, Alcoholic"
PPARA,Inhibit,Liver,Hepatomegaly
PPARA,Inhibit,Liver,Liver Neoplasms
PPARA,Inhibit,Heart,Myocardial Reperfusion Injury
PPARA,Inhibit,Liver,Non-alcoholic Fatty Liver Disease
PPARD,Inhibit,Heart,Cardiomegaly
PPARD,Inhibit,Heart,Cardiomyopathies
PPARD,Inhibit,Liver,Fatty Liver
PPARD,Inhibit,Liver,"Liver Diseases, Alcoholic"
PPARD,Inhibit,Liver,Non-alcoholic Fatty Liver Disease
PPARG,Inhibit,Liver,"Carcinoma, Hepatocellular"
PPARG,Inhibit,Heart,Heart Failure
PPARG,Inhibit,Liver,Liver Neoplasms
PPARG,Inhibit,Liver,Non-alcoholic Fatty Liver Disease
PPARGC1A,Inhibit,Brain,"Ceroid lipofuscinosis, neuronal 1, infantile"
PPARGC1A,Inhibit,Heart,Heart Failure
PPARGC1A,Inhibit,Heart,Myocardial Infarction
PPAT,Inhibit,Liver,"Liver Neoplasms, Experimental"
PPAT,Inhibit,Heart,Myocardial Ischemia
PPM1B,Inhibit,Heart,Myocardial Ischemia
PPM1D,Inhibit,Brain,Brain Stem Neoplasms
PPM1D,Inhibit,Brain,Neurodevelopmental Disorders
PPM1K,Inhibit,Heart,Heart Failure
PPP1R18,Inhibit,Liver,"Liver Cirrhosis, Experimental"
PPP1R1A,Inhibit,Heart,"Arrhythmias, Cardiac"
PPP1R1A,Inhibit,Liver,"Carcinoma, Hepatocellular"
PPP1R1A,Inhibit,Heart,Cardiomyopathies
PPP1R1A,Inhibit,Heart,Heart Failure
PPP1R3B,Inhibit,Liver,"Liver Cirrhosis, Experimental"
PPP1R3C,Inhibit,Liver,"Liver Cirrhosis, Experimental"
PPP2CA,Inhibit,Heart,Heart Diseases
PPP2CA,Inhibit,Heart,Myocardial Ischemia
PPP2R5D,Inhibit,Brain,Neurodevelopmental Disorders
PPP3CA,Inhibit,Brain,Brain Injuries
PPP3CA,Inhibit,Liver,Hepatolenticular Degeneration
PPP3CB,Inhibit,Liver,Hepatolenticular Degeneration
PPP3R1,Inhibit,Heart,Myocardial Ischemia
PPP4R3C,Inhibit,Liver,"Carcinoma, Hepatocellular"
PPT1,Inhibit,Brain,"Ceroid Lipofuscinosis, Neuronal, 1"
PPT1,Inhibit,Brain,"Ceroid lipofuscinosis, neuronal 1, infantile"
PPTC7,Inhibit,Liver,Chemical and Drug Induced Liver Injury
PQBP1,Inhibit,Heart,"Heart Septal Defects, Atrial"
PRAF2,Inhibit,Liver,"Liver Cirrhosis, Experimental"
PRC1,Inhibit,Liver,"Carcinoma, Hepatocellular"
PRDM12,Inhibit,Brain,"NEUROPATHY, HEREDITARY SENSORY AND AUTONOMIC, TYPE VIII"
PRDX1,Inhibit,Liver,"Carcinoma, Hepatocellular"
PRDX1,Inhibit,Liver,"Liver Neoplasms, Experimental"
PRDX2,Inhibit,Liver,"Carcinoma, Hepatocellular"
PRDX3,Inhibit,Brain,Motor Neuron Disease
PRDX3,Inhibit,Liver,Non-alcoholic Fatty Liver Disease
PRDX6,Inhibit,Liver,"Carcinoma, Hepatocellular"
PRDX6,Inhibit,Heart,Myocardial Ischemia
PRF1,Inhibit,Liver,Non-alcoholic Fatty Liver Disease
PRG4,Inhibit,Heart,Pericarditis
PRICKLE2,Inhibit,Liver,Liver Neoplasms
PRKAA2,Inhibit,Heart,Cardiomegaly
PRKAA2,Inhibit,Heart,Cardiomyopathies
PRKACA,Inhibit,Liver,Non-alcoholic Fatty Liver Disease
PRKAG2,Inhibit,Heart,"Cardiomyopathy, Familial Hypertrophic, 6"
PRKAG2,Inhibit,Heart,"Glycogen Storage Disease of Heart, Lethal Congenital"
PRKAR2B,Inhibit,Heart,Heart Failure
PRKCA,Inhibit,Heart,Cardiomegaly
PRKCA,Inhibit,Liver,Non-alcoholic Fatty Liver Disease
PRKCB,Inhibit,Heart,Cardiomegaly
PRKCB,Inhibit,Liver,"Liver Cirrhosis, Experimental"
PRKCD,Inhibit,Liver,Chemical and Drug Induced Liver Injury
PRKCD,Inhibit,Liver,"Liver Cirrhosis, Experimental"
PRKCD,Inhibit,Brain,Neurotoxicity Syndromes
PRKCD,Inhibit,Liver,Non-alcoholic Fatty Liver Disease
PRKCE,Inhibit,Heart,Cardiomyopathies
PRKCE,Inhibit,Liver,Liver Neoplasms
PRKCE,Inhibit,Heart,Myocardial Infarction
PRKCE,Inhibit,Heart,Myocardial Ischemia
PRKCE,Inhibit,Liver,Non-alcoholic Fatty Liver Disease
PRKCSH,Inhibit,Liver,Polycystic liver disease
PRKCZ,Inhibit,Heart,Cardiomegaly
PRKD1,Inhibit,Heart,CONGENITAL HEART DEFECTS AND ECTODERMAL DYSPLASIA
PRKDC,Inhibit,Liver,Chemical and Drug Induced Liver Injury
PRKDC,Inhibit,Liver,Hepatic Encephalopathy
PRKDC,Inhibit,Brain,IMMUNODEFICIENCY 26 WITH OR WITHOUT NEUROLOGIC ABNORMALITIES
PRKDC,Inhibit,Liver,Massive Hepatic Necrosis
PRL,Inhibit,Heart,Bradycardia
PRL,Inhibit,Heart,Heart Failure
PRL,Inhibit,Heart,"Pregnancy Complications, Cardiovascular"
PRLR,Inhibit,Liver,"Liver Cirrhosis, Experimental"
PRNP,Inhibit,Liver,Hepatolenticular Degeneration
PRNP,Inhibit,Liver,"Liver Cirrhosis, Experimental"
PRNP,Inhibit,Brain,Spongiform Encephalopathy with Neuropsychiatric Features
PROC,Inhibit,Brain,Cerebral Infarction
PROCR,Inhibit,Liver,"Liver Cirrhosis, Experimental"
PRODH,Inhibit,Liver,"Liver Cirrhosis, Experimental"
PRODH2,Inhibit,Liver,"Liver Cirrhosis, Experimental"
PRPS1,Inhibit,Brain,Optic atrophy polyneuropathy deafness
PRR13,Inhibit,Liver,"Liver Cirrhosis, Experimental"
PRSS35,Inhibit,Liver,Hepatomegaly
PRTFDC1,Inhibit,Liver,"Liver Cirrhosis, Experimental"
PRTG,Inhibit,Liver,"Liver Cirrhosis, Experimental"
PRUNE2,Inhibit,Liver,"Liver Cirrhosis, Experimental"
PRX,Inhibit,Brain,Hereditary Sensory and Motor Neuropathy
PSEN1,Inhibit,Brain,Amyloid Neuropathies
PSEN1,Inhibit,Heart,Cardiomyopathies
PSEN1,Inhibit,Heart,"Cardiomyopathy, Dilated"
PSEN1,Inhibit,Heart,"Cardiomyopathy, Dilated, 1u"
PSEN1,Inhibit,Brain,Neurodegenerative Diseases
PSEN1,Inhibit,Brain,Pick Disease of the Brain
PSEN2,Inhibit,Heart,"Cardiomyopathy, Dilated"
PSEN2,Inhibit,Heart,"Cardiomyopathy, Dilated, 1V"
PSMA2,Inhibit,Heart,Heart Diseases
PSMA4,Inhibit,Liver,Liver Neoplasms
PSMA5,Inhibit,Liver,Fatty Liver
PSMA6,Inhibit,Heart,Myocardial Infarction
PSMB10,Inhibit,Liver,"Liver Cirrhosis, Experimental"
PSMB5,Inhibit,Heart,Myocardial Ischemia
PSMB8,Inhibit,Liver,"Liver Cirrhosis, Experimental"
PSMB9,Inhibit,Liver,"Liver Cirrhosis, Experimental"
PSMD11,Inhibit,Liver,"Liver Failure, Acute"
PSMD14,Inhibit,Brain,Neuroblastoma
PSME2,Inhibit,Liver,"Liver Cirrhosis, Experimental"
PSTPIP1,Inhibit,Liver,"Liver Cirrhosis, Experimental"
PTAFR,Inhibit,Liver,"Liver Cirrhosis, Experimental"
PTCH1,Inhibit,Brain,Brain Neoplasms
PTCH1,Inhibit,Brain,"Neuroectodermal Tumors, Primitive"
PTEN,Inhibit,Liver,"Adenoma, Liver Cell"
PTEN,Inhibit,Liver,"Carcinoma, Hepatocellular"
PTEN,Inhibit,Liver,Fatty Liver
PTEN,Inhibit,Liver,Liver Cirrhosis
PTEN,Inhibit,Heart,Myocardial Reperfusion Injury
PTEN,Inhibit,Brain,Neurodevelopmental Disorders
PTEN,Inhibit,Liver,Non-alcoholic Fatty Liver Disease
PTER,Inhibit,Liver,"Liver Cirrhosis, Experimental"
PTER,Inhibit,Liver,Liver Neoplasms
PTF1A,Inhibit,Liver,Chemical and Drug Induced Liver Injury
PTGER2,Inhibit,Liver,"Liver Cirrhosis, Experimental"
PTGES2,Inhibit,Liver,Chemical and Drug Induced Liver Injury
PTGES3,Inhibit,Brain,Neurotoxicity Syndromes
PTGIR,Inhibit,Heart,Heart Diseases
PTGS1,Inhibit,Heart,Heart Failure
PTGS1,Inhibit,Liver,"Liver Cirrhosis, Experimental"
PTGS2,Inhibit,Heart,"Arrhythmias, Cardiac"
PTGS2,Inhibit,Brain,Brain Injuries
PTGS2,Inhibit,Brain,"Brain Injuries, Traumatic"
PTGS2,Inhibit,Brain,Brain Ischemia
PTGS2,Inhibit,Liver,"Carcinoma, Hepatocellular"
PTGS2,Inhibit,Heart,Cardiomyopathies
PTGS2,Inhibit,Heart,Cardiovascular Diseases
PTGS2,Inhibit,Liver,Chemical and Drug Induced Liver Injury
PTGS2,Inhibit,Heart,Heart Failure
PTGS2,Inhibit,Liver,"Liver Cirrhosis, Experimental"
PTGS2,Inhibit,Brain,Neurogenic Inflammation
PTGS2,Inhibit,Heart,Pericardial Effusion
PTH,Inhibit,Heart,Heart Failure
PTH1R,Inhibit,Liver,"Carcinoma, Hepatocellular"
PTHLH,Inhibit,Brain,Neuroendocrine Tumors
PTK2,Inhibit,Liver,"Carcinoma, Hepatocellular"
PTK7,Inhibit,Brain,Neurodevelopmental Disorders
PTMA,Inhibit,Liver,Fatty Liver
PTN,Inhibit,Liver,"Liver Cirrhosis, Experimental"
PTP4A2,Inhibit,Heart,"Heart Failure, Diastolic"
PTPN1,Inhibit,Liver,"Liver Cirrhosis, Experimental"
PTPN11,Inhibit,Heart,Cardiofaciocutaneous syndrome
PTPN11,Inhibit,Brain,Neuroblastoma
PTPN11,Inhibit,Brain,Neurodevelopmental Disorders
PTPN14,Inhibit,Brain,Neuroblastoma
PTPN18,Inhibit,Liver,"Liver Cirrhosis, Experimental"
PTPN3,Inhibit,Heart,"Heart Failure, Diastolic"
PTPN6,Inhibit,Heart,Heart Valve Diseases
PTPRA,Inhibit,Heart,Myocardial Ischemia
PTPRC,Inhibit,Brain,Gastro-enteropancreatic neuroendocrine tumor
PTPRC,Inhibit,Liver,"Liver Cirrhosis, Experimental"
PTPRD,Inhibit,Liver,"Liver Cirrhosis, Experimental"
PTPRF,Inhibit,Heart,Heart Failure
PTPRO,Inhibit,Liver,"Liver Cirrhosis, Experimental"
PTPRO,Inhibit,Liver,Liver Neoplasms
PTRH1,Inhibit,Liver,"Liver Cirrhosis, Experimental"
PTRH2,Inhibit,Brain,"NEUROLOGIC, ENDOCRINE, AND PANCREATIC DISEASE, MULTISYSTEM, INFANTILE-ONSET 1"
PTRHD1,Inhibit,Liver,"Liver Cirrhosis, Experimental"
PTTG1,Inhibit,Liver,"Carcinoma, Hepatocellular"
PUM1,Inhibit,Liver,Chemical and Drug Induced Liver Injury
PURA,Inhibit,Brain,Neurodevelopmental Disorders
PURA,Inhibit,Brain,"NEURODEVELOPMENTAL DISORDER WITH NEONATAL RESPIRATORY INSUFFICIENCY, HYPOTONIA, AND FEEDING DIFFICULTIES"
PUS3,Inhibit,Brain,NEURODEVELOPMENTAL DISORDER WITH MICROCEPHALY AND GRAY SCLERAE
PVT1,Inhibit,Liver,Liver Cirrhosis
PXDN,Inhibit,Liver,"Liver Cirrhosis, Experimental"
PYCARD,Inhibit,Liver,"Carcinoma, Hepatocellular"
PYCARD,Inhibit,Heart,Heart Valve Diseases
PYCARD,Inhibit,Liver,"Liver Cirrhosis, Experimental"
PYCR1,Inhibit,Liver,"Liver Cirrhosis, Experimental"
PYGB,Inhibit,Heart,Myocardial Ischemia
PYGL,Inhibit,Liver,"Carcinoma, Hepatocellular"
PYGL,Inhibit,Liver,Chemical and Drug Induced Liver Injury
PZP,Inhibit,Liver,"Carcinoma, Hepatocellular"
PZP,Inhibit,Liver,Chemical and Drug Induced Liver Injury
QARS1,Inhibit,Brain,"MICROCEPHALY, PROGRESSIVE, WITH SEIZURES AND CEREBRAL AND CEREBELLAR ATROPHY"
QDPR,Inhibit,Liver,"Liver Failure, Acute"
R3HDM2,Inhibit,Liver,"Liver Cirrhosis, Experimental"
RAB12,Inhibit,Heart,Myocardial Ischemia
RAB1B,Inhibit,Heart,Myocardial Ischemia
RAB30,Inhibit,Liver,"Liver Cirrhosis, Experimental"
RAB31,Inhibit,Liver,"Liver Cirrhosis, Experimental"
RAB32,Inhibit,Liver,"Liver Cirrhosis, Experimental"
RAB40B,Inhibit,Liver,"Liver Cirrhosis, Experimental"
RAB5A,Inhibit,Heart,Myocardial Ischemia
RAB7A,Inhibit,Heart,Myocardial Ischemia
RAB8B,Inhibit,Liver,"Liver Cirrhosis, Experimental"
RABGAP1L,Inhibit,Liver,"Liver Cirrhosis, Experimental"
RAC1,Inhibit,Liver,"Carcinoma, Hepatocellular"
RAC1,Inhibit,Heart,"Cardiomyopathy, Dilated"
RAC1,Inhibit,Heart,Cardiotoxicity
RAC1,Inhibit,Heart,Heart Failure
RAC1,Inhibit,Liver,Liver Diseases
RAC2,Inhibit,Heart,Heart Diseases
RAC2,Inhibit,Liver,"Liver Cirrhosis, Experimental"
RACGAP1,Inhibit,Liver,"Carcinoma, Hepatocellular"
RAD54L,Inhibit,Liver,"Carcinoma, Hepatocellular"
RAF1,Inhibit,Heart,"Cardiomyopathy, Dilated"
RAF1,Inhibit,Heart,"CARDIOMYOPATHY, DILATED, 1NN"
RAF1,Inhibit,Heart,"Cardiomyopathy, Hypertrophic"
RAF1,Inhibit,Liver,Liver Neoplasms
RAG2,Inhibit,Liver,Non-alcoholic Fatty Liver Disease
RAI1,Inhibit,Brain,Neurobehavioral Manifestations
RALBP1,Inhibit,Heart,Myocardial Ischemia
RAMP1,Inhibit,Liver,"Liver Cirrhosis, Experimental"
RARA,Inhibit,Liver,"Carcinoma, Hepatocellular"
RARA,Inhibit,Brain,Sciatic Neuropathy
RARB,Inhibit,Brain,Sciatic Neuropathy
RARG,Inhibit,Heart,Cardiotoxicity
RARG,Inhibit,Heart,Heart Diseases
RARRES1,Inhibit,Liver,"Liver Cirrhosis, Experimental"
RASA1,Inhibit,Liver,Chemical and Drug Induced Liver Injury
RASSF1,Inhibit,Heart,"Cardiomyopathy, Hypertrophic"
RASSF4,Inhibit,Liver,"Liver Cirrhosis, Experimental"
RASSF5,Inhibit,Brain,Neuroblastoma
RB1,Inhibit,Brain,Brain Ischemia
RB1,Inhibit,Liver,"Carcinoma, Hepatocellular"
RB1,Inhibit,Liver,"Liver Neoplasms, Experimental"
RBCK1,Inhibit,Heart,Cardiomegaly
RBL2,Inhibit,Liver,"Liver Cirrhosis, Experimental"
RBM20,Inhibit,Heart,"Cardiomyopathy, Dilated, 1DD"
RBM28,Inhibit,Brain,"Alopecia, Neurologic Defects, and Endocrinopathy Syndrome"
RBM3,Inhibit,Liver,"Liver Cirrhosis, Experimental"
RBMY,Inhibit,Liver,"Carcinoma, Hepatocellular"
RBMY,Inhibit,Liver,"Liver Neoplasms, Experimental"
RBP1,Inhibit,Liver,Chemical and Drug Induced Liver Injury
RBP4,Inhibit,Heart,Heart Failure
RBP4,Inhibit,Liver,"Liver Diseases, Alcoholic"
RBPJ,Inhibit,Liver,Adams Oliver syndrome
RCAN1,Inhibit,Liver,"Carcinoma, Hepatocellular"
RCAN1,Inhibit,Heart,"Heart Defects, Congenital"
RCAN2,Inhibit,Liver,Non-alcoholic Fatty Liver Disease
RCN1,Inhibit,Liver,"Liver Cirrhosis, Experimental"
RCN2,Inhibit,Liver,"Liver Cirrhosis, Experimental"
RCSD1,Inhibit,Liver,"Liver Cirrhosis, Experimental"
RDH10,Inhibit,Liver,"Liver Cirrhosis, Experimental"
RDH13,Inhibit,Liver,Chemical and Drug Induced Liver Injury
RDH13,Inhibit,Liver,"Liver Cirrhosis, Experimental"
RDH2,Inhibit,Liver,"Liver Cirrhosis, Experimental"
RDH3,Inhibit,Liver,"Liver Cirrhosis, Experimental"
RDX,Inhibit,Liver,Non-alcoholic Fatty Liver Disease
RECK,Inhibit,Liver,"Liver Cirrhosis, Experimental"
REEP1,Inhibit,Brain,"Neuronopathy, Distal Hereditary Motor, Type V"
REEP5,Inhibit,Liver,Chemical and Drug Induced Liver Injury
REEP5,Inhibit,Liver,"Liver Cirrhosis, Experimental"
RELA,Inhibit,Brain,"Brain Injuries, Traumatic"
RELA,Inhibit,Brain,Brain Ischemia
RELA,Inhibit,Brain,Brain Neoplasms
RELA,Inhibit,Liver,"Cholestasis, Extrahepatic"
RELA,Inhibit,Liver,Hepatic Insufficiency
RELA,Inhibit,Liver,Hepatomegaly
RELA,Inhibit,Liver,"Liver Cirrhosis, Alcoholic"
RELA,Inhibit,Liver,"Liver Cirrhosis, Biliary"
RELA,Inhibit,Liver,"Liver Cirrhosis, Experimental"
RELA,Inhibit,Brain,Neuroblastoma
RELL1,Inhibit,Liver,"Liver Cirrhosis, Experimental"
REN,Inhibit,Heart,Cardiomegaly
REN,Inhibit,Heart,Heart Failure
REN,Inhibit,Liver,Liver Cirrhosis
REN,Inhibit,Heart,Myocardial Infarction
REN2,Inhibit,Heart,Cardiomegaly
REN2,Inhibit,Heart,"Cardiomyopathy, Hypertrophic"
RENBP,Inhibit,Heart,"Cardiomyopathy, Dilated"
RERE,Inhibit,Heart,"NEURODEVELOPMENTAL DISORDER WITH OR WITHOUT ANOMALIES OF THE BRAIN, EYE, OR HEART"
RETN,Inhibit,Heart,Heart Failure
RETREG1,Inhibit,Brain,Hereditary Sensory and Autonomic Neuropathies
RETREG1,Inhibit,Brain,"NEUROPATHY, HEREDITARY SENSORY AND AUTONOMIC, TYPE IIA"
RETREG1,Inhibit,Brain,"Neuropathy, Hereditary Sensory And Autonomic, Type IIB"
RFC1,Inhibit,Brain,Hereditary Sensory and Motor Neuropathy
RFC1,Inhibit,Brain,"Neuropathy, Hereditary Sensory And Autonomic, Type I, With Cough And Gastroesophageal Reflux"
RGCC,Inhibit,Heart,Myocardial Ischemia
RGD1565959,Inhibit,Liver,Hepatomegaly
RGN,Inhibit,Liver,Chemical and Drug Induced Liver Injury
RGN,Inhibit,Liver,Liver Cirrhosis
RGN,Inhibit,Liver,"Liver Cirrhosis, Experimental"
RGN,Inhibit,Liver,"Liver Neoplasms, Experimental"
RGS10,Inhibit,Liver,"Liver Cirrhosis, Experimental"
RGS2,Inhibit,Liver,"Liver Cirrhosis, Experimental"
RGS3,Inhibit,Liver,"Liver Cirrhosis, Experimental"
RGS5,Inhibit,Liver,"Liver Cirrhosis, Experimental"
RHOA,Inhibit,Brain,Neurocutaneous Syndromes
RHOC,Inhibit,Heart,Myocardial Ischemia
RHOJ,Inhibit,Heart,Cardiomyopathies
RHOQ,Inhibit,Liver,"Liver Cirrhosis, Experimental"
RIDA,Inhibit,Liver,"Liver Failure, Acute"
RIGI,Inhibit,Liver,Hepatitis C
RIMS1,Inhibit,Brain,Neurodevelopmental Disorders
RIPK3,Inhibit,Liver,Chemical and Drug Induced Liver Injury
RIPK3,Inhibit,Liver,Fatty Liver
RIPK3,Inhibit,Heart,Heart Valve Diseases
RIT1,Inhibit,Liver,"Liver Cirrhosis, Experimental"
RLN3,Inhibit,Heart,Myocardial Ischemia
RMDN2,Inhibit,Liver,"Liver Cirrhosis, Experimental"
RMND5B,Inhibit,Liver,"Liver Cirrhosis, Experimental"
RMST,Inhibit,Heart,Heart Failure
RNASE4,Inhibit,Liver,"Liver Cirrhosis, Experimental"
RNASE6,Inhibit,Liver,Liver Diseases
RNASE6,Inhibit,Brain,Neurotoxicity Syndromes
RNASEH2A,Inhibit,Heart,Aicardi-Goutieres Syndrome 4
RNASEH2B,Inhibit,Heart,Aicardi-Goutieres syndrome
RNASEH2C,Inhibit,Heart,Aicardi-Goutieres Syndrome 3
RNASEL,Inhibit,Liver,"Liver Cirrhosis, Experimental"
RNASET2,Inhibit,Brain,Brain Diseases
RND3,Inhibit,Liver,"Carcinoma, Hepatocellular"
RNF10,Inhibit,Heart,Cardiotoxicity
RNF157,Inhibit,Liver,"Carcinoma, Hepatocellular"
RNF39,Inhibit,Liver,"Liver Cirrhosis, Experimental"
RNF43,Inhibit,Liver,"Liver Diseases, Parasitic"
ROBO1,Inhibit,Liver,"Carcinoma, Hepatocellular"
ROBO2,Inhibit,Liver,"Liver Cirrhosis, Experimental"
ROBO2,Inhibit,Liver,"Liver Diseases, Parasitic"
ROCK2,Inhibit,Heart,Cardiomegaly
ROCK2,Inhibit,Heart,Heart Failure
RPH3AL,Inhibit,Liver,"Liver Cirrhosis, Experimental"
RPL17,Inhibit,Heart,Myocardial Ischemia
RPS6,Inhibit,Liver,"Carcinoma, Hepatocellular"
RPS6KA3,Inhibit,Liver,"Carcinoma, Hepatocellular"
RPS6KB1,Inhibit,Brain,"Ceroid lipofuscinosis, neuronal 1, infantile"
RRAD,Inhibit,Heart,Cardiomegaly
RRAS2,Inhibit,Liver,"Liver Neoplasms, Experimental"
RRM1,Inhibit,Liver,"Carcinoma, Hepatocellular"
RRM2,Inhibit,Liver,"Carcinoma, Hepatocellular"
RSAD2,Inhibit,Heart,Heart Failure
RSAD2,Inhibit,Heart,Myocardial Ischemia
RSPO3,Inhibit,Liver,"Carcinoma, Hepatocellular"
RSRP1,Inhibit,Liver,"Liver Cirrhosis, Experimental"
RT1-BA,Inhibit,Liver,"Liver Cirrhosis, Experimental"
RT1-CE5,Inhibit,Liver,"Liver Cirrhosis, Experimental"
RT1-DA,Inhibit,Liver,"Liver Cirrhosis, Experimental"
RT1-DB1,Inhibit,Liver,"Liver Cirrhosis, Experimental"
RT1-DMA,Inhibit,Liver,"Liver Cirrhosis, Experimental"
RT1-DMB,Inhibit,Liver,"Liver Cirrhosis, Experimental"
RT1-DOA,Inhibit,Liver,Liver Diseases
RT1-M3-1,Inhibit,Liver,"Liver Cirrhosis, Experimental"
RT1-N3,Inhibit,Heart,Myocardial Ischemia
RTN1,Inhibit,Heart,Myocardial Ischemia
RTN4,Inhibit,Liver,"Liver Cirrhosis, Experimental"
RTP3,Inhibit,Liver,"Carcinoma, Hepatocellular"
RTP3,Inhibit,Liver,"Liver Cirrhosis, Experimental"
RTP3,Inhibit,Liver,Liver Neoplasms
RUNX3,Inhibit,Liver,"Carcinoma, Hepatocellular"
RUNX3,Inhibit,Brain,Gastro-enteropancreatic neuroendocrine tumor
RXRA,Inhibit,Brain,Sciatic Neuropathy
RXRG,Inhibit,Heart,Myocardial Ischemia
RYR2,Inhibit,Heart,"Arrhythmias, Cardiac"
RYR2,Inhibit,Heart,"Death, Sudden, Cardiac"
RYR2,Inhibit,Heart,Diabetic Cardiomyopathies
RYR2,Inhibit,Heart,Myocardial Ischemia
RYR2,Inhibit,Heart,Polymorphic Catecholaminergic Ventricular Tachycardia
RYR2,Inhibit,Heart,Tachycardia
RYR2,Inhibit,Heart,"Tachycardia, Ventricular"
RYR2,Inhibit,Heart,"VENTRICULAR TACHYCARDIA, CATECHOLAMINERGIC POLYMORPHIC, 1, WITH OR WITHOUT ATRIAL DYSFUNCTION AND/OR DILATED CARDIOMYOPATHY"
S100A10,Inhibit,Liver,"Liver Cirrhosis, Experimental"
S100A11,Inhibit,Liver,Chemical and Drug Induced Liver Injury
S100A11,Inhibit,Liver,"Liver Cirrhosis, Experimental"
S100A5,Inhibit,Brain,"Infarction, Middle Cerebral Artery"
S100A6,Inhibit,Liver,"Liver Cirrhosis, Experimental"
S100A9,Inhibit,Liver,"Liver Cirrhosis, Experimental"
S100B,Inhibit,Brain,Brain Edema
S100B,Inhibit,Brain,Brain Injuries
S100B,Inhibit,Brain,"Brain Injuries, Diffuse"
S100B,Inhibit,Brain,Brain Neoplasms
S100B,Inhibit,Brain,Cerebral Hemorrhage
S100B,Inhibit,Liver,Hepatic Encephalopathy
S100B,Inhibit,Heart,Myocardial Infarction
S1PR1,Inhibit,Liver,"Liver Cirrhosis, Experimental"
S1PR2,Inhibit,Heart,Heart Diseases
SACK1D,Inhibit,Liver,"Carcinoma, Hepatocellular"
SALL4,Inhibit,Heart,"Heart Septal Defects, Ventricular"
SAMD11,Inhibit,Liver,"Liver Cirrhosis, Experimental"
SAMHD1,Inhibit,Heart,Aicardi-Goutieres syndrome
SAMHD1,Inhibit,Heart,Aicardi-Goutieres syndrome 5
SAP130,Inhibit,Heart,Hypoplastic Left Heart Syndrome
SAP130A,Inhibit,Heart,"Heart Defects, Congenital"
SASH3,Inhibit,Liver,"Liver Cirrhosis, Experimental"
SBSPON,Inhibit,Liver,Hepatomegaly
SC5D,Inhibit,Liver,Liver Diseases
SCAP,Inhibit,Liver,"Carcinoma, Hepatocellular"
SCARB1,Inhibit,Liver,Hepatitis C
SCARB1,Inhibit,Liver,Non-alcoholic Fatty Liver Disease
SCD,Inhibit,Liver,"Carcinoma, Hepatocellular"
SCD,Inhibit,Liver,Liver Neoplasms
SCD1,Inhibit,Liver,Fatty Liver
SCD1,Inhibit,Heart,Heart Failure
SCD2,Inhibit,Liver,"Liver Cirrhosis, Experimental"
SCN10A,Inhibit,Heart,Heart Block
SCN11A,Inhibit,Brain,"NEUROPATHY, HEREDITARY SENSORY AND AUTONOMIC, TYPE VII"
SCN1A,Inhibit,Brain,Neurodevelopmental Disorders
SCN2A,Inhibit,Brain,Neurodevelopmental Disorders
SCN5A,Inhibit,Heart,"Cardiomyopathy, Dilated, 1E"
SCN5A,Inhibit,Heart,"PROGRESSIVE FAMILIAL HEART BLOCK, TYPE IA"
SCN5A,Inhibit,Heart,"Tachycardia, Ventricular"
SCN8A,Inhibit,Brain,Neurodevelopmental Disorders
SCN9A,Inhibit,Brain,"NEUROPATHY, HEREDITARY SENSORY AND AUTONOMIC, TYPE IIA"
SCO1,Inhibit,Brain,Brain Diseases
SCO1,Inhibit,Heart,Heart Diseases
SCO1,Inhibit,Liver,Liver Diseases
SCO1,Inhibit,Liver,"Liver Failure, Acute"
SCO2,Inhibit,Brain,"Brain Diseases, Metabolic, Inborn"
SCO2,Inhibit,Heart,"Cardioencephalomyopathy, Fatal Infantile, due to Cytochrome C Oxidase Deficiency"
SCO2,Inhibit,Heart,Cardiomyopathies
SCO2,Inhibit,Heart,"Cardiomyopathy, Hypertrophic"
SCP2,Inhibit,Brain,LEUKOENCEPHALOPATHY WITH DYSTONIA AND MOTOR NEUROPATHY
SCP2,Inhibit,Brain,Polyneuropathies
SCT,Inhibit,Heart,Tachycardia
SDHA,Inhibit,Heart,"Cardiomyopathy, Dilated"
SDHAF2,Inhibit,Liver,Hepatolenticular Degeneration
SDR42E1,Inhibit,Liver,"Liver Cirrhosis, Experimental"
SDS,Inhibit,Liver,"Liver Cirrhosis, Experimental"
SEC63,Inhibit,Liver,Polycystic liver disease
SECTM1B,Inhibit,Liver,"Liver Cirrhosis, Experimental"
SELE,Inhibit,Brain,Brain Ischemia
SELE,Inhibit,Heart,Cardiovascular Diseases
SELE,Inhibit,Heart,Myocardial Ischemia
SELENBP1,Inhibit,Liver,Chemical and Drug Induced Liver Injury
SELENBP2,Inhibit,Liver,"Liver Cirrhosis, Experimental"
SELENOM,Inhibit,Liver,"Liver Cirrhosis, Experimental"
SELENOP,Inhibit,Liver,"Liver Cirrhosis, Experimental"
SELENOP,Inhibit,Brain,Neurodegenerative Diseases
SELENOW,Inhibit,Liver,"Liver Cirrhosis, Experimental"
SELL,Inhibit,Heart,Myocardial Infarction
SELP,Inhibit,Heart,Myocardial Ischemia
SELP,Inhibit,Heart,Myocardial Reperfusion Injury
SELP,Inhibit,Brain,Neurobehavioral Manifestations
SEMA3A,Inhibit,Liver,Chemical and Drug Induced Liver Injury
SEMA3B,Inhibit,Brain,Neuroblastoma
SEMA4A,Inhibit,Liver,Chemical and Drug Induced Liver Injury
SEMA6D,Inhibit,Liver,"Liver Cirrhosis, Experimental"
SENP2,Inhibit,Liver,Chemical and Drug Induced Liver Injury
SENP2,Inhibit,Liver,"Liver Cirrhosis, Experimental"
SERPINA1,Inhibit,Liver,"Carcinoma, Hepatocellular"
SERPINA1,Inhibit,Brain,Gastro-enteropancreatic neuroendocrine tumor
SERPINA1,Inhibit,Liver,Liver Cirrhosis
SERPINA1,Inhibit,Liver,Liver Diseases
SERPINA1,Inhibit,Brain,Neurodegenerative Diseases
SERPINA1,Inhibit,Liver,Non-alcoholic Fatty Liver Disease
SERPINA3K,Inhibit,Liver,"Liver Cirrhosis, Experimental"
SERPINA3M,Inhibit,Liver,"Liver Cirrhosis, Experimental"
SERPINA4,Inhibit,Liver,"Carcinoma, Hepatocellular"
SERPINA4,Inhibit,Liver,"Liver Cirrhosis, Experimental"
SERPINA6,Inhibit,Liver,Chemical and Drug Induced Liver Injury
SERPINA6,Inhibit,Liver,Fatty Liver
SERPINA6,Inhibit,Liver,Liver Cirrhosis
SERPINA6,Inhibit,Liver,"Liver Cirrhosis, Experimental"
SERPINA7,Inhibit,Liver,"Liver Cirrhosis, Experimental"
SERPINB2,Inhibit,Liver,Non-alcoholic Fatty Liver Disease
SERPINB9,Inhibit,Liver,"Liver Cirrhosis, Experimental"
SERPINC1,Inhibit,Brain,Brain Injuries
SERPINC1,Inhibit,Brain,Cerebral Hemorrhage
SERPINC1,Inhibit,Brain,Craniocerebral Trauma
SERPINC1,Inhibit,Liver,"Liver Failure, Acute"
SERPINE1,Inhibit,Liver,Fatty Liver
SERPINE1,Inhibit,Heart,Heart Failure
SERPINE1,Inhibit,Liver,Liver Diseases
SERPING1,Inhibit,Liver,Chemical and Drug Induced Liver Injury
SERPING1,Inhibit,Liver,Liver Cirrhosis
SERPINH1,Inhibit,Brain,"Infarction, Middle Cerebral Artery"
SERPINH1,Inhibit,Liver,Liver Cirrhosis
SERPINH1,Inhibit,Liver,"Liver Cirrhosis, Experimental"
SERPINI1,Inhibit,Brain,Familial encephalopathy with neuroserpin inclusion bodies
SESN2,Inhibit,Liver,Chemical and Drug Induced Liver Injury
SESN2,Inhibit,Liver,Hepatomegaly
SETBP1,Inhibit,Brain,Neurodevelopmental Disorders
SETD2,Inhibit,Brain,Neurodevelopmental Disorders
SETD5,Inhibit,Brain,Neurodevelopmental Disorders
SEZ6,Inhibit,Liver,"Liver Cirrhosis, Experimental"
SFN,Inhibit,Liver,"Carcinoma, Hepatocellular"
SFRP1,Inhibit,Liver,"Carcinoma, Hepatocellular"
SFRP1,Inhibit,Heart,Heart Diseases
SFRP1,Inhibit,Heart,"Heart Failure, Diastolic"
SGCB,Inhibit,Heart,Cardiomyopathies
SGCB,Inhibit,Liver,"Liver Cirrhosis, Experimental"
SGCD,Inhibit,Heart,Cardiomyopathies
SGCD,Inhibit,Heart,"Cardiomyopathy, Dilated, 1l"
SGF29,Inhibit,Liver,Chemical and Drug Induced Liver Injury
SGK1,Inhibit,Brain,Diabetic Neuropathies
SGK2,Inhibit,Liver,"Liver Cirrhosis, Experimental"
SGO1,Inhibit,Heart,"Arrhythmias, Cardiac"
SH2B3,Inhibit,Heart,Myocardial Infarction
SH3BGRL3,Inhibit,Liver,"Liver Cirrhosis, Experimental"
SH3GL1,Inhibit,Liver,"Carcinoma, Hepatocellular"
SH3TC2,Inhibit,Brain,"MONONEUROPATHY OF THE MEDIAN NERVE, MILD"
SHBG,Inhibit,Heart,"Cardiomyopathy, Dilated"
SHC1,Inhibit,Heart,Cardiomegaly
SHC1,Inhibit,Liver,Chemical and Drug Induced Liver Injury
SHC1,Inhibit,Liver,Liver Cirrhosis
SHCBP1,Inhibit,Liver,"Liver Cirrhosis, Experimental"
SHFM1,Inhibit,Brain,Neuroblastoma
SHH,Inhibit,Liver,"Carcinoma, Hepatocellular"
SHISA3,Inhibit,Liver,"Liver Cirrhosis, Experimental"
SIGLEC5,Inhibit,Liver,"Liver Cirrhosis, Experimental"
SIK1,Inhibit,Heart,"Cardiomyopathy, Dilated"
SIK2,Inhibit,Liver,"Carcinoma, Hepatocellular"
SIPA1L1,Inhibit,Heart,"Heart Failure, Diastolic"
SIRT1,Inhibit,Brain,Brain Infarction
SIRT1,Inhibit,Brain,Brain Neoplasms
SIRT1,Inhibit,Brain,"Ceroid lipofuscinosis, neuronal 1, infantile"
SIRT1,Inhibit,Liver,Fatty Liver
SIRT1,Inhibit,Heart,Heart Diseases
SIRT1,Inhibit,Heart,Heart Failure
SIRT1,Inhibit,Liver,"Liver Cirrhosis, Experimental"
SIRT1,Inhibit,Heart,Myocardial Reperfusion Injury
SIRT1,Inhibit,Brain,Neurodegenerative Diseases
SIRT1,Inhibit,Liver,Non-alcoholic Fatty Liver Disease
SIRT4,Inhibit,Heart,Cardiomegaly
SIRT4,Inhibit,Heart,Endomyocardial Fibrosis
SIRT6,Inhibit,Heart,Cardiomegaly
SIRT6,Inhibit,Heart,Cardiotoxicity
SIRT6,Inhibit,Heart,Endomyocardial Fibrosis
SIRT6,Inhibit,Liver,Fatty Liver
SIRT7,Inhibit,Liver,Fatty Liver
SIX3,Inhibit,Liver,Liver Neoplasms
SKA1,Inhibit,Liver,"Carcinoma, Hepatocellular"
SKA3,Inhibit,Liver,"Carcinoma, Hepatocellular"
SKAP2,Inhibit,Liver,"Liver Cirrhosis, Experimental"
SKIC2,Inhibit,Liver,Trichohepatoenteric Syndrome
SKIC3,Inhibit,Liver,Trichohepatoenteric Syndrome
SKN-1,Inhibit,Brain,"Gait Disorders, Neurologic"
SKN-1,Inhibit,Brain,Neuromuscular Manifestations
SKP2,Inhibit,Liver,"Carcinoma, Hepatocellular"
SLA,Inhibit,Liver,"Liver Cirrhosis, Experimental"
SLAMF9,Inhibit,Liver,"Liver Cirrhosis, Experimental"
SLC10A1,Inhibit,Liver,Hepatitis B
SLC10A1,Inhibit,Liver,"Liver Cirrhosis, Experimental"
SLC10A7,Inhibit,Liver,Chemical and Drug Induced Liver Injury
SLC11A2,Inhibit,Liver,Liver Neoplasms
SLC12A2,Inhibit,Heart,Cardiovascular Diseases
SLC12A6,Inhibit,Brain,Corpus callosum agenesis neuronopathy
SLC13A4,Inhibit,Liver,Chemical and Drug Induced Liver Injury
SLC13A4,Inhibit,Liver,Liver Cirrhosis
SLC13A5,Inhibit,Liver,Fatty Liver
SLC15A3,Inhibit,Liver,"Liver Cirrhosis, Experimental"
SLC17A1,Inhibit,Liver,"Liver Cirrhosis, Experimental"
SLC17A2,Inhibit,Liver,Liver Cirrhosis
SLC17A2,Inhibit,Liver,"Liver Cirrhosis, Experimental"
SLC19A2,Inhibit,Liver,"Liver Cirrhosis, Experimental"
SLC1A1,Inhibit,Brain,Brain Diseases
SLC20A1,Inhibit,Liver,"Liver Cirrhosis, Experimental"
SLC22A1,Inhibit,Liver,"Carcinoma, Hepatocellular"
SLC22A10,Inhibit,Liver,"Carcinoma, Hepatocellular"
SLC22A23,Inhibit,Liver,"Liver Cirrhosis, Experimental"
SLC22A3,Inhibit,Heart,Myocarditis
SLC22A4,Inhibit,Heart,Myocarditis
SLC22A5,Inhibit,Heart,"Cardiomyopathy, Dilated"
SLC22A5,Inhibit,Heart,Myocarditis
SLC22A8,Inhibit,Liver,Chemical and Drug Induced Liver Injury
SLC22A8,Inhibit,Liver,Fatty Liver
SLC22A8,Inhibit,Liver,Liver Cirrhosis
SLC22A8,Inhibit,Liver,"Liver Cirrhosis, Experimental"
SLC23A1,Inhibit,Liver,"Liver Cirrhosis, Experimental"
SLC25A12,Inhibit,Brain,"Hypomyelination, Global Cerebral"
SLC25A13,Inhibit,Liver,"Liver Cirrhosis, Experimental"
SLC25A19,Inhibit,Brain,THIAMINE METABOLISM DYSFUNCTION SYNDROME 4 (BILATERAL STRIATAL DEGENERATION AND PROGRESSIVE POLYNEUROPATHY TYPE)
SLC25A24,Inhibit,Liver,"Liver Cirrhosis, Experimental"
SLC25A29,Inhibit,Liver,Chemical and Drug Induced Liver Injury
SLC25A30,Inhibit,Liver,"Liver Cirrhosis, Experimental"
SLC25A4,Inhibit,Heart,Diabetic Cardiomyopathies
SLC25A4,Inhibit,Liver,"Liver Cirrhosis, Experimental"
SLC25A4,Inhibit,Heart,"MITOCHONDRIAL DNA DEPLETION SYNDROME 12A (CARDIOMYOPATHIC TYPE), AUTOSOMAL DOMINANT"
SLC25A4,Inhibit,Heart,"MITOCHONDRIAL DNA DEPLETION SYNDROME 12B (CARDIOMYOPATHIC TYPE), AUTOSOMAL RECESSIVE"
SLC25A46,Inhibit,Brain,"NEUROPATHY, HEREDITARY MOTOR AND SENSORY, TYPE VIB, WITH OPTIC ATROPHY"
SLC25A47,Inhibit,Liver,"Carcinoma, Hepatocellular"
SLC26A6,Inhibit,Liver,"Carcinoma, Hepatocellular"
SLC29A3,Inhibit,Heart,"Heart Defects, Congenital"
SLC29A3,Inhibit,Liver,Hepatomegaly
SLC2A1,Inhibit,Liver,"Carcinoma, Hepatocellular"
SLC2A1,Inhibit,Liver,"Cryohydrocytosis, Stomatin-Deficient, with Mental Retardation, Seizures, Cataracts, and Massive Hepatosplenomegaly"
SLC2A1,Inhibit,Liver,Liver Neoplasms
SLC2A2,Inhibit,Liver,"Carcinoma, Hepatocellular"
SLC2A2,Inhibit,Liver,Fatty Liver
SLC2A4,Inhibit,Heart,Cardiomegaly
SLC30A10,Inhibit,Liver,Hypermanganesemia with Dystonia Polycythemia and Cirrhosis
SLC30A10,Inhibit,Liver,Liver Cirrhosis
SLC31A1,Inhibit,Liver,"Liver Neoplasms, Experimental"
SLC37A4,Inhibit,Liver,"Liver Cirrhosis, Experimental"
SLC38A9,Inhibit,Liver,Liver Neoplasms
SLC39A6,Inhibit,Liver,"Liver Cirrhosis, Experimental"
SLC39A8,Inhibit,Liver,"Liver Cirrhosis, Experimental"
SLC40A1,Inhibit,Liver,Liver Neoplasms
SLC43A2,Inhibit,Liver,"Liver Cirrhosis, Experimental"
SLC44A2,Inhibit,Liver,"Liver Cirrhosis, Experimental"
SLC46A1,Inhibit,Liver,"Liver Cirrhosis, Experimental"
SLC4A1,Inhibit,Heart,Pseudohyperkalemia Cardiff
SLC4A2,Inhibit,Liver,"Liver Cirrhosis, Biliary"
SLC4A3,Inhibit,Heart,Heart Diseases
SLC4A4,Inhibit,Liver,"Liver Cirrhosis, Experimental"
SLC51A,Inhibit,Liver,"Liver Cirrhosis, Biliary"
SLC51B,Inhibit,Liver,"Liver Cirrhosis, Biliary"
SLC5A5,Inhibit,Liver,"Carcinoma, Hepatocellular"
SLC5A7,Inhibit,Brain,"Neuropathy, Distal Hereditary Motor, Type VIIA"
SLC66A3,Inhibit,Liver,"Liver Cirrhosis, Experimental"
SLC66A3,Inhibit,Liver,Liver Neoplasms
SLC6A1,Inhibit,Brain,Neurodevelopmental Disorders
SLC6A5,Inhibit,Brain,Brain Diseases
SLC6A6,Inhibit,Heart,Myocardial Ischemia
SLC7A1,Inhibit,Liver,"Liver Cirrhosis, Experimental"
SLC8A1,Inhibit,Heart,Myocardial Ischemia
SLC8A1,Inhibit,Heart,Myocardial Reperfusion Injury
SLC9A1,Inhibit,Heart,"Cardiomyopathy, Hypertrophic"
SLC9A1,Inhibit,Heart,Heart Failure
SLCO1A1,Inhibit,Liver,Liver Diseases
SLCO1B1,Inhibit,Liver,Chemical and Drug Induced Liver Injury
SLFN2,Inhibit,Liver,"Liver Cirrhosis, Experimental"
SLIT2,Inhibit,Liver,"Carcinoma, Hepatocellular"
SLPI,Inhibit,Liver,Chemical and Drug Induced Liver Injury
SMAD2,Inhibit,Liver,Copper-Overload Cirrhosis
SMAD2,Inhibit,Liver,"Hepatitis, Chronic"
SMAD2,Inhibit,Liver,"Liver Cirrhosis, Experimental"
SMAD3,Inhibit,Liver,Liver Cirrhosis
SMAD3,Inhibit,Liver,"Liver Cirrhosis, Alcoholic"
SMAD4,Inhibit,Liver,"Liver Cirrhosis, Experimental"
SMAD4,Inhibit,Liver,"Liver Diseases, Parasitic"
SMARCC1,Inhibit,Liver,"Liver Cirrhosis, Experimental"
SMC1A,Inhibit,Brain,Neurodevelopmental Disorders
SMC2,Inhibit,Liver,"Liver Cirrhosis, Experimental"
SMC3,Inhibit,Brain,Neurodevelopmental Disorders
SMC5,Inhibit,Liver,"Liver Cirrhosis, Experimental"
SMG9,Inhibit,Heart,HEART AND BRAIN MALFORMATION SYNDROME
SMO,Inhibit,Brain,Brain Neoplasms
SMO,Inhibit,Brain,"Neuroectodermal Tumors, Primitive"
SMOC1,Inhibit,Liver,"Liver Cirrhosis, Experimental"
SMOC2,Inhibit,Liver,"Liver Cirrhosis, Experimental"
SMOX,Inhibit,Brain,"Infarction, Middle Cerebral Artery"
SNAI1,Inhibit,Liver,"Carcinoma, Hepatocellular"
SNAP23,Inhibit,Liver,"Liver Cirrhosis, Experimental"
SNAP23,Inhibit,Heart,Myocardial Ischemia
SNAP25,Inhibit,Brain,Neurodevelopmental Disorders
SNAP25,Inhibit,Brain,Neuromuscular Manifestations
SNAP29,Inhibit,Brain,"Cerebral dysgenesis, neuropathy, ichthyosis, and palmoplantar keratoderma syndrome"
SNAP29,Inhibit,Liver,"Liver Cirrhosis, Experimental"
SNCA,Inhibit,Heart,Heart Failure
SNCA,Inhibit,Liver,Hepatolenticular Degeneration
SNCA,Inhibit,Brain,Neurobehavioral Manifestations
SNCA,Inhibit,Brain,Neurodegenerative Diseases
SNF4AGAMMA,Inhibit,Brain,Neurodegenerative Diseases
SNHG11,Inhibit,Liver,Liver Neoplasms
SNHG12,Inhibit,Brain,Neurotoxicity Syndromes
SNORD118,Inhibit,Brain,Leukoencephalopathy Brain Calcifications and Cysts
SNRPB,Inhibit,Brain,Cerebrocostomandibular Syndrome
SNX10,Inhibit,Liver,Liver Neoplasms
SNX18,Inhibit,Liver,Chemical and Drug Induced Liver Injury
SNX27,Inhibit,Liver,"Carcinoma, Hepatocellular"
SNX27,Inhibit,Liver,"Liver Neoplasms, Experimental"
SNX7,Inhibit,Liver,"Liver Cirrhosis, Experimental"
SOAT1,Inhibit,Liver,"Liver Cirrhosis, Experimental"
SOCS1,Inhibit,Liver,"Liver Cirrhosis, Experimental"
SOCS1,Inhibit,Liver,Liver Diseases
SOCS1,Inhibit,Liver,"Liver Neoplasms, Experimental"
SOCS2,Inhibit,Liver,"Carcinoma, Hepatocellular"
SOCS2,Inhibit,Liver,"Liver Cirrhosis, Experimental"
SOCS3,Inhibit,Liver,"Carcinoma, Hepatocellular"
SOCS3,Inhibit,Liver,Liver Diseases
SOCS3,Inhibit,Heart,Myocardial Ischemia
SOD1,Inhibit,Brain,Brain Ischemia
SOD1,Inhibit,Liver,"Carcinoma, Hepatocellular"
SOD1,Inhibit,Liver,Chemical and Drug Induced Liver Injury
SOD1,Inhibit,Liver,Fatty Liver
SOD1,Inhibit,Liver,"Fatty Liver, Alcoholic"
SOD1,Inhibit,Brain,"Gait Disorders, Neurologic"
SOD1,Inhibit,Heart,Heart Failure
SOD1,Inhibit,Liver,"Hepatitis, Chronic"
SOD1,Inhibit,Liver,Liver Diseases
SOD1,Inhibit,Brain,Motor Neuron Disease
SOD1,Inhibit,Heart,Myocardial Infarction
SOD2,Inhibit,Brain,Brain Injuries
SOD2,Inhibit,Brain,Brain Ischemia
SOD2,Inhibit,Brain,Brain Neoplasms
SOD2,Inhibit,Liver,"Carcinoma, Hepatocellular"
SOD2,Inhibit,Heart,Cardiomegaly
SOD2,Inhibit,Heart,Cardiomyopathies
SOD2,Inhibit,Heart,"Cardiomyopathy, Dilated"
SOD2,Inhibit,Heart,Cataract and cardiomyopathy
SOD2,Inhibit,Liver,Chemical and Drug Induced Liver Injury
SOD2,Inhibit,Liver,Fatty Liver
SOD2,Inhibit,Heart,Heart Failure
SOD2,Inhibit,Brain,"Infarction, Middle Cerebral Artery"
SOD2,Inhibit,Liver,Liver Cirrhosis
SOD2,Inhibit,Liver,"Liver Cirrhosis, Alcoholic"
SOD2,Inhibit,Heart,Myocardial Infarction
SOD2,Inhibit,Heart,Myocardial Ischemia
SOD2,Inhibit,Brain,Neurodegenerative Diseases
SOD2,Inhibit,Heart,"Shock, Cardiogenic"
SOD3,Inhibit,Liver,Chemical and Drug Induced Liver Injury
SOD3,Inhibit,Heart,Heart Failure
SORD,Inhibit,Liver,Chemical and Drug Induced Liver Injury
SORD,Inhibit,Heart,Myocardial Reperfusion Injury
SORL1,Inhibit,Liver,Chemical and Drug Induced Liver Injury
SORT1,Inhibit,Heart,Cardiovascular Diseases
SORT1,Inhibit,Liver,Liver Diseases
SOX10,Inhibit,Brain,"Peripheral Demyelinating Neuropathy, Central Dysmyelination, Waardenburg Syndrome, and Hirschsprung Disease"
SOX2,Inhibit,Brain,Brain Neoplasms
SOX2-OT,Inhibit,Heart,Heart Failure
SOX4,Inhibit,Heart,Cardiomegaly
SOX4,Inhibit,Heart,Heart Failure
SOX4,Inhibit,Liver,"Liver Cirrhosis, Experimental"
SOX4,Inhibit,Liver,"Liver Neoplasms, Experimental"
SOX9A,Inhibit,Brain,Brain Neoplasms
SP110,Inhibit,Liver,Hepatic venoocclusive disease with immunodeficiency
SP140,Inhibit,Liver,"Liver Cirrhosis, Experimental"
SPARC,Inhibit,Liver,Hepatitis
SPARC,Inhibit,Liver,Liver Cirrhosis
SPARC,Inhibit,Liver,"Liver Cirrhosis, Experimental"
SPARC,Inhibit,Heart,Myocardial Ischemia
SPAST,Inhibit,Brain,Neurodevelopmental Disorders
SPATA21,Inhibit,Liver,Liver Neoplasms
SPC25,Inhibit,Liver,"Carcinoma, Hepatocellular"
SPHK2,Inhibit,Brain,"Infarction, Middle Cerebral Artery"
SPHKAP,Inhibit,Heart,Heart Failure
SPIB,Inhibit,Liver,"Liver Cirrhosis, Biliary"
SPIN2A,Inhibit,Liver,Chemical and Drug Induced Liver Injury
SPIN2A,Inhibit,Liver,"Liver Cirrhosis, Experimental"
SPMD1,Inhibit,Brain,Neurodegenerative Diseases
SPN,Inhibit,Heart,Heart Valve Diseases
SPP1,Inhibit,Brain,Brain Neoplasms
SPP1,Inhibit,Brain,Cerebral Hemorrhage
SPP1,Inhibit,Liver,Chemical and Drug Induced Liver Injury
SPP1,Inhibit,Heart,Diabetic Cardiomyopathies
SPP1,Inhibit,Heart,Heart Diseases
SPP1,Inhibit,Heart,Heart Valve Diseases
SPP1,Inhibit,Liver,Liver Cirrhosis
SPP1,Inhibit,Liver,"Liver Diseases, Alcoholic"
SPP1,Inhibit,Liver,"Liver Neoplasms, Experimental"
SPRED1,Inhibit,Brain,Neurofibromatosis 1
SPRTN,Inhibit,Liver,"Carcinoma, Hepatocellular"
SPSB4,Inhibit,Liver,"Liver Cirrhosis, Experimental"
SPTAN1,Inhibit,Liver,"Liver Cirrhosis, Experimental"
SPTAN1,Inhibit,Brain,Neurodegenerative Diseases
SPTLC1,Inhibit,Brain,"NEUROPATHY, HEREDITARY SENSORY AND AUTONOMIC, TYPE IA"
SPTLC2,Inhibit,Brain,"NEUROPATHY, HEREDITARY SENSORY AND AUTONOMIC, TYPE IC"
SQLE,Inhibit,Liver,"Liver Neoplasms, Experimental"
SQSTM1,Inhibit,Brain,"NEURODEGENERATION WITH ATAXIA, DYSTONIA, AND GAZE PALSY, CHILDHOOD-ONSET"
SRC,Inhibit,Heart,Cardiomegaly
SRCAP,Inhibit,Brain,Neurodevelopmental Disorders
SRD5A1,Inhibit,Liver,"Liver Cirrhosis, Experimental"
SREBF1,Inhibit,Liver,"Carcinoma, Hepatocellular"
SREBF1,Inhibit,Liver,Fatty Liver
SREBF1,Inhibit,Liver,"Liver Cirrhosis, Experimental"
SREBF1,Inhibit,Liver,Non-alcoholic Fatty Liver Disease
SREBF2,Inhibit,Liver,"Carcinoma, Hepatocellular"
SRGAP3,Inhibit,Brain,Neurodevelopmental Disorders
SRGN,Inhibit,Liver,"Liver Cirrhosis, Experimental"
SRI,Inhibit,Liver,"Liver Cirrhosis, Experimental"
SRMS,Inhibit,Liver,Liver Neoplasms
SRP72,Inhibit,Liver,Chemical and Drug Induced Liver Injury
SRPX,Inhibit,Liver,"Carcinoma, Hepatocellular"
SRR,Inhibit,Liver,"Liver Cirrhosis, Experimental"
SRSF3,Inhibit,Heart,Diabetic Cardiomyopathies
SRSF5,Inhibit,Liver,Liver Diseases
SRSF5,Inhibit,Brain,Neurotoxicity Syndromes
SSTR1,Inhibit,Brain,Neuroendocrine Tumors
SSTR2,Inhibit,Brain,Neuroendocrine Tumors
SSTR3,Inhibit,Brain,Neuroendocrine Tumors
SSX1,Inhibit,Liver,"Carcinoma, Hepatocellular"
ST14,Inhibit,Liver,"Liver Cirrhosis, Experimental"
ST8SIA1,Inhibit,Liver,Liver Diseases
ST8SIA1,Inhibit,Brain,Neurotoxicity Syndromes
STAB2,Inhibit,Liver,"Carcinoma, Hepatocellular"
STAC3,Inhibit,Liver,Hepatomegaly
STAC3,Inhibit,Liver,"Liver Cirrhosis, Experimental"
STAC3,Inhibit,Liver,Liver Neoplasms
STAMBP,Inhibit,Brain,Brain Diseases
STARD13,Inhibit,Liver,"Liver Cirrhosis, Experimental"
STAT1,Inhibit,Liver,"Carcinoma, Hepatocellular"
STAT1,Inhibit,Liver,Liver Cirrhosis
STAT3,Inhibit,Brain,Brain Ischemia
STAT3,Inhibit,Heart,Cardiomegaly
STAT3,Inhibit,Heart,Cardiomyopathies
STAT3,Inhibit,Liver,Chemical and Drug Induced Liver Injury
STAT3,Inhibit,Liver,Copper-Overload Cirrhosis
STAT3,Inhibit,Heart,Heart Failure
STAT3,Inhibit,Liver,"Hepatitis, Chronic"
STAT3,Inhibit,Brain,"Infarction, Middle Cerebral Artery"
STAT3,Inhibit,Liver,Liver Neoplasms
STAT3,Inhibit,Liver,"Liver Neoplasms, Experimental"
STAT4,Inhibit,Liver,"Carcinoma, Hepatocellular"
STAT4,Inhibit,Liver,Hepatitis B
STAT4,Inhibit,Liver,"Liver Cirrhosis, Biliary"
STAT5A,Inhibit,Heart,Myocardial Ischemia
STAU2,Inhibit,Liver,"Liver Cirrhosis, Experimental"
STC2,Inhibit,Liver,Non-alcoholic Fatty Liver Disease
STEAP4,Inhibit,Liver,"Liver Cirrhosis, Experimental"
STING1,Inhibit,Liver,Chemical and Drug Induced Liver Injury
STK10,Inhibit,Liver,"Liver Cirrhosis, Experimental"
STMN1,Inhibit,Liver,"Carcinoma, Hepatocellular"
STN1,Inhibit,Brain,Cerebroretinal Microangiopathy with Calcifications and Cysts
STRA6,Inhibit,Heart,Cardiovascular Abnormalities
STRA6,Inhibit,Heart,"Heart Defects, Congenital"
STS,Inhibit,Liver,Fatty Liver
STS,Inhibit,Liver,"Hepatitis, Alcoholic"
STX6,Inhibit,Brain,"Ceroid Lipofuscinosis, Neuronal, 6"
STXBP1,Inhibit,Brain,Neurodevelopmental Disorders
SULT1A1,Inhibit,Heart,Myocardial Ischemia
SULT1C3,Inhibit,Liver,Chemical and Drug Induced Liver Injury
SULT1E1,Inhibit,Liver,Chemical and Drug Induced Liver Injury
SULT1E1,Inhibit,Liver,"Hepatitis, Alcoholic"
SULT1E1,Inhibit,Liver,"Liver Cirrhosis, Experimental"
SULT1E1,Inhibit,Liver,Liver Diseases
SULT2A1,Inhibit,Liver,"Liver Cirrhosis, Experimental"
SULT2B1,Inhibit,Liver,Chemical and Drug Induced Liver Injury
SUOX,Inhibit,Liver,Chemical and Drug Induced Liver Injury
SUZ12,Inhibit,Brain,Neurofibroma
SYNGAP1,Inhibit,Brain,Neurodevelopmental Disorders
SYNRG,Inhibit,Liver,"Liver Cirrhosis, Experimental"
SYP,Inhibit,Brain,"Ceroid lipofuscinosis, neuronal 1, infantile"
SYP,Inhibit,Brain,"Ceroid Lipofuscinosis, Neuronal, 6"
TAB2,Inhibit,Heart,"CONGENITAL HEART DEFECTS, MULTIPLE TYPES, 2"
TAC1,Inhibit,Heart,Bradycardia
TAC1,Inhibit,Brain,Neurogenic Inflammation
TACC3,Inhibit,Liver,"Carcinoma, Hepatocellular"
TACR1,Inhibit,Heart,Bradycardia
TACR1,Inhibit,Brain,Neurogenic Inflammation
TAF2,Inhibit,Brain,"NEURODEVELOPMENTAL DISORDER WITH FEEDING DIFFICULTIES, THIN CORPUS CALLOSUM, AND FOOT DEFORMITY"
TAGLN2,Inhibit,Liver,"Carcinoma, Hepatocellular"
TAGLN2,Inhibit,Liver,Chemical and Drug Induced Liver Injury
TAGLN2,Inhibit,Liver,Liver Cirrhosis
TAGLN2,Inhibit,Liver,"Liver Cirrhosis, Experimental"
TALDO1,Inhibit,Liver,"Carcinoma, Hepatocellular"
TALDO1,Inhibit,Liver,Chemical and Drug Induced Liver Injury
TANC2,Inhibit,Brain,Neurodevelopmental Disorders
TAP1,Inhibit,Heart,Myocardial Ischemia
TAP2,Inhibit,Liver,"Liver Cirrhosis, Experimental"
TARDBP,Inhibit,Brain,Neurodegenerative Diseases
TATDN1,Inhibit,Liver,"Carcinoma, Hepatocellular"
TAX1BP3,Inhibit,Liver,"Liver Cirrhosis, Experimental"
TBC1D9,Inhibit,Liver,"Liver Cirrhosis, Experimental"
TBCA,Inhibit,Heart,"Cardiomyopathy, Hypertrophic"
TBCD,Inhibit,Brain,"ENCEPHALOPATHY, PROGRESSIVE, EARLY-ONSET, WITH BRAIN ATROPHY AND THIN CORPUS CALLOSUM"
TBCD,Inhibit,Brain,Neurodegenerative Diseases
TBL1XR1,Inhibit,Brain,Neurodevelopmental Disorders
TBR1,Inhibit,Brain,Neurodevelopmental Disorders
TBX1,Inhibit,Heart,CONOTRUNCAL HEART MALFORMATIONS
TBX1,Inhibit,Heart,"Heart Defects, Congenital"
TBX2,Inhibit,Brain,Neuroblastoma
TBX20,Inhibit,Heart,Cardiomegaly
TBX20,Inhibit,Heart,Heart Failure
TBXA2R,Inhibit,Liver,Chemical and Drug Induced Liver Injury
TCAP,Inhibit,Heart,"Cardiomyopathy, Dilated, 1N"
TCF19,Inhibit,Liver,"Carcinoma, Hepatocellular"
TCF20,Inhibit,Liver,"Liver Cirrhosis, Experimental"
TCF4,Inhibit,Heart,Heart Diseases
TCF4,Inhibit,Liver,"Liver Cirrhosis, Experimental"
TCF4,Inhibit,Liver,Liver Neoplasms
TCF4,Inhibit,Brain,Neurodevelopmental Disorders
TCF7L2,Inhibit,Heart,"Cardiomyopathy, Dilated"
TCF7L2,Inhibit,Heart,Myocardial Ischemia
TCF7L2,Inhibit,Brain,Neurodevelopmental Disorders
TCIM,Inhibit,Liver,"Carcinoma, Hepatocellular"
TCTN1,Inhibit,Liver,Chemical and Drug Induced Liver Injury
TDP1,Inhibit,Brain,"Spinocerebellar ataxia, autosomal recessive, with axonal neuropathy"
TEAD1B,Inhibit,Brain,Brain Neoplasms
TECPR2,Inhibit,Brain,Neuroaxonal Dystrophies
TECPR2,Inhibit,Brain,"NEUROPATHY, HEREDITARY SENSORY AND AUTONOMIC, TYPE IX, WITH DEVELOPMENTAL DELAY"
TECRL,Inhibit,Heart,Polymorphic Catecholaminergic Ventricular Tachycardia
TEDC2,Inhibit,Liver,"Carcinoma, Hepatocellular"
TEK,Inhibit,Liver,"Liver Neoplasms, Experimental"
TERT,Inhibit,Liver,"Carcinoma, Hepatocellular"
TERT,Inhibit,Liver,Liver Neoplasms
TERT,Inhibit,Brain,Neuroblastoma
TES,Inhibit,Liver,"Liver Cirrhosis, Experimental"
TF,Inhibit,Liver,Chemical and Drug Induced Liver Injury
TF,Inhibit,Liver,Fatty Liver
TF,Inhibit,Liver,Hepatitis
TFAM,Inhibit,Brain,"Ceroid lipofuscinosis, neuronal 1, infantile"
TFAM,Inhibit,Liver,Liver Cirrhosis
TFAM,Inhibit,Liver,MITOCHONDRIAL DNA DEPLETION SYNDROME 15 (HEPATOCEREBRAL TYPE)
TFEC,Inhibit,Liver,"Liver Cirrhosis, Experimental"
TFF3,Inhibit,Liver,"Hepatitis, Animal"
TFG,Inhibit,Brain,"Neuropathy, hereditary motor and sensory, Okinawa type"
TFPI2,Inhibit,Liver,"Carcinoma, Hepatocellular"
TFPI2,Inhibit,Liver,"Liver Cirrhosis, Experimental"
TFRC,Inhibit,Heart,Myocardial Ischemia
TFRC,Inhibit,Heart,Myocardial Reperfusion Injury
TGFA,Inhibit,Liver,"Carcinoma, Hepatocellular"
TGFA,Inhibit,Liver,Hepatoblastoma
TGFA,Inhibit,Liver,Liver Neoplasms
TGFA,Inhibit,Liver,"Liver Neoplasms, Experimental"
TGFB1,Inhibit,Brain,Brain Diseases
TGFB1,Inhibit,Liver,"Carcinoma, Hepatocellular"
TGFB1,Inhibit,Liver,"Cholestasis, Extrahepatic"
TGFB1,Inhibit,Liver,Copper-Overload Cirrhosis
TGFB1,Inhibit,Brain,Diabetic Neuropathies
TGFB1,Inhibit,Heart,Endomyocardial Fibrosis
TGFB1,Inhibit,Liver,Hepatic Insufficiency
TGFB1,Inhibit,Liver,"Hepatitis, Autoimmune"
TGFB1,Inhibit,Liver,"Hepatitis, Chronic"
TGFB1,Inhibit,Liver,Hepatomegaly
TGFB1,Inhibit,Liver,Liver Cirrhosis
TGFB1,Inhibit,Liver,"Liver Cirrhosis, Alcoholic"
TGFB1,Inhibit,Liver,"Liver Cirrhosis, Biliary"
TGFB1,Inhibit,Liver,"Liver Cirrhosis, Experimental"
TGFB1,Inhibit,Liver,"Liver Neoplasms, Experimental"
TGFB1,Inhibit,Heart,Myocardial Infarction
TGFB1,Inhibit,Liver,Non-alcoholic Fatty Liver Disease
TGFB1A,Inhibit,Brain,Brain Neoplasms
TGFB2,Inhibit,Liver,"Carcinoma, Hepatocellular"
TGFB2,Inhibit,Heart,"Heart Defects, Congenital"
TGFB3,Inhibit,Heart,"Arrhythmogenic Right Ventricular Dysplasia, Familial, 1"
TGFB3,Inhibit,Liver,"Liver Cirrhosis, Experimental"
TGFBR1,Inhibit,Liver,Chemical and Drug Induced Liver Injury
TGFBR1,Inhibit,Liver,Liver Cirrhosis
TGFBR2,Inhibit,Brain,Brain Neoplasms
TGFBR2,Inhibit,Liver,"Liver Cirrhosis, Experimental"
TGM1,Inhibit,Liver,Liver Diseases
TGM1,Inhibit,Brain,Neurotoxicity Syndromes
TGM2,Inhibit,Brain,Brain Neoplasms
TGM3,Inhibit,Liver,"Carcinoma, Hepatocellular"
TGOLN1,Inhibit,Heart,Myocardial Ischemia
TH,Inhibit,Brain,Brain Diseases
TH,Inhibit,Liver,"Carcinoma, Hepatocellular"
TH,Inhibit,Heart,Heart Diseases
TH,Inhibit,Brain,Neuroblastoma
THAS,Inhibit,Heart,"Heart Defects, Congenital"
THBD,Inhibit,Liver,"Liver Cirrhosis, Experimental"
THBD,Inhibit,Heart,Myocardial Infarction
THBD,Inhibit,Brain,"Neuropathy, Painful"
THBS1,Inhibit,Liver,Chemical and Drug Induced Liver Injury
THBS1,Inhibit,Liver,Hepatic Veno-Occlusive Disease
THBS1,Inhibit,Liver,Liver Cirrhosis
THEM4,Inhibit,Liver,"Carcinoma, Hepatocellular"
THPO,Inhibit,Heart,Cardiomyopathies
THPO,Inhibit,Liver,Chemical and Drug Induced Liver Injury
THY1,Inhibit,Liver,"Carcinoma, Hepatocellular"
THYN1,Inhibit,Liver,"Liver Cirrhosis, Experimental"
TIAL1,Inhibit,Liver,"Liver Cirrhosis, Experimental"
TICAM2,Inhibit,Brain,Brain Injuries
TICRR,Inhibit,Liver,"Carcinoma, Hepatocellular"
TIMD4,Inhibit,Liver,"Carcinoma, Hepatocellular"
TIMP1,Inhibit,Liver,"Cholestasis, Extrahepatic"
TIMP1,Inhibit,Heart,Heart Diseases
TIMP1,Inhibit,Heart,Heart Valve Diseases
TIMP1,Inhibit,Liver,Hepatolenticular Degeneration
TIMP1,Inhibit,Liver,"Liver Cirrhosis, Alcoholic"
TIMP1,Inhibit,Liver,"Liver Cirrhosis, Experimental"
TIMP2,Inhibit,Liver,"Cholestasis, Extrahepatic"
TIMP2,Inhibit,Liver,"Liver Cirrhosis, Experimental"
TIMP2,Inhibit,Heart,Myocardial Infarction
TIMP3,Inhibit,Liver,Liver Diseases
TIMP3,Inhibit,Brain,Neurotoxicity Syndromes
TJP2,Inhibit,Liver,"Cholestasis, Intrahepatic"
TJP2,Inhibit,Liver,"CHOLESTASIS, PROGRESSIVE FAMILIAL INTRAHEPATIC, 4"
TK1,Inhibit,Liver,"Carcinoma, Hepatocellular"
TK1,Inhibit,Liver,"Liver Neoplasms, Experimental"
TKFC,Inhibit,Liver,"Liver Cirrhosis, Experimental"
TLE4,Inhibit,Heart,Myocardial Ischemia
TLE5,Inhibit,Heart,Myocardial Ischemia
TLR1,Inhibit,Brain,Brain Injuries
TLR2,Inhibit,Brain,Brain Injuries
TLR2,Inhibit,Heart,Cardiomyopathies
TLR2,Inhibit,Heart,Cardiotoxicity
TLR2,Inhibit,Heart,Heart Failure
TLR4,Inhibit,Brain,Brain Injuries
TLR4,Inhibit,Liver,"Carcinoma, Hepatocellular"
TLR4,Inhibit,Liver,"Cholestasis, Extrahepatic"
TLR4,Inhibit,Brain,Diabetic Neuropathies
TLR4,Inhibit,Liver,Fatty Liver
TLR4,Inhibit,Liver,"Liver Cirrhosis, Experimental"
TLR4,Inhibit,Brain,Neuroinflammatory Diseases
TLR5,Inhibit,Liver,Chemical and Drug Induced Liver Injury
TLR7,Inhibit,Liver,"Carcinoma, Hepatocellular"
TLR7,Inhibit,Liver,Hepatitis C
TLR8,Inhibit,Liver,Hepatitis C
TLR9,Inhibit,Brain,Brain Injuries
TLR9,Inhibit,Liver,"Carcinoma, Hepatocellular"
TM4SF4,Inhibit,Liver,Liver Diseases
TM6SF1,Inhibit,Liver,"Liver Cirrhosis, Experimental"
TM6SF2,Inhibit,Liver,"Liver Cirrhosis, Alcoholic"
TM6SF2,Inhibit,Heart,Myocardial Infarction
TM6SF2,Inhibit,Liver,Non-alcoholic Fatty Liver Disease
TMBIM1,Inhibit,Liver,"Liver Cirrhosis, Experimental"
TMED2,Inhibit,Heart,Myocardial Ischemia
TMED7,Inhibit,Liver,Chemical and Drug Induced Liver Injury
TMEM106A,Inhibit,Liver,"Liver Cirrhosis, Experimental"
TMEM117,Inhibit,Liver,Chemical and Drug Induced Liver Injury
TMEM132D,Inhibit,Liver,Liver Neoplasms
TMEM164,Inhibit,Liver,Chemical and Drug Induced Liver Injury
TMEM165,Inhibit,Liver,"Liver Cirrhosis, Experimental"
TMEM178,Inhibit,Liver,"Liver Cirrhosis, Experimental"
TMEM184B,Inhibit,Liver,"Liver Cirrhosis, Experimental"
TMEM38B,Inhibit,Liver,Chemical and Drug Induced Liver Injury
TMEM43,Inhibit,Heart,"Arrhythmogenic Right Ventricular Dysplasia, Familial, 5"
TMEM43,Inhibit,Heart,"Death, Sudden, Cardiac"
TMEM43,Inhibit,Liver,"Liver Cirrhosis, Experimental"
TMEM65,Inhibit,Liver,"Liver Cirrhosis, Experimental"
TMEM67,Inhibit,Liver,Liver Cirrhosis
TMEM70,Inhibit,Liver,"Adenoma, Liver Cell"
TMEM70,Inhibit,Liver,"Carcinoma, Hepatocellular"
TMEM70,Inhibit,Heart,Cardiomyopathies
TMEM71,Inhibit,Heart,Heart Failure
TMPO,Inhibit,Heart,"Cardiomyopathy, Dilated"
TMPO,Inhibit,Heart,Myocardial Ischemia
TMSB10,Inhibit,Liver,"Liver Cirrhosis, Experimental"
TNF,Inhibit,Brain,Brain Edema
TNF,Inhibit,Brain,Brain Injuries
TNF,Inhibit,Brain,"Brain Injuries, Traumatic"
TNF,Inhibit,Brain,Brain Ischemia
TNF,Inhibit,Liver,"Carcinoma, Hepatocellular"
TNF,Inhibit,Heart,Cardiomegaly
TNF,Inhibit,Heart,Cardiomyopathies
TNF,Inhibit,Heart,Cardiotoxicity
TNF,Inhibit,Heart,Cardiovirus Infections
TNF,Inhibit,Liver,Chemical and Drug Induced Liver Injury
TNF,Inhibit,Liver,"Cholestasis, Extrahepatic"
TNF,Inhibit,Heart,Diabetic Cardiomyopathies
TNF,Inhibit,Liver,Fatty Liver
TNF,Inhibit,Heart,Heart Arrest
TNF,Inhibit,Heart,Heart Failure
TNF,Inhibit,Liver,Hepatic Encephalopathy
TNF,Inhibit,Liver,Hepatitis
TNF,Inhibit,Liver,"Hepatitis, Alcoholic"
TNF,Inhibit,Liver,Hepatolenticular Degeneration
TNF,Inhibit,Liver,Intrahepatic Cholestasis of Pregnancy
TNF,Inhibit,Liver,Liver Cirrhosis
TNF,Inhibit,Liver,"Liver Cirrhosis, Alcoholic"
TNF,Inhibit,Liver,"Liver Cirrhosis, Experimental"
TNF,Inhibit,Liver,Liver Diseases
TNF,Inhibit,Liver,"Liver Failure, Acute"
TNF,Inhibit,Liver,Liver Neoplasms
TNF,Inhibit,Liver,"Liver Neoplasms, Experimental"
TNF,Inhibit,Heart,Myocardial Infarction
TNF,Inhibit,Heart,Myocardial Ischemia
TNF,Inhibit,Heart,Myocardial Stunning
TNF,Inhibit,Heart,Myocarditis
TNF,Inhibit,Brain,Neuroblastoma
TNF,Inhibit,Brain,Neurogenic Inflammation
TNF,Inhibit,Brain,Neuroinflammatory Diseases
TNF,Inhibit,Liver,Non-alcoholic Fatty Liver Disease
TNF,Inhibit,Heart,"Pregnancy Complications, Cardiovascular"
TNF,Inhibit,Heart,Tachycardia
TNFAIP6,Inhibit,Brain,"Infarction, Middle Cerebral Artery"
TNFAIP8,Inhibit,Liver,"Liver Cirrhosis, Experimental"
TNFRSF10B,Inhibit,Liver,"Liver Neoplasms, Experimental"
TNFRSF12A,Inhibit,Liver,"Liver Cirrhosis, Experimental"
TNFRSF12A,Inhibit,Heart,Myocardial Infarction
TNFRSF13B,Inhibit,Brain,Brain Injuries
TNFRSF13C,Inhibit,Brain,Brain Injuries
TNFRSF14,Inhibit,Brain,Brain Injuries
TNFRSF1A,Inhibit,Brain,Brain Injuries
TNFRSF1A,Inhibit,Brain,Brain Ischemia
TNFRSF1A,Inhibit,Heart,Heart Failure
TNFRSF1A,Inhibit,Liver,"Liver Cirrhosis, Biliary"
TNFRSF1B,Inhibit,Brain,Brain Ischemia
TNFRSF1B,Inhibit,Liver,Liver Cirrhosis
TNFRSF1B,Inhibit,Liver,Non-alcoholic Fatty Liver Disease
TNFRSF26,Inhibit,Brain,Brain Injuries
TNFRSF4,Inhibit,Heart,"Cardiomyopathy, Dilated"
TNFRSF4,Inhibit,Heart,Myocarditis
TNFRSF8,Inhibit,Heart,"Cardiomyopathy, Dilated"
TNFRSF8,Inhibit,Heart,Myocarditis
TNFRSF9,Inhibit,Heart,"Cardiomyopathy, Dilated"
TNFRSF9,Inhibit,Heart,Myocarditis
TNFSF10,Inhibit,Brain,Brain Injuries
TNFSF10,Inhibit,Liver,"Carcinoma, Hepatocellular"
TNFSF10,Inhibit,Liver,Liver Neoplasms
TNFSF10,Inhibit,Brain,Neuroblastoma
TNFSF12,Inhibit,Brain,Brain Injuries
TNFSF4,Inhibit,Heart,"Cardiomyopathy, Dilated"
TNFSF4,Inhibit,Heart,Myocardial Infarction
TNFSF4,Inhibit,Heart,Myocarditis
TNFSF8,Inhibit,Heart,"Cardiomyopathy, Dilated"
TNFSF8,Inhibit,Heart,Myocarditis
TNFSF9,Inhibit,Heart,"Cardiomyopathy, Dilated"
TNFSF9,Inhibit,Heart,Myocarditis
TNK2,Inhibit,Liver,Liver Neoplasms
TNNC1,Inhibit,Heart,"Cardiomyopathy, Dilated, 1z"
TNNC1,Inhibit,Heart,"Cardiomyopathy, Familial Hypertrophic, 13"
TNNI3,Inhibit,Heart,Cardiomyopathies
TNNI3,Inhibit,Heart,"Cardiomyopathy, Dilated"
TNNI3,Inhibit,Heart,"Cardiomyopathy, Dilated, 1FF"
TNNI3,Inhibit,Heart,"Cardiomyopathy, Dilated, 2a"
TNNI3,Inhibit,Heart,"CARDIOMYOPATHY, FAMILIAL HYPERTROPHIC, 7"
TNNI3,Inhibit,Heart,"Cardiomyopathy, Familial Restrictive, 1"
TNNI3,Inhibit,Heart,"Cardiomyopathy, Hypertrophic, Familial"
TNNI3,Inhibit,Heart,"Cardiomyopathy, Restrictive"
TNNI3,Inhibit,Heart,Heart Diseases
TNNI3,Inhibit,Heart,Myocardial Infarction
TNNI3K,Inhibit,Heart,CARDIAC CONDUCTION DISEASE WITH OR WITHOUT CARDIOMYOPATHY 1
TNNI3K,Inhibit,Heart,Cardiac Conduction System Disease
TNNT2,Inhibit,Heart,Cardiomegaly
TNNT2,Inhibit,Heart,Cardiomyopathies
TNNT2,Inhibit,Heart,"Cardiomyopathy, Dilated"
TNNT2,Inhibit,Heart,"Cardiomyopathy, Dilated, 1D"
TNNT2,Inhibit,Heart,"Cardiomyopathy, Familial Hypertrophic, 2"
TNNT2,Inhibit,Heart,"Cardiomyopathy, Familial Restrictive, 3"
TNNT2,Inhibit,Heart,"Cardiomyopathy, Hypertrophic"
TNNT2,Inhibit,Heart,"Cardiomyopathy, Hypertrophic, Familial"
TNNT2,Inhibit,Heart,Cardiovascular Diseases
TNNT2,Inhibit,Heart,"Death, Sudden, Cardiac"
TNNT2,Inhibit,Heart,Heart Diseases
TNNT2,Inhibit,Heart,Heart Failure
TNNT2,Inhibit,Heart,Heart Injuries
TNNT2,Inhibit,Heart,Myocardial Ischemia
TNNT2,Inhibit,Heart,"Tachycardia, Ventricular"
TNRC6B,Inhibit,Brain,Neurodevelopmental Disorders
TONSL,Inhibit,Liver,"Carcinoma, Hepatocellular"
TOP1,Inhibit,Liver,Liver Neoplasms
TOP2A,Inhibit,Liver,"Carcinoma, Hepatocellular"
TOP2A,Inhibit,Liver,Liver Neoplasms
TOR4A,Inhibit,Liver,"Liver Cirrhosis, Experimental"
TOX3,Inhibit,Liver,Liver Neoplasms
TP53,Inhibit,Brain,Brain Ischemia
TP53,Inhibit,Liver,"Carcinoma, Hepatocellular"
TP53,Inhibit,Heart,Cardiomyopathies
TP53,Inhibit,Heart,"Cardiomyopathy, Hypertrophic"
TP53,Inhibit,Heart,Cardiotoxicity
TP53,Inhibit,Liver,"Liver Diseases, Parasitic"
TP53,Inhibit,Liver,Liver Neoplasms
TP53,Inhibit,Liver,"Liver Neoplasms, Experimental"
TPI1,Inhibit,Brain,Neuromuscular Diseases
TPI1,Inhibit,Brain,Neuromuscular Manifestations
TPM1,Inhibit,Heart,"Cardiomyopathy, Dilated, 1y"
TPM1,Inhibit,Heart,"Cardiomyopathy, Familial Hypertrophic, 3"
TPM1,Inhibit,Heart,"Cardiomyopathy, Hypertrophic, Familial"
TPM1,Inhibit,Liver,"Liver Cirrhosis, Experimental"
TPM3,Inhibit,Liver,"Liver Cirrhosis, Experimental"
TPM4,Inhibit,Liver,"Liver Cirrhosis, Experimental"
TPP1,Inhibit,Brain,"Ceroid Lipofuscinosis, Neuronal, 2"
TPP1,Inhibit,Brain,Neuronal Ceroid-Lipofuscinoses
TPX2,Inhibit,Liver,"Carcinoma, Hepatocellular"
TRAF4,Inhibit,Brain,Brain Injuries
TRAFD1,Inhibit,Liver,"Liver Cirrhosis, Experimental"
TRAIP,Inhibit,Liver,"Carcinoma, Hepatocellular"
TRAJ18,Inhibit,Liver,Chemical and Drug Induced Liver Injury
TRAK2,Inhibit,Liver,"Liver Cirrhosis, Experimental"
TRDN,Inhibit,Heart,"CARDIAC ARRHYTHMIA SYNDROME, WITH OR WITHOUT SKELETAL MUSCLE WEAKNESS"
TRDN,Inhibit,Heart,"Heart Failure, Diastolic"
TRDN,Inhibit,Heart,"VENTRICULAR TACHYCARDIA, CATECHOLAMINERGIC POLYMORPHIC, 1, WITH OR WITHOUT ATRIAL DYSFUNCTION AND/OR DILATED CARDIOMYOPATHY"
TREM1,Inhibit,Liver,Liver Diseases
TREX1,Inhibit,Heart,Aicardi-Goutieres syndrome
TREX1,Inhibit,Brain,Brain Diseases
TREX1,Inhibit,Brain,"Vasculopathy, Retinal, With Cerebral Leukodystrophy"
TRF,Inhibit,Liver,"Liver Cirrhosis, Experimental"
TRH,Inhibit,Heart,"Arrhythmias, Cardiac"
TRH,Inhibit,Heart,Bradycardia
TRH,Inhibit,Heart,Tachycardia
TRIB1,Inhibit,Liver,Non-alcoholic Fatty Liver Disease
TRIB3,Inhibit,Liver,"Liver Cirrhosis, Experimental"
TRIB3,Inhibit,Liver,Non-alcoholic Fatty Liver Disease
TRIM24,Inhibit,Liver,"Carcinoma, Hepatocellular"
TRIM24,Inhibit,Liver,"Liver Cirrhosis, Experimental"
TRIM37,Inhibit,Liver,Hepatomegaly
TRIM59,Inhibit,Liver,"Liver Cirrhosis, Experimental"
TRIM63,Inhibit,Heart,Cardiomegaly
TRIM63,Inhibit,Heart,Cardiomyopathies
TRIO,Inhibit,Liver,Liver Neoplasms
TRIO,Inhibit,Brain,Neurodevelopmental Disorders
TRIP12,Inhibit,Brain,Neurodevelopmental Disorders
TRIP13,Inhibit,Liver,"Carcinoma, Hepatocellular"
TRMT11,Inhibit,Liver,Liver Neoplasms
TRMT5,Inhibit,Brain,"PERIPHERAL NEUROPATHY WITH VARIABLE SPASTICITY, EXERCISE INTOLERANCE, AND DEVELOPMENTAL DELAY"
TRMU,Inhibit,Liver,"LIVER FAILURE, INFANTILE, TRANSIENT"
TROAP,Inhibit,Liver,"Carcinoma, Hepatocellular"
TRP53,Inhibit,Brain,Brain Neoplasms
TRP53,Inhibit,Liver,"Carcinoma, Hepatocellular"
TRP53,Inhibit,Heart,Cardiomyopathies
TRP53,Inhibit,Heart,Cardiotoxicity
TRP53,Inhibit,Liver,Chemical and Drug Induced Liver Injury
TRP53,Inhibit,Heart,Heart Failure
TRP53,Inhibit,Liver,"Liver Neoplasms, Experimental"
TRP53,Inhibit,Heart,Myocardial Infarction
TRP53,Inhibit,Brain,Neuroblastoma
TRP73,Inhibit,Brain,Neurologic Manifestations
TRPC1,Inhibit,Heart,Cardiomegaly
TRPM4,Inhibit,Heart,Heart Failure
TRPM4,Inhibit,Heart,"Progressive Familial Heart Block, Type Ib"
TRPM7,Inhibit,Liver,Liver Cirrhosis
TRPV1,Inhibit,Heart,Heartburn
TRPV1,Inhibit,Liver,"Liver Cirrhosis, Experimental"
TRPV4,Inhibit,Brain,"Hereditary Motor and Sensory Neuropathy, Type IIC"
TSC1,Inhibit,Brain,Brain Diseases
TSC1,Inhibit,Liver,"Carcinoma, Hepatocellular"
TSC2,Inhibit,Brain,Brain Diseases
TSC22D1,Inhibit,Liver,"Liver Cirrhosis, Experimental"
TSC22D1,Inhibit,Liver,"Liver Neoplasms, Experimental"
TSLP,Inhibit,Liver,"Carcinoma, Hepatocellular"
TSPAN8,Inhibit,Liver,"Liver Cirrhosis, Experimental"
TSPO,Inhibit,Liver,End Stage Liver Disease
TSPO,Inhibit,Liver,Hepatic Encephalopathy
TSPO,Inhibit,Liver,"Liver Cirrhosis, Experimental"
TST,Inhibit,Liver,"Carcinoma, Hepatocellular"
TSTD3P,Inhibit,Liver,"Liver Cirrhosis, Experimental"
TTC19,Inhibit,Brain,"Gait Disorders, Neurologic"
TTC19,Inhibit,Brain,Neurodegenerative Diseases
TTC36,Inhibit,Liver,"Carcinoma, Hepatocellular"
TTC36,Inhibit,Liver,"Liver Cirrhosis, Experimental"
TTC39A,Inhibit,Liver,Liver Neoplasms
TTK,Inhibit,Liver,"Carcinoma, Hepatocellular"
TTLL9,Inhibit,Liver,Liver Neoplasms
TTN,Inhibit,Heart,"Cardiomyopathy, Dilated"
TTN,Inhibit,Heart,"Cardiomyopathy, Dilated, 1g"
TTN,Inhibit,Heart,"Cardiomyopathy, Familial Hypertrophic, 9"
TTN,Inhibit,Heart,familial dilated cardiomyopathy
TTN,Inhibit,Heart,"Myopathy, Early-Onset, with Fatal Cardiomyopathy"
TTR,Inhibit,Brain,"Amyloid Neuropathies, Familial"
TTR,Inhibit,Liver,Chemical and Drug Induced Liver Injury
TUBA1A,Inhibit,Liver,Chemical and Drug Induced Liver Injury
TUBA1A,Inhibit,Heart,Myocardial Ischemia
TUBB,Inhibit,Brain,"CORTICAL DYSPLASIA, COMPLEX, WITH OTHER BRAIN MALFORMATIONS 6"
TUBB2A,Inhibit,Brain,"CORTICAL DYSPLASIA, COMPLEX, WITH OTHER BRAIN MALFORMATIONS 5"
TUBB2B,Inhibit,Brain,"CORTICAL DYSPLASIA, COMPLEX, WITH OTHER BRAIN MALFORMATIONS 7"
TUBB3,Inhibit,Brain,"CORTICAL DYSPLASIA, COMPLEX, WITH OTHER BRAIN MALFORMATIONS 1"
TUBB4B,Inhibit,Liver,Chemical and Drug Induced Liver Injury
TUBB5,Inhibit,Heart,"Cardiomyopathy, Dilated"
TUBB5,Inhibit,Heart,Heart Failure
TUBB6,Inhibit,Liver,"Liver Cirrhosis, Experimental"
TUBG1,Inhibit,Brain,"CORTICAL DYSPLASIA, COMPLEX, WITH OTHER BRAIN MALFORMATIONS 4"
TUG1,Inhibit,Liver,Liver Cirrhosis
TUSC3,Inhibit,Liver,"Liver Cirrhosis, Experimental"
TWNK,Inhibit,Liver,MITOCHONDRIAL DNA DEPLETION SYNDROME 7 (HEPATOCEREBRAL TYPE)
TWNK,Inhibit,Brain,"Sensory ataxic neuropathy, dysarthria, and ophthalmoparesis"
TXN,Inhibit,Liver,Liver Diseases
TXN1,Inhibit,Heart,Cardiomyopathies
TXNRD1,Inhibit,Heart,Heart Failure
TXNRD1,Inhibit,Heart,Myocardial Ischemia
TXNRD3,Inhibit,Heart,Cardiomyopathies
TYK2,Inhibit,Liver,"Liver Cirrhosis, Biliary"
TYMS,Inhibit,Brain,Brain Diseases
TYMS,Inhibit,Liver,"Carcinoma, Hepatocellular"
TYMS,Inhibit,Brain,Neuroendocrine Tumors
TYROBP,Inhibit,Liver,"Liver Cirrhosis, Experimental"
TYROBP,Inhibit,Liver,Liver Diseases
U2SURP,Inhibit,Liver,"Liver Cirrhosis, Experimental"
U2SURP-PS1,Inhibit,Liver,"Liver Cirrhosis, Experimental"
UBA5,Inhibit,Liver,Chemical and Drug Induced Liver Injury
UBD,Inhibit,Liver,"Carcinoma, Hepatocellular"
UBD,Inhibit,Liver,"Hepatitis, Animal"
UBD,Inhibit,Liver,"Liver Cirrhosis, Biliary"
UBD,Inhibit,Liver,"Liver Cirrhosis, Experimental"
UBE2C,Inhibit,Liver,"Carcinoma, Hepatocellular"
UBE2E2,Inhibit,Liver,"Adenoma, Liver Cell"
UBE2E2,Inhibit,Liver,"Carcinoma, Hepatocellular"
UBE2L3,Inhibit,Liver,"Hepatitis B, Chronic"
UBE2T,Inhibit,Liver,"Carcinoma, Hepatocellular"
UBE3B,Inhibit,Brain,Kaufman oculocerebrofacial syndrome
UBE4B,Inhibit,Brain,"Brain Injuries, Traumatic"
UBE4B,Inhibit,Brain,Neurobehavioral Manifestations
UBIAD1,Inhibit,Heart,"Edema, Cardiac"
UCHL1,Inhibit,Liver,"Carcinoma, Hepatocellular"
UCN2,Inhibit,Heart,Heart Failure
UCP1,Inhibit,Heart,"Cardiomyopathy, Dilated"
UCP1,Inhibit,Heart,Heart Failure
UCP2,Inhibit,Brain,Brain Injuries
UCP2,Inhibit,Brain,Brain Ischemia
UCP2,Inhibit,Heart,Cardiomegaly
UCP2,Inhibit,Liver,Fatty Liver
UFD1,Inhibit,Heart,"Heart Defects, Congenital"
UGCG,Inhibit,Liver,"Liver Cirrhosis, Experimental"
UGCG,Inhibit,Heart,Myocardial Ischemia
UGDH,Inhibit,Liver,Liver Neoplasms
UGT1A9,Inhibit,Liver,Chemical and Drug Induced Liver Injury
UGT2B,Inhibit,Liver,"Liver Cirrhosis, Experimental"
UHRF1,Inhibit,Liver,"Carcinoma, Hepatocellular"
UMPS,Inhibit,Liver,"Carcinoma, Hepatocellular"
UNC45B,Inhibit,Heart,Heart Diseases
UNC5CL,Inhibit,Liver,"Liver Cirrhosis, Experimental"
UNC93B1,Inhibit,Liver,Chemical and Drug Induced Liver Injury
UNC93B1,Inhibit,Liver,Liver Cirrhosis
UNC93B1,Inhibit,Liver,"Liver Cirrhosis, Experimental"
UQCRFS1,Inhibit,Heart,Myocardial Ischemia
UROC1,Inhibit,Liver,"Carcinoma, Hepatocellular"
USP15,Inhibit,Brain,Diabetic Neuropathies
USP18,Inhibit,Heart,Aicardi-Goutieres syndrome
USP2,Inhibit,Liver,"Carcinoma, Hepatocellular"
USP4,Inhibit,Liver,"Carcinoma, Hepatocellular"
USP5,Inhibit,Liver,Chemical and Drug Induced Liver Injury
UTS2,Inhibit,Heart,Bradycardia
VASN,Inhibit,Liver,"Carcinoma, Hepatocellular"
VASP,Inhibit,Liver,"Liver Cirrhosis, Experimental"
VAV1,Inhibit,Liver,"Liver Cirrhosis, Experimental"
VAV3,Inhibit,Heart,Tachycardia
VCAM1,Inhibit,Liver,"Carcinoma, Hepatocellular"
VCAM1,Inhibit,Heart,Cardiovascular Diseases
VCAM1,Inhibit,Liver,Intrahepatic Cholestasis of Pregnancy
VCAM1,Inhibit,Heart,Myocardial Ischemia
VCL,Inhibit,Heart,"Cardiomyopathy, Dilated, 1w"
VCL,Inhibit,Heart,"Cardiomyopathy, Familial Hypertrophic, 15"
VDAC1,Inhibit,Heart,Myocardial Infarction
VDAC1,Inhibit,Heart,Myocardial Reperfusion Injury
VEGFA,Inhibit,Brain,Brain Injuries
VEGFA,Inhibit,Brain,Brain Neoplasms
VEGFA,Inhibit,Brain,Cerebral Hemorrhage
VEGFA,Inhibit,Liver,Chemical and Drug Induced Liver Injury
VEGFA,Inhibit,Heart,"Heart Defects, Congenital"
VEGFA,Inhibit,Heart,Heart Diseases
VEGFA,Inhibit,Heart,Heart Failure
VEGFA,Inhibit,Brain,"Hypoxia-Ischemia, Brain"
VEGFA,Inhibit,Liver,Liver Cirrhosis
VEGFA,Inhibit,Liver,"Liver Cirrhosis, Experimental"
VEGFA,Inhibit,Liver,Liver Failure
VEGFA,Inhibit,Heart,Myocardial Ischemia
VEGFA,Inhibit,Heart,Myocardial Reperfusion Injury
VEGFAA,Inhibit,Brain,Cerebrovascular Disorders
VEGFB,Inhibit,Liver,Liver Cirrhosis
VEGFB,Inhibit,Heart,Myocardial Ischemia
VIM,Inhibit,Liver,Chemical and Drug Induced Liver Injury
VIM,Inhibit,Liver,Liver Cirrhosis
VIM,Inhibit,Liver,"Liver Cirrhosis, Experimental"
VIM,Inhibit,Brain,Motor Neuron Disease
VIM,Inhibit,Brain,Neurodegenerative Diseases
VIP,Inhibit,Heart,Tachycardia
VIPR1,Inhibit,Liver,"Carcinoma, Hepatocellular"
VIPR1,Inhibit,Liver,"Liver Cirrhosis, Experimental"
VLDLR,Inhibit,Liver,Non-alcoholic Fatty Liver Disease
VOPP1,Inhibit,Liver,"Liver Cirrhosis, Experimental"
VPS13A,Inhibit,Brain,Neuroacanthocytosis
VSIG4,Inhibit,Liver,"Carcinoma, Hepatocellular"
VSIR,Inhibit,Liver,"Liver Cirrhosis, Experimental"
VTN,Inhibit,Liver,Liver Cirrhosis
VWF,Inhibit,Heart,Cardiovascular Diseases
VWF,Inhibit,Liver,Chemical and Drug Induced Liver Injury
VWF,Inhibit,Heart,Heart Failure
VWF,Inhibit,Liver,"Liver Cirrhosis, Experimental"
WAC,Inhibit,Brain,Neurodevelopmental Disorders
WASL,Inhibit,Liver,Chemical and Drug Induced Liver Injury
WDFY3,Inhibit,Brain,Neurodevelopmental Disorders
WDR12,Inhibit,Heart,"Cardiomyopathy, Dilated"
WDR12,Inhibit,Heart,Myocardial Infarction
WDR17,Inhibit,Liver,Liver Neoplasms
WDR-23,Inhibit,Brain,"Gait Disorders, Neurologic"
WDR45,Inhibit,Heart,"Heart Failure, Diastolic"
WDR45,Inhibit,Brain,NEURODEGENERATION WITH BRAIN IRON ACCUMULATION 5
WDR45,Inhibit,Brain,Neurodegeneration with brain iron accumulation (NBIA)
WDR45,Inhibit,Brain,Neurodevelopmental Disorders
WDR62,Inhibit,Liver,"Carcinoma, Hepatocellular"
WDR76,Inhibit,Liver,"Carcinoma, Hepatocellular"
WFDC2,Inhibit,Liver,"Liver Cirrhosis, Experimental"
WFDC21,Inhibit,Liver,"Liver Cirrhosis, Experimental"
WIPF1,Inhibit,Liver,"Liver Cirrhosis, Experimental"
WLS,Inhibit,Liver,"Liver Cirrhosis, Experimental"
WNK1,Inhibit,Brain,"NEUROPATHY, HEREDITARY SENSORY AND AUTONOMIC, TYPE IIA"
WSCD1,Inhibit,Liver,Liver Neoplasms
XAF1,Inhibit,Heart,Heart Failure
XAGE1B,Inhibit,Liver,"Carcinoma, Hepatocellular"
XBP1,Inhibit,Liver,Fatty Liver
XBP1,Inhibit,Liver,Non-alcoholic Fatty Liver Disease
XDH,Inhibit,Heart,Heart Diseases
XDH,Inhibit,Heart,Heart Failure
XDH,Inhibit,Brain,"Infarction, Middle Cerebral Artery"
XIAP,Inhibit,Heart,Myocardial Reperfusion Injury
XK,Inhibit,Brain,Neuroacanthocytosis
XK,Inhibit,Brain,"Neuroacanthocytosis, Mcleod Type"
XK,Inhibit,Brain,Neuromuscular Diseases
XPA,Inhibit,Liver,Liver Neoplasms
XPC,Inhibit,Liver,Liver Neoplasms
XPNPEP2,Inhibit,Liver,"Liver Cirrhosis, Experimental"
XYLB,Inhibit,Liver,Chemical and Drug Induced Liver Injury
YAP1,Inhibit,Brain,Brain Neoplasms
YAP1,Inhibit,Liver,"Carcinoma, Hepatocellular"
YAP1,Inhibit,Brain,Neuroblastoma
YBX1,Inhibit,Liver,"Liver Cirrhosis, Experimental"
YES1,Inhibit,Heart,"Heart Septal Defects, Ventricular"
YIF1A,Inhibit,Liver,Liver Neoplasms
YPEL3,Inhibit,Liver,"Liver Cirrhosis, Experimental"
YTHDF2,Inhibit,Liver,"Carcinoma, Hepatocellular"
YWHAG,Inhibit,Liver,"Liver Cirrhosis, Experimental"
YWHAH,Inhibit,Heart,Cardiomyopathies
YWHAZ,Inhibit,Liver,"Liver Cirrhosis, Experimental"
YY1AP1,Inhibit,Heart,"Arterial Occlusive Disease, Progressive, with Hypertension, Heart Defects, Bone Fragility, and Brachysyndactyly"
ZBTB4,Inhibit,Liver,"Liver Cirrhosis, Experimental"
ZC3H12D,Inhibit,Liver,"Carcinoma, Hepatocellular"
ZC3H4,Inhibit,Brain,Neurodevelopmental Disorders
ZDHHC13,Inhibit,Liver,"Liver Cirrhosis, Experimental"
ZDHHC2,Inhibit,Liver,"Liver Cirrhosis, Experimental"
ZDHHC2,Inhibit,Liver,Liver Neoplasms
ZDHHC23,Inhibit,Liver,Chemical and Drug Induced Liver Injury
ZEB1,Inhibit,Heart,Myocardial Ischemia
ZEB1B,Inhibit,Brain,Brain Neoplasms
ZEB2,Inhibit,Heart,"Heart Defects, Congenital"
ZEB2,Inhibit,Liver,"Liver Cirrhosis, Experimental"
ZEB2-AS1,Inhibit,Heart,Heart Failure
ZFP36,Inhibit,Liver,"Carcinoma, Hepatocellular"
ZFP36,Inhibit,Heart,Myocardial Ischemia
ZFP37,Inhibit,Liver,"Liver Cirrhosis, Experimental"
ZFP532,Inhibit,Heart,"Heart Failure, Diastolic"
ZFYVE16,Inhibit,Liver,"Liver Cirrhosis, Experimental"
ZIC2,Inhibit,Liver,"Carcinoma, Hepatocellular"
ZIC3,Inhibit,Heart,Dextrocardia
ZIC4,Inhibit,Liver,"Carcinoma, Hepatocellular"
ZIC5,Inhibit,Liver,"Carcinoma, Hepatocellular"
ZNF23,Inhibit,Liver,"Carcinoma, Hepatocellular"
ZNF292,Inhibit,Brain,Neurodevelopmental Disorders
ZSCAN22,Inhibit,Liver,Liver Neoplasms
ZWINT,Inhibit,Liver,"Carcinoma, Hepatocellular"
