drug_1_rxnorn_id,drug_1_concept_name,drug_2_rxnorm_id,drug_2_concept_name,condition_meddra_id,condition_concept_name,A,B,C,D,PRR,PRR_error,mean_reporting_frequency
10355,Temazepam,136411,sildenafil,10003239,Arthralgia,7,149,24,1536,2.91667,0.421275,0.0448718
1808,Bumetanide,7824,Oxytocin,10003239,Arthralgia,1,13,2,138,5.0,1.19224,0.0714286
221147,POLYETHYLENE GLYCOL 3350,5521,Hydroxychloroquine,10003239,Arthralgia,6,103,20,1070,3.0,0.454505,0.0550459
10324,Tamoxifen,8640,Prednisone,10012735,Diarrhoea,18,123,35,1375,5.14286,0.276271,0.12766
10355,Temazepam,136411,sildenafil,10012735,Diarrhoea,2,154,37,1523,0.540541,0.721093,0.0128205
1808,Bumetanide,7824,Oxytocin,10012735,Diarrhoea,3,11,5,135,6.0,0.67436,0.214286
161,Acetaminophen,1546438,glycopyrronium,10012735,Diarrhoea,3,20,5,225,6.0,0.696783,0.130435
7781,Oxazepam,9863,Sodium Chloride,10012735,Diarrhoea,4,31,6,344,6.66667,0.620676,0.114286
221147,POLYETHYLENE GLYCOL 3350,5521,Hydroxychloroquine,10012735,Diarrhoea,7,102,24,1066,2.91667,0.417651,0.0642202
10355,Temazepam,136411,sildenafil,10019211,Headache,16,140,41,1519,3.90244,0.282558,0.102564
161,Acetaminophen,1546438,glycopyrronium,10019211,Headache,1,22,6,224,1.66667,1.05775,0.0434783
221147,POLYETHYLENE GLYCOL 3350,5521,Hydroxychloroquine,10019211,Headache,9,100,19,1071,4.73684,0.391983,0.0825688
10324,Tamoxifen,8640,Prednisone,10047700,Vomiting,17,124,40,1370,4.25,0.275721,0.120567
10355,Temazepam,136411,sildenafil,10047700,Vomiting,4,152,37,1523,1.08108,0.519592,0.025641
1808,Bumetanide,7824,Oxytocin,10047700,Vomiting,3,11,4,136,7.5,0.710466,0.214286
221147,POLYETHYLENE GLYCOL 3350,5521,Hydroxychloroquine,10047700,Vomiting,8,101,35,1055,2.28571,0.378787,0.0733945
10324,Tamoxifen,8640,Prednisone,10013946,Dyspepsia,4,137,6,1404,6.66667,0.639426,0.0283688
10355,Temazepam,136411,sildenafil,10013946,Dyspepsia,2,154,5,1555,4.0,0.832435,0.0128205
221147,POLYETHYLENE GLYCOL 3350,5521,Hydroxychloroquine,10013946,Dyspepsia,1,108,2,1088,5.0,1.22062,0.00917431
10355,Temazepam,136411,sildenafil,10062237,Renal impairment,1,155,5,1555,2.0,1.09222,0.00641026
221147,POLYETHYLENE GLYCOL 3350,5521,Hydroxychloroquine,10013700,Drug hypersensitivity,1,108,4,1086,2.5,1.11351,0.00917431
10355,Temazepam,136411,sildenafil,10011224,Cough,5,151,27,1533,1.85185,0.479568,0.0320513
1808,Bumetanide,7824,Oxytocin,10011224,Cough,1,13,4,136,2.5,1.08233,0.0714286
221147,POLYETHYLENE GLYCOL 3350,5521,Hydroxychloroquine,10011224,Cough,3,106,15,1075,2.0,0.624426,0.0275229
221147,POLYETHYLENE GLYCOL 3350,5521,Hydroxychloroquine,10043521,Throat irritation,1,108,4,1086,2.5,1.11351,0.00917431
10355,Temazepam,136411,sildenafil,10039101,Rhinorrhoea,1,155,2,1558,5.0,1.22186,0.00641026
10355,Temazepam,136411,sildenafil,10062355,Unevaluable event,2,154,6,1554,3.33333,0.812167,0.0128205
10324,Tamoxifen,8640,Prednisone,10025482,Malaise,5,136,33,1377,1.51515,0.471701,0.035461
10355,Temazepam,136411,sildenafil,10025482,Malaise,12,144,41,1519,2.92683,0.317289,0.0769231
1808,Bumetanide,7824,Oxytocin,10025482,Malaise,1,13,2,138,5.0,1.19224,0.0714286
221147,POLYETHYLENE GLYCOL 3350,5521,Hydroxychloroquine,10025482,Malaise,2,107,26,1064,0.769231,0.726891,0.0183486
221147,POLYETHYLENE GLYCOL 3350,5521,Hydroxychloroquine,10060795,Hepatic enzyme increased,1,108,3,1087,3.33333,1.15032,0.00917431
10355,Temazepam,136411,sildenafil,10003988,Back pain,11,145,16,1544,6.875,0.382567,0.0705128
161,Acetaminophen,1546438,glycopyrronium,10003988,Back pain,1,22,2,228,5.0,1.20506,0.0434783
221147,POLYETHYLENE GLYCOL 3350,5521,Hydroxychloroquine,10003988,Back pain,5,104,16,1074,3.125,0.502402,0.0458716
10355,Temazepam,136411,sildenafil,10016807,Fluid retention,2,154,6,1554,3.33333,0.812167,0.0128205
221147,POLYETHYLENE GLYCOL 3350,5521,Hydroxychloroquine,10016807,Fluid retention,1,108,3,1087,3.33333,1.15032,0.00917431
10324,Tamoxifen,8640,Prednisone,10030124,Oedema peripheral,14,127,17,1393,8.23529,0.34993,0.0992908
10355,Temazepam,136411,sildenafil,10030124,Oedema peripheral,8,148,21,1539,3.80952,0.4069,0.0512821
1808,Bumetanide,7824,Oxytocin,10030124,Oedema peripheral,3,11,1,139,30.0,1.12016,0.214286
221147,POLYETHYLENE GLYCOL 3350,5521,Hydroxychloroquine,10030124,Oedema peripheral,3,106,16,1074,1.875,0.621081,0.0275229
10355,Temazepam,136411,sildenafil,10030095,Oedema,6,150,5,1555,12.0,0.599679,0.0384615
10355,Temazepam,136411,sildenafil,10033295,Overdose,1,155,8,1552,1.25,1.05733,0.00641026
221147,POLYETHYLENE GLYCOL 3350,5521,Hydroxychloroquine,10033295,Overdose,3,106,4,1086,7.5,0.757127,0.0275229
10324,Tamoxifen,8640,Prednisone,10011906,Death,8,133,61,1349,1.31148,0.365502,0.0567376
10355,Temazepam,136411,sildenafil,10011906,Death,3,153,64,1496,0.46875,0.584728,0.0192308
1808,Bumetanide,7824,Oxytocin,10011906,Death,1,13,7,133,1.42857,1.03164,0.0714286
7781,Oxazepam,9863,Sodium Chloride,10011906,Death,1,34,12,338,0.833333,1.02562,0.0285714
221147,POLYETHYLENE GLYCOL 3350,5521,Hydroxychloroquine,10011906,Death,5,104,44,1046,1.13636,0.461124,0.0458716
10355,Temazepam,136411,sildenafil,10008190,Cerebrovascular accident,1,155,20,1540,0.5,1.02125,0.00641026
221147,POLYETHYLENE GLYCOL 3350,5521,Hydroxychloroquine,10008190,Cerebrovascular accident,2,107,21,1069,0.952381,0.733163,0.0183486
10355,Temazepam,136411,sildenafil,10033371,Pain,9,147,50,1510,1.8,0.352221,0.0576923
1808,Bumetanide,7824,Oxytocin,10033371,Pain,1,13,4,136,2.5,1.08233,0.0714286
7781,Oxazepam,9863,Sodium Chloride,10033371,Pain,1,34,7,343,1.42857,1.05424,0.0285714
221147,POLYETHYLENE GLYCOL 3350,5521,Hydroxychloroquine,10033371,Pain,7,102,31,1059,2.25806,0.406231,0.0642202
7781,Oxazepam,9863,Sodium Chloride,10064355,Incorrect dose administered,1,34,1,349,10.0,1.40306,0.0285714
10355,Temazepam,136411,sildenafil,10052428,Wound,1,155,1,1559,10.0,1.41172,0.00641026
221147,POLYETHYLENE GLYCOL 3350,5521,Hydroxychloroquine,10052428,Wound,1,108,1,1089,10.0,1.41064,0.00917431
10324,Tamoxifen,8640,Prednisone,10016256,Fatigue,18,123,45,1365,4.0,0.26453,0.12766
10355,Temazepam,136411,sildenafil,10016256,Fatigue,19,137,54,1506,3.51852,0.253177,0.121795
1808,Bumetanide,7824,Oxytocin,10016256,Fatigue,3,11,3,137,10.0,0.766874,0.214286
161,Acetaminophen,1546438,glycopyrronium,10016256,Fatigue,3,20,6,224,5.0,0.672439,0.130435
221147,POLYETHYLENE GLYCOL 3350,5521,Hydroxychloroquine,10016256,Fatigue,7,102,34,1056,2.05882,0.402712,0.0642202
10324,Tamoxifen,8640,Prednisone,10017885,Gastrooesophageal reflux disease,13,128,5,1405,26.0,0.518769,0.0921986
10355,Temazepam,136411,sildenafil,10017885,Gastrooesophageal reflux disease,6,150,7,1553,8.57143,0.549975,0.0384615
221147,POLYETHYLENE GLYCOL 3350,5521,Hydroxychloroquine,10017885,Gastrooesophageal reflux disease,1,108,3,1087,3.33333,1.15032,0.00917431
10355,Temazepam,136411,sildenafil,10040753,Sinusitis,2,154,11,1549,1.81818,0.764106,0.0128205
1808,Bumetanide,7824,Oxytocin,10046571,Urinary tract infection,1,13,3,137,3.33333,1.12016,0.0714286
221147,POLYETHYLENE GLYCOL 3350,5521,Hydroxychloroquine,10046571,Urinary tract infection,4,105,9,1081,4.44444,0.592469,0.0366972
10355,Temazepam,136411,sildenafil,10016173,Fall,10,146,27,1533,3.7037,0.360535,0.0641026
161,Acetaminophen,1546438,glycopyrronium,10016173,Fall,1,22,2,228,5.0,1.20506,0.0434783
7781,Oxazepam,9863,Sodium Chloride,10016173,Fall,1,34,10,340,1.0,1.03372,0.0285714
221147,POLYETHYLENE GLYCOL 3350,5521,Hydroxychloroquine,10016173,Fall,4,105,22,1068,1.81818,0.534194,0.0366972
10324,Tamoxifen,8640,Prednisone,10058117,Ocular icterus,1,140,1,1409,10.0,1.41145,0.0070922
10355,Temazepam,136411,sildenafil,10006002,Bone pain,1,155,4,1556,2.5,1.11488,0.00641026
221147,POLYETHYLENE GLYCOL 3350,5521,Hydroxychloroquine,10006002,Bone pain,1,108,2,1088,5.0,1.22062,0.00917431
10324,Tamoxifen,8640,Prednisone,10028813,Nausea,14,127,58,1352,2.41379,0.284374,0.0992908
10355,Temazepam,136411,sildenafil,10028813,Nausea,11,145,67,1493,1.64179,0.314298,0.0705128
1808,Bumetanide,7824,Oxytocin,10028813,Nausea,2,12,7,133,2.85714,0.75119,0.142857
161,Acetaminophen,1546438,glycopyrronium,10028813,Nausea,3,20,6,224,5.0,0.672439,0.130435
7781,Oxazepam,9863,Sodium Chloride,10028813,Nausea,1,34,18,332,0.555556,1.01199,0.0285714
221147,POLYETHYLENE GLYCOL 3350,5521,Hydroxychloroquine,10028813,Nausea,11,98,36,1054,3.05556,0.329538,0.100917
10355,Temazepam,136411,sildenafil,10033775,Paraesthesia,5,151,11,1549,4.54545,0.532783,0.0320513
221147,POLYETHYLENE GLYCOL 3350,5521,Hydroxychloroquine,10033775,Paraesthesia,1,108,8,1082,1.25,1.05589,0.00917431
10324,Tamoxifen,8640,Prednisone,10049438,General physical health deterioration,5,136,9,1401,5.55556,0.550736,0.035461
10355,Temazepam,136411,sildenafil,10049438,General physical health deterioration,3,153,9,1551,3.33333,0.661357,0.0192308
161,Acetaminophen,1546438,glycopyrronium,10049438,General physical health deterioration,3,20,2,228,15.0,0.886288,0.130435
7781,Oxazepam,9863,Sodium Chloride,10049438,General physical health deterioration,2,33,3,347,6.66667,0.895491,0.0571429
10324,Tamoxifen,8640,Prednisone,10000081,Abdominal pain,8,133,16,1394,5.0,0.423909,0.0567376
10355,Temazepam,136411,sildenafil,10000081,Abdominal pain,5,151,12,1548,4.16667,0.525625,0.0320513
161,Acetaminophen,1546438,glycopyrronium,10000081,Abdominal pain,3,20,1,229,30.0,1.1338,0.130435
7781,Oxazepam,9863,Sodium Chloride,10000081,Abdominal pain,1,34,5,345,2.0,1.081,0.0285714
221147,POLYETHYLENE GLYCOL 3350,5521,Hydroxychloroquine,10000081,Abdominal pain,3,106,12,1078,2.5,0.637632,0.0275229
10355,Temazepam,136411,sildenafil,10002855,Anxiety,15,141,34,1526,4.41176,0.298374,0.0961538
1808,Bumetanide,7824,Oxytocin,10002855,Anxiety,1,13,5,135,2.0,1.05898,0.0714286
221147,POLYETHYLENE GLYCOL 3350,5521,Hydroxychloroquine,10002855,Anxiety,3,106,23,1067,1.30435,0.605574,0.0275229
10355,Temazepam,136411,sildenafil,10049119,Emotional distress,4,152,8,1552,5.0,0.606588,0.025641
161,Acetaminophen,1546438,glycopyrronium,10049119,Emotional distress,1,22,2,228,5.0,1.20506,0.0434783
221147,POLYETHYLENE GLYCOL 3350,5521,Hydroxychloroquine,10049119,Emotional distress,2,107,5,1085,4.0,0.830607,0.0183486
10355,Temazepam,136411,sildenafil,10022116,Injury,12,144,13,1547,9.23077,0.391414,0.0769231
1808,Bumetanide,7824,Oxytocin,10022116,Injury,1,13,1,139,10.0,1.38616,0.0714286
161,Acetaminophen,1546438,glycopyrronium,10022116,Injury,1,22,3,227,3.33333,1.1338,0.0434783
221147,POLYETHYLENE GLYCOL 3350,5521,Hydroxychloroquine,10022116,Injury,2,107,14,1076,1.42857,0.749224,0.0183486
10355,Temazepam,136411,sildenafil,10027175,Memory impairment,2,154,13,1547,1.53846,0.754899,0.0128205
161,Acetaminophen,1546438,glycopyrronium,10027175,Memory impairment,3,20,3,227,10.0,0.786664,0.130435
10355,Temazepam,136411,sildenafil,10037844,Rash,4,152,29,1531,1.37931,0.526718,0.025641
221147,POLYETHYLENE GLYCOL 3350,5521,Hydroxychloroquine,10037844,Rash,5,104,18,1072,2.77778,0.495443,0.0458716
10355,Temazepam,136411,sildenafil,10001551,Alanine aminotransferase increased,3,153,4,1556,7.5,0.759132,0.0192308
221147,POLYETHYLENE GLYCOL 3350,5521,Hydroxychloroquine,10001551,Alanine aminotransferase increased,1,108,3,1087,3.33333,1.15032,0.00917431
10355,Temazepam,136411,sildenafil,10013687,Drug eruption,1,155,1,1559,10.0,1.41172,0.00641026
161,Acetaminophen,1546438,glycopyrronium,10013687,Drug eruption,1,22,1,229,10.0,1.3972,0.0434783
10324,Tamoxifen,8640,Prednisone,10008479,Chest pain,7,134,29,1381,2.41379,0.411751,0.0496454
10355,Temazepam,136411,sildenafil,10008479,Chest pain,7,149,21,1539,3.33333,0.428281,0.0448718
1808,Bumetanide,7824,Oxytocin,10008479,Chest pain,1,13,5,135,2.0,1.05898,0.0714286
221147,POLYETHYLENE GLYCOL 3350,5521,Hydroxychloroquine,10008479,Chest pain,7,102,19,1071,3.68421,0.430577,0.0642202
221147,POLYETHYLENE GLYCOL 3350,5521,Hydroxychloroquine,10050584,Contusion,2,107,1,1089,20.0,1.22062,0.0183486
10324,Tamoxifen,8640,Prednisone,10013968,Dyspnoea,18,123,37,1373,4.86486,0.273461,0.12766
10355,Temazepam,136411,sildenafil,10013968,Dyspnoea,20,136,46,1514,4.34783,0.254338,0.128205
1808,Bumetanide,7824,Oxytocin,10013968,Dyspnoea,2,12,8,132,2.5,0.739208,0.142857
161,Acetaminophen,1546438,glycopyrronium,10013968,Dyspnoea,3,20,8,222,3.75,0.640708,0.130435
7781,Oxazepam,9863,Sodium Chloride,10013968,Dyspnoea,2,33,15,335,1.33333,0.7316,0.0571429
221147,POLYETHYLENE GLYCOL 3350,5521,Hydroxychloroquine,10013968,Dyspnoea,3,106,39,1051,0.769231,0.590663,0.0275229
10355,Temazepam,136411,sildenafil,10042209,Stress,1,155,8,1552,1.25,1.05733,0.00641026
221147,POLYETHYLENE GLYCOL 3350,5521,Hydroxychloroquine,10042209,Stress,2,107,5,1085,4.0,0.830607,0.0183486
10324,Tamoxifen,8640,Prednisone,10003549,Asthenia,15,126,28,1382,5.35714,0.307538,0.106383
10355,Temazepam,136411,sildenafil,10003549,Asthenia,11,145,27,1533,4.07407,0.347699,0.0705128
161,Acetaminophen,1546438,glycopyrronium,10003549,Asthenia,2,21,2,228,10.0,0.975794,0.0869565
7781,Oxazepam,9863,Sodium Chloride,10003549,Asthenia,1,34,3,347,3.33333,1.14101,0.0285714
221147,POLYETHYLENE GLYCOL 3350,5521,Hydroxychloroquine,10003549,Asthenia,7,102,17,1073,4.11765,0.437709,0.0642202
10355,Temazepam,136411,sildenafil,10012378,Depression,12,144,30,1530,4.0,0.331082,0.0769231
221147,POLYETHYLENE GLYCOL 3350,5521,Hydroxychloroquine,10012378,Depression,2,107,13,1077,1.53846,0.752882,0.0183486
10324,Tamoxifen,8640,Prednisone,10013911,Dysgeusia,4,137,3,1407,13.3333,0.758638,0.0283688
10355,Temazepam,136411,sildenafil,10013911,Dysgeusia,2,154,7,1553,2.85714,0.797374,0.0128205
1808,Bumetanide,7824,Oxytocin,10013911,Dysgeusia,1,13,1,139,10.0,1.38616,0.0714286
10355,Temazepam,136411,sildenafil,10047895,Weight decreased,10,146,13,1547,7.69231,0.412155,0.0641026
1808,Bumetanide,7824,Oxytocin,10047895,Weight decreased,1,13,2,138,5.0,1.19224,0.0714286
161,Acetaminophen,1546438,glycopyrronium,10047895,Weight decreased,3,20,3,227,10.0,0.786664,0.130435
221147,POLYETHYLENE GLYCOL 3350,5521,Hydroxychloroquine,10047895,Weight decreased,3,106,15,1075,2.0,0.624426,0.0275229
10355,Temazepam,136411,sildenafil,10037087,Pruritus,3,153,31,1529,0.967742,0.598782,0.0192308
7781,Oxazepam,9863,Sodium Chloride,10037087,Pruritus,1,34,4,346,2.5,1.10389,0.0285714
221147,POLYETHYLENE GLYCOL 3350,5521,Hydroxychloroquine,10037087,Pruritus,4,105,21,1069,1.90476,0.536216,0.0366972
10324,Tamoxifen,8640,Prednisone,10016322,Feeling abnormal,3,138,22,1388,1.36364,0.609087,0.0212766
10355,Temazepam,136411,sildenafil,10016322,Feeling abnormal,2,154,18,1542,1.11111,0.740611,0.0128205
7781,Oxazepam,9863,Sodium Chloride,10016322,Feeling abnormal,1,34,3,347,3.33333,1.14101,0.0285714
221147,POLYETHYLENE GLYCOL 3350,5521,Hydroxychloroquine,10016322,Feeling abnormal,1,108,20,1070,0.5,1.01976,0.00917431
10355,Temazepam,136411,sildenafil,10028334,Muscle spasms,2,154,15,1545,1.33333,0.748074,0.0128205
1808,Bumetanide,7824,Oxytocin,10028334,Muscle spasms,1,13,3,137,3.33333,1.12016,0.0714286
221147,POLYETHYLENE GLYCOL 3350,5521,Hydroxychloroquine,10028334,Muscle spasms,2,107,6,1084,3.33333,0.810293,0.0183486
10355,Temazepam,136411,sildenafil,10029412,Nightmare,1,155,5,1555,2.0,1.09222,0.00641026
10355,Temazepam,136411,sildenafil,10010904,Convulsion,1,155,23,1537,0.434783,1.01805,0.00641026
10355,Temazepam,136411,sildenafil,10020642,Hyperhidrosis,3,153,10,1550,3.0,0.652903,0.0192308
221147,POLYETHYLENE GLYCOL 3350,5521,Hydroxychloroquine,10020642,Hyperhidrosis,3,106,8,1082,3.75,0.669508,0.0275229
221147,POLYETHYLENE GLYCOL 3350,5521,Hydroxychloroquine,10013496,Disturbance in attention,1,108,3,1087,3.33333,1.15032,0.00917431
10355,Temazepam,136411,sildenafil,10046555,Urinary retention,3,153,2,1558,15.0,0.909001,0.0192308
221147,POLYETHYLENE GLYCOL 3350,5521,Hydroxychloroquine,10046555,Urinary retention,1,108,3,1087,3.33333,1.15032,0.00917431
10324,Tamoxifen,8640,Prednisone,10013573,Dizziness,9,132,36,1374,2.5,0.36206,0.0638298
10355,Temazepam,136411,sildenafil,10013573,Dizziness,18,138,49,1511,3.67347,0.262512,0.115385
221147,POLYETHYLENE GLYCOL 3350,5521,Hydroxychloroquine,10013573,Dizziness,7,102,26,1064,2.69231,0.413796,0.0642202
10355,Temazepam,136411,sildenafil,10018884,Haemoglobin decreased,6,150,11,1549,5.45455,0.500524,0.0384615
1808,Bumetanide,7824,Oxytocin,10018884,Haemoglobin decreased,1,13,2,138,5.0,1.19224,0.0714286
221147,POLYETHYLENE GLYCOL 3350,5521,Hydroxychloroquine,10018884,Haemoglobin decreased,3,106,9,1081,3.33333,0.659054,0.0275229
10355,Temazepam,136411,sildenafil,10047942,White blood cell count decreased,1,155,12,1548,0.833333,1.03744,0.00641026
221147,POLYETHYLENE GLYCOL 3350,5521,Hydroxychloroquine,10047942,White blood cell count decreased,2,107,6,1084,3.33333,0.810293,0.0183486
10355,Temazepam,136411,sildenafil,10006784,Burning sensation,2,154,9,1551,2.22222,0.777213,0.0128205
221147,POLYETHYLENE GLYCOL 3350,5521,Hydroxychloroquine,10006784,Burning sensation,1,108,6,1084,1.66667,1.07544,0.00917431
10324,Tamoxifen,8640,Prednisone,10016825,Flushing,2,139,20,1390,1.0,0.736341,0.0141844
10355,Temazepam,136411,sildenafil,10016825,Flushing,7,149,15,1545,4.66667,0.449969,0.0448718
10355,Temazepam,136411,sildenafil,10061114,Economic problem,5,151,1,1559,50.0,1.09222,0.0320513
221147,POLYETHYLENE GLYCOL 3350,5521,Hydroxychloroquine,10061114,Economic problem,2,107,2,1088,10.0,0.994941,0.0183486
10355,Temazepam,136411,sildenafil,10002511,Anhedonia,4,152,5,1555,8.0,0.665544,0.025641
221147,POLYETHYLENE GLYCOL 3350,5521,Hydroxychloroquine,10002511,Anhedonia,1,108,5,1085,2.0,1.09083,0.00917431
221147,POLYETHYLENE GLYCOL 3350,5521,Hydroxychloroquine,10061619,Deformity,1,108,1,1089,10.0,1.41064,0.00917431
10324,Tamoxifen,8640,Prednisone,10017955,Gastrointestinal haemorrhage,3,138,3,1407,10.0,0.811705,0.0212766
10355,Temazepam,136411,sildenafil,10017955,Gastrointestinal haemorrhage,4,152,3,1557,13.3333,0.759132,0.025641
221147,POLYETHYLENE GLYCOL 3350,5521,Hydroxychloroquine,10017955,Gastrointestinal haemorrhage,3,106,3,1087,10.0,0.810293,0.0275229
10355,Temazepam,136411,sildenafil,10003664,Atrial septal defect,1,155,2,1558,5.0,1.22186,0.00641026
221147,POLYETHYLENE GLYCOL 3350,5521,Hydroxychloroquine,10049460,Abasia,2,107,5,1085,4.0,0.830607,0.0183486
10355,Temazepam,136411,sildenafil,10012374,Depressed mood,1,155,2,1558,5.0,1.22186,0.00641026
10355,Temazepam,136411,sildenafil,10013709,Drug ineffective,13,143,83,1477,1.56627,0.286217,0.0833333
7781,Oxazepam,9863,Sodium Chloride,10013709,Drug ineffective,1,34,13,337,0.769231,1.02249,0.0285714
221147,POLYETHYLENE GLYCOL 3350,5521,Hydroxychloroquine,10013709,Drug ineffective,7,102,50,1040,1.4,0.390852,0.0642202
10355,Temazepam,136411,sildenafil,10051055,Deep vein thrombosis,6,150,14,1546,4.28571,0.48067,0.0384615
221147,POLYETHYLENE GLYCOL 3350,5521,Hydroxychloroquine,10051055,Deep vein thrombosis,1,108,7,1083,1.42857,1.06431,0.00917431
1808,Bumetanide,7824,Oxytocin,10012174,Dehydration,1,13,1,139,10.0,1.38616,0.0714286
221147,POLYETHYLENE GLYCOL 3350,5521,Hydroxychloroquine,10012174,Dehydration,5,104,6,1084,8.33333,0.597139,0.0458716
10355,Temazepam,136411,sildenafil,10020100,Hip fracture,1,155,2,1558,5.0,1.22186,0.00641026
10324,Tamoxifen,8640,Prednisone,10022086,Injection site pain,4,137,30,1380,1.33333,0.524911,0.0283688
221147,POLYETHYLENE GLYCOL 3350,5521,Hydroxychloroquine,10022086,Injection site pain,2,107,17,1073,1.17647,0.740764,0.0183486
10355,Temazepam,136411,sildenafil,10022437,Insomnia,11,145,24,1536,4.58333,0.354294,0.0705128
221147,POLYETHYLENE GLYCOL 3350,5521,Hydroxychloroquine,10022437,Insomnia,1,108,11,1079,0.909091,1.03962,0.00917431
10324,Tamoxifen,8640,Prednisone,10022687,Intestinal obstruction,5,136,3,1407,16.6667,0.724936,0.035461
10355,Temazepam,136411,sildenafil,10022687,Intestinal obstruction,1,155,4,1556,2.5,1.11488,0.00641026
10355,Temazepam,136411,sildenafil,10028391,Musculoskeletal pain,1,155,7,1553,1.42857,1.06574,0.00641026
221147,POLYETHYLENE GLYCOL 3350,5521,Hydroxychloroquine,10028391,Musculoskeletal pain,1,108,4,1086,2.5,1.11351,0.00917431
10355,Temazepam,136411,sildenafil,10028735,Nasal congestion,2,154,6,1554,3.33333,0.812167,0.0128205
10355,Temazepam,136411,sildenafil,10028836,Neck pain,1,155,6,1554,1.66667,1.07685,0.00641026
10355,Temazepam,136411,sildenafil,10039227,Rotator cuff syndrome,2,154,3,1557,6.66667,0.909001,0.0128205
221147,POLYETHYLENE GLYCOL 3350,5521,Hydroxychloroquine,10039227,Rotator cuff syndrome,1,108,1,1089,10.0,1.41064,0.00917431
10355,Temazepam,136411,sildenafil,10041569,Spinal fracture,1,155,2,1558,5.0,1.22186,0.00641026
10355,Temazepam,136411,sildenafil,10037867,Rash macular,1,155,3,1557,3.33333,1.15164,0.00641026
10355,Temazepam,136411,sildenafil,10015150,Erythema,2,154,13,1547,1.53846,0.754899,0.0128205
221147,POLYETHYLENE GLYCOL 3350,5521,Hydroxychloroquine,10015150,Erythema,1,108,14,1076,0.714286,1.03021,0.00917431
10355,Temazepam,136411,sildenafil,10022998,Irritability,5,151,3,1557,16.6667,0.725453,0.0320513
10324,Tamoxifen,8640,Prednisone,10024384,Leukopenia,8,133,3,1407,26.6667,0.671217,0.0567376
7781,Oxazepam,9863,Sodium Chloride,10024384,Leukopenia,1,34,1,349,10.0,1.40306,0.0285714
10324,Tamoxifen,8640,Prednisone,10022093,Injection site pruritus,1,140,10,1400,1.0,1.04508,0.0070922
221147,POLYETHYLENE GLYCOL 3350,5521,Hydroxychloroquine,10022093,Injection site pruritus,1,108,4,1086,2.5,1.11351,0.00917431
10324,Tamoxifen,8640,Prednisone,10002034,Anaemia,18,123,11,1399,16.3636,0.372375,0.12766
10355,Temazepam,136411,sildenafil,10002034,Anaemia,9,147,16,1544,5.625,0.408117,0.0576923
1808,Bumetanide,7824,Oxytocin,10002034,Anaemia,1,13,3,137,3.33333,1.12016,0.0714286
161,Acetaminophen,1546438,glycopyrronium,10002034,Anaemia,1,22,2,228,5.0,1.20506,0.0434783
221147,POLYETHYLENE GLYCOL 3350,5521,Hydroxychloroquine,10002034,Anaemia,6,103,10,1080,6.0,0.506532,0.0550459
221147,POLYETHYLENE GLYCOL 3350,5521,Hydroxychloroquine,10022094,Injection site rash,1,108,3,1087,3.33333,1.15032,0.00917431
10355,Temazepam,136411,sildenafil,10042458,Suicidal ideation,3,153,6,1554,5.0,0.702103,0.0192308
10324,Tamoxifen,8640,Prednisone,10043554,Thrombocytopenia,10,131,12,1398,8.33333,0.418965,0.070922
10355,Temazepam,136411,sildenafil,10043554,Thrombocytopenia,3,153,9,1551,3.33333,0.661357,0.0192308
221147,POLYETHYLENE GLYCOL 3350,5521,Hydroxychloroquine,10043554,Thrombocytopenia,1,108,5,1085,2.0,1.09083,0.00917431
10355,Temazepam,136411,sildenafil,10008611,Cholecystectomy,2,154,2,1558,10.0,0.996468,0.0128205
221147,POLYETHYLENE GLYCOL 3350,5521,Hydroxychloroquine,10021597,Inappropriate schedule of drug administration,2,107,2,1088,10.0,0.994941,0.0183486
10355,Temazepam,136411,sildenafil,10061822,Drug intolerance,2,154,4,1556,5.0,0.861945,0.0128205
221147,POLYETHYLENE GLYCOL 3350,5521,Hydroxychloroquine,10061822,Drug intolerance,1,108,4,1086,2.5,1.11351,0.00917431
10324,Tamoxifen,8640,Prednisone,10017853,Gastritis,3,138,2,1408,15.0,0.908588,0.0212766
10355,Temazepam,136411,sildenafil,10017853,Gastritis,2,154,9,1551,2.22222,0.777213,0.0128205
221147,POLYETHYLENE GLYCOL 3350,5521,Hydroxychloroquine,10017853,Gastritis,1,108,1,1089,10.0,1.41064,0.00917431
1808,Bumetanide,7824,Oxytocin,10019974,Herpes zoster,1,13,1,139,10.0,1.38616,0.0714286
221147,POLYETHYLENE GLYCOL 3350,5521,Hydroxychloroquine,10019974,Herpes zoster,1,108,8,1082,1.25,1.05589,0.00917431
10355,Temazepam,136411,sildenafil,10020772,Hypertension,9,147,25,1535,3.6,0.379552,0.0576923
10355,Temazepam,136411,sildenafil,10031161,Osteoarthritis,3,153,6,1554,5.0,0.702103,0.0192308
10355,Temazepam,136411,sildenafil,10049088,Osteopenia,1,155,1,1559,10.0,1.41172,0.00641026
10355,Temazepam,136411,sildenafil,10039117,Rib fracture,3,153,2,1558,15.0,0.909001,0.0192308
10355,Temazepam,136411,sildenafil,10041591,Spinal osteoarthritis,3,153,2,1558,15.0,0.909001,0.0192308
221147,POLYETHYLENE GLYCOL 3350,5521,Hydroxychloroquine,10047626,Vitamin D deficiency,1,108,1,1089,10.0,1.41064,0.00917431
10355,Temazepam,136411,sildenafil,10002368,Anger,1,155,3,1557,3.33333,1.15164,0.00641026
10324,Tamoxifen,8640,Prednisone,10014011,Ear infection,2,139,2,1408,10.0,0.996092,0.0141844
10355,Temazepam,136411,sildenafil,10039073,Rheumatoid arthritis,2,154,6,1554,3.33333,0.812167,0.0128205
221147,POLYETHYLENE GLYCOL 3350,5521,Hydroxychloroquine,10039073,Rheumatoid arthritis,1,108,7,1083,1.42857,1.06431,0.00917431
10355,Temazepam,136411,sildenafil,10003246,Arthritis,2,154,7,1553,2.85714,0.797374,0.0128205
221147,POLYETHYLENE GLYCOL 3350,5521,Hydroxychloroquine,10003246,Arthritis,2,107,7,1083,2.85714,0.795466,0.0183486
10324,Tamoxifen,8640,Prednisone,10012601,Diabetes mellitus,2,139,9,1401,2.22222,0.77673,0.0141844
10355,Temazepam,136411,sildenafil,10012601,Diabetes mellitus,6,150,11,1549,5.45455,0.500524,0.0384615
10324,Tamoxifen,8640,Prednisone,10000059,Abdominal discomfort,3,138,8,1402,3.75,0.671217,0.0212766
10355,Temazepam,136411,sildenafil,10000059,Abdominal discomfort,1,155,11,1549,0.909091,1.04108,0.00641026
221147,POLYETHYLENE GLYCOL 3350,5521,Hydroxychloroquine,10000059,Abdominal discomfort,2,107,4,1086,5.0,0.860179,0.0183486
10355,Temazepam,136411,sildenafil,10028810,Nasopharyngitis,2,154,14,1546,1.42857,0.751251,0.0128205
221147,POLYETHYLENE GLYCOL 3350,5521,Hydroxychloroquine,10028810,Nasopharyngitis,3,106,12,1078,2.5,0.637632,0.0275229
10355,Temazepam,136411,sildenafil,10033425,Pain in extremity,8,148,29,1531,2.75862,0.390425,0.0512821
7781,Oxazepam,9863,Sodium Chloride,10033425,Pain in extremity,1,34,5,345,2.0,1.081,0.0285714
221147,POLYETHYLENE GLYCOL 3350,5521,Hydroxychloroquine,10033425,Pain in extremity,3,106,20,1070,1.5,0.610935,0.0275229
10355,Temazepam,136411,sildenafil,10001488,Aggression,1,155,8,1552,1.25,1.05733,0.00641026
10355,Temazepam,136411,sildenafil,10014551,Emotional disorder,2,154,3,1557,6.66667,0.909001,0.0128205
10324,Tamoxifen,8640,Prednisone,10018800,Gynaecomastia,2,139,1,1409,20.0,1.22156,0.0141844
10355,Temazepam,136411,sildenafil,10018800,Gynaecomastia,1,155,1,1559,10.0,1.41172,0.00641026
10355,Temazepam,136411,sildenafil,10027599,Migraine,4,152,5,1555,8.0,0.665544,0.025641
221147,POLYETHYLENE GLYCOL 3350,5521,Hydroxychloroquine,10027599,Migraine,3,106,4,1086,7.5,0.757127,0.0275229
10355,Temazepam,136411,sildenafil,10029883,Obesity,4,152,1,1559,40.0,1.11488,0.025641
10355,Temazepam,136411,sildenafil,10043118,Tardive dyskinesia,2,154,7,1553,2.85714,0.797374,0.0128205
221147,POLYETHYLENE GLYCOL 3350,5521,Hydroxychloroquine,10043118,Tardive dyskinesia,3,106,3,1087,10.0,0.810293,0.0275229
10324,Tamoxifen,8640,Prednisone,10000087,Abdominal pain upper,4,137,10,1400,4.0,0.584977,0.0283688
10355,Temazepam,136411,sildenafil,10000087,Abdominal pain upper,5,151,13,1547,3.84615,0.519492,0.0320513
221147,POLYETHYLENE GLYCOL 3350,5521,Hydroxychloroquine,10027339,Menstruation irregular,2,107,3,1087,6.66667,0.907327,0.0183486
10355,Temazepam,136411,sildenafil,10017822,Gastric ulcer,1,155,3,1557,3.33333,1.15164,0.00641026
10355,Temazepam,136411,sildenafil,10028154,Multi-organ failure,1,155,8,1552,1.25,1.05733,0.00641026
10355,Temazepam,136411,sildenafil,10042361,Subdural haematoma,1,155,2,1558,5.0,1.22186,0.00641026
221147,POLYETHYLENE GLYCOL 3350,5521,Hydroxychloroquine,10042361,Subdural haematoma,1,108,1,1089,10.0,1.41064,0.00917431
10324,Tamoxifen,8640,Prednisone,10046274,Upper gastrointestinal haemorrhage,1,140,1,1409,10.0,1.41145,0.0070922
221147,POLYETHYLENE GLYCOL 3350,5521,Hydroxychloroquine,10064294,Drug dose omission,1,108,5,1085,2.0,1.09083,0.00917431
10355,Temazepam,136411,sildenafil,10013395,Disorientation,1,155,9,1551,1.11111,1.05074,0.00641026
1808,Bumetanide,7824,Oxytocin,10013395,Disorientation,1,13,1,139,10.0,1.38616,0.0714286
161,Acetaminophen,1546438,glycopyrronium,10013395,Disorientation,3,20,1,229,30.0,1.1338,0.130435
221147,POLYETHYLENE GLYCOL 3350,5521,Hydroxychloroquine,10013395,Disorientation,1,108,5,1085,2.0,1.09083,0.00917431
10355,Temazepam,136411,sildenafil,10024855,Loss of consciousness,3,153,7,1553,4.28571,0.684937,0.0192308
221147,POLYETHYLENE GLYCOL 3350,5521,Hydroxychloroquine,10024855,Loss of consciousness,1,108,10,1080,1.0,1.04399,0.00917431
10355,Temazepam,136411,sildenafil,10041349,Somnolence,3,153,15,1545,2.0,0.626856,0.0192308
161,Acetaminophen,1546438,glycopyrronium,10041349,Somnolence,3,20,2,228,15.0,0.886288,0.130435
10355,Temazepam,136411,sildenafil,10039203,Road traffic accident,1,155,1,1559,10.0,1.41172,0.00641026
221147,POLYETHYLENE GLYCOL 3350,5521,Hydroxychloroquine,10039203,Road traffic accident,1,108,4,1086,2.5,1.11351,0.00917431
10355,Temazepam,136411,sildenafil,10010305,Confusional state,3,153,22,1538,1.36364,0.609702,0.0192308
1808,Bumetanide,7824,Oxytocin,10010305,Confusional state,1,13,3,137,3.33333,1.12016,0.0714286
221147,POLYETHYLENE GLYCOL 3350,5521,Hydroxychloroquine,10010305,Confusional state,1,108,11,1079,0.909091,1.03962,0.00917431
221147,POLYETHYLENE GLYCOL 3350,5521,Hydroxychloroquine,10001760,Alopecia,1,108,5,1085,2.0,1.09083,0.00917431
221147,POLYETHYLENE GLYCOL 3350,5521,Hydroxychloroquine,10014581,Encephalitis,1,108,1,1089,10.0,1.41064,0.00917431
10355,Temazepam,136411,sildenafil,10019304,Heart rate irregular,1,155,2,1558,5.0,1.22186,0.00641026
221147,POLYETHYLENE GLYCOL 3350,5521,Hydroxychloroquine,10019304,Heart rate irregular,1,108,2,1088,5.0,1.22062,0.00917431
10355,Temazepam,136411,sildenafil,10053762,Off label use,3,153,21,1539,1.42857,0.611475,0.0192308
161,Acetaminophen,1546438,glycopyrronium,10053762,Off label use,1,22,3,227,3.33333,1.1338,0.0434783
7781,Oxazepam,9863,Sodium Chloride,10053762,Off label use,1,34,2,348,5.0,1.21185,0.0285714
10355,Temazepam,136411,sildenafil,10035528,Platelet count decreased,3,153,9,1551,3.33333,0.661357,0.0192308
10355,Temazepam,136411,sildenafil,10047943,White blood cell count increased,1,155,7,1553,1.42857,1.06574,0.00641026
221147,POLYETHYLENE GLYCOL 3350,5521,Hydroxychloroquine,10047943,White blood cell count increased,2,107,2,1088,10.0,0.994941,0.0183486
10355,Temazepam,136411,sildenafil,10044565,Tremor,2,154,16,1544,1.25,0.745284,0.0128205
161,Acetaminophen,1546438,glycopyrronium,10044565,Tremor,1,22,2,228,5.0,1.20506,0.0434783
221147,POLYETHYLENE GLYCOL 3350,5521,Hydroxychloroquine,10044565,Tremor,2,107,11,1079,1.81818,0.762114,0.0183486
10324,Tamoxifen,8640,Prednisone,10049866,Aphagia,1,140,1,1409,10.0,1.41145,0.0070922
10355,Temazepam,136411,sildenafil,10021789,Infection,5,151,5,1555,10.0,0.626856,0.0320513
7781,Oxazepam,9863,Sodium Chloride,10021789,Infection,1,34,5,345,2.0,1.081,0.0285714
221147,POLYETHYLENE GLYCOL 3350,5521,Hydroxychloroquine,10021789,Infection,1,108,8,1082,1.25,1.05589,0.00917431
10324,Tamoxifen,8640,Prednisone,10029354,Neutropenia,3,138,8,1402,3.75,0.671217,0.0212766
10355,Temazepam,136411,sildenafil,10029354,Neutropenia,3,153,7,1553,4.28571,0.684937,0.0192308
161,Acetaminophen,1546438,glycopyrronium,10029354,Neutropenia,1,22,2,228,5.0,1.20506,0.0434783
10324,Tamoxifen,8640,Prednisone,10018836,Haematochezia,1,140,1,1409,10.0,1.41145,0.0070922
10355,Temazepam,136411,sildenafil,10018836,Haematochezia,2,154,1,1559,20.0,1.22186,0.0128205
221147,POLYETHYLENE GLYCOL 3350,5521,Hydroxychloroquine,10018836,Haematochezia,1,108,2,1088,5.0,1.22062,0.00917431
10324,Tamoxifen,8640,Prednisone,10038063,Rectal haemorrhage,1,140,2,1408,5.0,1.22156,0.0070922
10324,Tamoxifen,8640,Prednisone,10047513,Vision blurred,7,134,8,1402,8.75,0.509957,0.0496454
10355,Temazepam,136411,sildenafil,10047513,Vision blurred,3,153,8,1552,3.75,0.671775,0.0192308
221147,POLYETHYLENE GLYCOL 3350,5521,Hydroxychloroquine,10047513,Vision blurred,1,108,6,1084,1.66667,1.07544,0.00917431
10324,Tamoxifen,8640,Prednisone,10047531,Visual acuity reduced,1,140,6,1404,1.66667,1.07651,0.0070922
7781,Oxazepam,9863,Sodium Chloride,10064353,Wrong technique in drug usage process,3,32,3,347,10.0,0.797018,0.0857143
221147,POLYETHYLENE GLYCOL 3350,5521,Hydroxychloroquine,10064353,Wrong technique in drug usage process,1,108,7,1083,1.42857,1.06431,0.00917431
10355,Temazepam,136411,sildenafil,10054112,Hospitalisation,1,155,4,1556,2.5,1.11488,0.00641026
10355,Temazepam,136411,sildenafil,10061218,Inflammation,2,154,3,1557,6.66667,0.909001,0.0128205
221147,POLYETHYLENE GLYCOL 3350,5521,Hydroxychloroquine,10061218,Inflammation,1,108,2,1088,5.0,1.22062,0.00917431
10355,Temazepam,136411,sildenafil,10020937,Hypoaesthesia,4,152,17,1543,2.35294,0.549338,0.025641
1808,Bumetanide,7824,Oxytocin,10020937,Hypoaesthesia,1,13,4,136,2.5,1.08233,0.0714286
221147,POLYETHYLENE GLYCOL 3350,5521,Hydroxychloroquine,10020937,Hypoaesthesia,1,108,9,1081,1.11111,1.04929,0.00917431
10324,Tamoxifen,8640,Prednisone,10048334,Mobility decreased,1,140,7,1403,1.42857,1.06539,0.0070922
10355,Temazepam,136411,sildenafil,10048334,Mobility decreased,2,154,3,1557,6.66667,0.909001,0.0128205
10355,Temazepam,136411,sildenafil,10028411,Myalgia,4,152,18,1542,2.22222,0.546355,0.025641
1808,Bumetanide,7824,Oxytocin,10028411,Myalgia,1,13,3,137,3.33333,1.12016,0.0714286
221147,POLYETHYLENE GLYCOL 3350,5521,Hydroxychloroquine,10028411,Myalgia,3,106,10,1080,3.0,0.65057,0.0275229
10324,Tamoxifen,8640,Prednisone,10010741,Conjunctivitis,1,140,2,1408,5.0,1.22156,0.0070922
10324,Tamoxifen,8640,Prednisone,10008469,Chest discomfort,4,137,11,1399,3.63636,0.577155,0.0283688
10355,Temazepam,136411,sildenafil,10008469,Chest discomfort,2,154,11,1549,1.81818,0.764106,0.0128205
7781,Oxazepam,9863,Sodium Chloride,10008469,Chest discomfort,1,34,4,346,2.5,1.10389,0.0285714
221147,POLYETHYLENE GLYCOL 3350,5521,Hydroxychloroquine,10008469,Chest discomfort,2,107,8,1082,2.5,0.784161,0.0183486
10355,Temazepam,136411,sildenafil,10047461,Viral infection,2,154,3,1557,6.66667,0.909001,0.0128205
7781,Oxazepam,9863,Sodium Chloride,10019303,Heart rate increased,1,34,1,349,10.0,1.40306,0.0285714
221147,POLYETHYLENE GLYCOL 3350,5521,Hydroxychloroquine,10019303,Heart rate increased,1,108,6,1084,1.66667,1.07544,0.00917431
10355,Temazepam,136411,sildenafil,10052904,Musculoskeletal stiffness,2,154,6,1554,3.33333,0.812167,0.0128205
10355,Temazepam,136411,sildenafil,10035664,Pneumonia,6,150,29,1531,2.06897,0.440566,0.0384615
7781,Oxazepam,9863,Sodium Chloride,10035664,Pneumonia,2,33,5,345,4.0,0.817662,0.0571429
221147,POLYETHYLENE GLYCOL 3350,5521,Hydroxychloroquine,10035664,Pneumonia,5,104,14,1076,3.57143,0.511211,0.0458716
10324,Tamoxifen,8640,Prednisone,10037660,Pyrexia,5,136,28,1382,1.78571,0.477402,0.035461
10355,Temazepam,136411,sildenafil,10037660,Pyrexia,10,146,37,1523,2.7027,0.346375,0.0641026
1808,Bumetanide,7824,Oxytocin,10037660,Pyrexia,1,13,1,139,10.0,1.38616,0.0714286
7781,Oxazepam,9863,Sodium Chloride,10037660,Pyrexia,2,33,7,343,2.85714,0.781939,0.0571429
221147,POLYETHYLENE GLYCOL 3350,5521,Hydroxychloroquine,10037660,Pyrexia,4,105,29,1061,1.37931,0.523823,0.0366972
221147,POLYETHYLENE GLYCOL 3350,5521,Hydroxychloroquine,10051792,Infusion related reaction,1,108,2,1088,5.0,1.22062,0.00917431
10324,Tamoxifen,8640,Prednisone,10010264,Condition aggravated,2,139,13,1397,1.53846,0.754402,0.0141844
10355,Temazepam,136411,sildenafil,10010264,Condition aggravated,7,149,17,1543,4.11765,0.441168,0.0448718
161,Acetaminophen,1546438,glycopyrronium,10010264,Condition aggravated,1,22,2,228,5.0,1.20506,0.0434783
221147,POLYETHYLENE GLYCOL 3350,5521,Hydroxychloroquine,10010264,Condition aggravated,5,104,7,1083,7.14286,0.576858,0.0458716
10324,Tamoxifen,8640,Prednisone,10061818,Disease progression,1,140,10,1400,1.0,1.04508,0.0070922
10355,Temazepam,136411,sildenafil,10061818,Disease progression,1,155,13,1547,0.769231,1.03435,0.00641026
10355,Temazepam,136411,sildenafil,10064911,Pulmonary arterial hypertension,3,153,2,1558,15.0,0.909001,0.0192308
10324,Tamoxifen,8640,Prednisone,10003445,Ascites,3,138,3,1407,10.0,0.811705,0.0212766
10355,Temazepam,136411,sildenafil,10007554,Cardiac failure,2,154,10,1550,2.0,0.770032,0.0128205
10355,Temazepam,136411,sildenafil,10038435,Renal failure,6,150,12,1548,5.0,0.492898,0.0384615
1808,Bumetanide,7824,Oxytocin,10038435,Renal failure,1,13,1,139,10.0,1.38616,0.0714286
161,Acetaminophen,1546438,glycopyrronium,10038435,Renal failure,2,21,3,227,6.66667,0.886288,0.0869565
7781,Oxazepam,9863,Sodium Chloride,10038435,Renal failure,1,34,2,348,5.0,1.21185,0.0285714
221147,POLYETHYLENE GLYCOL 3350,5521,Hydroxychloroquine,10038435,Renal failure,1,108,12,1078,0.833333,1.03597,0.00917431
10324,Tamoxifen,8640,Prednisone,10003658,Atrial fibrillation,2,139,11,1399,1.81818,0.763615,0.0141844
10355,Temazepam,136411,sildenafil,10003658,Atrial fibrillation,7,149,14,1546,5.0,0.45523,0.0448718
1808,Bumetanide,7824,Oxytocin,10003658,Atrial fibrillation,1,13,2,138,5.0,1.19224,0.0714286
221147,POLYETHYLENE GLYCOL 3350,5521,Hydroxychloroquine,10003658,Atrial fibrillation,1,108,7,1083,1.42857,1.06431,0.00917431
10355,Temazepam,136411,sildenafil,10064684,Device dislocation,1,155,6,1554,1.66667,1.07685,0.00641026
10355,Temazepam,136411,sildenafil,10039580,Scar,1,155,1,1559,10.0,1.41172,0.00641026
10355,Temazepam,136411,sildenafil,10005557,Blood glucose increased,1,155,16,1544,0.625,1.02735,0.00641026
1808,Bumetanide,7824,Oxytocin,10005557,Blood glucose increased,1,13,1,139,10.0,1.38616,0.0714286
221147,POLYETHYLENE GLYCOL 3350,5521,Hydroxychloroquine,10005557,Blood glucose increased,1,108,11,1079,0.909091,1.03962,0.00917431
10355,Temazepam,136411,sildenafil,10019663,Hepatic failure,1,155,2,1558,5.0,1.22186,0.00641026
7781,Oxazepam,9863,Sodium Chloride,10019663,Hepatic failure,1,34,1,349,10.0,1.40306,0.0285714
221147,POLYETHYLENE GLYCOL 3350,5521,Hydroxychloroquine,10023232,Joint swelling,3,106,7,1083,4.28571,0.682714,0.0275229
10355,Temazepam,136411,sildenafil,10003553,Asthma,1,155,7,1553,1.42857,1.06574,0.00641026
221147,POLYETHYLENE GLYCOL 3350,5521,Hydroxychloroquine,10069327,Product quality issue,2,107,10,1080,2.0,0.768055,0.0183486
10355,Temazepam,136411,sildenafil,10060933,Adverse event,1,155,10,1550,1.0,1.04544,0.00641026
161,Acetaminophen,1546438,glycopyrronium,10009866,Cold sweat,1,22,1,229,10.0,1.3972,0.0434783
221147,POLYETHYLENE GLYCOL 3350,5521,Hydroxychloroquine,10009866,Cold sweat,1,108,2,1088,5.0,1.22062,0.00917431
1808,Bumetanide,7824,Oxytocin,10001949,Amnesia,1,13,1,139,10.0,1.38616,0.0714286
10324,Tamoxifen,8640,Prednisone,10013036,Diplopia,2,139,2,1408,10.0,0.996092,0.0141844
10355,Temazepam,136411,sildenafil,10013036,Diplopia,1,155,2,1558,5.0,1.22186,0.00641026
10324,Tamoxifen,8640,Prednisone,10021114,Hypothyroidism,2,139,6,1404,3.33333,0.811705,0.0141844
10355,Temazepam,136411,sildenafil,10021114,Hypothyroidism,1,155,6,1554,1.66667,1.07685,0.00641026
10324,Tamoxifen,8640,Prednisone,10002383,Angina pectoris,2,139,1,1409,20.0,1.22156,0.0141844
10355,Temazepam,136411,sildenafil,10002383,Angina pectoris,1,155,6,1554,1.66667,1.07685,0.00641026
10324,Tamoxifen,8640,Prednisone,10033661,Pancytopenia,5,136,4,1406,12.5,0.66498,0.035461
10355,Temazepam,136411,sildenafil,10033661,Pancytopenia,1,155,3,1557,3.33333,1.15164,0.00641026
10355,Temazepam,136411,sildenafil,10047924,Wheezing,1,155,3,1557,3.33333,1.15164,0.00641026
221147,POLYETHYLENE GLYCOL 3350,5521,Hydroxychloroquine,10047924,Wheezing,1,108,3,1087,3.33333,1.15032,0.00917431
221147,POLYETHYLENE GLYCOL 3350,5521,Hydroxychloroquine,10019016,Haemorrhagic stroke,1,108,1,1089,10.0,1.41064,0.00917431
10355,Temazepam,136411,sildenafil,10025102,Lung infiltration,1,155,1,1559,10.0,1.41172,0.00641026
10355,Temazepam,136411,sildenafil,10064658,Osteonecrosis of jaw,4,152,2,1558,20.0,0.861945,0.025641
10355,Temazepam,136411,sildenafil,10062519,Poor quality sleep,1,155,1,1559,10.0,1.41172,0.00641026
10324,Tamoxifen,8640,Prednisone,10005148,Blepharitis,1,140,1,1409,10.0,1.41145,0.0070922
10324,Tamoxifen,8640,Prednisone,10007739,Cataract,5,136,7,1403,7.14286,0.57884,0.035461
10355,Temazepam,136411,sildenafil,10007739,Cataract,1,155,9,1551,1.11111,1.05074,0.00641026
221147,POLYETHYLENE GLYCOL 3350,5521,Hydroxychloroquine,10007739,Cataract,1,108,5,1085,2.0,1.09083,0.00917431
221147,POLYETHYLENE GLYCOL 3350,5521,Hydroxychloroquine,10008111,Cerebral haemorrhage,1,108,5,1085,2.0,1.09083,0.00917431
10355,Temazepam,136411,sildenafil,10061428,Decreased appetite,2,154,19,1541,1.05263,0.738634,0.0128205
1808,Bumetanide,7824,Oxytocin,10061428,Decreased appetite,3,11,1,139,30.0,1.12016,0.214286
7781,Oxazepam,9863,Sodium Chloride,10061428,Decreased appetite,2,33,4,346,5.0,0.847686,0.0571429
221147,POLYETHYLENE GLYCOL 3350,5521,Hydroxychloroquine,10061428,Decreased appetite,3,106,7,1083,4.28571,0.682714,0.0275229
10355,Temazepam,136411,sildenafil,10013781,Dry mouth,1,155,7,1553,1.42857,1.06574,0.00641026
221147,POLYETHYLENE GLYCOL 3350,5521,Hydroxychloroquine,10013781,Dry mouth,4,105,3,1087,13.3333,0.757127,0.0366972
10324,Tamoxifen,8640,Prednisone,10013971,Dyspnoea exertional,3,138,1,1409,30.0,1.15132,0.0212766
10355,Temazepam,136411,sildenafil,10013971,Dyspnoea exertional,1,155,1,1559,10.0,1.41172,0.00641026
1808,Bumetanide,7824,Oxytocin,10013971,Dyspnoea exertional,1,13,1,139,10.0,1.38616,0.0714286
221147,POLYETHYLENE GLYCOL 3350,5521,Hydroxychloroquine,10013971,Dyspnoea exertional,2,107,1,1089,20.0,1.22062,0.0183486
10324,Tamoxifen,8640,Prednisone,10014020,Ear pain,2,139,2,1408,10.0,0.996092,0.0141844
1808,Bumetanide,7824,Oxytocin,10014184,Eczema,1,13,1,139,10.0,1.38616,0.0714286
10324,Tamoxifen,8640,Prednisone,10020635,Hyperglycaemia,3,138,2,1408,15.0,0.908588,0.0212766
161,Acetaminophen,1546438,glycopyrronium,10020635,Hyperglycaemia,1,22,1,229,10.0,1.3972,0.0434783
10355,Temazepam,136411,sildenafil,10021015,Hypokalaemia,1,155,10,1550,1.0,1.04544,0.00641026
221147,POLYETHYLENE GLYCOL 3350,5521,Hydroxychloroquine,10021015,Hypokalaemia,2,107,3,1087,6.66667,0.907327,0.0183486
10324,Tamoxifen,8640,Prednisone,10031009,Oral pain,3,138,1,1409,30.0,1.15132,0.0212766
10355,Temazepam,136411,sildenafil,10031009,Oral pain,2,154,3,1557,6.66667,0.909001,0.0128205
10355,Temazepam,136411,sildenafil,10033433,Pain in jaw,4,152,4,1556,10.0,0.702103,0.025641
1808,Bumetanide,7824,Oxytocin,10033433,Pain in jaw,1,13,1,139,10.0,1.38616,0.0714286
10355,Temazepam,136411,sildenafil,10036018,Pollakiuria,3,153,3,1557,10.0,0.812167,0.0192308
10324,Tamoxifen,8640,Prednisone,10040012,Sensitivity of teeth,1,140,1,1409,10.0,1.41145,0.0070922
10355,Temazepam,136411,sildenafil,10040560,Shock,1,155,5,1555,2.0,1.09222,0.00641026
10355,Temazepam,136411,sildenafil,10040829,Skin discolouration,2,154,1,1559,20.0,1.22186,0.0128205
10355,Temazepam,136411,sildenafil,10041235,Snoring,1,155,3,1557,3.33333,1.15164,0.00641026
1808,Bumetanide,7824,Oxytocin,10041466,Speech disorder,1,13,1,139,10.0,1.38616,0.0714286
221147,POLYETHYLENE GLYCOL 3350,5521,Hydroxychloroquine,10041466,Speech disorder,3,106,1,1089,30.0,1.15032,0.0275229
221147,POLYETHYLENE GLYCOL 3350,5521,Hydroxychloroquine,10043528,Throat tightness,1,108,1,1089,10.0,1.41064,0.00917431
10355,Temazepam,136411,sildenafil,10046543,Urinary incontinence,1,155,2,1558,5.0,1.22186,0.00641026
221147,POLYETHYLENE GLYCOL 3350,5521,Hydroxychloroquine,10046543,Urinary incontinence,1,108,2,1088,5.0,1.22062,0.00917431
10355,Temazepam,136411,sildenafil,10046735,Urticaria,2,154,8,1552,2.5,0.786097,0.0128205
7781,Oxazepam,9863,Sodium Chloride,10046735,Urticaria,1,34,4,346,2.5,1.10389,0.0285714
221147,POLYETHYLENE GLYCOL 3350,5521,Hydroxychloroquine,10046735,Urticaria,2,107,6,1084,3.33333,0.810293,0.0183486
10324,Tamoxifen,8640,Prednisone,10047650,Vitreous detachment,1,140,2,1408,5.0,1.22156,0.0070922
10355,Temazepam,136411,sildenafil,10028372,Muscular weakness,6,150,10,1550,6.0,0.509525,0.0384615
221147,POLYETHYLENE GLYCOL 3350,5521,Hydroxychloroquine,10028372,Muscular weakness,1,108,6,1084,1.66667,1.07544,0.00917431
10355,Temazepam,136411,sildenafil,10045285,Ulcer,1,155,1,1559,10.0,1.41172,0.00641026
10355,Temazepam,136411,sildenafil,10013554,Diverticulum,3,153,3,1557,10.0,0.812167,0.0192308
1808,Bumetanide,7824,Oxytocin,10013554,Diverticulum,1,13,1,139,10.0,1.38616,0.0714286
10324,Tamoxifen,8640,Prednisone,10020993,Hypoglycaemia,1,140,2,1408,5.0,1.22156,0.0070922
10355,Temazepam,136411,sildenafil,10020993,Hypoglycaemia,1,155,7,1553,1.42857,1.06574,0.00641026
1808,Bumetanide,7824,Oxytocin,10020993,Hypoglycaemia,1,13,1,139,10.0,1.38616,0.0714286
7781,Oxazepam,9863,Sodium Chloride,10020993,Hypoglycaemia,2,33,2,348,10.0,0.98416,0.0571429
221147,POLYETHYLENE GLYCOL 3350,5521,Hydroxychloroquine,10020993,Hypoglycaemia,1,108,5,1085,2.0,1.09083,0.00917431
10324,Tamoxifen,8640,Prednisone,10056819,Gastric disorder,1,140,3,1407,3.33333,1.15132,0.0070922
10355,Temazepam,136411,sildenafil,10056819,Gastric disorder,1,155,2,1558,5.0,1.22186,0.00641026
1808,Bumetanide,7824,Oxytocin,10020603,Hypercholesterolaemia,1,13,1,139,10.0,1.38616,0.0714286
10324,Tamoxifen,8640,Prednisone,10051676,Metastases to peritoneum,1,140,1,1409,10.0,1.41145,0.0070922
10355,Temazepam,136411,sildenafil,10029148,Nephrolithiasis,2,154,4,1556,5.0,0.861945,0.0128205
10355,Temazepam,136411,sildenafil,10031282,Osteoporosis,3,153,3,1557,10.0,0.812167,0.0192308
10324,Tamoxifen,8640,Prednisone,10033645,Pancreatitis,1,140,9,1401,1.11111,1.05039,0.0070922
10355,Temazepam,136411,sildenafil,10033645,Pancreatitis,3,153,12,1548,2.5,0.640012,0.0192308
221147,POLYETHYLENE GLYCOL 3350,5521,Hydroxychloroquine,10033645,Pancreatitis,1,108,5,1085,2.0,1.09083,0.00917431
221147,POLYETHYLENE GLYCOL 3350,5521,Hydroxychloroquine,10029202,Nervous system disorder,4,105,1,1089,40.0,1.11351,0.0366972
10324,Tamoxifen,8640,Prednisone,10008531,Chills,3,138,10,1400,3.0,0.652328,0.0212766
10355,Temazepam,136411,sildenafil,10008531,Chills,4,152,15,1545,2.66667,0.556431,0.025641
221147,POLYETHYLENE GLYCOL 3350,5521,Hydroxychloroquine,10008531,Chills,1,108,6,1084,1.66667,1.07544,0.00917431
10324,Tamoxifen,8640,Prednisone,10017577,Gait disturbance,13,128,19,1391,6.84211,0.348932,0.0921986
10355,Temazepam,136411,sildenafil,10017577,Gait disturbance,7,149,16,1544,4.375,0.445315,0.0448718
221147,POLYETHYLENE GLYCOL 3350,5521,Hydroxychloroquine,10017577,Gait disturbance,1,108,16,1074,0.625,1.02587,0.00917431
10324,Tamoxifen,8640,Prednisone,10022004,Influenza like illness,1,140,7,1403,1.42857,1.06539,0.0070922
10355,Temazepam,136411,sildenafil,10022004,Influenza like illness,4,152,8,1552,5.0,0.606588,0.025641
221147,POLYETHYLENE GLYCOL 3350,5521,Hydroxychloroquine,10022004,Influenza like illness,1,108,8,1082,1.25,1.05589,0.00917431
10324,Tamoxifen,8640,Prednisone,10028651,Myopia,1,140,1,1409,10.0,1.41145,0.0070922
10324,Tamoxifen,8640,Prednisone,10044055,Toothache,6,135,2,1408,30.0,0.811705,0.0425532
10355,Temazepam,136411,sildenafil,10044055,Toothache,2,154,5,1555,4.0,0.832435,0.0128205
10355,Temazepam,136411,sildenafil,10012373,Depressed level of consciousness,3,153,6,1554,5.0,0.702103,0.0192308
10355,Temazepam,136411,sildenafil,10058080,Staphylococcal infection,2,154,2,1558,10.0,0.996468,0.0128205
221147,POLYETHYLENE GLYCOL 3350,5521,Hydroxychloroquine,10058080,Staphylococcal infection,3,106,3,1087,10.0,0.810293,0.0275229
10355,Temazepam,136411,sildenafil,10043882,Tinnitus,2,154,3,1557,6.66667,0.909001,0.0128205
10355,Temazepam,136411,sildenafil,10070863,Toxicity to various agents,1,155,4,1556,2.5,1.11488,0.00641026
221147,POLYETHYLENE GLYCOL 3350,5521,Hydroxychloroquine,10070863,Toxicity to various agents,1,108,4,1086,2.5,1.11351,0.00917431
10355,Temazepam,136411,sildenafil,10027940,Mood altered,1,155,4,1556,2.5,1.11488,0.00641026
10324,Tamoxifen,8640,Prednisone,10034474,Pericardial effusion,2,139,1,1409,20.0,1.22156,0.0141844
10355,Temazepam,136411,sildenafil,10034474,Pericardial effusion,1,155,4,1556,2.5,1.11488,0.00641026
221147,POLYETHYLENE GLYCOL 3350,5521,Hydroxychloroquine,10034474,Pericardial effusion,1,108,4,1086,2.5,1.11351,0.00917431
10355,Temazepam,136411,sildenafil,10013654,Drug abuse,1,155,5,1555,2.0,1.09222,0.00641026
10355,Temazepam,136411,sildenafil,10021143,Hypoxia,8,148,3,1557,26.6667,0.671775,0.0512821
10355,Temazepam,136411,sildenafil,10038436,Renal failure acute,4,152,14,1546,2.85714,0.560694,0.025641
1808,Bumetanide,7824,Oxytocin,10038436,Renal failure acute,1,13,3,137,3.33333,1.12016,0.0714286
7781,Oxazepam,9863,Sodium Chloride,10038436,Renal failure acute,1,34,3,347,3.33333,1.14101,0.0285714
221147,POLYETHYLENE GLYCOL 3350,5521,Hydroxychloroquine,10038436,Renal failure acute,4,105,13,1077,3.07692,0.562878,0.0366972
10355,Temazepam,136411,sildenafil,10039020,Rhabdomyolysis,1,155,3,1557,3.33333,1.15164,0.00641026
10324,Tamoxifen,8640,Prednisone,10042128,Stomatitis,4,137,6,1404,6.66667,0.639426,0.0283688
221147,POLYETHYLENE GLYCOL 3350,5521,Hydroxychloroquine,10042128,Stomatitis,3,106,7,1083,4.28571,0.682714,0.0275229
10355,Temazepam,136411,sildenafil,10037423,Pulmonary oedema,1,155,10,1550,1.0,1.04544,0.00641026
10324,Tamoxifen,8640,Prednisone,10018304,Glaucoma,1,140,1,1409,10.0,1.41145,0.0070922
10355,Temazepam,136411,sildenafil,10018304,Glaucoma,1,155,2,1558,5.0,1.22186,0.00641026
221147,POLYETHYLENE GLYCOL 3350,5521,Hydroxychloroquine,10002948,Aphasia,1,108,4,1086,2.5,1.11351,0.00917431
10355,Temazepam,136411,sildenafil,10049848,Balance disorder,1,155,6,1554,1.66667,1.07685,0.00641026
221147,POLYETHYLENE GLYCOL 3350,5521,Hydroxychloroquine,10049848,Balance disorder,1,108,6,1084,1.66667,1.07544,0.00917431
10355,Temazepam,136411,sildenafil,10037368,Pulmonary congestion,2,154,1,1559,20.0,1.22186,0.0128205
10324,Tamoxifen,8640,Prednisone,10016334,Feeling hot,5,136,6,1404,8.33333,0.599054,0.035461
10355,Temazepam,136411,sildenafil,10016334,Feeling hot,2,154,7,1553,2.85714,0.797374,0.0128205
221147,POLYETHYLENE GLYCOL 3350,5521,Hydroxychloroquine,10016334,Feeling hot,2,107,4,1086,5.0,0.860179,0.0183486
10355,Temazepam,136411,sildenafil,10006580,Bundle branch block left,1,155,1,1559,10.0,1.41172,0.00641026
10355,Temazepam,136411,sildenafil,10009033,Chronic obstructive pulmonary disease,5,151,3,1557,16.6667,0.725453,0.0320513
221147,POLYETHYLENE GLYCOL 3350,5521,Hydroxychloroquine,10009033,Chronic obstructive pulmonary disease,2,107,3,1087,6.66667,0.907327,0.0183486
10355,Temazepam,136411,sildenafil,10020646,Hyperkalaemia,1,155,2,1558,5.0,1.22186,0.00641026
10324,Tamoxifen,8640,Prednisone,10042772,Syncope,1,140,9,1401,1.11111,1.05039,0.0070922
10355,Temazepam,136411,sildenafil,10042772,Syncope,5,151,6,1554,8.33333,0.599679,0.0320513
1808,Bumetanide,7824,Oxytocin,10042772,Syncope,2,12,4,136,5.0,0.819407,0.142857
7781,Oxazepam,9863,Sodium Chloride,10042772,Syncope,1,34,3,347,3.33333,1.14101,0.0285714
221147,POLYETHYLENE GLYCOL 3350,5521,Hydroxychloroquine,10042772,Syncope,2,107,5,1085,4.0,0.830607,0.0183486
10355,Temazepam,136411,sildenafil,10046306,Upper respiratory tract infection,1,155,2,1558,5.0,1.22186,0.00641026
10355,Temazepam,136411,sildenafil,10051398,Malignant neoplasm progression,1,155,1,1559,10.0,1.41172,0.00641026
1808,Bumetanide,7824,Oxytocin,10006514,Bruxism,1,13,1,139,10.0,1.38616,0.0714286
10324,Tamoxifen,8640,Prednisone,10012318,Dental caries,5,136,4,1406,12.5,0.66498,0.035461
10355,Temazepam,136411,sildenafil,10012318,Dental caries,1,155,2,1558,5.0,1.22186,0.00641026
1808,Bumetanide,7824,Oxytocin,10012318,Dental caries,1,13,1,139,10.0,1.38616,0.0714286
10324,Tamoxifen,8640,Prednisone,10013538,Diverticulitis,1,140,1,1409,10.0,1.41145,0.0070922
10355,Temazepam,136411,sildenafil,10013538,Diverticulitis,1,155,1,1559,10.0,1.41172,0.00641026
10355,Temazepam,136411,sildenafil,10013678,Drug effect decreased,1,155,4,1556,2.5,1.11488,0.00641026
221147,POLYETHYLENE GLYCOL 3350,5521,Hydroxychloroquine,10013678,Drug effect decreased,1,108,5,1085,2.0,1.09083,0.00917431
10324,Tamoxifen,8640,Prednisone,10017944,Gastrointestinal disorder,1,140,7,1403,1.42857,1.06539,0.0070922
10355,Temazepam,136411,sildenafil,10017944,Gastrointestinal disorder,1,155,6,1554,1.66667,1.07685,0.00641026
10324,Tamoxifen,8640,Prednisone,10020028,Hiatus hernia,9,132,2,1408,45.0,0.77673,0.0638298
10355,Temazepam,136411,sildenafil,10020028,Hiatus hernia,3,153,1,1559,30.0,1.15164,0.0192308
221147,POLYETHYLENE GLYCOL 3350,5521,Hydroxychloroquine,10020028,Hiatus hernia,1,108,1,1089,10.0,1.41064,0.00917431
10324,Tamoxifen,8640,Prednisone,10022095,Injection site reaction,1,140,8,1402,1.25,1.05698,0.0070922
10324,Tamoxifen,8640,Prednisone,10028034,Mouth ulceration,1,140,3,1407,3.33333,1.15132,0.0070922
10355,Temazepam,136411,sildenafil,10028034,Mouth ulceration,2,154,2,1558,10.0,0.996468,0.0128205
221147,POLYETHYLENE GLYCOL 3350,5521,Hydroxychloroquine,10028034,Mouth ulceration,1,108,1,1089,10.0,1.41064,0.00917431
221147,POLYETHYLENE GLYCOL 3350,5521,Hydroxychloroquine,10062352,Respiratory tract infection,2,107,1,1089,20.0,1.22062,0.0183486
10355,Temazepam,136411,sildenafil,10022000,Influenza,2,154,3,1557,6.66667,0.909001,0.0128205
10355,Temazepam,136411,sildenafil,10029223,Neuralgia,1,155,1,1559,10.0,1.41172,0.00641026
10355,Temazepam,136411,sildenafil,10029331,Neuropathy peripheral,5,151,8,1552,6.25,0.563869,0.0320513
221147,POLYETHYLENE GLYCOL 3350,5521,Hydroxychloroquine,10029331,Neuropathy peripheral,2,107,6,1084,3.33333,0.810293,0.0183486
10355,Temazepam,136411,sildenafil,10031252,Osteomyelitis,4,152,4,1556,10.0,0.702103,0.025641
10324,Tamoxifen,8640,Prednisone,10062544,Tooth fracture,2,139,1,1409,20.0,1.22156,0.0141844
10355,Temazepam,136411,sildenafil,10040984,Sleep disorder,3,153,5,1555,6.0,0.725453,0.0192308
221147,POLYETHYLENE GLYCOL 3350,5521,Hydroxychloroquine,10005734,Blood pressure decreased,2,107,4,1086,5.0,0.860179,0.0183486
161,Acetaminophen,1546438,glycopyrronium,10013710,Drug interaction,1,22,2,228,5.0,1.20506,0.0434783
7781,Oxazepam,9863,Sodium Chloride,10013710,Drug interaction,1,34,7,343,1.42857,1.05424,0.0285714
10355,Temazepam,136411,sildenafil,10019641,Hepatic cirrhosis,1,155,1,1559,10.0,1.41172,0.00641026
221147,POLYETHYLENE GLYCOL 3350,5521,Hydroxychloroquine,10048439,Fibromyalgia,1,108,1,1089,10.0,1.41064,0.00917431
10324,Tamoxifen,8640,Prednisone,10024264,Lethargy,3,138,13,1397,2.30769,0.634393,0.0212766
221147,POLYETHYLENE GLYCOL 3350,5521,Hydroxychloroquine,10024264,Lethargy,1,108,4,1086,2.5,1.11351,0.00917431
10355,Temazepam,136411,sildenafil,10005750,Blood pressure increased,3,153,7,1553,4.28571,0.684937,0.0192308
7781,Oxazepam,9863,Sodium Chloride,10005750,Blood pressure increased,1,34,4,346,2.5,1.10389,0.0285714
221147,POLYETHYLENE GLYCOL 3350,5521,Hydroxychloroquine,10005750,Blood pressure increased,1,108,12,1078,0.833333,1.03597,0.00917431
10324,Tamoxifen,8640,Prednisone,10010774,Constipation,10,131,8,1402,12.5,0.466046,0.070922
10355,Temazepam,136411,sildenafil,10010774,Constipation,6,150,13,1547,4.61538,0.486352,0.0384615
1808,Bumetanide,7824,Oxytocin,10010774,Constipation,1,13,2,138,5.0,1.19224,0.0714286
221147,POLYETHYLENE GLYCOL 3350,5521,Hydroxychloroquine,10010774,Constipation,5,104,5,1085,10.0,0.624426,0.0458716
221147,POLYETHYLENE GLYCOL 3350,5521,Hydroxychloroquine,10016326,Feeling cold,1,108,1,1089,10.0,1.41064,0.00917431
10355,Temazepam,136411,sildenafil,10018388,Glossodynia,1,155,1,1559,10.0,1.41172,0.00641026
221147,POLYETHYLENE GLYCOL 3350,5521,Hydroxychloroquine,10061284,Mental disorder,2,107,4,1086,5.0,0.860179,0.0183486
10355,Temazepam,136411,sildenafil,10047899,Weight increased,3,153,17,1543,1.76471,0.620569,0.0192308
1808,Bumetanide,7824,Oxytocin,10047899,Weight increased,1,13,1,139,10.0,1.38616,0.0714286
10355,Temazepam,136411,sildenafil,10005724,Blood potassium decreased,1,155,2,1558,5.0,1.22186,0.00641026
10355,Temazepam,136411,sildenafil,10007882,Cellulitis,2,154,4,1556,5.0,0.861945,0.0128205
7781,Oxazepam,9863,Sodium Chloride,10007882,Cellulitis,1,34,2,348,5.0,1.21185,0.0285714
221147,POLYETHYLENE GLYCOL 3350,5521,Hydroxychloroquine,10007882,Cellulitis,1,108,2,1088,5.0,1.22062,0.00917431
10355,Temazepam,136411,sildenafil,10015688,Exostosis,1,155,1,1559,10.0,1.41172,0.00641026
10324,Tamoxifen,8640,Prednisone,10048685,Oral infection,3,138,1,1409,30.0,1.15132,0.0212766
10355,Temazepam,136411,sildenafil,10044016,Tooth abscess,2,154,1,1559,20.0,1.22186,0.0128205
10355,Temazepam,136411,sildenafil,10011469,Crying,1,155,4,1556,2.5,1.11488,0.00641026
221147,POLYETHYLENE GLYCOL 3350,5521,Hydroxychloroquine,10011469,Crying,1,108,4,1086,2.5,1.11351,0.00917431
10355,Temazepam,136411,sildenafil,10050296,Intervertebral disc protrusion,5,151,1,1559,50.0,1.09222,0.0320513
10324,Tamoxifen,8640,Prednisone,10042674,Swelling,6,135,9,1401,6.66667,0.519592,0.0425532
10355,Temazepam,136411,sildenafil,10042674,Swelling,2,154,11,1549,1.81818,0.764106,0.0128205
7781,Oxazepam,9863,Sodium Chloride,10042674,Swelling,1,34,2,348,5.0,1.21185,0.0285714
10355,Temazepam,136411,sildenafil,10027452,Metastases to bone,2,154,2,1558,10.0,0.996468,0.0128205
10324,Tamoxifen,8640,Prednisone,10063743,Hypophagia,3,138,3,1407,10.0,0.811705,0.0212766
221147,POLYETHYLENE GLYCOL 3350,5521,Hydroxychloroquine,10063743,Hypophagia,1,108,2,1088,5.0,1.22062,0.00917431
10355,Temazepam,136411,sildenafil,10040047,Sepsis,1,155,14,1546,0.714286,1.03169,0.00641026
7781,Oxazepam,9863,Sodium Chloride,10040047,Sepsis,1,34,4,346,2.5,1.10389,0.0285714
221147,POLYETHYLENE GLYCOL 3350,5521,Hydroxychloroquine,10037032,Proteinuria,1,108,2,1088,5.0,1.22062,0.00917431
10324,Tamoxifen,8640,Prednisone,10068319,Oropharyngeal pain,2,139,5,1405,4.0,0.831985,0.0141844
221147,POLYETHYLENE GLYCOL 3350,5521,Hydroxychloroquine,10068319,Oropharyngeal pain,4,105,6,1084,6.66667,0.637632,0.0366972
10324,Tamoxifen,8640,Prednisone,10013950,Dysphagia,8,133,10,1400,8.0,0.466046,0.0567376
7781,Oxazepam,9863,Sodium Chloride,10013950,Dysphagia,1,34,2,348,5.0,1.21185,0.0285714
221147,POLYETHYLENE GLYCOL 3350,5521,Hydroxychloroquine,10013950,Dysphagia,1,108,5,1085,2.0,1.09083,0.00917431
10324,Tamoxifen,8640,Prednisone,10014080,Ecchymosis,3,138,1,1409,30.0,1.15132,0.0212766
10355,Temazepam,136411,sildenafil,10015993,Eyelid oedema,1,155,2,1558,5.0,1.22186,0.00641026
10355,Temazepam,136411,sildenafil,10036790,Productive cough,1,155,3,1557,3.33333,1.15164,0.00641026
221147,POLYETHYLENE GLYCOL 3350,5521,Hydroxychloroquine,10036790,Productive cough,1,108,2,1088,5.0,1.22062,0.00917431
10355,Temazepam,136411,sildenafil,10005956,Bone disorder,3,153,3,1557,10.0,0.812167,0.0192308
10355,Temazepam,136411,sildenafil,10033664,Panic attack,2,154,4,1556,5.0,0.861945,0.0128205
10355,Temazepam,136411,sildenafil,10015090,Epistaxis,1,155,6,1554,1.66667,1.07685,0.00641026
221147,POLYETHYLENE GLYCOL 3350,5521,Hydroxychloroquine,10015090,Epistaxis,1,108,4,1086,2.5,1.11351,0.00917431
10324,Tamoxifen,8640,Prednisone,10024770,Local swelling,2,139,5,1405,4.0,0.831985,0.0141844
221147,POLYETHYLENE GLYCOL 3350,5521,Hydroxychloroquine,10024770,Local swelling,3,106,2,1088,15.0,0.907327,0.0275229
221147,POLYETHYLENE GLYCOL 3350,5521,Hydroxychloroquine,10034829,Pharyngeal oedema,2,107,4,1086,5.0,0.860179,0.0183486
221147,POLYETHYLENE GLYCOL 3350,5521,Hydroxychloroquine,10042682,Swelling face,1,108,7,1083,1.42857,1.06431,0.00917431
221147,POLYETHYLENE GLYCOL 3350,5521,Hydroxychloroquine,10042727,Swollen tongue,3,106,1,1089,30.0,1.15032,0.0275229
10355,Temazepam,136411,sildenafil,10043607,Thrombosis,1,155,8,1552,1.25,1.05733,0.00641026
10355,Temazepam,136411,sildenafil,10038695,Respiratory failure,3,153,11,1549,2.72727,0.645903,0.0192308
7781,Oxazepam,9863,Sodium Chloride,10038695,Respiratory failure,1,34,2,348,5.0,1.21185,0.0285714
221147,POLYETHYLENE GLYCOL 3350,5521,Hydroxychloroquine,10038695,Respiratory failure,1,108,2,1088,5.0,1.22062,0.00917431
10355,Temazepam,136411,sildenafil,10042464,Suicide attempt,3,153,5,1555,6.0,0.725453,0.0192308
221147,POLYETHYLENE GLYCOL 3350,5521,Hydroxychloroquine,10042464,Suicide attempt,1,108,5,1085,2.0,1.09083,0.00917431
221147,POLYETHYLENE GLYCOL 3350,5521,Hydroxychloroquine,10040070,Septic shock,1,108,4,1086,2.5,1.11351,0.00917431
10355,Temazepam,136411,sildenafil,10033647,Pancreatitis acute,1,155,2,1558,5.0,1.22186,0.00641026
221147,POLYETHYLENE GLYCOL 3350,5521,Hydroxychloroquine,10033647,Pancreatitis acute,3,106,1,1089,30.0,1.15032,0.0275229
10355,Temazepam,136411,sildenafil,10036653,Presyncope,2,154,4,1556,5.0,0.861945,0.0128205
221147,POLYETHYLENE GLYCOL 3350,5521,Hydroxychloroquine,10038687,Respiratory distress,2,107,6,1084,3.33333,0.810293,0.0183486
10355,Temazepam,136411,sildenafil,10037377,Pulmonary embolism,1,155,10,1550,1.0,1.04544,0.00641026
1808,Bumetanide,7824,Oxytocin,10037377,Pulmonary embolism,1,13,1,139,10.0,1.38616,0.0714286
221147,POLYETHYLENE GLYCOL 3350,5521,Hydroxychloroquine,10037377,Pulmonary embolism,2,107,14,1076,1.42857,0.749224,0.0183486
10355,Temazepam,136411,sildenafil,10026749,Mania,1,155,3,1557,3.33333,1.15164,0.00641026
10324,Tamoxifen,8640,Prednisone,10033557,Palpitations,2,139,5,1405,4.0,0.831985,0.0141844
10355,Temazepam,136411,sildenafil,10033557,Palpitations,2,154,6,1554,3.33333,0.812167,0.0128205
221147,POLYETHYLENE GLYCOL 3350,5521,Hydroxychloroquine,10022061,Injection site erythema,2,107,9,1081,2.22222,0.775254,0.0183486
10324,Tamoxifen,8640,Prednisone,10061024,Cardiac disorder,1,140,10,1400,1.0,1.04508,0.0070922
10355,Temazepam,136411,sildenafil,10061024,Cardiac disorder,3,153,11,1549,2.72727,0.645903,0.0192308
1808,Bumetanide,7824,Oxytocin,10061024,Cardiac disorder,1,13,2,138,5.0,1.19224,0.0714286
221147,POLYETHYLENE GLYCOL 3350,5521,Hydroxychloroquine,10061024,Cardiac disorder,1,108,8,1082,1.25,1.05589,0.00917431
10355,Temazepam,136411,sildenafil,10013916,Dyskinesia,2,154,4,1556,5.0,0.861945,0.0128205
221147,POLYETHYLENE GLYCOL 3350,5521,Hydroxychloroquine,10013916,Dyskinesia,1,108,2,1088,5.0,1.22062,0.00917431
10355,Temazepam,136411,sildenafil,10029216,Nervousness,2,154,5,1555,4.0,0.832435,0.0128205
10355,Temazepam,136411,sildenafil,10052302,Impaired work ability,1,155,3,1557,3.33333,1.15164,0.00641026
10355,Temazepam,136411,sildenafil,10010214,Compression fracture,3,153,1,1559,30.0,1.15164,0.0192308
10355,Temazepam,136411,sildenafil,10038683,Respiratory disorder,1,155,7,1553,1.42857,1.06574,0.00641026
10355,Temazepam,136411,sildenafil,10035598,Pleural effusion,3,153,8,1552,3.75,0.671775,0.0192308
221147,POLYETHYLENE GLYCOL 3350,5521,Hydroxychloroquine,10035598,Pleural effusion,1,108,6,1084,1.66667,1.07544,0.00917431
10355,Temazepam,136411,sildenafil,10050256,Dysstasia,1,155,1,1559,10.0,1.41172,0.00641026
1808,Bumetanide,7824,Oxytocin,10005483,Blood creatinine increased,1,13,1,139,10.0,1.38616,0.0714286
7781,Oxazepam,9863,Sodium Chloride,10005483,Blood creatinine increased,2,33,2,348,10.0,0.98416,0.0571429
221147,POLYETHYLENE GLYCOL 3350,5521,Hydroxychloroquine,10005483,Blood creatinine increased,1,108,5,1085,2.0,1.09083,0.00917431
10355,Temazepam,136411,sildenafil,10007617,Cardio-respiratory arrest,2,154,9,1551,2.22222,0.777213,0.0128205
10355,Temazepam,136411,sildenafil,10048294,Mental status changes,1,155,2,1558,5.0,1.22186,0.00641026
161,Acetaminophen,1546438,glycopyrronium,10048294,Mental status changes,1,22,1,229,10.0,1.3972,0.0434783
221147,POLYETHYLENE GLYCOL 3350,5521,Hydroxychloroquine,10048294,Mental status changes,3,106,3,1087,10.0,0.810293,0.0275229
221147,POLYETHYLENE GLYCOL 3350,5521,Hydroxychloroquine,10051576,Generalised erythema,1,108,1,1089,10.0,1.41064,0.00917431
10324,Tamoxifen,8640,Prednisone,10015916,Eye disorder,2,139,1,1409,20.0,1.22156,0.0141844
10355,Temazepam,136411,sildenafil,10015916,Eye disorder,1,155,1,1559,10.0,1.41172,0.00641026
10355,Temazepam,136411,sildenafil,10030041,Ocular hyperaemia,1,155,1,1559,10.0,1.41172,0.00641026
7781,Oxazepam,9863,Sodium Chloride,10030041,Ocular hyperaemia,1,34,1,349,10.0,1.40306,0.0285714
221147,POLYETHYLENE GLYCOL 3350,5521,Hydroxychloroquine,10030041,Ocular hyperaemia,1,108,3,1087,3.33333,1.15032,0.00917431
10355,Temazepam,136411,sildenafil,10050528,Ejection fraction decreased,1,155,1,1559,10.0,1.41172,0.00641026
10324,Tamoxifen,8640,Prednisone,10024378,Leukocytosis,2,139,2,1408,10.0,0.996092,0.0141844
10355,Temazepam,136411,sildenafil,10005191,Blister,1,155,2,1558,5.0,1.22186,0.00641026
7781,Oxazepam,9863,Sodium Chloride,10005191,Blister,2,33,1,349,20.0,1.21185,0.0571429
221147,POLYETHYLENE GLYCOL 3350,5521,Hydroxychloroquine,10005191,Blister,2,107,5,1085,4.0,0.830607,0.0183486
10355,Temazepam,136411,sildenafil,10013754,Drug withdrawal syndrome,3,153,3,1557,10.0,0.812167,0.0192308
10355,Temazepam,136411,sildenafil,10027951,Mood swings,1,155,4,1556,2.5,1.11488,0.00641026
10324,Tamoxifen,8640,Prednisone,10067621,Oral disorder,3,138,2,1408,15.0,0.908588,0.0212766
221147,POLYETHYLENE GLYCOL 3350,5521,Hydroxychloroquine,10020751,Hypersensitivity,2,107,8,1082,2.5,0.784161,0.0183486
10355,Temazepam,136411,sildenafil,10006093,Bradycardia,4,152,6,1554,6.66667,0.640012,0.025641
161,Acetaminophen,1546438,glycopyrronium,10006093,Bradycardia,2,21,1,229,20.0,1.20506,0.0869565
221147,POLYETHYLENE GLYCOL 3350,5521,Hydroxychloroquine,10006093,Bradycardia,1,108,6,1084,1.66667,1.07544,0.00917431
10355,Temazepam,136411,sildenafil,10014387,Electrocardiogram QT prolonged,1,155,1,1559,10.0,1.41172,0.00641026
10324,Tamoxifen,8640,Prednisone,10047340,Vertigo,4,137,8,1402,5.0,0.605969,0.0283688
10355,Temazepam,136411,sildenafil,10047340,Vertigo,2,154,6,1554,3.33333,0.812167,0.0128205
10324,Tamoxifen,8640,Prednisone,10000050,Abdominal adhesions,1,140,1,1409,10.0,1.41145,0.0070922
10355,Temazepam,136411,sildenafil,10019842,Hepatomegaly,1,155,4,1556,2.5,1.11488,0.00641026
10324,Tamoxifen,8640,Prednisone,10041660,Splenomegaly,4,137,1,1409,40.0,1.11454,0.0283688
10324,Tamoxifen,8640,Prednisone,10060800,Hot flush,5,136,6,1404,8.33333,0.599054,0.035461
10355,Temazepam,136411,sildenafil,10060800,Hot flush,2,154,3,1557,6.66667,0.909001,0.0128205
221147,POLYETHYLENE GLYCOL 3350,5521,Hydroxychloroquine,10060800,Hot flush,1,108,5,1085,2.0,1.09083,0.00917431
10355,Temazepam,136411,sildenafil,10063670,No therapeutic response,1,155,3,1557,3.33333,1.15164,0.00641026
10355,Temazepam,136411,sildenafil,10003673,Atrioventricular block complete,1,155,1,1559,10.0,1.41172,0.00641026
10355,Temazepam,136411,sildenafil,10007515,Cardiac arrest,2,154,14,1546,1.42857,0.751251,0.0128205
10324,Tamoxifen,8640,Prednisone,10011086,Coronary artery occlusion,1,140,2,1408,5.0,1.22156,0.0070922
10324,Tamoxifen,8640,Prednisone,10011089,Coronary artery stenosis,1,140,1,1409,10.0,1.41145,0.0070922
10355,Temazepam,136411,sildenafil,10011089,Coronary artery stenosis,2,154,2,1558,10.0,0.996468,0.0128205
10355,Temazepam,136411,sildenafil,10018838,Haematocrit decreased,2,154,3,1557,6.66667,0.909001,0.0128205
221147,POLYETHYLENE GLYCOL 3350,5521,Hydroxychloroquine,10018838,Haematocrit decreased,1,108,2,1088,5.0,1.22062,0.00917431
10324,Tamoxifen,8640,Prednisone,10040741,Sinus bradycardia,1,140,2,1408,5.0,1.22156,0.0070922
10324,Tamoxifen,8640,Prednisone,10040752,Sinus tachycardia,5,136,2,1408,25.0,0.831985,0.035461
221147,POLYETHYLENE GLYCOL 3350,5521,Hydroxychloroquine,10050954,Activities of daily living impaired,2,107,5,1085,4.0,0.830607,0.0183486
10355,Temazepam,136411,sildenafil,10013990,Dysuria,3,153,2,1558,15.0,0.909001,0.0192308
221147,POLYETHYLENE GLYCOL 3350,5521,Hydroxychloroquine,10013990,Dysuria,1,108,3,1087,3.33333,1.15032,0.00917431
10324,Tamoxifen,8640,Prednisone,10028596,Myocardial infarction,2,139,30,1380,0.666667,0.724936,0.0141844
10355,Temazepam,136411,sildenafil,10028596,Myocardial infarction,7,149,36,1524,1.94444,0.404455,0.0448718
10324,Tamoxifen,8640,Prednisone,10000060,Abdominal distension,4,137,2,1408,20.0,0.86151,0.0283688
10355,Temazepam,136411,sildenafil,10000060,Abdominal distension,3,153,5,1555,6.0,0.725453,0.0192308
221147,POLYETHYLENE GLYCOL 3350,5521,Hydroxychloroquine,10000060,Abdominal distension,1,108,2,1088,5.0,1.22062,0.00917431
10355,Temazepam,136411,sildenafil,10013663,Drug dependence,1,155,1,1559,10.0,1.41172,0.00641026
221147,POLYETHYLENE GLYCOL 3350,5521,Hydroxychloroquine,10027141,Melaena,1,108,2,1088,5.0,1.22062,0.00917431
10355,Temazepam,136411,sildenafil,10055798,Haemorrhage,3,153,11,1549,2.72727,0.645903,0.0192308
10355,Temazepam,136411,sildenafil,10030216,Oesophagitis,1,155,2,1558,5.0,1.22186,0.00641026
10355,Temazepam,136411,sildenafil,10038444,Renal failure chronic,3,153,2,1558,15.0,0.909001,0.0192308
10324,Tamoxifen,8640,Prednisone,10007559,Cardiac failure congestive,7,134,12,1398,5.83333,0.467321,0.0496454
10355,Temazepam,136411,sildenafil,10007559,Cardiac failure congestive,5,151,16,1544,3.125,0.505419,0.0320513
221147,POLYETHYLENE GLYCOL 3350,5521,Hydroxychloroquine,10007559,Cardiac failure congestive,1,108,7,1083,1.42857,1.06431,0.00917431
10324,Tamoxifen,8640,Prednisone,10011078,Coronary artery disease,3,138,8,1402,3.75,0.671217,0.0212766
10355,Temazepam,136411,sildenafil,10011078,Coronary artery disease,4,152,12,1548,3.33333,0.571211,0.025641
10355,Temazepam,136411,sildenafil,10019075,"Hallucination, visual",1,155,1,1559,10.0,1.41172,0.00641026
1808,Bumetanide,7824,Oxytocin,10019075,"Hallucination, visual",1,13,1,139,10.0,1.38616,0.0714286
10355,Temazepam,136411,sildenafil,10013887,Dysarthria,1,155,6,1554,1.66667,1.07685,0.00641026
10324,Tamoxifen,8640,Prednisone,10021639,Incontinence,1,140,1,1409,10.0,1.41145,0.0070922
10355,Temazepam,136411,sildenafil,10021639,Incontinence,1,155,3,1557,3.33333,1.15164,0.00641026
10324,Tamoxifen,8640,Prednisone,10028600,Myocardial ischaemia,2,139,2,1408,10.0,0.996092,0.0141844
10355,Temazepam,136411,sildenafil,10024774,Localised infection,2,154,2,1558,10.0,0.996468,0.0128205
221147,POLYETHYLENE GLYCOL 3350,5521,Hydroxychloroquine,10024774,Localised infection,2,107,1,1089,20.0,1.22062,0.0183486
10355,Temazepam,136411,sildenafil,10061623,Adverse drug reaction,1,155,1,1559,10.0,1.41172,0.00641026
10355,Temazepam,136411,sildenafil,10057840,Major depression,1,155,1,1559,10.0,1.41172,0.00641026
10355,Temazepam,136411,sildenafil,10024690,Liver function test abnormal,2,154,5,1555,4.0,0.832435,0.0128205
221147,POLYETHYLENE GLYCOL 3350,5521,Hydroxychloroquine,10024690,Liver function test abnormal,1,108,2,1088,5.0,1.22062,0.00917431
10324,Tamoxifen,8640,Prednisone,10007632,Cardiomegaly,3,138,2,1408,15.0,0.908588,0.0212766
10355,Temazepam,136411,sildenafil,10007632,Cardiomegaly,1,155,1,1559,10.0,1.41172,0.00641026
10355,Temazepam,136411,sildenafil,10022611,Interstitial lung disease,2,154,7,1553,2.85714,0.797374,0.0128205
10355,Temazepam,136411,sildenafil,10016766,Flatulence,1,155,4,1556,2.5,1.11488,0.00641026
221147,POLYETHYLENE GLYCOL 3350,5521,Hydroxychloroquine,10016766,Flatulence,1,108,5,1085,2.0,1.09083,0.00917431
10355,Temazepam,136411,sildenafil,10061200,Heart injury,1,155,1,1559,10.0,1.41172,0.00641026
10324,Tamoxifen,8640,Prednisone,10027727,Mitral valve incompetence,6,135,1,1409,60.0,1.07651,0.0425532
10355,Temazepam,136411,sildenafil,10027727,Mitral valve incompetence,3,153,3,1557,10.0,0.812167,0.0192308
10355,Temazepam,136411,sildenafil,10037400,Pulmonary hypertension,4,152,3,1557,13.3333,0.759132,0.025641
10355,Temazepam,136411,sildenafil,10006451,Bronchitis,2,154,10,1550,2.0,0.770032,0.0128205
221147,POLYETHYLENE GLYCOL 3350,5521,Hydroxychloroquine,10006451,Bronchitis,2,107,5,1085,4.0,0.830607,0.0183486
10355,Temazepam,136411,sildenafil,10057362,Underdose,1,155,1,1559,10.0,1.41172,0.00641026
10355,Temazepam,136411,sildenafil,10003481,Aspartate aminotransferase increased,4,152,5,1555,8.0,0.665544,0.025641
221147,POLYETHYLENE GLYCOL 3350,5521,Hydroxychloroquine,10003481,Aspartate aminotransferase increased,1,108,3,1087,3.33333,1.15032,0.00917431
1808,Bumetanide,7824,Oxytocin,10049816,Muscle tightness,1,13,1,139,10.0,1.38616,0.0714286
221147,POLYETHYLENE GLYCOL 3350,5521,Hydroxychloroquine,10049816,Muscle tightness,1,108,1,1089,10.0,1.41064,0.00917431
10355,Temazepam,136411,sildenafil,10021097,Hypotension,12,144,17,1543,7.05882,0.367567,0.0769231
1808,Bumetanide,7824,Oxytocin,10021097,Hypotension,1,13,2,138,5.0,1.19224,0.0714286
7781,Oxazepam,9863,Sodium Chloride,10001854,Altered state of consciousness,1,34,1,349,10.0,1.40306,0.0285714
10355,Temazepam,136411,sildenafil,10005169,Blindness,1,155,7,1553,1.42857,1.06574,0.00641026
10355,Temazepam,136411,sildenafil,10000125,Abnormal dreams,1,155,1,1559,10.0,1.41172,0.00641026
10355,Temazepam,136411,sildenafil,10000220,Abortion induced,1,155,1,1559,10.0,1.41172,0.00641026
10355,Temazepam,136411,sildenafil,10022523,Intentional overdose,1,155,5,1555,2.0,1.09222,0.00641026
221147,POLYETHYLENE GLYCOL 3350,5521,Hydroxychloroquine,10022052,Injection site bruising,1,108,2,1088,5.0,1.22062,0.00917431
10324,Tamoxifen,8640,Prednisone,10030963,Oral candidiasis,1,140,2,1408,5.0,1.22156,0.0070922
10355,Temazepam,136411,sildenafil,10030963,Oral candidiasis,2,154,1,1559,20.0,1.22186,0.0128205
10355,Temazepam,136411,sildenafil,10014625,Encephalopathy,1,155,4,1556,2.5,1.11488,0.00641026
10355,Temazepam,136411,sildenafil,10040943,Skin ulcer,2,154,5,1555,4.0,0.832435,0.0128205
10355,Temazepam,136411,sildenafil,10023644,Lacrimation increased,1,155,1,1559,10.0,1.41172,0.00641026
221147,POLYETHYLENE GLYCOL 3350,5521,Hydroxychloroquine,10024968,Lower respiratory tract infection,1,108,3,1087,3.33333,1.15032,0.00917431
7781,Oxazepam,9863,Sodium Chloride,10033318,Oxygen saturation decreased,1,34,1,349,10.0,1.40306,0.0285714
10355,Temazepam,136411,sildenafil,10061461,Erectile dysfunction,11,145,4,1556,27.5,0.577804,0.0705128
10355,Temazepam,136411,sildenafil,10071014,Exposed bone in jaw,1,155,1,1559,10.0,1.41172,0.00641026
10355,Temazepam,136411,sildenafil,10019708,Hepatic steatosis,1,155,4,1556,2.5,1.11488,0.00641026
10324,Tamoxifen,8640,Prednisone,10003119,Arrhythmia,1,140,2,1408,5.0,1.22156,0.0070922
10355,Temazepam,136411,sildenafil,10003119,Arrhythmia,4,152,2,1558,20.0,0.861945,0.025641
10355,Temazepam,136411,sildenafil,10003598,Atelectasis,4,152,2,1558,20.0,0.861945,0.025641
10324,Tamoxifen,8640,Prednisone,10061406,Cardiac valve disease,1,140,4,1406,2.5,1.11454,0.0070922
10324,Tamoxifen,8640,Prednisone,10010719,Conjunctival haemorrhage,3,138,1,1409,30.0,1.15132,0.0212766
10324,Tamoxifen,8640,Prednisone,10011878,Deafness,1,140,2,1408,5.0,1.22156,0.0070922
10355,Temazepam,136411,sildenafil,10011878,Deafness,2,154,2,1558,10.0,0.996468,0.0128205
10355,Temazepam,136411,sildenafil,10058108,Dyslipidaemia,1,155,1,1559,10.0,1.41172,0.00641026
7781,Oxazepam,9863,Sodium Chloride,10017888,Gastroenteritis,1,34,1,349,10.0,1.40306,0.0285714
10324,Tamoxifen,8640,Prednisone,10018276,Gingival bleeding,3,138,2,1408,15.0,0.908588,0.0212766
10355,Temazepam,136411,sildenafil,10018867,Haematuria,2,154,4,1556,5.0,0.861945,0.0128205
10324,Tamoxifen,8640,Prednisone,10019022,Haemorrhoids,1,140,2,1408,5.0,1.22156,0.0070922
221147,POLYETHYLENE GLYCOL 3350,5521,Hydroxychloroquine,10019022,Haemorrhoids,1,108,1,1089,10.0,1.41064,0.00917431
10355,Temazepam,136411,sildenafil,10019646,Hepatic cyst,3,153,1,1559,30.0,1.15164,0.0192308
10324,Tamoxifen,8640,Prednisone,10020583,Hypercalcaemia,3,138,1,1409,30.0,1.15132,0.0212766
10355,Temazepam,136411,sildenafil,10020583,Hypercalcaemia,2,154,2,1558,10.0,0.996468,0.0128205
10355,Temazepam,136411,sildenafil,10062060,Hyperlipidaemia,3,153,3,1557,10.0,0.812167,0.0192308
10324,Tamoxifen,8640,Prednisone,10020850,Hyperthyroidism,2,139,1,1409,20.0,1.22156,0.0141844
10355,Temazepam,136411,sildenafil,10020850,Hyperthyroidism,1,155,1,1559,10.0,1.41172,0.00641026
10355,Temazepam,136411,sildenafil,10021036,Hyponatraemia,2,154,4,1556,5.0,0.861945,0.0128205
1808,Bumetanide,7824,Oxytocin,10021036,Hyponatraemia,1,13,1,139,10.0,1.38616,0.0714286
7781,Oxazepam,9863,Sodium Chloride,10021036,Hyponatraemia,1,34,2,348,5.0,1.21185,0.0285714
10324,Tamoxifen,8640,Prednisone,10049773,Left ventricular hypertrophy,1,140,1,1409,10.0,1.41145,0.0070922
10355,Temazepam,136411,sildenafil,10024419,Libido decreased,1,155,2,1558,5.0,1.22186,0.00641026
221147,POLYETHYLENE GLYCOL 3350,5521,Hydroxychloroquine,10031149,Osteitis,1,108,1,1089,10.0,1.41064,0.00917431
10355,Temazepam,136411,sildenafil,10035226,Plasma cell myeloma,3,153,1,1559,30.0,1.15164,0.0192308
10355,Temazepam,136411,sildenafil,10040882,Skin lesion,1,155,1,1559,10.0,1.41172,0.00641026
10324,Tamoxifen,8640,Prednisone,10043071,Tachycardia,5,136,10,1400,5.0,0.540554,0.035461
10355,Temazepam,136411,sildenafil,10043071,Tachycardia,4,152,8,1552,5.0,0.606588,0.025641
7781,Oxazepam,9863,Sodium Chloride,10043071,Tachycardia,2,33,1,349,20.0,1.21185,0.0571429
10324,Tamoxifen,8640,Prednisone,10043744,Thyroid neoplasm,2,139,1,1409,20.0,1.22156,0.0141844
10324,Tamoxifen,8640,Prednisone,10048762,Tooth infection,3,138,3,1407,10.0,0.811705,0.0212766
10355,Temazepam,136411,sildenafil,10044044,Tooth loss,1,155,1,1559,10.0,1.41172,0.00641026
10324,Tamoxifen,8640,Prednisone,10044640,Tricuspid valve incompetence,4,137,1,1409,40.0,1.11454,0.0283688
10355,Temazepam,136411,sildenafil,10003285,Arthropathy,2,154,3,1557,6.66667,0.909001,0.0128205
221147,POLYETHYLENE GLYCOL 3350,5521,Hydroxychloroquine,10006811,Bursitis,1,108,2,1088,5.0,1.22062,0.00917431
10355,Temazepam,136411,sildenafil,10038428,Renal disorder,2,154,1,1559,20.0,1.22186,0.0128205
221147,POLYETHYLENE GLYCOL 3350,5521,Hydroxychloroquine,10038428,Renal disorder,2,107,2,1088,10.0,0.994941,0.0183486
10324,Tamoxifen,8640,Prednisone,10044034,Tooth disorder,5,136,5,1405,10.0,0.626258,0.035461
10355,Temazepam,136411,sildenafil,10044034,Tooth disorder,2,154,4,1556,5.0,0.861945,0.0128205
10355,Temazepam,136411,sildenafil,10005425,Blood cholesterol increased,3,153,6,1554,5.0,0.702103,0.0192308
10355,Temazepam,136411,sildenafil,10002958,Aphthous stomatitis,1,155,1,1559,10.0,1.41172,0.00641026
221147,POLYETHYLENE GLYCOL 3350,5521,Hydroxychloroquine,10015967,Eye swelling,1,108,1,1089,10.0,1.41064,0.00917431
221147,POLYETHYLENE GLYCOL 3350,5521,Hydroxychloroquine,10022081,Injection site mass,1,108,4,1086,2.5,1.11351,0.00917431
1808,Bumetanide,7824,Oxytocin,10015037,Epilepsy,1,13,1,139,10.0,1.38616,0.0714286
10355,Temazepam,136411,sildenafil,10020466,Hunger,1,155,1,1559,10.0,1.41172,0.00641026
10324,Tamoxifen,8640,Prednisone,10038776,Retching,2,139,2,1408,10.0,0.996092,0.0141844
10355,Temazepam,136411,sildenafil,10021519,Impaired healing,2,154,1,1559,20.0,1.22186,0.0128205
10355,Temazepam,136411,sildenafil,10043248,Tendon rupture,1,155,3,1557,3.33333,1.15164,0.00641026
10355,Temazepam,136411,sildenafil,10026882,Mastication disorder,1,155,1,1559,10.0,1.41172,0.00641026
10324,Tamoxifen,8640,Prednisone,10000891,Acute myocardial infarction,1,140,4,1406,2.5,1.11454,0.0070922
10355,Temazepam,136411,sildenafil,10000891,Acute myocardial infarction,3,153,6,1554,5.0,0.702103,0.0192308
10355,Temazepam,136411,sildenafil,10001053,Acute respiratory failure,1,155,1,1559,10.0,1.41172,0.00641026
10324,Tamoxifen,8640,Prednisone,10009802,Coagulopathy,1,140,2,1408,5.0,1.22156,0.0070922
10355,Temazepam,136411,sildenafil,10009802,Coagulopathy,2,154,2,1558,10.0,0.996468,0.0128205
221147,POLYETHYLENE GLYCOL 3350,5521,Hydroxychloroquine,10009802,Coagulopathy,2,107,3,1087,6.66667,0.907327,0.0183486
10355,Temazepam,136411,sildenafil,10063829,Device malfunction,1,155,2,1558,5.0,1.22186,0.00641026
10355,Temazepam,136411,sildenafil,10014561,Emphysema,3,153,1,1559,30.0,1.15164,0.0192308
10355,Temazepam,136411,sildenafil,10015856,Extrasystoles,1,155,1,1559,10.0,1.41172,0.00641026
10324,Tamoxifen,8640,Prednisone,10016803,Fluid overload,2,139,1,1409,20.0,1.22156,0.0141844
10355,Temazepam,136411,sildenafil,10016803,Fluid overload,6,150,2,1558,30.0,0.812167,0.0384615
10355,Temazepam,136411,sildenafil,10018280,Gingival disorder,1,155,1,1559,10.0,1.41172,0.00641026
10355,Temazepam,136411,sildenafil,10018852,Haematoma,3,153,3,1557,10.0,0.812167,0.0192308
10355,Temazepam,136411,sildenafil,10027417,Metabolic acidosis,1,155,3,1557,3.33333,1.15164,0.00641026
161,Acetaminophen,1546438,glycopyrronium,10027417,Metabolic acidosis,1,22,1,229,10.0,1.3972,0.0434783
10324,Tamoxifen,8640,Prednisone,10057372,Paraesthesia oral,1,140,2,1408,5.0,1.22156,0.0070922
10324,Tamoxifen,8640,Prednisone,10034674,Peritonitis,2,139,2,1408,10.0,0.996092,0.0141844
7781,Oxazepam,9863,Sodium Chloride,10037383,Pulmonary fibrosis,1,34,2,348,5.0,1.21185,0.0285714
10324,Tamoxifen,8640,Prednisone,10037569,Purulent discharge,4,137,1,1409,40.0,1.11454,0.0283688
10355,Temazepam,136411,sildenafil,10047302,Ventricular tachycardia,1,155,3,1557,3.33333,1.15164,0.00641026
10324,Tamoxifen,8640,Prednisone,10009887,Colitis,2,139,1,1409,20.0,1.22156,0.0141844
10355,Temazepam,136411,sildenafil,10039897,Sedation,1,155,1,1559,10.0,1.41172,0.00641026
10355,Temazepam,136411,sildenafil,10013442,Disseminated intravascular coagulation,1,155,5,1555,2.0,1.09222,0.00641026
10324,Tamoxifen,8640,Prednisone,10023126,Jaundice,2,139,4,1406,5.0,0.86151,0.0141844
1808,Bumetanide,7824,Oxytocin,10023126,Jaundice,1,13,1,139,10.0,1.38616,0.0714286
221147,POLYETHYLENE GLYCOL 3350,5521,Hydroxychloroquine,10023126,Jaundice,1,108,1,1089,10.0,1.41064,0.00917431
10355,Temazepam,136411,sildenafil,10040742,Sinus congestion,1,155,2,1558,5.0,1.22186,0.00641026
10355,Temazepam,136411,sildenafil,10059570,Blood alkaline phosphatase increased,2,154,3,1557,6.66667,0.909001,0.0128205
10355,Temazepam,136411,sildenafil,10011781,Cystitis,1,155,4,1556,2.5,1.11488,0.00641026
10355,Temazepam,136411,sildenafil,10015958,Eye pain,1,155,4,1556,2.5,1.11488,0.00641026
221147,POLYETHYLENE GLYCOL 3350,5521,Hydroxychloroquine,10015958,Eye pain,1,108,3,1087,3.33333,1.15032,0.00917431
10324,Tamoxifen,8640,Prednisone,10016092,Faecal incontinence,2,139,1,1409,20.0,1.22156,0.0141844
10355,Temazepam,136411,sildenafil,10027374,Mental impairment,1,155,2,1558,5.0,1.22186,0.00641026
221147,POLYETHYLENE GLYCOL 3350,5521,Hydroxychloroquine,10069339,Acute kidney injury,1,108,1,1089,10.0,1.41064,0.00917431
10324,Tamoxifen,8640,Prednisone,10041101,Small intestinal obstruction,1,140,2,1408,5.0,1.22156,0.0070922
10324,Tamoxifen,8640,Prednisone,10047571,Visual impairment,3,138,6,1404,5.0,0.701569,0.0212766
10355,Temazepam,136411,sildenafil,10047571,Visual impairment,2,154,11,1549,1.81818,0.764106,0.0128205
221147,POLYETHYLENE GLYCOL 3350,5521,Hydroxychloroquine,10047571,Visual impairment,1,108,2,1088,5.0,1.22062,0.00917431
10355,Temazepam,136411,sildenafil,10048706,Joint range of motion decreased,1,155,3,1557,3.33333,1.15164,0.00641026
221147,POLYETHYLENE GLYCOL 3350,5521,Hydroxychloroquine,10048706,Joint range of motion decreased,1,108,1,1089,10.0,1.41064,0.00917431
10355,Temazepam,136411,sildenafil,10006895,Cachexia,1,155,1,1559,10.0,1.41172,0.00641026
10324,Tamoxifen,8640,Prednisone,10030973,Oral discomfort,1,140,1,1409,10.0,1.41145,0.0070922
10324,Tamoxifen,8640,Prednisone,10034263,Pelvic pain,2,139,1,1409,20.0,1.22156,0.0141844
10355,Temazepam,136411,sildenafil,10043709,Thyroid disorder,1,155,2,1558,5.0,1.22186,0.00641026
10324,Tamoxifen,8640,Prednisone,10048629,Wound secretion,3,138,2,1408,15.0,0.908588,0.0212766
221147,POLYETHYLENE GLYCOL 3350,5521,Hydroxychloroquine,10035618,Pleurisy,1,108,1,1089,10.0,1.41064,0.00917431
10355,Temazepam,136411,sildenafil,10059245,Angiopathy,1,155,1,1559,10.0,1.41172,0.00641026
10355,Temazepam,136411,sildenafil,10005555,Blood glucose decreased,2,154,3,1557,6.66667,0.909001,0.0128205
161,Acetaminophen,1546438,glycopyrronium,10005555,Blood glucose decreased,1,22,1,229,10.0,1.3972,0.0434783
7781,Oxazepam,9863,Sodium Chloride,10025082,Lung disorder,1,34,1,349,10.0,1.40306,0.0285714
10355,Temazepam,136411,sildenafil,10060862,Prostate cancer,2,154,3,1557,6.66667,0.909001,0.0128205
10324,Tamoxifen,8640,Prednisone,10025197,Lymphadenopathy,8,133,5,1405,16.0,0.563204,0.0567376
10355,Temazepam,136411,sildenafil,10025197,Lymphadenopathy,2,154,4,1556,5.0,0.861945,0.0128205
221147,POLYETHYLENE GLYCOL 3350,5521,Hydroxychloroquine,10025197,Lymphadenopathy,1,108,5,1085,2.0,1.09083,0.00917431
10355,Temazepam,136411,sildenafil,10049564,Impaired driving ability,1,155,2,1558,5.0,1.22186,0.00641026
10355,Temazepam,136411,sildenafil,10005802,Blood sodium decreased,1,155,2,1558,5.0,1.22186,0.00641026
10324,Tamoxifen,8640,Prednisone,10000880,Acute myeloid leukaemia,1,140,2,1408,5.0,1.22156,0.0070922
221147,POLYETHYLENE GLYCOL 3350,5521,Hydroxychloroquine,10005186,Blindness unilateral,1,108,1,1089,10.0,1.41064,0.00917431
10355,Temazepam,136411,sildenafil,10043458,Thirst,1,155,1,1559,10.0,1.41172,0.00641026
221147,POLYETHYLENE GLYCOL 3350,5521,Hydroxychloroquine,10050778,Walking aid user,1,108,1,1089,10.0,1.41064,0.00917431
10355,Temazepam,136411,sildenafil,10028641,Myopathy,1,155,1,1559,10.0,1.41172,0.00641026
10355,Temazepam,136411,sildenafil,10005364,Blood bilirubin increased,2,154,5,1555,4.0,0.832435,0.0128205
10355,Temazepam,136411,sildenafil,10047295,Ventricular hypertrophy,1,155,2,1558,5.0,1.22186,0.00641026
10355,Temazepam,136411,sildenafil,10061173,Gastrointestinal motility disorder,1,155,1,1559,10.0,1.41172,0.00641026
10324,Tamoxifen,8640,Prednisone,10003591,Ataxia,1,140,2,1408,5.0,1.22156,0.0070922
10355,Temazepam,136411,sildenafil,10003591,Ataxia,1,155,3,1557,3.33333,1.15164,0.00641026
10355,Temazepam,136411,sildenafil,10049803,Blood glucose fluctuation,1,155,3,1557,3.33333,1.15164,0.00641026
10355,Temazepam,136411,sildenafil,10017626,Gallbladder disorder,1,155,2,1558,5.0,1.22186,0.00641026
221147,POLYETHYLENE GLYCOL 3350,5521,Hydroxychloroquine,10005470,Blood creatine phosphokinase increased,1,108,8,1082,1.25,1.05589,0.00917431
10355,Temazepam,136411,sildenafil,10016642,Fibrosis,2,154,1,1559,20.0,1.22186,0.0128205
10324,Tamoxifen,8640,Prednisone,10027459,Metastases to lymph nodes,1,140,1,1409,10.0,1.41145,0.0070922
10355,Temazepam,136411,sildenafil,10061394,Upper limb fracture,1,155,1,1559,10.0,1.41172,0.00641026
10324,Tamoxifen,8640,Prednisone,10003662,Atrial flutter,1,140,1,1409,10.0,1.41145,0.0070922
10355,Temazepam,136411,sildenafil,10049414,Treatment noncompliance,1,155,3,1557,3.33333,1.15164,0.00641026
7781,Oxazepam,9863,Sodium Chloride,10049414,Treatment noncompliance,1,34,1,349,10.0,1.40306,0.0285714
10355,Temazepam,136411,sildenafil,10038743,Restlessness,1,155,2,1558,5.0,1.22186,0.00641026
10355,Temazepam,136411,sildenafil,10028347,Muscle twitching,2,154,2,1558,10.0,0.996468,0.0128205
10355,Temazepam,136411,sildenafil,10061599,Lower limb fracture,1,155,1,1559,10.0,1.41172,0.00641026
221147,POLYETHYLENE GLYCOL 3350,5521,Hydroxychloroquine,10053425,Injection site swelling,1,108,5,1085,2.0,1.09083,0.00917431
221147,POLYETHYLENE GLYCOL 3350,5521,Hydroxychloroquine,10069889,Product adhesion issue,2,107,1,1089,20.0,1.22062,0.0183486
10355,Temazepam,136411,sildenafil,10023439,Kidney transplant rejection,1,155,1,1559,10.0,1.41172,0.00641026
10324,Tamoxifen,8640,Prednisone,10031123,Orthopnoea,2,139,3,1407,6.66667,0.908588,0.0141844
221147,POLYETHYLENE GLYCOL 3350,5521,Hydroxychloroquine,10017367,Frequent bowel movements,2,107,1,1089,20.0,1.22062,0.0183486
10324,Tamoxifen,8640,Prednisone,10000084,Abdominal pain lower,1,140,3,1407,3.33333,1.15132,0.0070922
221147,POLYETHYLENE GLYCOL 3350,5521,Hydroxychloroquine,10064295,Drug administration error,1,108,3,1087,3.33333,1.15032,0.00917431
1808,Bumetanide,7824,Oxytocin,10062244,Sinus disorder,1,13,1,139,10.0,1.38616,0.0714286
221147,POLYETHYLENE GLYCOL 3350,5521,Hydroxychloroquine,10064307,Incorrect drug administration duration,4,105,2,1088,20.0,0.860179,0.0366972
10324,Tamoxifen,8640,Prednisone,10018830,Haematemesis,2,139,2,1408,10.0,0.996092,0.0141844
10355,Temazepam,136411,sildenafil,10007649,Cardiovascular disorder,1,155,4,1556,2.5,1.11488,0.00641026
221147,POLYETHYLENE GLYCOL 3350,5521,Hydroxychloroquine,10007649,Cardiovascular disorder,1,108,4,1086,2.5,1.11351,0.00917431
10355,Temazepam,136411,sildenafil,10061257,Jaw disorder,1,155,1,1559,10.0,1.41172,0.00641026
10355,Temazepam,136411,sildenafil,10019717,Hepatitis,1,155,1,1559,10.0,1.41172,0.00641026
1808,Bumetanide,7824,Oxytocin,10019717,Hepatitis,1,13,1,139,10.0,1.38616,0.0714286
10355,Temazepam,136411,sildenafil,10022595,International normalised ratio increased,3,153,6,1554,5.0,0.702103,0.0192308
221147,POLYETHYLENE GLYCOL 3350,5521,Hydroxychloroquine,10022595,International normalised ratio increased,1,108,2,1088,5.0,1.22062,0.00917431
10324,Tamoxifen,8640,Prednisone,10016288,Febrile neutropenia,4,137,8,1402,5.0,0.605969,0.0283688
221147,POLYETHYLENE GLYCOL 3350,5521,Hydroxychloroquine,10033474,Pain of skin,1,108,1,1089,10.0,1.41064,0.00917431
10355,Temazepam,136411,sildenafil,10013050,Disability,4,152,1,1559,40.0,1.11488,0.025641
10324,Tamoxifen,8640,Prednisone,10034539,Periodontitis,3,138,1,1409,30.0,1.15132,0.0212766
10355,Temazepam,136411,sildenafil,10038540,Renal tubular necrosis,1,155,1,1559,10.0,1.41172,0.00641026
10324,Tamoxifen,8640,Prednisone,10009944,Colon cancer,3,138,1,1409,30.0,1.15132,0.0212766
1808,Bumetanide,7824,Oxytocin,10009944,Colon cancer,1,13,1,139,10.0,1.38616,0.0714286
10355,Temazepam,136411,sildenafil,10012442,Dermatitis contact,3,153,1,1559,30.0,1.15164,0.0192308
10324,Tamoxifen,8640,Prednisone,10009657,Clostridium difficile colitis,2,139,1,1409,20.0,1.22156,0.0141844
10355,Temazepam,136411,sildenafil,10036556,Pregnancy,1,155,2,1558,5.0,1.22186,0.00641026
10355,Temazepam,136411,sildenafil,10019133,Hangover,1,155,1,1559,10.0,1.41172,0.00641026
10355,Temazepam,136411,sildenafil,10061520,Ill-defined disorder,1,155,1,1559,10.0,1.41172,0.00641026
221147,POLYETHYLENE GLYCOL 3350,5521,Hydroxychloroquine,10061520,Ill-defined disorder,2,107,3,1087,6.66667,0.907327,0.0183486
10324,Tamoxifen,8640,Prednisone,10023003,Irritable bowel syndrome,2,139,1,1409,20.0,1.22156,0.0141844
10324,Tamoxifen,8640,Prednisone,10067585,Type 2 diabetes mellitus,2,139,1,1409,20.0,1.22156,0.0141844
10355,Temazepam,136411,sildenafil,10067585,Type 2 diabetes mellitus,5,151,6,1554,8.33333,0.599679,0.0320513
221147,POLYETHYLENE GLYCOL 3350,5521,Hydroxychloroquine,10067585,Type 2 diabetes mellitus,1,108,2,1088,5.0,1.22062,0.00917431
10355,Temazepam,136411,sildenafil,10006825,C-reactive protein increased,1,155,4,1556,2.5,1.11488,0.00641026
7781,Oxazepam,9863,Sodium Chloride,10006825,C-reactive protein increased,1,34,2,348,5.0,1.21185,0.0285714
221147,POLYETHYLENE GLYCOL 3350,5521,Hydroxychloroquine,10006825,C-reactive protein increased,2,107,6,1084,3.33333,0.810293,0.0183486
10355,Temazepam,136411,sildenafil,10050953,Lower gastrointestinal haemorrhage,1,155,2,1558,5.0,1.22186,0.00641026
221147,POLYETHYLENE GLYCOL 3350,5521,Hydroxychloroquine,10024570,Lip swelling,2,107,1,1089,20.0,1.22062,0.0183486
10355,Temazepam,136411,sildenafil,10018870,Blood urine present,1,155,1,1559,10.0,1.41172,0.00641026
221147,POLYETHYLENE GLYCOL 3350,5521,Hydroxychloroquine,10069328,Incorrect product storage,1,108,1,1089,10.0,1.41064,0.00917431
10324,Tamoxifen,8640,Prednisone,10011655,Cushingoid,1,140,1,1409,10.0,1.41145,0.0070922
10324,Tamoxifen,8640,Prednisone,10017865,Gastritis erosive,3,138,1,1409,30.0,1.15132,0.0212766
10355,Temazepam,136411,sildenafil,10017865,Gastritis erosive,1,155,1,1559,10.0,1.41172,0.00641026
221147,POLYETHYLENE GLYCOL 3350,5521,Hydroxychloroquine,10041962,Status epilepticus,1,108,1,1089,10.0,1.41064,0.00917431
10355,Temazepam,136411,sildenafil,10011703,Cyanosis,2,154,5,1555,4.0,0.832435,0.0128205
10355,Temazepam,136411,sildenafil,10029719,Nonspecific reaction,1,155,2,1558,5.0,1.22186,0.00641026
221147,POLYETHYLENE GLYCOL 3350,5521,Hydroxychloroquine,10018484,Glycosylated haemoglobin increased,1,108,1,1089,10.0,1.41064,0.00917431
10355,Temazepam,136411,sildenafil,10023424,Kidney infection,1,155,1,1559,10.0,1.41172,0.00641026
161,Acetaminophen,1546438,glycopyrronium,10037855,Rash erythematous,1,22,2,228,5.0,1.20506,0.0434783
221147,POLYETHYLENE GLYCOL 3350,5521,Hydroxychloroquine,10037855,Rash erythematous,1,108,5,1085,2.0,1.09083,0.00917431
221147,POLYETHYLENE GLYCOL 3350,5521,Hydroxychloroquine,10018916,Haemolytic anaemia,1,108,1,1089,10.0,1.41064,0.00917431
10355,Temazepam,136411,sildenafil,10020679,Hypernatraemia,1,155,2,1558,5.0,1.22186,0.00641026
221147,POLYETHYLENE GLYCOL 3350,5521,Hydroxychloroquine,10046910,Vaginal haemorrhage,1,108,3,1087,3.33333,1.15032,0.00917431
10355,Temazepam,136411,sildenafil,10028997,Neoplasm malignant,4,152,10,1550,4.0,0.585618,0.025641
221147,POLYETHYLENE GLYCOL 3350,5521,Hydroxychloroquine,10028997,Neoplasm malignant,1,108,8,1082,1.25,1.05589,0.00917431
10355,Temazepam,136411,sildenafil,10041549,Spinal cord compression,1,155,1,1559,10.0,1.41172,0.00641026
10355,Temazepam,136411,sildenafil,10066152,Transfusion,1,155,1,1559,10.0,1.41172,0.00641026
10324,Tamoxifen,8640,Prednisone,10063541,Bowel movement irregularity,1,140,1,1409,10.0,1.41145,0.0070922
10355,Temazepam,136411,sildenafil,10000486,Acidosis,1,155,3,1557,3.33333,1.15164,0.00641026
10355,Temazepam,136411,sildenafil,10009192,Circulatory collapse,1,155,4,1556,2.5,1.11488,0.00641026
10355,Temazepam,136411,sildenafil,10056407,Refusal of treatment by patient,1,155,1,1559,10.0,1.41172,0.00641026
221147,POLYETHYLENE GLYCOL 3350,5521,Hydroxychloroquine,10002199,Anaphylactic shock,1,108,4,1086,2.5,1.11351,0.00917431
221147,POLYETHYLENE GLYCOL 3350,5521,Hydroxychloroquine,10019300,Heart rate abnormal,1,108,1,1089,10.0,1.41064,0.00917431
10355,Temazepam,136411,sildenafil,10033864,Paranoia,1,155,1,1559,10.0,1.41172,0.00641026
221147,POLYETHYLENE GLYCOL 3350,5521,Hydroxychloroquine,10018879,Haemoglobin abnormal,1,108,1,1089,10.0,1.41064,0.00917431
10355,Temazepam,136411,sildenafil,10016667,Fibula fracture,3,153,1,1559,30.0,1.15164,0.0192308
10324,Tamoxifen,8640,Prednisone,10068286,Anorectal discomfort,1,140,1,1409,10.0,1.41145,0.0070922
221147,POLYETHYLENE GLYCOL 3350,5521,Hydroxychloroquine,10051572,Injection site discolouration,1,108,2,1088,5.0,1.22062,0.00917431
10355,Temazepam,136411,sildenafil,10012689,Diabetic retinopathy,1,155,1,1559,10.0,1.41172,0.00641026
10355,Temazepam,136411,sildenafil,10020094,Hilar lymphadenopathy,1,155,1,1559,10.0,1.41172,0.00641026
10355,Temazepam,136411,sildenafil,10061309,Neoplasm progression,1,155,2,1558,5.0,1.22186,0.00641026
10324,Tamoxifen,8640,Prednisone,10018286,Gingival pain,5,136,1,1409,50.0,1.09188,0.035461
10355,Temazepam,136411,sildenafil,10017693,Gamma-glutamyltransferase increased,2,154,1,1559,20.0,1.22186,0.0128205
10355,Temazepam,136411,sildenafil,10040867,Skin hypertrophy,1,155,1,1559,10.0,1.41172,0.00641026
161,Acetaminophen,1546438,glycopyrronium,10050473,Abscess limb,1,22,1,229,10.0,1.3972,0.0434783
10355,Temazepam,136411,sildenafil,10042604,Supraventricular tachycardia,5,151,2,1558,25.0,0.832435,0.0320513
10324,Tamoxifen,8640,Prednisone,10025310,Lymphoma,5,136,1,1409,50.0,1.09188,0.035461
10355,Temazepam,136411,sildenafil,10005851,Blood urea increased,1,155,3,1557,3.33333,1.15164,0.00641026
10355,Temazepam,136411,sildenafil,10012271,Dementia Alzheimer's type,1,155,2,1558,5.0,1.22186,0.00641026
221147,POLYETHYLENE GLYCOL 3350,5521,Hydroxychloroquine,10017817,Gastric polyps,1,108,1,1089,10.0,1.41064,0.00917431
10324,Tamoxifen,8640,Prednisone,10047289,Ventricular extrasystoles,1,140,3,1407,3.33333,1.15132,0.0070922
10324,Tamoxifen,8640,Prednisone,10015995,Eyelid ptosis,2,139,4,1406,5.0,0.86151,0.0141844
10355,Temazepam,136411,sildenafil,10037999,Reading disorder,1,155,1,1559,10.0,1.41172,0.00641026
10355,Temazepam,136411,sildenafil,10031256,Osteomyelitis chronic,1,155,1,1559,10.0,1.41172,0.00641026
10355,Temazepam,136411,sildenafil,10042316,Subarachnoid haemorrhage,1,155,1,1559,10.0,1.41172,0.00641026
10324,Tamoxifen,8640,Prednisone,10001507,Agranulocytosis,3,138,2,1408,15.0,0.908588,0.0212766
221147,POLYETHYLENE GLYCOL 3350,5521,Hydroxychloroquine,10048964,Carotid artery occlusion,1,108,1,1089,10.0,1.41064,0.00917431
10355,Temazepam,136411,sildenafil,10013002,Dilatation atrial,2,154,1,1559,20.0,1.22186,0.0128205
7781,Oxazepam,9863,Sodium Chloride,10031264,Osteonecrosis,1,34,1,349,10.0,1.40306,0.0285714
221147,POLYETHYLENE GLYCOL 3350,5521,Hydroxychloroquine,10021058,Hypophosphataemia,1,108,2,1088,5.0,1.22062,0.00917431
10355,Temazepam,136411,sildenafil,10029898,Obsessive-compulsive disorder,1,155,2,1558,5.0,1.22186,0.00641026
221147,POLYETHYLENE GLYCOL 3350,5521,Hydroxychloroquine,10021328,Ileus,1,108,1,1089,10.0,1.41064,0.00917431
1808,Bumetanide,7824,Oxytocin,10053123,Protein urine present,1,13,1,139,10.0,1.38616,0.0714286
221147,POLYETHYLENE GLYCOL 3350,5521,Hydroxychloroquine,10053123,Protein urine present,1,108,1,1089,10.0,1.41064,0.00917431
10355,Temazepam,136411,sildenafil,10060734,Diabetic foot,1,155,1,1559,10.0,1.41172,0.00641026
10324,Tamoxifen,8640,Prednisone,10013974,Dyspnoea paroxysmal nocturnal,2,139,1,1409,20.0,1.22156,0.0141844
10355,Temazepam,136411,sildenafil,10001367,Adrenal insufficiency,3,153,1,1559,30.0,1.15164,0.0192308
10355,Temazepam,136411,sildenafil,10065679,Intentional drug misuse,1,155,7,1553,1.42857,1.06574,0.00641026
10355,Temazepam,136411,sildenafil,10012741,Diarrhoea haemorrhagic,1,155,2,1558,5.0,1.22186,0.00641026
221147,POLYETHYLENE GLYCOL 3350,5521,Hydroxychloroquine,10029547,Non-Hodgkin's lymphoma,1,108,2,1088,5.0,1.22062,0.00917431
221147,POLYETHYLENE GLYCOL 3350,5521,Hydroxychloroquine,10018659,Grand mal convulsion,2,107,2,1088,10.0,0.994941,0.0183486
10324,Tamoxifen,8640,Prednisone,10024288,Leukaemia,2,139,1,1409,20.0,1.22156,0.0141844
10355,Temazepam,136411,sildenafil,10019695,Hepatic neoplasm,1,155,1,1559,10.0,1.41172,0.00641026
10355,Temazepam,136411,sildenafil,10037063,Prothrombin time prolonged,1,155,3,1557,3.33333,1.15164,0.00641026
10355,Temazepam,136411,sildenafil,10012607,Diabetes mellitus inadequate control,2,154,2,1558,10.0,0.996468,0.0128205
10355,Temazepam,136411,sildenafil,10015832,Extrapyramidal disorder,2,154,7,1553,2.85714,0.797374,0.0128205
221147,POLYETHYLENE GLYCOL 3350,5521,Hydroxychloroquine,10015832,Extrapyramidal disorder,3,106,6,1084,5.0,0.699934,0.0275229
10324,Tamoxifen,8640,Prednisone,10044032,Tooth discolouration,2,139,2,1408,10.0,0.996092,0.0141844
10355,Temazepam,136411,sildenafil,10012650,Diabetic coma,2,154,2,1558,10.0,0.996468,0.0128205
10324,Tamoxifen,8640,Prednisone,10059056,Ventricular dysfunction,1,140,1,1409,10.0,1.41145,0.0070922
221147,POLYETHYLENE GLYCOL 3350,5521,Hydroxychloroquine,10029282,Neuroleptic malignant syndrome,1,108,1,1089,10.0,1.41064,0.00917431
10324,Tamoxifen,8640,Prednisone,10003041,Application site erythema,1,140,5,1405,2.0,1.09188,0.0070922
10324,Tamoxifen,8640,Prednisone,10023681,Lactose intolerance,1,140,1,1409,10.0,1.41145,0.0070922
10355,Temazepam,136411,sildenafil,10048921,Alcohol use,1,155,1,1559,10.0,1.41172,0.00641026
10355,Temazepam,136411,sildenafil,10002388,Angina unstable,3,153,2,1558,15.0,0.909001,0.0192308
10355,Temazepam,136411,sildenafil,10060938,Anaesthetic complication,1,155,1,1559,10.0,1.41172,0.00641026
7781,Oxazepam,9863,Sodium Chloride,10061043,Clostridial infection,1,34,1,349,10.0,1.40306,0.0285714
10355,Temazepam,136411,sildenafil,10037394,Pulmonary haemorrhage,3,153,1,1559,30.0,1.15164,0.0192308
10355,Temazepam,136411,sildenafil,10039163,Right ventricular failure,4,152,2,1558,20.0,0.861945,0.025641
7781,Oxazepam,9863,Sodium Chloride,10000173,Abnormal sensation in eye,1,34,1,349,10.0,1.40306,0.0285714
10355,Temazepam,136411,sildenafil,10028164,Multiple allergies,1,155,1,1559,10.0,1.41172,0.00641026
1808,Bumetanide,7824,Oxytocin,10062042,Lung neoplasm,1,13,1,139,10.0,1.38616,0.0714286
10355,Temazepam,136411,sildenafil,10066434,Expired drug administered,1,155,1,1559,10.0,1.41172,0.00641026
10324,Tamoxifen,8640,Prednisone,10048919,Performance status decreased,1,140,1,1409,10.0,1.41145,0.0070922
221147,POLYETHYLENE GLYCOL 3350,5521,Hydroxychloroquine,10021576,Inadequate analgesia,1,108,2,1088,5.0,1.22062,0.00917431
10355,Temazepam,136411,sildenafil,10057677,Transplant,1,155,1,1559,10.0,1.41172,0.00641026
221147,POLYETHYLENE GLYCOL 3350,5521,Hydroxychloroquine,10022806,Intraocular pressure increased,1,108,1,1089,10.0,1.41064,0.00917431
10324,Tamoxifen,8640,Prednisone,10049447,Tachyarrhythmia,1,140,1,1409,10.0,1.41145,0.0070922
10355,Temazepam,136411,sildenafil,10049447,Tachyarrhythmia,3,153,1,1559,30.0,1.15164,0.0192308
10324,Tamoxifen,8640,Prednisone,10040739,Sinus arrhythmia,1,140,2,1408,5.0,1.22156,0.0070922
10324,Tamoxifen,8640,Prednisone,10036051,Polycythaemia,1,140,1,1409,10.0,1.41145,0.0070922
10324,Tamoxifen,8640,Prednisone,10066474,Thyroid cancer,1,140,1,1409,10.0,1.41145,0.0070922
10355,Temazepam,136411,sildenafil,10049418,Sudden cardiac death,1,155,1,1559,10.0,1.41172,0.00641026
10355,Temazepam,136411,sildenafil,10035551,Pleocytosis,1,155,1,1559,10.0,1.41172,0.00641026
10355,Temazepam,136411,sildenafil,10010235,Computerised tomogram abnormal,1,155,1,1559,10.0,1.41172,0.00641026
10355,Temazepam,136411,sildenafil,10008795,Chromatopsia,1,155,1,1559,10.0,1.41172,0.00641026
221147,POLYETHYLENE GLYCOL 3350,5521,Hydroxychloroquine,10019754,Hepatitis cholestatic,1,108,1,1089,10.0,1.41064,0.00917431
10355,Temazepam,136411,sildenafil,10061111,Drug abuser,1,155,1,1559,10.0,1.41172,0.00641026
10355,Temazepam,136411,sildenafil,10060138,Antineutrophil cytoplasmic antibody increased,1,155,1,1559,10.0,1.41172,0.00641026
10355,Temazepam,136411,sildenafil,10058802,Gingival infection,1,155,1,1559,10.0,1.41172,0.00641026
221147,POLYETHYLENE GLYCOL 3350,5521,Hydroxychloroquine,10021245,Idiopathic thrombocytopenic purpura,1,108,1,1089,10.0,1.41064,0.00917431
10355,Temazepam,136411,sildenafil,10028228,Multiple myeloma,1,155,3,1557,3.33333,1.15164,0.00641026
221147,POLYETHYLENE GLYCOL 3350,5521,Hydroxychloroquine,10050904,Cytolytic hepatitis,1,108,1,1089,10.0,1.41064,0.00917431
10355,Temazepam,136411,sildenafil,10002646,Anorexia,1,155,6,1554,1.66667,1.07685,0.00641026
10324,Tamoxifen,8640,Prednisone,10042101,Stomach discomfort,1,140,1,1409,10.0,1.41145,0.0070922
10355,Temazepam,136411,sildenafil,10051327,Pharmaceutical product complaint,1,155,4,1556,2.5,1.11488,0.00641026
221147,POLYETHYLENE GLYCOL 3350,5521,Hydroxychloroquine,10051327,Pharmaceutical product complaint,1,108,4,1086,2.5,1.11351,0.00917431
10355,Temazepam,136411,sildenafil,10019831,Hepatocellular damage,1,155,1,1559,10.0,1.41172,0.00641026
10355,Temazepam,136411,sildenafil,10013746,Drug toxicity,1,155,5,1555,2.0,1.09222,0.00641026
221147,POLYETHYLENE GLYCOL 3350,5521,Hydroxychloroquine,10029328,Neuropathy,1,108,3,1087,3.33333,1.15032,0.00917431
10355,Temazepam,136411,sildenafil,10043408,Therapeutic agent toxicity,3,153,1,1559,30.0,1.15164,0.0192308
221147,POLYETHYLENE GLYCOL 3350,5521,Hydroxychloroquine,10058818,Skin laceration,1,108,1,1089,10.0,1.41064,0.00917431
10355,Temazepam,136411,sildenafil,10049193,Drug exposure during pregnancy,1,155,13,1547,0.769231,1.03435,0.00641026
161,Acetaminophen,1546438,glycopyrronium,10049193,Drug exposure during pregnancy,3,20,1,229,30.0,1.1338,0.130435
10355,Temazepam,136411,sildenafil,10051082,Therapy non-responder,1,155,1,1559,10.0,1.41172,0.00641026
10324,Tamoxifen,8640,Prednisone,10061326,Oral soft tissue disorder,1,140,1,1409,10.0,1.41145,0.0070922
drug_1_rxnorn_id,drug_1_concept_name,drug_2_rxnorm_id,drug_2_concept_name,condition_meddra_id,condition_concept_name,A,B,C,D,PRR,PRR_error,mean_reporting_frequency
1808,Bumetanide,7824,Oxytocin,10002034,Anaemia,1,13,3,137,3.33333,1.12016,0.0714286
1808,Bumetanide,7824,Oxytocin,10023126,Jaundice,1,13,1,139,10.0,1.38616,0.0714286
1808,Bumetanide,7824,Oxytocin,10003658,Atrial fibrillation,1,13,2,138,5.0,1.19224,0.0714286
1808,Bumetanide,7824,Oxytocin,10061024,Cardiac disorder,1,13,2,138,5.0,1.19224,0.0714286
1808,Bumetanide,7824,Oxytocin,10042772,Syncope,2,12,4,136,5.0,0.819407,0.142857
1808,Bumetanide,7824,Oxytocin,10013968,Dyspnoea,2,12,8,132,2.5,0.739208,0.142857
1808,Bumetanide,7824,Oxytocin,10013971,Dyspnoea exertional,1,13,1,139,10.0,1.38616,0.0714286
1808,Bumetanide,7824,Oxytocin,10008479,Chest pain,1,13,5,135,2.0,1.05898,0.0714286
1808,Bumetanide,7824,Oxytocin,10030124,Oedema peripheral,3,11,1,139,30.0,1.12016,0.214286
1808,Bumetanide,7824,Oxytocin,10020993,Hypoglycaemia,1,13,1,139,10.0,1.38616,0.0714286
1808,Bumetanide,7824,Oxytocin,10012318,Dental caries,1,13,1,139,10.0,1.38616,0.0714286
1808,Bumetanide,7824,Oxytocin,10013554,Diverticulum,1,13,1,139,10.0,1.38616,0.0714286
1808,Bumetanide,7824,Oxytocin,10012735,Diarrhoea,3,11,5,135,6.0,0.67436,0.214286
1808,Bumetanide,7824,Oxytocin,10010774,Constipation,1,13,2,138,5.0,1.19224,0.0714286
1808,Bumetanide,7824,Oxytocin,10006514,Bruxism,1,13,1,139,10.0,1.38616,0.0714286
1808,Bumetanide,7824,Oxytocin,10028813,Nausea,2,12,7,133,2.85714,0.75119,0.142857
1808,Bumetanide,7824,Oxytocin,10047700,Vomiting,3,11,4,136,7.5,0.710466,0.214286
1808,Bumetanide,7824,Oxytocin,10009944,Colon cancer,1,13,1,139,10.0,1.38616,0.0714286
1808,Bumetanide,7824,Oxytocin,10013911,Dysgeusia,1,13,1,139,10.0,1.38616,0.0714286
1808,Bumetanide,7824,Oxytocin,10037660,Pyrexia,1,13,1,139,10.0,1.38616,0.0714286
1808,Bumetanide,7824,Oxytocin,10011906,Death,1,13,7,133,1.42857,1.03164,0.0714286
1808,Bumetanide,7824,Oxytocin,10016256,Fatigue,3,11,3,137,10.0,0.766874,0.214286
1808,Bumetanide,7824,Oxytocin,10025482,Malaise,1,13,2,138,5.0,1.19224,0.0714286
1808,Bumetanide,7824,Oxytocin,10033371,Pain,1,13,4,136,2.5,1.08233,0.0714286
1808,Bumetanide,7824,Oxytocin,10019717,Hepatitis,1,13,1,139,10.0,1.38616,0.0714286
1808,Bumetanide,7824,Oxytocin,10046571,Urinary tract infection,1,13,3,137,3.33333,1.12016,0.0714286
1808,Bumetanide,7824,Oxytocin,10019974,Herpes zoster,1,13,1,139,10.0,1.38616,0.0714286
1808,Bumetanide,7824,Oxytocin,10022116,Injury,1,13,1,139,10.0,1.38616,0.0714286
1808,Bumetanide,7824,Oxytocin,10018884,Haemoglobin decreased,1,13,2,138,5.0,1.19224,0.0714286
1808,Bumetanide,7824,Oxytocin,10005557,Blood glucose increased,1,13,1,139,10.0,1.38616,0.0714286
1808,Bumetanide,7824,Oxytocin,10047895,Weight decreased,1,13,2,138,5.0,1.19224,0.0714286
1808,Bumetanide,7824,Oxytocin,10047899,Weight increased,1,13,1,139,10.0,1.38616,0.0714286
1808,Bumetanide,7824,Oxytocin,10005483,Blood creatinine increased,1,13,1,139,10.0,1.38616,0.0714286
1808,Bumetanide,7824,Oxytocin,10053123,Protein urine present,1,13,1,139,10.0,1.38616,0.0714286
1808,Bumetanide,7824,Oxytocin,10061428,Decreased appetite,3,11,1,139,30.0,1.12016,0.214286
1808,Bumetanide,7824,Oxytocin,10021036,Hyponatraemia,1,13,1,139,10.0,1.38616,0.0714286
1808,Bumetanide,7824,Oxytocin,10012174,Dehydration,1,13,1,139,10.0,1.38616,0.0714286
1808,Bumetanide,7824,Oxytocin,10020603,Hypercholesterolaemia,1,13,1,139,10.0,1.38616,0.0714286
1808,Bumetanide,7824,Oxytocin,10033433,Pain in jaw,1,13,1,139,10.0,1.38616,0.0714286
1808,Bumetanide,7824,Oxytocin,10003239,Arthralgia,1,13,2,138,5.0,1.19224,0.0714286
1808,Bumetanide,7824,Oxytocin,10028411,Myalgia,1,13,3,137,3.33333,1.12016,0.0714286
1808,Bumetanide,7824,Oxytocin,10028334,Muscle spasms,1,13,3,137,3.33333,1.12016,0.0714286
1808,Bumetanide,7824,Oxytocin,10049816,Muscle tightness,1,13,1,139,10.0,1.38616,0.0714286
1808,Bumetanide,7824,Oxytocin,10062042,Lung neoplasm,1,13,1,139,10.0,1.38616,0.0714286
1808,Bumetanide,7824,Oxytocin,10001949,Amnesia,1,13,1,139,10.0,1.38616,0.0714286
1808,Bumetanide,7824,Oxytocin,10010305,Confusional state,1,13,3,137,3.33333,1.12016,0.0714286
1808,Bumetanide,7824,Oxytocin,10013395,Disorientation,1,13,1,139,10.0,1.38616,0.0714286
1808,Bumetanide,7824,Oxytocin,10020937,Hypoaesthesia,1,13,4,136,2.5,1.08233,0.0714286
1808,Bumetanide,7824,Oxytocin,10041466,Speech disorder,1,13,1,139,10.0,1.38616,0.0714286
1808,Bumetanide,7824,Oxytocin,10015037,Epilepsy,1,13,1,139,10.0,1.38616,0.0714286
1808,Bumetanide,7824,Oxytocin,10002855,Anxiety,1,13,5,135,2.0,1.05898,0.0714286
1808,Bumetanide,7824,Oxytocin,10019075,"Hallucination, visual",1,13,1,139,10.0,1.38616,0.0714286
1808,Bumetanide,7824,Oxytocin,10038435,Renal failure,1,13,1,139,10.0,1.38616,0.0714286
1808,Bumetanide,7824,Oxytocin,10038436,Renal failure acute,1,13,3,137,3.33333,1.12016,0.0714286
1808,Bumetanide,7824,Oxytocin,10037377,Pulmonary embolism,1,13,1,139,10.0,1.38616,0.0714286
1808,Bumetanide,7824,Oxytocin,10011224,Cough,1,13,4,136,2.5,1.08233,0.0714286
1808,Bumetanide,7824,Oxytocin,10062244,Sinus disorder,1,13,1,139,10.0,1.38616,0.0714286
1808,Bumetanide,7824,Oxytocin,10014184,Eczema,1,13,1,139,10.0,1.38616,0.0714286
1808,Bumetanide,7824,Oxytocin,10021097,Hypotension,1,13,2,138,5.0,1.19224,0.0714286
10355,Temazepam,136411,sildenafil,10002034,Anaemia,9,147,16,1544,5.625,0.408117,0.0576923
10355,Temazepam,136411,sildenafil,10033661,Pancytopenia,1,155,3,1557,3.33333,1.15164,0.00641026
10355,Temazepam,136411,sildenafil,10009802,Coagulopathy,2,154,2,1558,10.0,0.996468,0.0128205
10355,Temazepam,136411,sildenafil,10013442,Disseminated intravascular coagulation,1,155,5,1555,2.0,1.09222,0.00641026
10355,Temazepam,136411,sildenafil,10028228,Multiple myeloma,1,155,3,1557,3.33333,1.15164,0.00641026
10355,Temazepam,136411,sildenafil,10043554,Thrombocytopenia,3,153,9,1551,3.33333,0.661357,0.0192308
10355,Temazepam,136411,sildenafil,10020094,Hilar lymphadenopathy,1,155,1,1559,10.0,1.41172,0.00641026
10355,Temazepam,136411,sildenafil,10025197,Lymphadenopathy,2,154,4,1556,5.0,0.861945,0.0128205
10355,Temazepam,136411,sildenafil,10029354,Neutropenia,3,153,7,1553,4.28571,0.684937,0.0192308
10355,Temazepam,136411,sildenafil,10003673,Atrioventricular block complete,1,155,1,1559,10.0,1.41172,0.00641026
10355,Temazepam,136411,sildenafil,10006580,Bundle branch block left,1,155,1,1559,10.0,1.41172,0.00641026
10355,Temazepam,136411,sildenafil,10003119,Arrhythmia,4,152,2,1558,20.0,0.861945,0.025641
10355,Temazepam,136411,sildenafil,10006093,Bradycardia,4,152,6,1554,6.66667,0.640012,0.025641
10355,Temazepam,136411,sildenafil,10015856,Extrasystoles,1,155,1,1559,10.0,1.41172,0.00641026
10355,Temazepam,136411,sildenafil,10049447,Tachyarrhythmia,3,153,1,1559,30.0,1.15164,0.0192308
10355,Temazepam,136411,sildenafil,10043071,Tachycardia,4,152,8,1552,5.0,0.606588,0.025641
10355,Temazepam,136411,sildenafil,10003658,Atrial fibrillation,7,149,14,1546,5.0,0.45523,0.0448718
10355,Temazepam,136411,sildenafil,10042604,Supraventricular tachycardia,5,151,2,1558,25.0,0.832435,0.0320513
10355,Temazepam,136411,sildenafil,10007515,Cardiac arrest,2,154,14,1546,1.42857,0.751251,0.0128205
10355,Temazepam,136411,sildenafil,10007617,Cardio-respiratory arrest,2,154,9,1551,2.22222,0.777213,0.0128205
10355,Temazepam,136411,sildenafil,10049418,Sudden cardiac death,1,155,1,1559,10.0,1.41172,0.00641026
10355,Temazepam,136411,sildenafil,10047302,Ventricular tachycardia,1,155,3,1557,3.33333,1.15164,0.00641026
10355,Temazepam,136411,sildenafil,10061024,Cardiac disorder,3,153,11,1549,2.72727,0.645903,0.0192308
10355,Temazepam,136411,sildenafil,10007649,Cardiovascular disorder,1,155,4,1556,2.5,1.11488,0.00641026
10355,Temazepam,136411,sildenafil,10061200,Heart injury,1,155,1,1559,10.0,1.41172,0.00641026
10355,Temazepam,136411,sildenafil,10011703,Cyanosis,2,154,5,1555,4.0,0.832435,0.0128205
10355,Temazepam,136411,sildenafil,10013573,Dizziness,18,138,49,1511,3.67347,0.262512,0.115385
10355,Temazepam,136411,sildenafil,10033557,Palpitations,2,154,6,1554,3.33333,0.812167,0.0128205
10355,Temazepam,136411,sildenafil,10036653,Presyncope,2,154,4,1556,5.0,0.861945,0.0128205
10355,Temazepam,136411,sildenafil,10042772,Syncope,5,151,6,1554,8.33333,0.599679,0.0320513
10355,Temazepam,136411,sildenafil,10013968,Dyspnoea,20,136,46,1514,4.34783,0.254338,0.128205
10355,Temazepam,136411,sildenafil,10013971,Dyspnoea exertional,1,155,1,1559,10.0,1.41172,0.00641026
10355,Temazepam,136411,sildenafil,10027727,Mitral valve incompetence,3,153,3,1557,10.0,0.812167,0.0192308
10355,Temazepam,136411,sildenafil,10011078,Coronary artery disease,4,152,12,1548,3.33333,0.571211,0.025641
10355,Temazepam,136411,sildenafil,10011089,Coronary artery stenosis,2,154,2,1558,10.0,0.996468,0.0128205
10355,Temazepam,136411,sildenafil,10000891,Acute myocardial infarction,3,153,6,1554,5.0,0.702103,0.0192308
10355,Temazepam,136411,sildenafil,10002383,Angina pectoris,1,155,6,1554,1.66667,1.07685,0.00641026
10355,Temazepam,136411,sildenafil,10002388,Angina unstable,3,153,2,1558,15.0,0.909001,0.0192308
10355,Temazepam,136411,sildenafil,10008469,Chest discomfort,2,154,11,1549,1.81818,0.764106,0.0128205
10355,Temazepam,136411,sildenafil,10008479,Chest pain,7,149,21,1539,3.33333,0.428281,0.0448718
10355,Temazepam,136411,sildenafil,10028596,Myocardial infarction,7,149,36,1524,1.94444,0.404455,0.0448718
10355,Temazepam,136411,sildenafil,10016803,Fluid overload,6,150,2,1558,30.0,0.812167,0.0384615
10355,Temazepam,136411,sildenafil,10030124,Oedema peripheral,8,148,21,1539,3.80952,0.4069,0.0512821
10355,Temazepam,136411,sildenafil,10007554,Cardiac failure,2,154,10,1550,2.0,0.770032,0.0128205
10355,Temazepam,136411,sildenafil,10007559,Cardiac failure congestive,5,151,16,1544,3.125,0.505419,0.0320513
10355,Temazepam,136411,sildenafil,10037368,Pulmonary congestion,2,154,1,1559,20.0,1.22186,0.0128205
10355,Temazepam,136411,sildenafil,10037423,Pulmonary oedema,1,155,10,1550,1.0,1.04544,0.00641026
10355,Temazepam,136411,sildenafil,10039163,Right ventricular failure,4,152,2,1558,20.0,0.861945,0.025641
10355,Temazepam,136411,sildenafil,10003664,Atrial septal defect,1,155,2,1558,5.0,1.22186,0.00641026
10355,Temazepam,136411,sildenafil,10007632,Cardiomegaly,1,155,1,1559,10.0,1.41172,0.00641026
10355,Temazepam,136411,sildenafil,10013002,Dilatation atrial,2,154,1,1559,20.0,1.22186,0.0128205
10355,Temazepam,136411,sildenafil,10047295,Ventricular hypertrophy,1,155,2,1558,5.0,1.22186,0.00641026
10355,Temazepam,136411,sildenafil,10034474,Pericardial effusion,1,155,4,1556,2.5,1.11488,0.00641026
10355,Temazepam,136411,sildenafil,10011878,Deafness,2,154,2,1558,10.0,0.996468,0.0128205
10355,Temazepam,136411,sildenafil,10043882,Tinnitus,2,154,3,1557,6.66667,0.909001,0.0128205
10355,Temazepam,136411,sildenafil,10047340,Vertigo,2,154,6,1554,3.33333,0.812167,0.0128205
10355,Temazepam,136411,sildenafil,10001367,Adrenal insufficiency,3,153,1,1559,30.0,1.15164,0.0192308
10355,Temazepam,136411,sildenafil,10060734,Diabetic foot,1,155,1,1559,10.0,1.41172,0.00641026
10355,Temazepam,136411,sildenafil,10012650,Diabetic coma,2,154,2,1558,10.0,0.996468,0.0128205
10355,Temazepam,136411,sildenafil,10012689,Diabetic retinopathy,1,155,1,1559,10.0,1.41172,0.00641026
10355,Temazepam,136411,sildenafil,10018800,Gynaecomastia,1,155,1,1559,10.0,1.41172,0.00641026
10355,Temazepam,136411,sildenafil,10012601,Diabetes mellitus,6,150,11,1549,5.45455,0.500524,0.0384615
10355,Temazepam,136411,sildenafil,10012607,Diabetes mellitus inadequate control,2,154,2,1558,10.0,0.996468,0.0128205
10355,Temazepam,136411,sildenafil,10067585,Type 2 diabetes mellitus,5,151,6,1554,8.33333,0.599679,0.0320513
10355,Temazepam,136411,sildenafil,10020993,Hypoglycaemia,1,155,7,1553,1.42857,1.06574,0.00641026
10355,Temazepam,136411,sildenafil,10020583,Hypercalcaemia,2,154,2,1558,10.0,0.996468,0.0128205
10355,Temazepam,136411,sildenafil,10043709,Thyroid disorder,1,155,2,1558,5.0,1.22186,0.00641026
10355,Temazepam,136411,sildenafil,10020850,Hyperthyroidism,1,155,1,1559,10.0,1.41172,0.00641026
10355,Temazepam,136411,sildenafil,10021114,Hypothyroidism,1,155,6,1554,1.66667,1.07685,0.00641026
10355,Temazepam,136411,sildenafil,10007739,Cataract,1,155,9,1551,1.11111,1.05074,0.00641026
10355,Temazepam,136411,sildenafil,10023644,Lacrimation increased,1,155,1,1559,10.0,1.41172,0.00641026
10355,Temazepam,136411,sildenafil,10015916,Eye disorder,1,155,1,1559,10.0,1.41172,0.00641026
10355,Temazepam,136411,sildenafil,10015958,Eye pain,1,155,4,1556,2.5,1.11488,0.00641026
10355,Temazepam,136411,sildenafil,10018304,Glaucoma,1,155,2,1558,5.0,1.22186,0.00641026
10355,Temazepam,136411,sildenafil,10015993,Eyelid oedema,1,155,2,1558,5.0,1.22186,0.00641026
10355,Temazepam,136411,sildenafil,10030041,Ocular hyperaemia,1,155,1,1559,10.0,1.41172,0.00641026
10355,Temazepam,136411,sildenafil,10005169,Blindness,1,155,7,1553,1.42857,1.06574,0.00641026
10355,Temazepam,136411,sildenafil,10008795,Chromatopsia,1,155,1,1559,10.0,1.41172,0.00641026
10355,Temazepam,136411,sildenafil,10013036,Diplopia,1,155,2,1558,5.0,1.22186,0.00641026
10355,Temazepam,136411,sildenafil,10047513,Vision blurred,3,153,8,1552,3.75,0.671775,0.0192308
10355,Temazepam,136411,sildenafil,10047571,Visual impairment,2,154,11,1549,1.81818,0.764106,0.0128205
10355,Temazepam,136411,sildenafil,10020028,Hiatus hernia,3,153,1,1559,30.0,1.15164,0.0192308
10355,Temazepam,136411,sildenafil,10012318,Dental caries,1,155,2,1558,5.0,1.22186,0.00641026
10355,Temazepam,136411,sildenafil,10044016,Tooth abscess,2,154,1,1559,20.0,1.22186,0.0128205
10355,Temazepam,136411,sildenafil,10044034,Tooth disorder,2,154,4,1556,5.0,0.861945,0.0128205
10355,Temazepam,136411,sildenafil,10044055,Toothache,2,154,5,1555,4.0,0.832435,0.0128205
10355,Temazepam,136411,sildenafil,10018280,Gingival disorder,1,155,1,1559,10.0,1.41172,0.00641026
10355,Temazepam,136411,sildenafil,10058802,Gingival infection,1,155,1,1559,10.0,1.41172,0.00641026
10355,Temazepam,136411,sildenafil,10044044,Tooth loss,1,155,1,1559,10.0,1.41172,0.00641026
10355,Temazepam,136411,sildenafil,10013554,Diverticulum,3,153,3,1557,10.0,0.812167,0.0192308
10355,Temazepam,136411,sildenafil,10013538,Diverticulitis,1,155,1,1559,10.0,1.41172,0.00641026
10355,Temazepam,136411,sildenafil,10033645,Pancreatitis,3,153,12,1548,2.5,0.640012,0.0192308
10355,Temazepam,136411,sildenafil,10033647,Pancreatitis acute,1,155,2,1558,5.0,1.22186,0.00641026
10355,Temazepam,136411,sildenafil,10056819,Gastric disorder,1,155,2,1558,5.0,1.22186,0.00641026
10355,Temazepam,136411,sildenafil,10017944,Gastrointestinal disorder,1,155,6,1554,1.66667,1.07685,0.00641026
10355,Temazepam,136411,sildenafil,10017955,Gastrointestinal haemorrhage,4,152,3,1557,13.3333,0.759132,0.025641
10355,Temazepam,136411,sildenafil,10018836,Haematochezia,2,154,1,1559,20.0,1.22186,0.0128205
10355,Temazepam,136411,sildenafil,10050953,Lower gastrointestinal haemorrhage,1,155,2,1558,5.0,1.22186,0.00641026
10355,Temazepam,136411,sildenafil,10017853,Gastritis,2,154,9,1551,2.22222,0.777213,0.0128205
10355,Temazepam,136411,sildenafil,10030216,Oesophagitis,1,155,2,1558,5.0,1.22186,0.00641026
10355,Temazepam,136411,sildenafil,10012735,Diarrhoea,2,154,37,1523,0.540541,0.721093,0.0128205
10355,Temazepam,136411,sildenafil,10012741,Diarrhoea haemorrhagic,1,155,2,1558,5.0,1.22186,0.00641026
10355,Temazepam,136411,sildenafil,10010774,Constipation,6,150,13,1547,4.61538,0.486352,0.0384615
10355,Temazepam,136411,sildenafil,10017885,Gastrooesophageal reflux disease,6,150,7,1553,8.57143,0.549975,0.0384615
10355,Temazepam,136411,sildenafil,10061173,Gastrointestinal motility disorder,1,155,1,1559,10.0,1.41172,0.00641026
10355,Temazepam,136411,sildenafil,10013946,Dyspepsia,2,154,5,1555,4.0,0.832435,0.0128205
10355,Temazepam,136411,sildenafil,10000060,Abdominal distension,3,153,5,1555,6.0,0.725453,0.0192308
10355,Temazepam,136411,sildenafil,10016766,Flatulence,1,155,4,1556,2.5,1.11488,0.00641026
10355,Temazepam,136411,sildenafil,10000081,Abdominal pain,5,151,12,1548,4.16667,0.525625,0.0320513
10355,Temazepam,136411,sildenafil,10000087,Abdominal pain upper,5,151,13,1547,3.84615,0.519492,0.0320513
10355,Temazepam,136411,sildenafil,10000059,Abdominal discomfort,1,155,11,1549,0.909091,1.04108,0.00641026
10355,Temazepam,136411,sildenafil,10021639,Incontinence,1,155,3,1557,3.33333,1.15164,0.00641026
10355,Temazepam,136411,sildenafil,10026882,Mastication disorder,1,155,1,1559,10.0,1.41172,0.00641026
10355,Temazepam,136411,sildenafil,10028813,Nausea,11,145,67,1493,1.64179,0.314298,0.0705128
10355,Temazepam,136411,sildenafil,10047700,Vomiting,4,152,37,1523,1.08108,0.519592,0.025641
10355,Temazepam,136411,sildenafil,10022687,Intestinal obstruction,1,155,4,1556,2.5,1.11488,0.00641026
10355,Temazepam,136411,sildenafil,10017822,Gastric ulcer,1,155,3,1557,3.33333,1.15164,0.00641026
10355,Temazepam,136411,sildenafil,10017865,Gastritis erosive,1,155,1,1559,10.0,1.41172,0.00641026
10355,Temazepam,136411,sildenafil,10030963,Oral candidiasis,2,154,1,1559,20.0,1.22186,0.0128205
10355,Temazepam,136411,sildenafil,10031009,Oral pain,2,154,3,1557,6.66667,0.909001,0.0128205
10355,Temazepam,136411,sildenafil,10002958,Aphthous stomatitis,1,155,1,1559,10.0,1.41172,0.00641026
10355,Temazepam,136411,sildenafil,10028034,Mouth ulceration,2,154,2,1558,10.0,0.996468,0.0128205
10355,Temazepam,136411,sildenafil,10013781,Dry mouth,1,155,7,1553,1.42857,1.06574,0.00641026
10355,Temazepam,136411,sildenafil,10013911,Dysgeusia,2,154,7,1553,2.85714,0.797374,0.0128205
10355,Temazepam,136411,sildenafil,10018388,Glossodynia,1,155,1,1559,10.0,1.41172,0.00641026
10355,Temazepam,136411,sildenafil,10037660,Pyrexia,10,146,37,1523,2.7027,0.346375,0.0641026
10355,Temazepam,136411,sildenafil,10011906,Death,3,153,64,1496,0.46875,0.584728,0.0192308
10355,Temazepam,136411,sildenafil,10003549,Asthenia,11,145,27,1533,4.07407,0.347699,0.0705128
10355,Temazepam,136411,sildenafil,10016256,Fatigue,19,137,54,1506,3.51852,0.253177,0.121795
10355,Temazepam,136411,sildenafil,10025482,Malaise,12,144,41,1519,2.92683,0.317289,0.0769231
10355,Temazepam,136411,sildenafil,10008531,Chills,4,152,15,1545,2.66667,0.556431,0.025641
10355,Temazepam,136411,sildenafil,10016322,Feeling abnormal,2,154,18,1542,1.11111,0.740611,0.0128205
10355,Temazepam,136411,sildenafil,10016334,Feeling hot,2,154,7,1553,2.85714,0.797374,0.0128205
10355,Temazepam,136411,sildenafil,10019133,Hangover,1,155,1,1559,10.0,1.41172,0.00641026
10355,Temazepam,136411,sildenafil,10020466,Hunger,1,155,1,1559,10.0,1.41172,0.00641026
10355,Temazepam,136411,sildenafil,10043458,Thirst,1,155,1,1559,10.0,1.41172,0.00641026
10355,Temazepam,136411,sildenafil,10003591,Ataxia,1,155,3,1557,3.33333,1.15164,0.00641026
10355,Temazepam,136411,sildenafil,10017577,Gait disturbance,7,149,16,1544,4.375,0.445315,0.0448718
10355,Temazepam,136411,sildenafil,10010264,Condition aggravated,7,149,17,1543,4.11765,0.441168,0.0448718
10355,Temazepam,136411,sildenafil,10061818,Disease progression,1,155,13,1547,0.769231,1.03435,0.00641026
10355,Temazepam,136411,sildenafil,10016825,Flushing,7,149,15,1545,4.66667,0.449969,0.0448718
10355,Temazepam,136411,sildenafil,10049438,General physical health deterioration,3,153,9,1551,3.33333,0.661357,0.0192308
10355,Temazepam,136411,sildenafil,10060800,Hot flush,2,154,3,1557,6.66667,0.909001,0.0128205
10355,Temazepam,136411,sildenafil,10020642,Hyperhidrosis,3,153,10,1550,3.0,0.652903,0.0192308
10355,Temazepam,136411,sildenafil,10061520,Ill-defined disorder,1,155,1,1559,10.0,1.41172,0.00641026
10355,Temazepam,136411,sildenafil,10022004,Influenza like illness,4,152,8,1552,5.0,0.606588,0.025641
10355,Temazepam,136411,sildenafil,10022998,Irritability,5,151,3,1557,16.6667,0.725453,0.0320513
10355,Temazepam,136411,sildenafil,10048334,Mobility decreased,2,154,3,1557,6.66667,0.909001,0.0128205
10355,Temazepam,136411,sildenafil,10028154,Multi-organ failure,1,155,8,1552,1.25,1.05733,0.00641026
10355,Temazepam,136411,sildenafil,10029719,Nonspecific reaction,1,155,2,1558,5.0,1.22186,0.00641026
10355,Temazepam,136411,sildenafil,10042674,Swelling,2,154,11,1549,1.81818,0.764106,0.0128205
10355,Temazepam,136411,sildenafil,10062355,Unevaluable event,2,154,6,1554,3.33333,0.812167,0.0128205
10355,Temazepam,136411,sildenafil,10061218,Inflammation,2,154,3,1557,6.66667,0.909001,0.0128205
10355,Temazepam,136411,sildenafil,10030095,Oedema,6,150,5,1555,12.0,0.599679,0.0384615
10355,Temazepam,136411,sildenafil,10033371,Pain,9,147,50,1510,1.8,0.352221,0.0576923
10355,Temazepam,136411,sildenafil,10061623,Adverse drug reaction,1,155,1,1559,10.0,1.41172,0.00641026
10355,Temazepam,136411,sildenafil,10060933,Adverse event,1,155,10,1550,1.0,1.04544,0.00641026
10355,Temazepam,136411,sildenafil,10013678,Drug effect decreased,1,155,4,1556,2.5,1.11488,0.00641026
10355,Temazepam,136411,sildenafil,10013709,Drug ineffective,13,143,83,1477,1.56627,0.286217,0.0833333
10355,Temazepam,136411,sildenafil,10061822,Drug intolerance,2,154,4,1556,5.0,0.861945,0.0128205
10355,Temazepam,136411,sildenafil,10063670,No therapeutic response,1,155,3,1557,3.33333,1.15164,0.00641026
10355,Temazepam,136411,sildenafil,10013754,Drug withdrawal syndrome,3,153,3,1557,10.0,0.812167,0.0192308
10355,Temazepam,136411,sildenafil,10016642,Fibrosis,2,154,1,1559,20.0,1.22186,0.0128205
10355,Temazepam,136411,sildenafil,10021519,Impaired healing,2,154,1,1559,20.0,1.22186,0.0128205
10355,Temazepam,136411,sildenafil,10045285,Ulcer,1,155,1,1559,10.0,1.41172,0.00641026
10355,Temazepam,136411,sildenafil,10051327,Pharmaceutical product complaint,1,155,4,1556,2.5,1.11488,0.00641026
10355,Temazepam,136411,sildenafil,10051082,Therapy non-responder,1,155,1,1559,10.0,1.41172,0.00641026
10355,Temazepam,136411,sildenafil,10017626,Gallbladder disorder,1,155,2,1558,5.0,1.22186,0.00641026
10355,Temazepam,136411,sildenafil,10019646,Hepatic cyst,3,153,1,1559,30.0,1.15164,0.0192308
10355,Temazepam,136411,sildenafil,10019663,Hepatic failure,1,155,2,1558,5.0,1.22186,0.00641026
10355,Temazepam,136411,sildenafil,10019641,Hepatic cirrhosis,1,155,1,1559,10.0,1.41172,0.00641026
10355,Temazepam,136411,sildenafil,10019842,Hepatomegaly,1,155,4,1556,2.5,1.11488,0.00641026
10355,Temazepam,136411,sildenafil,10019708,Hepatic steatosis,1,155,4,1556,2.5,1.11488,0.00641026
10355,Temazepam,136411,sildenafil,10019717,Hepatitis,1,155,1,1559,10.0,1.41172,0.00641026
10355,Temazepam,136411,sildenafil,10019695,Hepatic neoplasm,1,155,1,1559,10.0,1.41172,0.00641026
10355,Temazepam,136411,sildenafil,10019831,Hepatocellular damage,1,155,1,1559,10.0,1.41172,0.00641026
10355,Temazepam,136411,sildenafil,10003553,Asthma,1,155,7,1553,1.42857,1.06574,0.00641026
10355,Temazepam,136411,sildenafil,10028164,Multiple allergies,1,155,1,1559,10.0,1.41172,0.00641026
10355,Temazepam,136411,sildenafil,10012442,Dermatitis contact,3,153,1,1559,30.0,1.15164,0.0192308
10355,Temazepam,136411,sildenafil,10013687,Drug eruption,1,155,1,1559,10.0,1.41172,0.00641026
10355,Temazepam,136411,sildenafil,10046735,Urticaria,2,154,8,1552,2.5,0.786097,0.0128205
10355,Temazepam,136411,sildenafil,10039073,Rheumatoid arthritis,2,154,6,1554,3.33333,0.812167,0.0128205
10355,Temazepam,136411,sildenafil,10023439,Kidney transplant rejection,1,155,1,1559,10.0,1.41172,0.00641026
10355,Temazepam,136411,sildenafil,10007882,Cellulitis,2,154,4,1556,5.0,0.861945,0.0128205
10355,Temazepam,136411,sildenafil,10058080,Staphylococcal infection,2,154,2,1558,10.0,0.996468,0.0128205
10355,Temazepam,136411,sildenafil,10031252,Osteomyelitis,4,152,4,1556,10.0,0.702103,0.025641
10355,Temazepam,136411,sildenafil,10031256,Osteomyelitis chronic,1,155,1,1559,10.0,1.41172,0.00641026
10355,Temazepam,136411,sildenafil,10021789,Infection,5,151,5,1555,10.0,0.626856,0.0320513
10355,Temazepam,136411,sildenafil,10024774,Localised infection,2,154,2,1558,10.0,0.996468,0.0128205
10355,Temazepam,136411,sildenafil,10006451,Bronchitis,2,154,10,1550,2.0,0.770032,0.0128205
10355,Temazepam,136411,sildenafil,10035664,Pneumonia,6,150,29,1531,2.06897,0.440566,0.0384615
10355,Temazepam,136411,sildenafil,10040047,Sepsis,1,155,14,1546,0.714286,1.03169,0.00641026
10355,Temazepam,136411,sildenafil,10028810,Nasopharyngitis,2,154,14,1546,1.42857,0.751251,0.0128205
10355,Temazepam,136411,sildenafil,10040753,Sinusitis,2,154,11,1549,1.81818,0.764106,0.0128205
10355,Temazepam,136411,sildenafil,10046306,Upper respiratory tract infection,1,155,2,1558,5.0,1.22186,0.00641026
10355,Temazepam,136411,sildenafil,10011781,Cystitis,1,155,4,1556,2.5,1.11488,0.00641026
10355,Temazepam,136411,sildenafil,10023424,Kidney infection,1,155,1,1559,10.0,1.41172,0.00641026
10355,Temazepam,136411,sildenafil,10022000,Influenza,2,154,3,1557,6.66667,0.909001,0.0128205
10355,Temazepam,136411,sildenafil,10047461,Viral infection,2,154,3,1557,6.66667,0.909001,0.0128205
10355,Temazepam,136411,sildenafil,10010214,Compression fracture,3,153,1,1559,30.0,1.15164,0.0192308
10355,Temazepam,136411,sildenafil,10039227,Rotator cuff syndrome,2,154,3,1557,6.66667,0.909001,0.0128205
10355,Temazepam,136411,sildenafil,10016667,Fibula fracture,3,153,1,1559,30.0,1.15164,0.0192308
10355,Temazepam,136411,sildenafil,10020100,Hip fracture,1,155,2,1558,5.0,1.22186,0.00641026
10355,Temazepam,136411,sildenafil,10061599,Lower limb fracture,1,155,1,1559,10.0,1.41172,0.00641026
10355,Temazepam,136411,sildenafil,10041569,Spinal fracture,1,155,2,1558,5.0,1.22186,0.00641026
10355,Temazepam,136411,sildenafil,10039117,Rib fracture,3,153,2,1558,15.0,0.909001,0.0192308
10355,Temazepam,136411,sildenafil,10061394,Upper limb fracture,1,155,1,1559,10.0,1.41172,0.00641026
10355,Temazepam,136411,sildenafil,10013746,Drug toxicity,1,155,5,1555,2.0,1.09222,0.00641026
10355,Temazepam,136411,sildenafil,10043408,Therapeutic agent toxicity,3,153,1,1559,30.0,1.15164,0.0192308
10355,Temazepam,136411,sildenafil,10049193,Drug exposure during pregnancy,1,155,13,1547,0.769231,1.03435,0.00641026
10355,Temazepam,136411,sildenafil,10042361,Subdural haematoma,1,155,2,1558,5.0,1.22186,0.00641026
10355,Temazepam,136411,sildenafil,10043248,Tendon rupture,1,155,3,1557,3.33333,1.15164,0.00641026
10355,Temazepam,136411,sildenafil,10016173,Fall,10,146,27,1533,3.7037,0.360535,0.0641026
10355,Temazepam,136411,sildenafil,10022116,Injury,12,144,13,1547,9.23077,0.391414,0.0769231
10355,Temazepam,136411,sildenafil,10039203,Road traffic accident,1,155,1,1559,10.0,1.41172,0.00641026
10355,Temazepam,136411,sildenafil,10039580,Scar,1,155,1,1559,10.0,1.41172,0.00641026
10355,Temazepam,136411,sildenafil,10052428,Wound,1,155,1,1559,10.0,1.41172,0.00641026
10355,Temazepam,136411,sildenafil,10005191,Blister,1,155,2,1558,5.0,1.22186,0.00641026
10355,Temazepam,136411,sildenafil,10066434,Expired drug administered,1,155,1,1559,10.0,1.41172,0.00641026
10355,Temazepam,136411,sildenafil,10057362,Underdose,1,155,1,1559,10.0,1.41172,0.00641026
10355,Temazepam,136411,sildenafil,10022523,Intentional overdose,1,155,5,1555,2.0,1.09222,0.00641026
10355,Temazepam,136411,sildenafil,10033295,Overdose,1,155,8,1552,1.25,1.05733,0.00641026
10355,Temazepam,136411,sildenafil,10060938,Anaesthetic complication,1,155,1,1559,10.0,1.41172,0.00641026
10355,Temazepam,136411,sildenafil,10064684,Device dislocation,1,155,6,1554,1.66667,1.07685,0.00641026
10355,Temazepam,136411,sildenafil,10063829,Device malfunction,1,155,2,1558,5.0,1.22186,0.00641026
10355,Temazepam,136411,sildenafil,10050528,Ejection fraction decreased,1,155,1,1559,10.0,1.41172,0.00641026
10355,Temazepam,136411,sildenafil,10014387,Electrocardiogram QT prolonged,1,155,1,1559,10.0,1.41172,0.00641026
10355,Temazepam,136411,sildenafil,10019304,Heart rate irregular,1,155,2,1558,5.0,1.22186,0.00641026
10355,Temazepam,136411,sildenafil,10005750,Blood pressure increased,3,153,7,1553,4.28571,0.684937,0.0192308
10355,Temazepam,136411,sildenafil,10059570,Blood alkaline phosphatase increased,2,154,3,1557,6.66667,0.909001,0.0128205
10355,Temazepam,136411,sildenafil,10022595,International normalised ratio increased,3,153,6,1554,5.0,0.702103,0.0192308
10355,Temazepam,136411,sildenafil,10037063,Prothrombin time prolonged,1,155,3,1557,3.33333,1.15164,0.00641026
10355,Temazepam,136411,sildenafil,10035528,Platelet count decreased,3,153,9,1551,3.33333,0.661357,0.0192308
10355,Temazepam,136411,sildenafil,10018838,Haematocrit decreased,2,154,3,1557,6.66667,0.909001,0.0128205
10355,Temazepam,136411,sildenafil,10018884,Haemoglobin decreased,6,150,11,1549,5.45455,0.500524,0.0384615
10355,Temazepam,136411,sildenafil,10047942,White blood cell count decreased,1,155,12,1548,0.833333,1.03744,0.00641026
10355,Temazepam,136411,sildenafil,10047943,White blood cell count increased,1,155,7,1553,1.42857,1.06574,0.00641026
10355,Temazepam,136411,sildenafil,10001551,Alanine aminotransferase increased,3,153,4,1556,7.5,0.759132,0.0192308
10355,Temazepam,136411,sildenafil,10003481,Aspartate aminotransferase increased,4,152,5,1555,8.0,0.665544,0.025641
10355,Temazepam,136411,sildenafil,10005364,Blood bilirubin increased,2,154,5,1555,4.0,0.832435,0.0128205
10355,Temazepam,136411,sildenafil,10017693,Gamma-glutamyltransferase increased,2,154,1,1559,20.0,1.22186,0.0128205
10355,Temazepam,136411,sildenafil,10024690,Liver function test abnormal,2,154,5,1555,4.0,0.832435,0.0128205
10355,Temazepam,136411,sildenafil,10060138,Antineutrophil cytoplasmic antibody increased,1,155,1,1559,10.0,1.41172,0.00641026
10355,Temazepam,136411,sildenafil,10010235,Computerised tomogram abnormal,1,155,1,1559,10.0,1.41172,0.00641026
10355,Temazepam,136411,sildenafil,10005425,Blood cholesterol increased,3,153,6,1554,5.0,0.702103,0.0192308
10355,Temazepam,136411,sildenafil,10005555,Blood glucose decreased,2,154,3,1557,6.66667,0.909001,0.0128205
10355,Temazepam,136411,sildenafil,10049803,Blood glucose fluctuation,1,155,3,1557,3.33333,1.15164,0.00641026
10355,Temazepam,136411,sildenafil,10005557,Blood glucose increased,1,155,16,1544,0.625,1.02735,0.00641026
10355,Temazepam,136411,sildenafil,10047895,Weight decreased,10,146,13,1547,7.69231,0.412155,0.0641026
10355,Temazepam,136411,sildenafil,10047899,Weight increased,3,153,17,1543,1.76471,0.620569,0.0192308
10355,Temazepam,136411,sildenafil,10006825,C-reactive protein increased,1,155,4,1556,2.5,1.11488,0.00641026
10355,Temazepam,136411,sildenafil,10005851,Blood urea increased,1,155,3,1557,3.33333,1.15164,0.00641026
10355,Temazepam,136411,sildenafil,10018870,Blood urine present,1,155,1,1559,10.0,1.41172,0.00641026
10355,Temazepam,136411,sildenafil,10005724,Blood potassium decreased,1,155,2,1558,5.0,1.22186,0.00641026
10355,Temazepam,136411,sildenafil,10005802,Blood sodium decreased,1,155,2,1558,5.0,1.22186,0.00641026
10355,Temazepam,136411,sildenafil,10027417,Metabolic acidosis,1,155,3,1557,3.33333,1.15164,0.00641026
10355,Temazepam,136411,sildenafil,10000486,Acidosis,1,155,3,1557,3.33333,1.15164,0.00641026
10355,Temazepam,136411,sildenafil,10038695,Respiratory failure,3,153,11,1549,2.72727,0.645903,0.0192308
10355,Temazepam,136411,sildenafil,10002646,Anorexia,1,155,6,1554,1.66667,1.07685,0.00641026
10355,Temazepam,136411,sildenafil,10061428,Decreased appetite,2,154,19,1541,1.05263,0.738634,0.0128205
10355,Temazepam,136411,sildenafil,10006895,Cachexia,1,155,1,1559,10.0,1.41172,0.00641026
10355,Temazepam,136411,sildenafil,10029883,Obesity,4,152,1,1559,40.0,1.11488,0.025641
10355,Temazepam,136411,sildenafil,10049088,Osteopenia,1,155,1,1559,10.0,1.41172,0.00641026
10355,Temazepam,136411,sildenafil,10031282,Osteoporosis,3,153,3,1557,10.0,0.812167,0.0192308
10355,Temazepam,136411,sildenafil,10020646,Hyperkalaemia,1,155,2,1558,5.0,1.22186,0.00641026
10355,Temazepam,136411,sildenafil,10021015,Hypokalaemia,1,155,10,1550,1.0,1.04544,0.00641026
10355,Temazepam,136411,sildenafil,10020679,Hypernatraemia,1,155,2,1558,5.0,1.22186,0.00641026
10355,Temazepam,136411,sildenafil,10021036,Hyponatraemia,2,154,4,1556,5.0,0.861945,0.0128205
10355,Temazepam,136411,sildenafil,10016807,Fluid retention,2,154,6,1554,3.33333,0.812167,0.0128205
10355,Temazepam,136411,sildenafil,10062060,Hyperlipidaemia,3,153,3,1557,10.0,0.812167,0.0192308
10355,Temazepam,136411,sildenafil,10058108,Dyslipidaemia,1,155,1,1559,10.0,1.41172,0.00641026
10355,Temazepam,136411,sildenafil,10005956,Bone disorder,3,153,3,1557,10.0,0.812167,0.0192308
10355,Temazepam,136411,sildenafil,10015688,Exostosis,1,155,1,1559,10.0,1.41172,0.00641026
10355,Temazepam,136411,sildenafil,10061257,Jaw disorder,1,155,1,1559,10.0,1.41172,0.00641026
10355,Temazepam,136411,sildenafil,10006002,Bone pain,1,155,4,1556,2.5,1.11488,0.00641026
10355,Temazepam,136411,sildenafil,10033433,Pain in jaw,4,152,4,1556,10.0,0.702103,0.025641
10355,Temazepam,136411,sildenafil,10003246,Arthritis,2,154,7,1553,2.85714,0.797374,0.0128205
10355,Temazepam,136411,sildenafil,10003285,Arthropathy,2,154,3,1557,6.66667,0.909001,0.0128205
10355,Temazepam,136411,sildenafil,10003239,Arthralgia,7,149,24,1536,2.91667,0.421275,0.0448718
10355,Temazepam,136411,sildenafil,10048706,Joint range of motion decreased,1,155,3,1557,3.33333,1.15164,0.00641026
10355,Temazepam,136411,sildenafil,10031161,Osteoarthritis,3,153,6,1554,5.0,0.702103,0.0192308
10355,Temazepam,136411,sildenafil,10041591,Spinal osteoarthritis,3,153,2,1558,15.0,0.909001,0.0192308
10355,Temazepam,136411,sildenafil,10028411,Myalgia,4,152,18,1542,2.22222,0.546355,0.025641
10355,Temazepam,136411,sildenafil,10028334,Muscle spasms,2,154,15,1545,1.33333,0.748074,0.0128205
10355,Temazepam,136411,sildenafil,10028347,Muscle twitching,2,154,2,1558,10.0,0.996468,0.0128205
10355,Temazepam,136411,sildenafil,10028372,Muscular weakness,6,150,10,1550,6.0,0.509525,0.0384615
10355,Temazepam,136411,sildenafil,10028641,Myopathy,1,155,1,1559,10.0,1.41172,0.00641026
10355,Temazepam,136411,sildenafil,10039020,Rhabdomyolysis,1,155,3,1557,3.33333,1.15164,0.00641026
10355,Temazepam,136411,sildenafil,10050296,Intervertebral disc protrusion,5,151,1,1559,50.0,1.09222,0.0320513
10355,Temazepam,136411,sildenafil,10003988,Back pain,11,145,16,1544,6.875,0.382567,0.0705128
10355,Temazepam,136411,sildenafil,10028391,Musculoskeletal pain,1,155,7,1553,1.42857,1.06574,0.00641026
10355,Temazepam,136411,sildenafil,10028836,Neck pain,1,155,6,1554,1.66667,1.07685,0.00641026
10355,Temazepam,136411,sildenafil,10033425,Pain in extremity,8,148,29,1531,2.75862,0.390425,0.0512821
10355,Temazepam,136411,sildenafil,10052904,Musculoskeletal stiffness,2,154,6,1554,3.33333,0.812167,0.0128205
10355,Temazepam,136411,sildenafil,10027452,Metastases to bone,2,154,2,1558,10.0,0.996468,0.0128205
10355,Temazepam,136411,sildenafil,10051398,Malignant neoplasm progression,1,155,1,1559,10.0,1.41172,0.00641026
10355,Temazepam,136411,sildenafil,10028997,Neoplasm malignant,4,152,10,1550,4.0,0.585618,0.025641
10355,Temazepam,136411,sildenafil,10061309,Neoplasm progression,1,155,2,1558,5.0,1.22186,0.00641026
10355,Temazepam,136411,sildenafil,10060862,Prostate cancer,2,154,3,1557,6.66667,0.909001,0.0128205
10355,Temazepam,136411,sildenafil,10008190,Cerebrovascular accident,1,155,20,1540,0.5,1.02125,0.00641026
10355,Temazepam,136411,sildenafil,10042316,Subarachnoid haemorrhage,1,155,1,1559,10.0,1.41172,0.00641026
10355,Temazepam,136411,sildenafil,10014625,Encephalopathy,1,155,4,1556,2.5,1.11488,0.00641026
10355,Temazepam,136411,sildenafil,10019211,Headache,16,140,41,1519,3.90244,0.282558,0.102564
10355,Temazepam,136411,sildenafil,10027599,Migraine,4,152,5,1555,8.0,0.665544,0.025641
10355,Temazepam,136411,sildenafil,10012271,Dementia Alzheimer's type,1,155,2,1558,5.0,1.22186,0.00641026
10355,Temazepam,136411,sildenafil,10027175,Memory impairment,2,154,13,1547,1.53846,0.754899,0.0128205
10355,Temazepam,136411,sildenafil,10027374,Mental impairment,1,155,2,1558,5.0,1.22186,0.00641026
10355,Temazepam,136411,sildenafil,10013916,Dyskinesia,2,154,4,1556,5.0,0.861945,0.0128205
10355,Temazepam,136411,sildenafil,10015832,Extrapyramidal disorder,2,154,7,1553,2.85714,0.797374,0.0128205
10355,Temazepam,136411,sildenafil,10043118,Tardive dyskinesia,2,154,7,1553,2.85714,0.797374,0.0128205
10355,Temazepam,136411,sildenafil,10044565,Tremor,2,154,16,1544,1.25,0.745284,0.0128205
10355,Temazepam,136411,sildenafil,10049848,Balance disorder,1,155,6,1554,1.66667,1.07685,0.00641026
10355,Temazepam,136411,sildenafil,10050256,Dysstasia,1,155,1,1559,10.0,1.41172,0.00641026
10355,Temazepam,136411,sildenafil,10010305,Confusional state,3,153,22,1538,1.36364,0.609702,0.0192308
10355,Temazepam,136411,sildenafil,10012373,Depressed level of consciousness,3,153,6,1554,5.0,0.702103,0.0192308
10355,Temazepam,136411,sildenafil,10024855,Loss of consciousness,3,153,7,1553,4.28571,0.684937,0.0192308
10355,Temazepam,136411,sildenafil,10039897,Sedation,1,155,1,1559,10.0,1.41172,0.00641026
10355,Temazepam,136411,sildenafil,10041349,Somnolence,3,153,15,1545,2.0,0.626856,0.0192308
10355,Temazepam,136411,sildenafil,10011469,Crying,1,155,4,1556,2.5,1.11488,0.00641026
10355,Temazepam,136411,sildenafil,10013395,Disorientation,1,155,9,1551,1.11111,1.05074,0.00641026
10355,Temazepam,136411,sildenafil,10035551,Pleocytosis,1,155,1,1559,10.0,1.41172,0.00641026
10355,Temazepam,136411,sildenafil,10038743,Restlessness,1,155,2,1558,5.0,1.22186,0.00641026
10355,Temazepam,136411,sildenafil,10006784,Burning sensation,2,154,9,1551,2.22222,0.777213,0.0128205
10355,Temazepam,136411,sildenafil,10033775,Paraesthesia,5,151,11,1549,4.54545,0.532783,0.0320513
10355,Temazepam,136411,sildenafil,10020937,Hypoaesthesia,4,152,17,1543,2.35294,0.549338,0.025641
10355,Temazepam,136411,sildenafil,10029223,Neuralgia,1,155,1,1559,10.0,1.41172,0.00641026
10355,Temazepam,136411,sildenafil,10013887,Dysarthria,1,155,6,1554,1.66667,1.07685,0.00641026
10355,Temazepam,136411,sildenafil,10046543,Urinary incontinence,1,155,2,1558,5.0,1.22186,0.00641026
10355,Temazepam,136411,sildenafil,10029331,Neuropathy peripheral,5,151,8,1552,6.25,0.563869,0.0320513
10355,Temazepam,136411,sildenafil,10010904,Convulsion,1,155,23,1537,0.434783,1.01805,0.00641026
10355,Temazepam,136411,sildenafil,10000125,Abnormal dreams,1,155,1,1559,10.0,1.41172,0.00641026
10355,Temazepam,136411,sildenafil,10022437,Insomnia,11,145,24,1536,4.58333,0.354294,0.0705128
10355,Temazepam,136411,sildenafil,10062519,Poor quality sleep,1,155,1,1559,10.0,1.41172,0.00641026
10355,Temazepam,136411,sildenafil,10041549,Spinal cord compression,1,155,1,1559,10.0,1.41172,0.00641026
10355,Temazepam,136411,sildenafil,10036556,Pregnancy,1,155,2,1558,5.0,1.22186,0.00641026
10355,Temazepam,136411,sildenafil,10002855,Anxiety,15,141,34,1526,4.41176,0.298374,0.0961538
10355,Temazepam,136411,sildenafil,10029216,Nervousness,2,154,5,1555,4.0,0.832435,0.0128205
10355,Temazepam,136411,sildenafil,10042209,Stress,1,155,8,1552,1.25,1.05733,0.00641026
10355,Temazepam,136411,sildenafil,10029898,Obsessive-compulsive disorder,1,155,2,1558,5.0,1.22186,0.00641026
10355,Temazepam,136411,sildenafil,10033664,Panic attack,2,154,4,1556,5.0,0.861945,0.0128205
10355,Temazepam,136411,sildenafil,10037999,Reading disorder,1,155,1,1559,10.0,1.41172,0.00641026
10355,Temazepam,136411,sildenafil,10012378,Depression,12,144,30,1530,4.0,0.331082,0.0769231
10355,Temazepam,136411,sildenafil,10057840,Major depression,1,155,1,1559,10.0,1.41172,0.00641026
10355,Temazepam,136411,sildenafil,10002511,Anhedonia,4,152,5,1555,8.0,0.665544,0.025641
10355,Temazepam,136411,sildenafil,10012374,Depressed mood,1,155,2,1558,5.0,1.22186,0.00641026
10355,Temazepam,136411,sildenafil,10019075,"Hallucination, visual",1,155,1,1559,10.0,1.41172,0.00641026
10355,Temazepam,136411,sildenafil,10026749,Mania,1,155,3,1557,3.33333,1.15164,0.00641026
10355,Temazepam,136411,sildenafil,10002368,Anger,1,155,3,1557,3.33333,1.15164,0.00641026
10355,Temazepam,136411,sildenafil,10014551,Emotional disorder,2,154,3,1557,6.66667,0.909001,0.0128205
10355,Temazepam,136411,sildenafil,10049119,Emotional distress,4,152,8,1552,5.0,0.606588,0.025641
10355,Temazepam,136411,sildenafil,10027940,Mood altered,1,155,4,1556,2.5,1.11488,0.00641026
10355,Temazepam,136411,sildenafil,10027951,Mood swings,1,155,4,1556,2.5,1.11488,0.00641026
10355,Temazepam,136411,sildenafil,10001488,Aggression,1,155,8,1552,1.25,1.05733,0.00641026
10355,Temazepam,136411,sildenafil,10033864,Paranoia,1,155,1,1559,10.0,1.41172,0.00641026
10355,Temazepam,136411,sildenafil,10048294,Mental status changes,1,155,2,1558,5.0,1.22186,0.00641026
10355,Temazepam,136411,sildenafil,10013654,Drug abuse,1,155,5,1555,2.0,1.09222,0.00641026
10355,Temazepam,136411,sildenafil,10013663,Drug dependence,1,155,1,1559,10.0,1.41172,0.00641026
10355,Temazepam,136411,sildenafil,10065679,Intentional drug misuse,1,155,7,1553,1.42857,1.06574,0.00641026
10355,Temazepam,136411,sildenafil,10061461,Erectile dysfunction,11,145,4,1556,27.5,0.577804,0.0705128
10355,Temazepam,136411,sildenafil,10024419,Libido decreased,1,155,2,1558,5.0,1.22186,0.00641026
10355,Temazepam,136411,sildenafil,10029412,Nightmare,1,155,5,1555,2.0,1.09222,0.00641026
10355,Temazepam,136411,sildenafil,10040984,Sleep disorder,3,153,5,1555,6.0,0.725453,0.0192308
10355,Temazepam,136411,sildenafil,10042458,Suicidal ideation,3,153,6,1554,5.0,0.702103,0.0192308
10355,Temazepam,136411,sildenafil,10042464,Suicide attempt,3,153,5,1555,6.0,0.725453,0.0192308
10355,Temazepam,136411,sildenafil,10038428,Renal disorder,2,154,1,1559,20.0,1.22186,0.0128205
10355,Temazepam,136411,sildenafil,10038435,Renal failure,6,150,12,1548,5.0,0.492898,0.0384615
10355,Temazepam,136411,sildenafil,10038436,Renal failure acute,4,152,14,1546,2.85714,0.560694,0.025641
10355,Temazepam,136411,sildenafil,10038444,Renal failure chronic,3,153,2,1558,15.0,0.909001,0.0192308
10355,Temazepam,136411,sildenafil,10062237,Renal impairment,1,155,5,1555,2.0,1.09222,0.00641026
10355,Temazepam,136411,sildenafil,10038540,Renal tubular necrosis,1,155,1,1559,10.0,1.41172,0.00641026
10355,Temazepam,136411,sildenafil,10013990,Dysuria,3,153,2,1558,15.0,0.909001,0.0192308
10355,Temazepam,136411,sildenafil,10036018,Pollakiuria,3,153,3,1557,10.0,0.812167,0.0192308
10355,Temazepam,136411,sildenafil,10046555,Urinary retention,3,153,2,1558,15.0,0.909001,0.0192308
10355,Temazepam,136411,sildenafil,10018867,Haematuria,2,154,4,1556,5.0,0.861945,0.0128205
10355,Temazepam,136411,sildenafil,10029148,Nephrolithiasis,2,154,4,1556,5.0,0.861945,0.0128205
10355,Temazepam,136411,sildenafil,10009033,Chronic obstructive pulmonary disease,5,151,3,1557,16.6667,0.725453,0.0320513
10355,Temazepam,136411,sildenafil,10047924,Wheezing,1,155,3,1557,3.33333,1.15164,0.00641026
10355,Temazepam,136411,sildenafil,10003598,Atelectasis,4,152,2,1558,20.0,0.861945,0.025641
10355,Temazepam,136411,sildenafil,10014561,Emphysema,3,153,1,1559,30.0,1.15164,0.0192308
10355,Temazepam,136411,sildenafil,10022611,Interstitial lung disease,2,154,7,1553,2.85714,0.797374,0.0128205
10355,Temazepam,136411,sildenafil,10025102,Lung infiltration,1,155,1,1559,10.0,1.41172,0.00641026
10355,Temazepam,136411,sildenafil,10035598,Pleural effusion,3,153,8,1552,3.75,0.671775,0.0192308
10355,Temazepam,136411,sildenafil,10064911,Pulmonary arterial hypertension,3,153,2,1558,15.0,0.909001,0.0192308
10355,Temazepam,136411,sildenafil,10037400,Pulmonary hypertension,4,152,3,1557,13.3333,0.759132,0.025641
10355,Temazepam,136411,sildenafil,10037377,Pulmonary embolism,1,155,10,1550,1.0,1.04544,0.00641026
10355,Temazepam,136411,sildenafil,10021143,Hypoxia,8,148,3,1557,26.6667,0.671775,0.0512821
10355,Temazepam,136411,sildenafil,10011224,Cough,5,151,27,1533,1.85185,0.479568,0.0320513
10355,Temazepam,136411,sildenafil,10036790,Productive cough,1,155,3,1557,3.33333,1.15164,0.00641026
10355,Temazepam,136411,sildenafil,10037394,Pulmonary haemorrhage,3,153,1,1559,30.0,1.15164,0.0192308
10355,Temazepam,136411,sildenafil,10001053,Acute respiratory failure,1,155,1,1559,10.0,1.41172,0.00641026
10355,Temazepam,136411,sildenafil,10038683,Respiratory disorder,1,155,7,1553,1.42857,1.06574,0.00641026
10355,Temazepam,136411,sildenafil,10039101,Rhinorrhoea,1,155,2,1558,5.0,1.22186,0.00641026
10355,Temazepam,136411,sildenafil,10041235,Snoring,1,155,3,1557,3.33333,1.15164,0.00641026
10355,Temazepam,136411,sildenafil,10028735,Nasal congestion,2,154,6,1554,3.33333,0.812167,0.0128205
10355,Temazepam,136411,sildenafil,10015090,Epistaxis,1,155,6,1554,1.66667,1.07685,0.00641026
10355,Temazepam,136411,sildenafil,10040742,Sinus congestion,1,155,2,1558,5.0,1.22186,0.00641026
10355,Temazepam,136411,sildenafil,10040867,Skin hypertrophy,1,155,1,1559,10.0,1.41172,0.00641026
10355,Temazepam,136411,sildenafil,10040829,Skin discolouration,2,154,1,1559,20.0,1.22186,0.0128205
10355,Temazepam,136411,sildenafil,10040882,Skin lesion,1,155,1,1559,10.0,1.41172,0.00641026
10355,Temazepam,136411,sildenafil,10015150,Erythema,2,154,13,1547,1.53846,0.754899,0.0128205
10355,Temazepam,136411,sildenafil,10037087,Pruritus,3,153,31,1529,0.967742,0.598782,0.0192308
10355,Temazepam,136411,sildenafil,10037844,Rash,4,152,29,1531,1.37931,0.526718,0.025641
10355,Temazepam,136411,sildenafil,10037867,Rash macular,1,155,3,1557,3.33333,1.15164,0.00641026
10355,Temazepam,136411,sildenafil,10040943,Skin ulcer,2,154,5,1555,4.0,0.832435,0.0128205
10355,Temazepam,136411,sildenafil,10061114,Economic problem,5,151,1,1559,50.0,1.09222,0.0320513
10355,Temazepam,136411,sildenafil,10048921,Alcohol use,1,155,1,1559,10.0,1.41172,0.00641026
10355,Temazepam,136411,sildenafil,10013050,Disability,4,152,1,1559,40.0,1.11488,0.025641
10355,Temazepam,136411,sildenafil,10049564,Impaired driving ability,1,155,2,1558,5.0,1.22186,0.00641026
10355,Temazepam,136411,sildenafil,10052302,Impaired work ability,1,155,3,1557,3.33333,1.15164,0.00641026
10355,Temazepam,136411,sildenafil,10061111,Drug abuser,1,155,1,1559,10.0,1.41172,0.00641026
10355,Temazepam,136411,sildenafil,10056407,Refusal of treatment by patient,1,155,1,1559,10.0,1.41172,0.00641026
10355,Temazepam,136411,sildenafil,10049414,Treatment noncompliance,1,155,3,1557,3.33333,1.15164,0.00641026
10355,Temazepam,136411,sildenafil,10066152,Transfusion,1,155,1,1559,10.0,1.41172,0.00641026
10355,Temazepam,136411,sildenafil,10008611,Cholecystectomy,2,154,2,1558,10.0,0.996468,0.0128205
10355,Temazepam,136411,sildenafil,10000220,Abortion induced,1,155,1,1559,10.0,1.41172,0.00641026
10355,Temazepam,136411,sildenafil,10054112,Hospitalisation,1,155,4,1556,2.5,1.11488,0.00641026
10355,Temazepam,136411,sildenafil,10053762,Off label use,3,153,21,1539,1.42857,0.611475,0.0192308
10355,Temazepam,136411,sildenafil,10057677,Transplant,1,155,1,1559,10.0,1.41172,0.00641026
10355,Temazepam,136411,sildenafil,10009192,Circulatory collapse,1,155,4,1556,2.5,1.11488,0.00641026
10355,Temazepam,136411,sildenafil,10040560,Shock,1,155,5,1555,2.0,1.09222,0.00641026
10355,Temazepam,136411,sildenafil,10021097,Hypotension,12,144,17,1543,7.05882,0.367567,0.0769231
10355,Temazepam,136411,sildenafil,10043607,Thrombosis,1,155,8,1552,1.25,1.05733,0.00641026
10355,Temazepam,136411,sildenafil,10051055,Deep vein thrombosis,6,150,14,1546,4.28571,0.48067,0.0384615
10355,Temazepam,136411,sildenafil,10059245,Angiopathy,1,155,1,1559,10.0,1.41172,0.00641026
10355,Temazepam,136411,sildenafil,10018852,Haematoma,3,153,3,1557,10.0,0.812167,0.0192308
10355,Temazepam,136411,sildenafil,10055798,Haemorrhage,3,153,11,1549,2.72727,0.645903,0.0192308
10355,Temazepam,136411,sildenafil,10020772,Hypertension,9,147,25,1535,3.6,0.379552,0.0576923
10355,Temazepam,136411,sildenafil,10070863,Toxicity to various agents,1,155,4,1556,2.5,1.11488,0.00641026
10355,Temazepam,136411,sildenafil,10071014,Exposed bone in jaw,1,155,1,1559,10.0,1.41172,0.00641026
10355,Temazepam,136411,sildenafil,10064658,Osteonecrosis of jaw,4,152,2,1558,20.0,0.861945,0.025641
10355,Temazepam,136411,sildenafil,10035226,Plasma cell myeloma,3,153,1,1559,30.0,1.15164,0.0192308
7781,Oxazepam,9863,Sodium Chloride,10024384,Leukopenia,1,34,1,349,10.0,1.40306,0.0285714
7781,Oxazepam,9863,Sodium Chloride,10043071,Tachycardia,2,33,1,349,20.0,1.21185,0.0571429
7781,Oxazepam,9863,Sodium Chloride,10042772,Syncope,1,34,3,347,3.33333,1.14101,0.0285714
7781,Oxazepam,9863,Sodium Chloride,10013968,Dyspnoea,2,33,15,335,1.33333,0.7316,0.0571429
7781,Oxazepam,9863,Sodium Chloride,10008469,Chest discomfort,1,34,4,346,2.5,1.10389,0.0285714
7781,Oxazepam,9863,Sodium Chloride,10020993,Hypoglycaemia,2,33,2,348,10.0,0.98416,0.0571429
7781,Oxazepam,9863,Sodium Chloride,10030041,Ocular hyperaemia,1,34,1,349,10.0,1.40306,0.0285714
7781,Oxazepam,9863,Sodium Chloride,10000173,Abnormal sensation in eye,1,34,1,349,10.0,1.40306,0.0285714
7781,Oxazepam,9863,Sodium Chloride,10017888,Gastroenteritis,1,34,1,349,10.0,1.40306,0.0285714
7781,Oxazepam,9863,Sodium Chloride,10012735,Diarrhoea,4,31,6,344,6.66667,0.620676,0.114286
7781,Oxazepam,9863,Sodium Chloride,10000081,Abdominal pain,1,34,5,345,2.0,1.081,0.0285714
7781,Oxazepam,9863,Sodium Chloride,10013950,Dysphagia,1,34,2,348,5.0,1.21185,0.0285714
7781,Oxazepam,9863,Sodium Chloride,10028813,Nausea,1,34,18,332,0.555556,1.01199,0.0285714
7781,Oxazepam,9863,Sodium Chloride,10037660,Pyrexia,2,33,7,343,2.85714,0.781939,0.0571429
7781,Oxazepam,9863,Sodium Chloride,10011906,Death,1,34,12,338,0.833333,1.02562,0.0285714
7781,Oxazepam,9863,Sodium Chloride,10003549,Asthenia,1,34,3,347,3.33333,1.14101,0.0285714
7781,Oxazepam,9863,Sodium Chloride,10016322,Feeling abnormal,1,34,3,347,3.33333,1.14101,0.0285714
7781,Oxazepam,9863,Sodium Chloride,10049438,General physical health deterioration,2,33,3,347,6.66667,0.895491,0.0571429
7781,Oxazepam,9863,Sodium Chloride,10042674,Swelling,1,34,2,348,5.0,1.21185,0.0285714
7781,Oxazepam,9863,Sodium Chloride,10033371,Pain,1,34,7,343,1.42857,1.05424,0.0285714
7781,Oxazepam,9863,Sodium Chloride,10013710,Drug interaction,1,34,7,343,1.42857,1.05424,0.0285714
7781,Oxazepam,9863,Sodium Chloride,10013709,Drug ineffective,1,34,13,337,0.769231,1.02249,0.0285714
7781,Oxazepam,9863,Sodium Chloride,10019663,Hepatic failure,1,34,1,349,10.0,1.40306,0.0285714
7781,Oxazepam,9863,Sodium Chloride,10046735,Urticaria,1,34,4,346,2.5,1.10389,0.0285714
7781,Oxazepam,9863,Sodium Chloride,10007882,Cellulitis,1,34,2,348,5.0,1.21185,0.0285714
7781,Oxazepam,9863,Sodium Chloride,10061043,Clostridial infection,1,34,1,349,10.0,1.40306,0.0285714
7781,Oxazepam,9863,Sodium Chloride,10021789,Infection,1,34,5,345,2.0,1.081,0.0285714
7781,Oxazepam,9863,Sodium Chloride,10035664,Pneumonia,2,33,5,345,4.0,0.817662,0.0571429
7781,Oxazepam,9863,Sodium Chloride,10040047,Sepsis,1,34,4,346,2.5,1.10389,0.0285714
7781,Oxazepam,9863,Sodium Chloride,10016173,Fall,1,34,10,340,1.0,1.03372,0.0285714
7781,Oxazepam,9863,Sodium Chloride,10005191,Blister,2,33,1,349,20.0,1.21185,0.0571429
7781,Oxazepam,9863,Sodium Chloride,10064355,Incorrect dose administered,1,34,1,349,10.0,1.40306,0.0285714
7781,Oxazepam,9863,Sodium Chloride,10064353,Wrong technique in drug usage process,3,32,3,347,10.0,0.797018,0.0857143
7781,Oxazepam,9863,Sodium Chloride,10019303,Heart rate increased,1,34,1,349,10.0,1.40306,0.0285714
7781,Oxazepam,9863,Sodium Chloride,10005750,Blood pressure increased,1,34,4,346,2.5,1.10389,0.0285714
7781,Oxazepam,9863,Sodium Chloride,10033318,Oxygen saturation decreased,1,34,1,349,10.0,1.40306,0.0285714
7781,Oxazepam,9863,Sodium Chloride,10006825,C-reactive protein increased,1,34,2,348,5.0,1.21185,0.0285714
7781,Oxazepam,9863,Sodium Chloride,10005483,Blood creatinine increased,2,33,2,348,10.0,0.98416,0.0571429
7781,Oxazepam,9863,Sodium Chloride,10038695,Respiratory failure,1,34,2,348,5.0,1.21185,0.0285714
7781,Oxazepam,9863,Sodium Chloride,10061428,Decreased appetite,2,33,4,346,5.0,0.847686,0.0571429
7781,Oxazepam,9863,Sodium Chloride,10021036,Hyponatraemia,1,34,2,348,5.0,1.21185,0.0285714
7781,Oxazepam,9863,Sodium Chloride,10031264,Osteonecrosis,1,34,1,349,10.0,1.40306,0.0285714
7781,Oxazepam,9863,Sodium Chloride,10033425,Pain in extremity,1,34,5,345,2.0,1.081,0.0285714
7781,Oxazepam,9863,Sodium Chloride,10001854,Altered state of consciousness,1,34,1,349,10.0,1.40306,0.0285714
7781,Oxazepam,9863,Sodium Chloride,10038435,Renal failure,1,34,2,348,5.0,1.21185,0.0285714
7781,Oxazepam,9863,Sodium Chloride,10038436,Renal failure acute,1,34,3,347,3.33333,1.14101,0.0285714
7781,Oxazepam,9863,Sodium Chloride,10037383,Pulmonary fibrosis,1,34,2,348,5.0,1.21185,0.0285714
7781,Oxazepam,9863,Sodium Chloride,10025082,Lung disorder,1,34,1,349,10.0,1.40306,0.0285714
7781,Oxazepam,9863,Sodium Chloride,10037087,Pruritus,1,34,4,346,2.5,1.10389,0.0285714
7781,Oxazepam,9863,Sodium Chloride,10049414,Treatment noncompliance,1,34,1,349,10.0,1.40306,0.0285714
7781,Oxazepam,9863,Sodium Chloride,10053762,Off label use,1,34,2,348,5.0,1.21185,0.0285714
161,Acetaminophen,1546438,glycopyrronium,10002034,Anaemia,1,22,2,228,5.0,1.20506,0.0434783
161,Acetaminophen,1546438,glycopyrronium,10029354,Neutropenia,1,22,2,228,5.0,1.20506,0.0434783
161,Acetaminophen,1546438,glycopyrronium,10006093,Bradycardia,2,21,1,229,20.0,1.20506,0.0869565
161,Acetaminophen,1546438,glycopyrronium,10013968,Dyspnoea,3,20,8,222,3.75,0.640708,0.130435
161,Acetaminophen,1546438,glycopyrronium,10020635,Hyperglycaemia,1,22,1,229,10.0,1.3972,0.0434783
161,Acetaminophen,1546438,glycopyrronium,10012735,Diarrhoea,3,20,5,225,6.0,0.696783,0.130435
161,Acetaminophen,1546438,glycopyrronium,10000081,Abdominal pain,3,20,1,229,30.0,1.1338,0.130435
161,Acetaminophen,1546438,glycopyrronium,10028813,Nausea,3,20,6,224,5.0,0.672439,0.130435
161,Acetaminophen,1546438,glycopyrronium,10003549,Asthenia,2,21,2,228,10.0,0.975794,0.0869565
161,Acetaminophen,1546438,glycopyrronium,10016256,Fatigue,3,20,6,224,5.0,0.672439,0.130435
161,Acetaminophen,1546438,glycopyrronium,10009866,Cold sweat,1,22,1,229,10.0,1.3972,0.0434783
161,Acetaminophen,1546438,glycopyrronium,10010264,Condition aggravated,1,22,2,228,5.0,1.20506,0.0434783
161,Acetaminophen,1546438,glycopyrronium,10049438,General physical health deterioration,3,20,2,228,15.0,0.886288,0.130435
161,Acetaminophen,1546438,glycopyrronium,10013710,Drug interaction,1,22,2,228,5.0,1.20506,0.0434783
161,Acetaminophen,1546438,glycopyrronium,10013687,Drug eruption,1,22,1,229,10.0,1.3972,0.0434783
161,Acetaminophen,1546438,glycopyrronium,10050473,Abscess limb,1,22,1,229,10.0,1.3972,0.0434783
161,Acetaminophen,1546438,glycopyrronium,10049193,Drug exposure during pregnancy,3,20,1,229,30.0,1.1338,0.130435
161,Acetaminophen,1546438,glycopyrronium,10016173,Fall,1,22,2,228,5.0,1.20506,0.0434783
161,Acetaminophen,1546438,glycopyrronium,10022116,Injury,1,22,3,227,3.33333,1.1338,0.0434783
161,Acetaminophen,1546438,glycopyrronium,10005555,Blood glucose decreased,1,22,1,229,10.0,1.3972,0.0434783
161,Acetaminophen,1546438,glycopyrronium,10047895,Weight decreased,3,20,3,227,10.0,0.786664,0.130435
161,Acetaminophen,1546438,glycopyrronium,10027417,Metabolic acidosis,1,22,1,229,10.0,1.3972,0.0434783
161,Acetaminophen,1546438,glycopyrronium,10003988,Back pain,1,22,2,228,5.0,1.20506,0.0434783
161,Acetaminophen,1546438,glycopyrronium,10019211,Headache,1,22,6,224,1.66667,1.05775,0.0434783
161,Acetaminophen,1546438,glycopyrronium,10027175,Memory impairment,3,20,3,227,10.0,0.786664,0.130435
161,Acetaminophen,1546438,glycopyrronium,10044565,Tremor,1,22,2,228,5.0,1.20506,0.0434783
161,Acetaminophen,1546438,glycopyrronium,10041349,Somnolence,3,20,2,228,15.0,0.886288,0.130435
161,Acetaminophen,1546438,glycopyrronium,10013395,Disorientation,3,20,1,229,30.0,1.1338,0.130435
161,Acetaminophen,1546438,glycopyrronium,10049119,Emotional distress,1,22,2,228,5.0,1.20506,0.0434783
161,Acetaminophen,1546438,glycopyrronium,10048294,Mental status changes,1,22,1,229,10.0,1.3972,0.0434783
161,Acetaminophen,1546438,glycopyrronium,10038435,Renal failure,2,21,3,227,6.66667,0.886288,0.0869565
161,Acetaminophen,1546438,glycopyrronium,10037855,Rash erythematous,1,22,2,228,5.0,1.20506,0.0434783
161,Acetaminophen,1546438,glycopyrronium,10053762,Off label use,1,22,3,227,3.33333,1.1338,0.0434783
221147,POLYETHYLENE GLYCOL 3350,5521,Hydroxychloroquine,10002034,Anaemia,6,103,10,1080,6.0,0.506532,0.0550459
221147,POLYETHYLENE GLYCOL 3350,5521,Hydroxychloroquine,10009802,Coagulopathy,2,107,3,1087,6.66667,0.907327,0.0183486
221147,POLYETHYLENE GLYCOL 3350,5521,Hydroxychloroquine,10018916,Haemolytic anaemia,1,108,1,1089,10.0,1.41064,0.00917431
221147,POLYETHYLENE GLYCOL 3350,5521,Hydroxychloroquine,10023126,Jaundice,1,108,1,1089,10.0,1.41064,0.00917431
221147,POLYETHYLENE GLYCOL 3350,5521,Hydroxychloroquine,10029547,Non-Hodgkin's lymphoma,1,108,2,1088,5.0,1.22062,0.00917431
221147,POLYETHYLENE GLYCOL 3350,5521,Hydroxychloroquine,10021245,Idiopathic thrombocytopenic purpura,1,108,1,1089,10.0,1.41064,0.00917431
221147,POLYETHYLENE GLYCOL 3350,5521,Hydroxychloroquine,10043554,Thrombocytopenia,1,108,5,1085,2.0,1.09083,0.00917431
221147,POLYETHYLENE GLYCOL 3350,5521,Hydroxychloroquine,10025197,Lymphadenopathy,1,108,5,1085,2.0,1.09083,0.00917431
221147,POLYETHYLENE GLYCOL 3350,5521,Hydroxychloroquine,10006093,Bradycardia,1,108,6,1084,1.66667,1.07544,0.00917431
221147,POLYETHYLENE GLYCOL 3350,5521,Hydroxychloroquine,10003658,Atrial fibrillation,1,108,7,1083,1.42857,1.06431,0.00917431
221147,POLYETHYLENE GLYCOL 3350,5521,Hydroxychloroquine,10061024,Cardiac disorder,1,108,8,1082,1.25,1.05589,0.00917431
221147,POLYETHYLENE GLYCOL 3350,5521,Hydroxychloroquine,10007649,Cardiovascular disorder,1,108,4,1086,2.5,1.11351,0.00917431
221147,POLYETHYLENE GLYCOL 3350,5521,Hydroxychloroquine,10013573,Dizziness,7,102,26,1064,2.69231,0.413796,0.0642202
221147,POLYETHYLENE GLYCOL 3350,5521,Hydroxychloroquine,10042772,Syncope,2,107,5,1085,4.0,0.830607,0.0183486
221147,POLYETHYLENE GLYCOL 3350,5521,Hydroxychloroquine,10013968,Dyspnoea,3,106,39,1051,0.769231,0.590663,0.0275229
221147,POLYETHYLENE GLYCOL 3350,5521,Hydroxychloroquine,10013971,Dyspnoea exertional,2,107,1,1089,20.0,1.22062,0.0183486
221147,POLYETHYLENE GLYCOL 3350,5521,Hydroxychloroquine,10008469,Chest discomfort,2,107,8,1082,2.5,0.784161,0.0183486
221147,POLYETHYLENE GLYCOL 3350,5521,Hydroxychloroquine,10008479,Chest pain,7,102,19,1071,3.68421,0.430577,0.0642202
221147,POLYETHYLENE GLYCOL 3350,5521,Hydroxychloroquine,10030124,Oedema peripheral,3,106,16,1074,1.875,0.621081,0.0275229
221147,POLYETHYLENE GLYCOL 3350,5521,Hydroxychloroquine,10007559,Cardiac failure congestive,1,108,7,1083,1.42857,1.06431,0.00917431
221147,POLYETHYLENE GLYCOL 3350,5521,Hydroxychloroquine,10034474,Pericardial effusion,1,108,4,1086,2.5,1.11351,0.00917431
221147,POLYETHYLENE GLYCOL 3350,5521,Hydroxychloroquine,10027339,Menstruation irregular,2,107,3,1087,6.66667,0.907327,0.0183486
221147,POLYETHYLENE GLYCOL 3350,5521,Hydroxychloroquine,10067585,Type 2 diabetes mellitus,1,108,2,1088,5.0,1.22062,0.00917431
221147,POLYETHYLENE GLYCOL 3350,5521,Hydroxychloroquine,10020993,Hypoglycaemia,1,108,5,1085,2.0,1.09083,0.00917431
221147,POLYETHYLENE GLYCOL 3350,5521,Hydroxychloroquine,10007739,Cataract,1,108,5,1085,2.0,1.09083,0.00917431
221147,POLYETHYLENE GLYCOL 3350,5521,Hydroxychloroquine,10015958,Eye pain,1,108,3,1087,3.33333,1.15032,0.00917431
221147,POLYETHYLENE GLYCOL 3350,5521,Hydroxychloroquine,10015967,Eye swelling,1,108,1,1089,10.0,1.41064,0.00917431
221147,POLYETHYLENE GLYCOL 3350,5521,Hydroxychloroquine,10030041,Ocular hyperaemia,1,108,3,1087,3.33333,1.15032,0.00917431
221147,POLYETHYLENE GLYCOL 3350,5521,Hydroxychloroquine,10005186,Blindness unilateral,1,108,1,1089,10.0,1.41064,0.00917431
221147,POLYETHYLENE GLYCOL 3350,5521,Hydroxychloroquine,10047513,Vision blurred,1,108,6,1084,1.66667,1.07544,0.00917431
221147,POLYETHYLENE GLYCOL 3350,5521,Hydroxychloroquine,10047571,Visual impairment,1,108,2,1088,5.0,1.22062,0.00917431
221147,POLYETHYLENE GLYCOL 3350,5521,Hydroxychloroquine,10020028,Hiatus hernia,1,108,1,1089,10.0,1.41064,0.00917431
221147,POLYETHYLENE GLYCOL 3350,5521,Hydroxychloroquine,10017817,Gastric polyps,1,108,1,1089,10.0,1.41064,0.00917431
221147,POLYETHYLENE GLYCOL 3350,5521,Hydroxychloroquine,10033645,Pancreatitis,1,108,5,1085,2.0,1.09083,0.00917431
221147,POLYETHYLENE GLYCOL 3350,5521,Hydroxychloroquine,10033647,Pancreatitis acute,3,106,1,1089,30.0,1.15032,0.0275229
221147,POLYETHYLENE GLYCOL 3350,5521,Hydroxychloroquine,10017955,Gastrointestinal haemorrhage,3,106,3,1087,10.0,0.810293,0.0275229
221147,POLYETHYLENE GLYCOL 3350,5521,Hydroxychloroquine,10018836,Haematochezia,1,108,2,1088,5.0,1.22062,0.00917431
221147,POLYETHYLENE GLYCOL 3350,5521,Hydroxychloroquine,10027141,Melaena,1,108,2,1088,5.0,1.22062,0.00917431
221147,POLYETHYLENE GLYCOL 3350,5521,Hydroxychloroquine,10017853,Gastritis,1,108,1,1089,10.0,1.41064,0.00917431
221147,POLYETHYLENE GLYCOL 3350,5521,Hydroxychloroquine,10012735,Diarrhoea,7,102,24,1066,2.91667,0.417651,0.0642202
221147,POLYETHYLENE GLYCOL 3350,5521,Hydroxychloroquine,10010774,Constipation,5,104,5,1085,10.0,0.624426,0.0458716
221147,POLYETHYLENE GLYCOL 3350,5521,Hydroxychloroquine,10017885,Gastrooesophageal reflux disease,1,108,3,1087,3.33333,1.15032,0.00917431
221147,POLYETHYLENE GLYCOL 3350,5521,Hydroxychloroquine,10017367,Frequent bowel movements,2,107,1,1089,20.0,1.22062,0.0183486
221147,POLYETHYLENE GLYCOL 3350,5521,Hydroxychloroquine,10013946,Dyspepsia,1,108,2,1088,5.0,1.22062,0.00917431
221147,POLYETHYLENE GLYCOL 3350,5521,Hydroxychloroquine,10000060,Abdominal distension,1,108,2,1088,5.0,1.22062,0.00917431
221147,POLYETHYLENE GLYCOL 3350,5521,Hydroxychloroquine,10016766,Flatulence,1,108,5,1085,2.0,1.09083,0.00917431
221147,POLYETHYLENE GLYCOL 3350,5521,Hydroxychloroquine,10000081,Abdominal pain,3,106,12,1078,2.5,0.637632,0.0275229
221147,POLYETHYLENE GLYCOL 3350,5521,Hydroxychloroquine,10000059,Abdominal discomfort,2,107,4,1086,5.0,0.860179,0.0183486
221147,POLYETHYLENE GLYCOL 3350,5521,Hydroxychloroquine,10013950,Dysphagia,1,108,5,1085,2.0,1.09083,0.00917431
221147,POLYETHYLENE GLYCOL 3350,5521,Hydroxychloroquine,10063743,Hypophagia,1,108,2,1088,5.0,1.22062,0.00917431
221147,POLYETHYLENE GLYCOL 3350,5521,Hydroxychloroquine,10028813,Nausea,11,98,36,1054,3.05556,0.329538,0.100917
221147,POLYETHYLENE GLYCOL 3350,5521,Hydroxychloroquine,10047700,Vomiting,8,101,35,1055,2.28571,0.378787,0.0733945
221147,POLYETHYLENE GLYCOL 3350,5521,Hydroxychloroquine,10021328,Ileus,1,108,1,1089,10.0,1.41064,0.00917431
221147,POLYETHYLENE GLYCOL 3350,5521,Hydroxychloroquine,10019022,Haemorrhoids,1,108,1,1089,10.0,1.41064,0.00917431
221147,POLYETHYLENE GLYCOL 3350,5521,Hydroxychloroquine,10024570,Lip swelling,2,107,1,1089,20.0,1.22062,0.0183486
221147,POLYETHYLENE GLYCOL 3350,5521,Hydroxychloroquine,10043521,Throat irritation,1,108,4,1086,2.5,1.11351,0.00917431
221147,POLYETHYLENE GLYCOL 3350,5521,Hydroxychloroquine,10068319,Oropharyngeal pain,4,105,6,1084,6.66667,0.637632,0.0366972
221147,POLYETHYLENE GLYCOL 3350,5521,Hydroxychloroquine,10028034,Mouth ulceration,1,108,1,1089,10.0,1.41064,0.00917431
221147,POLYETHYLENE GLYCOL 3350,5521,Hydroxychloroquine,10042128,Stomatitis,3,106,7,1083,4.28571,0.682714,0.0275229
221147,POLYETHYLENE GLYCOL 3350,5521,Hydroxychloroquine,10013781,Dry mouth,4,105,3,1087,13.3333,0.757127,0.0366972
221147,POLYETHYLENE GLYCOL 3350,5521,Hydroxychloroquine,10042727,Swollen tongue,3,106,1,1089,30.0,1.15032,0.0275229
221147,POLYETHYLENE GLYCOL 3350,5521,Hydroxychloroquine,10051792,Infusion related reaction,1,108,2,1088,5.0,1.22062,0.00917431
221147,POLYETHYLENE GLYCOL 3350,5521,Hydroxychloroquine,10051572,Injection site discolouration,1,108,2,1088,5.0,1.22062,0.00917431
221147,POLYETHYLENE GLYCOL 3350,5521,Hydroxychloroquine,10022061,Injection site erythema,2,107,9,1081,2.22222,0.775254,0.0183486
221147,POLYETHYLENE GLYCOL 3350,5521,Hydroxychloroquine,10022081,Injection site mass,1,108,4,1086,2.5,1.11351,0.00917431
221147,POLYETHYLENE GLYCOL 3350,5521,Hydroxychloroquine,10022086,Injection site pain,2,107,17,1073,1.17647,0.740764,0.0183486
221147,POLYETHYLENE GLYCOL 3350,5521,Hydroxychloroquine,10022093,Injection site pruritus,1,108,4,1086,2.5,1.11351,0.00917431
221147,POLYETHYLENE GLYCOL 3350,5521,Hydroxychloroquine,10022094,Injection site rash,1,108,3,1087,3.33333,1.15032,0.00917431
221147,POLYETHYLENE GLYCOL 3350,5521,Hydroxychloroquine,10053425,Injection site swelling,1,108,5,1085,2.0,1.09083,0.00917431
221147,POLYETHYLENE GLYCOL 3350,5521,Hydroxychloroquine,10029282,Neuroleptic malignant syndrome,1,108,1,1089,10.0,1.41064,0.00917431
221147,POLYETHYLENE GLYCOL 3350,5521,Hydroxychloroquine,10037660,Pyrexia,4,105,29,1061,1.37931,0.523823,0.0366972
221147,POLYETHYLENE GLYCOL 3350,5521,Hydroxychloroquine,10011906,Death,5,104,44,1046,1.13636,0.461124,0.0458716
221147,POLYETHYLENE GLYCOL 3350,5521,Hydroxychloroquine,10003549,Asthenia,7,102,17,1073,4.11765,0.437709,0.0642202
221147,POLYETHYLENE GLYCOL 3350,5521,Hydroxychloroquine,10016256,Fatigue,7,102,34,1056,2.05882,0.402712,0.0642202
221147,POLYETHYLENE GLYCOL 3350,5521,Hydroxychloroquine,10024264,Lethargy,1,108,4,1086,2.5,1.11351,0.00917431
221147,POLYETHYLENE GLYCOL 3350,5521,Hydroxychloroquine,10025482,Malaise,2,107,26,1064,0.769231,0.726891,0.0183486
221147,POLYETHYLENE GLYCOL 3350,5521,Hydroxychloroquine,10008531,Chills,1,108,6,1084,1.66667,1.07544,0.00917431
221147,POLYETHYLENE GLYCOL 3350,5521,Hydroxychloroquine,10016322,Feeling abnormal,1,108,20,1070,0.5,1.01976,0.00917431
221147,POLYETHYLENE GLYCOL 3350,5521,Hydroxychloroquine,10016326,Feeling cold,1,108,1,1089,10.0,1.41064,0.00917431
221147,POLYETHYLENE GLYCOL 3350,5521,Hydroxychloroquine,10016334,Feeling hot,2,107,4,1086,5.0,0.860179,0.0183486
221147,POLYETHYLENE GLYCOL 3350,5521,Hydroxychloroquine,10049460,Abasia,2,107,5,1085,4.0,0.830607,0.0183486
221147,POLYETHYLENE GLYCOL 3350,5521,Hydroxychloroquine,10017577,Gait disturbance,1,108,16,1074,0.625,1.02587,0.00917431
221147,POLYETHYLENE GLYCOL 3350,5521,Hydroxychloroquine,10009866,Cold sweat,1,108,2,1088,5.0,1.22062,0.00917431
221147,POLYETHYLENE GLYCOL 3350,5521,Hydroxychloroquine,10010264,Condition aggravated,5,104,7,1083,7.14286,0.576858,0.0458716
221147,POLYETHYLENE GLYCOL 3350,5521,Hydroxychloroquine,10061619,Deformity,1,108,1,1089,10.0,1.41064,0.00917431
221147,POLYETHYLENE GLYCOL 3350,5521,Hydroxychloroquine,10060800,Hot flush,1,108,5,1085,2.0,1.09083,0.00917431
221147,POLYETHYLENE GLYCOL 3350,5521,Hydroxychloroquine,10020642,Hyperhidrosis,3,106,8,1082,3.75,0.669508,0.0275229
221147,POLYETHYLENE GLYCOL 3350,5521,Hydroxychloroquine,10061520,Ill-defined disorder,2,107,3,1087,6.66667,0.907327,0.0183486
221147,POLYETHYLENE GLYCOL 3350,5521,Hydroxychloroquine,10022004,Influenza like illness,1,108,8,1082,1.25,1.05589,0.00917431
221147,POLYETHYLENE GLYCOL 3350,5521,Hydroxychloroquine,10024770,Local swelling,3,106,2,1088,15.0,0.907327,0.0275229
221147,POLYETHYLENE GLYCOL 3350,5521,Hydroxychloroquine,10061218,Inflammation,1,108,2,1088,5.0,1.22062,0.00917431
221147,POLYETHYLENE GLYCOL 3350,5521,Hydroxychloroquine,10033371,Pain,7,102,31,1059,2.25806,0.406231,0.0642202
221147,POLYETHYLENE GLYCOL 3350,5521,Hydroxychloroquine,10069328,Incorrect product storage,1,108,1,1089,10.0,1.41064,0.00917431
221147,POLYETHYLENE GLYCOL 3350,5521,Hydroxychloroquine,10069327,Product quality issue,2,107,10,1080,2.0,0.768055,0.0183486
221147,POLYETHYLENE GLYCOL 3350,5521,Hydroxychloroquine,10013678,Drug effect decreased,1,108,5,1085,2.0,1.09083,0.00917431
221147,POLYETHYLENE GLYCOL 3350,5521,Hydroxychloroquine,10013709,Drug ineffective,7,102,50,1040,1.4,0.390852,0.0642202
221147,POLYETHYLENE GLYCOL 3350,5521,Hydroxychloroquine,10061822,Drug intolerance,1,108,4,1086,2.5,1.11351,0.00917431
221147,POLYETHYLENE GLYCOL 3350,5521,Hydroxychloroquine,10051327,Pharmaceutical product complaint,1,108,4,1086,2.5,1.11351,0.00917431
221147,POLYETHYLENE GLYCOL 3350,5521,Hydroxychloroquine,10019754,Hepatitis cholestatic,1,108,1,1089,10.0,1.41064,0.00917431
221147,POLYETHYLENE GLYCOL 3350,5521,Hydroxychloroquine,10050904,Cytolytic hepatitis,1,108,1,1089,10.0,1.41064,0.00917431
221147,POLYETHYLENE GLYCOL 3350,5521,Hydroxychloroquine,10020751,Hypersensitivity,2,107,8,1082,2.5,0.784161,0.0183486
221147,POLYETHYLENE GLYCOL 3350,5521,Hydroxychloroquine,10013700,Drug hypersensitivity,1,108,4,1086,2.5,1.11351,0.00917431
221147,POLYETHYLENE GLYCOL 3350,5521,Hydroxychloroquine,10002199,Anaphylactic shock,1,108,4,1086,2.5,1.11351,0.00917431
221147,POLYETHYLENE GLYCOL 3350,5521,Hydroxychloroquine,10046735,Urticaria,2,107,6,1084,3.33333,0.810293,0.0183486
221147,POLYETHYLENE GLYCOL 3350,5521,Hydroxychloroquine,10039073,Rheumatoid arthritis,1,108,7,1083,1.42857,1.06431,0.00917431
221147,POLYETHYLENE GLYCOL 3350,5521,Hydroxychloroquine,10007882,Cellulitis,1,108,2,1088,5.0,1.22062,0.00917431
221147,POLYETHYLENE GLYCOL 3350,5521,Hydroxychloroquine,10058080,Staphylococcal infection,3,106,3,1087,10.0,0.810293,0.0275229
221147,POLYETHYLENE GLYCOL 3350,5521,Hydroxychloroquine,10021789,Infection,1,108,8,1082,1.25,1.05589,0.00917431
221147,POLYETHYLENE GLYCOL 3350,5521,Hydroxychloroquine,10024774,Localised infection,2,107,1,1089,20.0,1.22062,0.0183486
221147,POLYETHYLENE GLYCOL 3350,5521,Hydroxychloroquine,10062352,Respiratory tract infection,2,107,1,1089,20.0,1.22062,0.0183486
221147,POLYETHYLENE GLYCOL 3350,5521,Hydroxychloroquine,10006451,Bronchitis,2,107,5,1085,4.0,0.830607,0.0183486
221147,POLYETHYLENE GLYCOL 3350,5521,Hydroxychloroquine,10024968,Lower respiratory tract infection,1,108,3,1087,3.33333,1.15032,0.00917431
221147,POLYETHYLENE GLYCOL 3350,5521,Hydroxychloroquine,10035664,Pneumonia,5,104,14,1076,3.57143,0.511211,0.0458716
221147,POLYETHYLENE GLYCOL 3350,5521,Hydroxychloroquine,10040070,Septic shock,1,108,4,1086,2.5,1.11351,0.00917431
221147,POLYETHYLENE GLYCOL 3350,5521,Hydroxychloroquine,10028810,Nasopharyngitis,3,106,12,1078,2.5,0.637632,0.0275229
221147,POLYETHYLENE GLYCOL 3350,5521,Hydroxychloroquine,10046571,Urinary tract infection,4,105,9,1081,4.44444,0.592469,0.0366972
221147,POLYETHYLENE GLYCOL 3350,5521,Hydroxychloroquine,10019974,Herpes zoster,1,108,8,1082,1.25,1.05589,0.00917431
221147,POLYETHYLENE GLYCOL 3350,5521,Hydroxychloroquine,10039227,Rotator cuff syndrome,1,108,1,1089,10.0,1.41064,0.00917431
221147,POLYETHYLENE GLYCOL 3350,5521,Hydroxychloroquine,10042361,Subdural haematoma,1,108,1,1089,10.0,1.41064,0.00917431
221147,POLYETHYLENE GLYCOL 3350,5521,Hydroxychloroquine,10016173,Fall,4,105,22,1068,1.81818,0.534194,0.0366972
221147,POLYETHYLENE GLYCOL 3350,5521,Hydroxychloroquine,10022116,Injury,2,107,14,1076,1.42857,0.749224,0.0183486
221147,POLYETHYLENE GLYCOL 3350,5521,Hydroxychloroquine,10039203,Road traffic accident,1,108,4,1086,2.5,1.11351,0.00917431
221147,POLYETHYLENE GLYCOL 3350,5521,Hydroxychloroquine,10052428,Wound,1,108,1,1089,10.0,1.41064,0.00917431
221147,POLYETHYLENE GLYCOL 3350,5521,Hydroxychloroquine,10005191,Blister,2,107,5,1085,4.0,0.830607,0.0183486
221147,POLYETHYLENE GLYCOL 3350,5521,Hydroxychloroquine,10050584,Contusion,2,107,1,1089,20.0,1.22062,0.0183486
221147,POLYETHYLENE GLYCOL 3350,5521,Hydroxychloroquine,10058818,Skin laceration,1,108,1,1089,10.0,1.41064,0.00917431
221147,POLYETHYLENE GLYCOL 3350,5521,Hydroxychloroquine,10064295,Drug administration error,1,108,3,1087,3.33333,1.15032,0.00917431
221147,POLYETHYLENE GLYCOL 3350,5521,Hydroxychloroquine,10064294,Drug dose omission,1,108,5,1085,2.0,1.09083,0.00917431
221147,POLYETHYLENE GLYCOL 3350,5521,Hydroxychloroquine,10021597,Inappropriate schedule of drug administration,2,107,2,1088,10.0,0.994941,0.0183486
221147,POLYETHYLENE GLYCOL 3350,5521,Hydroxychloroquine,10064307,Incorrect drug administration duration,4,105,2,1088,20.0,0.860179,0.0366972
221147,POLYETHYLENE GLYCOL 3350,5521,Hydroxychloroquine,10064353,Wrong technique in drug usage process,1,108,7,1083,1.42857,1.06431,0.00917431
221147,POLYETHYLENE GLYCOL 3350,5521,Hydroxychloroquine,10033295,Overdose,3,106,4,1086,7.5,0.757127,0.0275229
221147,POLYETHYLENE GLYCOL 3350,5521,Hydroxychloroquine,10021576,Inadequate analgesia,1,108,2,1088,5.0,1.22062,0.00917431
221147,POLYETHYLENE GLYCOL 3350,5521,Hydroxychloroquine,10019300,Heart rate abnormal,1,108,1,1089,10.0,1.41064,0.00917431
221147,POLYETHYLENE GLYCOL 3350,5521,Hydroxychloroquine,10019303,Heart rate increased,1,108,6,1084,1.66667,1.07544,0.00917431
221147,POLYETHYLENE GLYCOL 3350,5521,Hydroxychloroquine,10019304,Heart rate irregular,1,108,2,1088,5.0,1.22062,0.00917431
221147,POLYETHYLENE GLYCOL 3350,5521,Hydroxychloroquine,10005734,Blood pressure decreased,2,107,4,1086,5.0,0.860179,0.0183486
221147,POLYETHYLENE GLYCOL 3350,5521,Hydroxychloroquine,10005750,Blood pressure increased,1,108,12,1078,0.833333,1.03597,0.00917431
221147,POLYETHYLENE GLYCOL 3350,5521,Hydroxychloroquine,10005470,Blood creatine phosphokinase increased,1,108,8,1082,1.25,1.05589,0.00917431
221147,POLYETHYLENE GLYCOL 3350,5521,Hydroxychloroquine,10022595,International normalised ratio increased,1,108,2,1088,5.0,1.22062,0.00917431
221147,POLYETHYLENE GLYCOL 3350,5521,Hydroxychloroquine,10018838,Haematocrit decreased,1,108,2,1088,5.0,1.22062,0.00917431
221147,POLYETHYLENE GLYCOL 3350,5521,Hydroxychloroquine,10018879,Haemoglobin abnormal,1,108,1,1089,10.0,1.41064,0.00917431
221147,POLYETHYLENE GLYCOL 3350,5521,Hydroxychloroquine,10018884,Haemoglobin decreased,3,106,9,1081,3.33333,0.659054,0.0275229
221147,POLYETHYLENE GLYCOL 3350,5521,Hydroxychloroquine,10047942,White blood cell count decreased,2,107,6,1084,3.33333,0.810293,0.0183486
221147,POLYETHYLENE GLYCOL 3350,5521,Hydroxychloroquine,10047943,White blood cell count increased,2,107,2,1088,10.0,0.994941,0.0183486
221147,POLYETHYLENE GLYCOL 3350,5521,Hydroxychloroquine,10001551,Alanine aminotransferase increased,1,108,3,1087,3.33333,1.15032,0.00917431
221147,POLYETHYLENE GLYCOL 3350,5521,Hydroxychloroquine,10003481,Aspartate aminotransferase increased,1,108,3,1087,3.33333,1.15032,0.00917431
221147,POLYETHYLENE GLYCOL 3350,5521,Hydroxychloroquine,10060795,Hepatic enzyme increased,1,108,3,1087,3.33333,1.15032,0.00917431
221147,POLYETHYLENE GLYCOL 3350,5521,Hydroxychloroquine,10024690,Liver function test abnormal,1,108,2,1088,5.0,1.22062,0.00917431
221147,POLYETHYLENE GLYCOL 3350,5521,Hydroxychloroquine,10005557,Blood glucose increased,1,108,11,1079,0.909091,1.03962,0.00917431
221147,POLYETHYLENE GLYCOL 3350,5521,Hydroxychloroquine,10018484,Glycosylated haemoglobin increased,1,108,1,1089,10.0,1.41064,0.00917431
221147,POLYETHYLENE GLYCOL 3350,5521,Hydroxychloroquine,10022806,Intraocular pressure increased,1,108,1,1089,10.0,1.41064,0.00917431
221147,POLYETHYLENE GLYCOL 3350,5521,Hydroxychloroquine,10047895,Weight decreased,3,106,15,1075,2.0,0.624426,0.0275229
221147,POLYETHYLENE GLYCOL 3350,5521,Hydroxychloroquine,10006825,C-reactive protein increased,2,107,6,1084,3.33333,0.810293,0.0183486
221147,POLYETHYLENE GLYCOL 3350,5521,Hydroxychloroquine,10005483,Blood creatinine increased,1,108,5,1085,2.0,1.09083,0.00917431
221147,POLYETHYLENE GLYCOL 3350,5521,Hydroxychloroquine,10053123,Protein urine present,1,108,1,1089,10.0,1.41064,0.00917431
221147,POLYETHYLENE GLYCOL 3350,5521,Hydroxychloroquine,10038695,Respiratory failure,1,108,2,1088,5.0,1.22062,0.00917431
221147,POLYETHYLENE GLYCOL 3350,5521,Hydroxychloroquine,10061428,Decreased appetite,3,106,7,1083,4.28571,0.682714,0.0275229
221147,POLYETHYLENE GLYCOL 3350,5521,Hydroxychloroquine,10021058,Hypophosphataemia,1,108,2,1088,5.0,1.22062,0.00917431
221147,POLYETHYLENE GLYCOL 3350,5521,Hydroxychloroquine,10021015,Hypokalaemia,2,107,3,1087,6.66667,0.907327,0.0183486
221147,POLYETHYLENE GLYCOL 3350,5521,Hydroxychloroquine,10012174,Dehydration,5,104,6,1084,8.33333,0.597139,0.0458716
221147,POLYETHYLENE GLYCOL 3350,5521,Hydroxychloroquine,10016807,Fluid retention,1,108,3,1087,3.33333,1.15032,0.00917431
221147,POLYETHYLENE GLYCOL 3350,5521,Hydroxychloroquine,10047626,Vitamin D deficiency,1,108,1,1089,10.0,1.41064,0.00917431
221147,POLYETHYLENE GLYCOL 3350,5521,Hydroxychloroquine,10031149,Osteitis,1,108,1,1089,10.0,1.41064,0.00917431
221147,POLYETHYLENE GLYCOL 3350,5521,Hydroxychloroquine,10006002,Bone pain,1,108,2,1088,5.0,1.22062,0.00917431
221147,POLYETHYLENE GLYCOL 3350,5521,Hydroxychloroquine,10003246,Arthritis,2,107,7,1083,2.85714,0.795466,0.0183486
221147,POLYETHYLENE GLYCOL 3350,5521,Hydroxychloroquine,10003239,Arthralgia,6,103,20,1070,3.0,0.454505,0.0550459
221147,POLYETHYLENE GLYCOL 3350,5521,Hydroxychloroquine,10048706,Joint range of motion decreased,1,108,1,1089,10.0,1.41064,0.00917431
221147,POLYETHYLENE GLYCOL 3350,5521,Hydroxychloroquine,10023232,Joint swelling,3,106,7,1083,4.28571,0.682714,0.0275229
221147,POLYETHYLENE GLYCOL 3350,5521,Hydroxychloroquine,10048439,Fibromyalgia,1,108,1,1089,10.0,1.41064,0.00917431
221147,POLYETHYLENE GLYCOL 3350,5521,Hydroxychloroquine,10028411,Myalgia,3,106,10,1080,3.0,0.65057,0.0275229
221147,POLYETHYLENE GLYCOL 3350,5521,Hydroxychloroquine,10028334,Muscle spasms,2,107,6,1084,3.33333,0.810293,0.0183486
221147,POLYETHYLENE GLYCOL 3350,5521,Hydroxychloroquine,10049816,Muscle tightness,1,108,1,1089,10.0,1.41064,0.00917431
221147,POLYETHYLENE GLYCOL 3350,5521,Hydroxychloroquine,10028372,Muscular weakness,1,108,6,1084,1.66667,1.07544,0.00917431
221147,POLYETHYLENE GLYCOL 3350,5521,Hydroxychloroquine,10003988,Back pain,5,104,16,1074,3.125,0.502402,0.0458716
221147,POLYETHYLENE GLYCOL 3350,5521,Hydroxychloroquine,10028391,Musculoskeletal pain,1,108,4,1086,2.5,1.11351,0.00917431
221147,POLYETHYLENE GLYCOL 3350,5521,Hydroxychloroquine,10033425,Pain in extremity,3,106,20,1070,1.5,0.610935,0.0275229
221147,POLYETHYLENE GLYCOL 3350,5521,Hydroxychloroquine,10006811,Bursitis,1,108,2,1088,5.0,1.22062,0.00917431
221147,POLYETHYLENE GLYCOL 3350,5521,Hydroxychloroquine,10028997,Neoplasm malignant,1,108,8,1082,1.25,1.05589,0.00917431
221147,POLYETHYLENE GLYCOL 3350,5521,Hydroxychloroquine,10014581,Encephalitis,1,108,1,1089,10.0,1.41064,0.00917431
221147,POLYETHYLENE GLYCOL 3350,5521,Hydroxychloroquine,10048964,Carotid artery occlusion,1,108,1,1089,10.0,1.41064,0.00917431
221147,POLYETHYLENE GLYCOL 3350,5521,Hydroxychloroquine,10008111,Cerebral haemorrhage,1,108,5,1085,2.0,1.09083,0.00917431
221147,POLYETHYLENE GLYCOL 3350,5521,Hydroxychloroquine,10008190,Cerebrovascular accident,2,107,21,1069,0.952381,0.733163,0.0183486
221147,POLYETHYLENE GLYCOL 3350,5521,Hydroxychloroquine,10019016,Haemorrhagic stroke,1,108,1,1089,10.0,1.41064,0.00917431
221147,POLYETHYLENE GLYCOL 3350,5521,Hydroxychloroquine,10019211,Headache,9,100,19,1071,4.73684,0.391983,0.0825688
221147,POLYETHYLENE GLYCOL 3350,5521,Hydroxychloroquine,10027599,Migraine,3,106,4,1086,7.5,0.757127,0.0275229
221147,POLYETHYLENE GLYCOL 3350,5521,Hydroxychloroquine,10013496,Disturbance in attention,1,108,3,1087,3.33333,1.15032,0.00917431
221147,POLYETHYLENE GLYCOL 3350,5521,Hydroxychloroquine,10013916,Dyskinesia,1,108,2,1088,5.0,1.22062,0.00917431
221147,POLYETHYLENE GLYCOL 3350,5521,Hydroxychloroquine,10015832,Extrapyramidal disorder,3,106,6,1084,5.0,0.699934,0.0275229
221147,POLYETHYLENE GLYCOL 3350,5521,Hydroxychloroquine,10043118,Tardive dyskinesia,3,106,3,1087,10.0,0.810293,0.0275229
221147,POLYETHYLENE GLYCOL 3350,5521,Hydroxychloroquine,10044565,Tremor,2,107,11,1079,1.81818,0.762114,0.0183486
221147,POLYETHYLENE GLYCOL 3350,5521,Hydroxychloroquine,10049848,Balance disorder,1,108,6,1084,1.66667,1.07544,0.00917431
221147,POLYETHYLENE GLYCOL 3350,5521,Hydroxychloroquine,10002948,Aphasia,1,108,4,1086,2.5,1.11351,0.00917431
221147,POLYETHYLENE GLYCOL 3350,5521,Hydroxychloroquine,10010305,Confusional state,1,108,11,1079,0.909091,1.03962,0.00917431
221147,POLYETHYLENE GLYCOL 3350,5521,Hydroxychloroquine,10024855,Loss of consciousness,1,108,10,1080,1.0,1.04399,0.00917431
221147,POLYETHYLENE GLYCOL 3350,5521,Hydroxychloroquine,10029202,Nervous system disorder,4,105,1,1089,40.0,1.11351,0.0366972
221147,POLYETHYLENE GLYCOL 3350,5521,Hydroxychloroquine,10011469,Crying,1,108,4,1086,2.5,1.11351,0.00917431
221147,POLYETHYLENE GLYCOL 3350,5521,Hydroxychloroquine,10013395,Disorientation,1,108,5,1085,2.0,1.09083,0.00917431
221147,POLYETHYLENE GLYCOL 3350,5521,Hydroxychloroquine,10006784,Burning sensation,1,108,6,1084,1.66667,1.07544,0.00917431
221147,POLYETHYLENE GLYCOL 3350,5521,Hydroxychloroquine,10033775,Paraesthesia,1,108,8,1082,1.25,1.05589,0.00917431
221147,POLYETHYLENE GLYCOL 3350,5521,Hydroxychloroquine,10020937,Hypoaesthesia,1,108,9,1081,1.11111,1.04929,0.00917431
221147,POLYETHYLENE GLYCOL 3350,5521,Hydroxychloroquine,10041466,Speech disorder,3,106,1,1089,30.0,1.15032,0.0275229
221147,POLYETHYLENE GLYCOL 3350,5521,Hydroxychloroquine,10046543,Urinary incontinence,1,108,2,1088,5.0,1.22062,0.00917431
221147,POLYETHYLENE GLYCOL 3350,5521,Hydroxychloroquine,10029331,Neuropathy peripheral,2,107,6,1084,3.33333,0.810293,0.0183486
221147,POLYETHYLENE GLYCOL 3350,5521,Hydroxychloroquine,10018659,Grand mal convulsion,2,107,2,1088,10.0,0.994941,0.0183486
221147,POLYETHYLENE GLYCOL 3350,5521,Hydroxychloroquine,10041962,Status epilepticus,1,108,1,1089,10.0,1.41064,0.00917431
221147,POLYETHYLENE GLYCOL 3350,5521,Hydroxychloroquine,10022437,Insomnia,1,108,11,1079,0.909091,1.03962,0.00917431
221147,POLYETHYLENE GLYCOL 3350,5521,Hydroxychloroquine,10029328,Neuropathy,1,108,3,1087,3.33333,1.15032,0.00917431
221147,POLYETHYLENE GLYCOL 3350,5521,Hydroxychloroquine,10002855,Anxiety,3,106,23,1067,1.30435,0.605574,0.0275229
221147,POLYETHYLENE GLYCOL 3350,5521,Hydroxychloroquine,10042209,Stress,2,107,5,1085,4.0,0.830607,0.0183486
221147,POLYETHYLENE GLYCOL 3350,5521,Hydroxychloroquine,10012378,Depression,2,107,13,1077,1.53846,0.752882,0.0183486
221147,POLYETHYLENE GLYCOL 3350,5521,Hydroxychloroquine,10002511,Anhedonia,1,108,5,1085,2.0,1.09083,0.00917431
221147,POLYETHYLENE GLYCOL 3350,5521,Hydroxychloroquine,10049119,Emotional distress,2,107,5,1085,4.0,0.830607,0.0183486
221147,POLYETHYLENE GLYCOL 3350,5521,Hydroxychloroquine,10043528,Throat tightness,1,108,1,1089,10.0,1.41064,0.00917431
221147,POLYETHYLENE GLYCOL 3350,5521,Hydroxychloroquine,10061284,Mental disorder,2,107,4,1086,5.0,0.860179,0.0183486
221147,POLYETHYLENE GLYCOL 3350,5521,Hydroxychloroquine,10048294,Mental status changes,3,106,3,1087,10.0,0.810293,0.0275229
221147,POLYETHYLENE GLYCOL 3350,5521,Hydroxychloroquine,10042464,Suicide attempt,1,108,5,1085,2.0,1.09083,0.00917431
221147,POLYETHYLENE GLYCOL 3350,5521,Hydroxychloroquine,10038428,Renal disorder,2,107,2,1088,10.0,0.994941,0.0183486
221147,POLYETHYLENE GLYCOL 3350,5521,Hydroxychloroquine,10038435,Renal failure,1,108,12,1078,0.833333,1.03597,0.00917431
221147,POLYETHYLENE GLYCOL 3350,5521,Hydroxychloroquine,10038436,Renal failure acute,4,105,13,1077,3.07692,0.562878,0.0366972
221147,POLYETHYLENE GLYCOL 3350,5521,Hydroxychloroquine,10013990,Dysuria,1,108,3,1087,3.33333,1.15032,0.00917431
221147,POLYETHYLENE GLYCOL 3350,5521,Hydroxychloroquine,10046555,Urinary retention,1,108,3,1087,3.33333,1.15032,0.00917431
221147,POLYETHYLENE GLYCOL 3350,5521,Hydroxychloroquine,10037032,Proteinuria,1,108,2,1088,5.0,1.22062,0.00917431
221147,POLYETHYLENE GLYCOL 3350,5521,Hydroxychloroquine,10069339,Acute kidney injury,1,108,1,1089,10.0,1.41064,0.00917431
221147,POLYETHYLENE GLYCOL 3350,5521,Hydroxychloroquine,10046910,Vaginal haemorrhage,1,108,3,1087,3.33333,1.15032,0.00917431
221147,POLYETHYLENE GLYCOL 3350,5521,Hydroxychloroquine,10009033,Chronic obstructive pulmonary disease,2,107,3,1087,6.66667,0.907327,0.0183486
221147,POLYETHYLENE GLYCOL 3350,5521,Hydroxychloroquine,10047924,Wheezing,1,108,3,1087,3.33333,1.15032,0.00917431
221147,POLYETHYLENE GLYCOL 3350,5521,Hydroxychloroquine,10035618,Pleurisy,1,108,1,1089,10.0,1.41064,0.00917431
221147,POLYETHYLENE GLYCOL 3350,5521,Hydroxychloroquine,10035598,Pleural effusion,1,108,6,1084,1.66667,1.07544,0.00917431
221147,POLYETHYLENE GLYCOL 3350,5521,Hydroxychloroquine,10037377,Pulmonary embolism,2,107,14,1076,1.42857,0.749224,0.0183486
221147,POLYETHYLENE GLYCOL 3350,5521,Hydroxychloroquine,10038687,Respiratory distress,2,107,6,1084,3.33333,0.810293,0.0183486
221147,POLYETHYLENE GLYCOL 3350,5521,Hydroxychloroquine,10011224,Cough,3,106,15,1075,2.0,0.624426,0.0275229
221147,POLYETHYLENE GLYCOL 3350,5521,Hydroxychloroquine,10036790,Productive cough,1,108,2,1088,5.0,1.22062,0.00917431
221147,POLYETHYLENE GLYCOL 3350,5521,Hydroxychloroquine,10015090,Epistaxis,1,108,4,1086,2.5,1.11351,0.00917431
221147,POLYETHYLENE GLYCOL 3350,5521,Hydroxychloroquine,10034829,Pharyngeal oedema,2,107,4,1086,5.0,0.860179,0.0183486
221147,POLYETHYLENE GLYCOL 3350,5521,Hydroxychloroquine,10033474,Pain of skin,1,108,1,1089,10.0,1.41064,0.00917431
221147,POLYETHYLENE GLYCOL 3350,5521,Hydroxychloroquine,10042682,Swelling face,1,108,7,1083,1.42857,1.06431,0.00917431
221147,POLYETHYLENE GLYCOL 3350,5521,Hydroxychloroquine,10015150,Erythema,1,108,14,1076,0.714286,1.03021,0.00917431
221147,POLYETHYLENE GLYCOL 3350,5521,Hydroxychloroquine,10051576,Generalised erythema,1,108,1,1089,10.0,1.41064,0.00917431
221147,POLYETHYLENE GLYCOL 3350,5521,Hydroxychloroquine,10037855,Rash erythematous,1,108,5,1085,2.0,1.09083,0.00917431
221147,POLYETHYLENE GLYCOL 3350,5521,Hydroxychloroquine,10037087,Pruritus,4,105,21,1069,1.90476,0.536216,0.0366972
221147,POLYETHYLENE GLYCOL 3350,5521,Hydroxychloroquine,10037844,Rash,5,104,18,1072,2.77778,0.495443,0.0458716
221147,POLYETHYLENE GLYCOL 3350,5521,Hydroxychloroquine,10001760,Alopecia,1,108,5,1085,2.0,1.09083,0.00917431
221147,POLYETHYLENE GLYCOL 3350,5521,Hydroxychloroquine,10061114,Economic problem,2,107,2,1088,10.0,0.994941,0.0183486
221147,POLYETHYLENE GLYCOL 3350,5521,Hydroxychloroquine,10050954,Activities of daily living impaired,2,107,5,1085,4.0,0.830607,0.0183486
221147,POLYETHYLENE GLYCOL 3350,5521,Hydroxychloroquine,10050778,Walking aid user,1,108,1,1089,10.0,1.41064,0.00917431
221147,POLYETHYLENE GLYCOL 3350,5521,Hydroxychloroquine,10051055,Deep vein thrombosis,1,108,7,1083,1.42857,1.06431,0.00917431
221147,POLYETHYLENE GLYCOL 3350,5521,Hydroxychloroquine,10069889,Product adhesion issue,2,107,1,1089,20.0,1.22062,0.0183486
221147,POLYETHYLENE GLYCOL 3350,5521,Hydroxychloroquine,10070863,Toxicity to various agents,1,108,4,1086,2.5,1.11351,0.00917431
221147,POLYETHYLENE GLYCOL 3350,5521,Hydroxychloroquine,10022052,Injection site bruising,1,108,2,1088,5.0,1.22062,0.00917431
10324,Tamoxifen,8640,Prednisone,10002034,Anaemia,18,123,11,1399,16.3636,0.372375,0.12766
10324,Tamoxifen,8640,Prednisone,10033661,Pancytopenia,5,136,4,1406,12.5,0.66498,0.035461
10324,Tamoxifen,8640,Prednisone,10014080,Ecchymosis,3,138,1,1409,30.0,1.15132,0.0212766
10324,Tamoxifen,8640,Prednisone,10009802,Coagulopathy,1,140,2,1408,5.0,1.22156,0.0070922
10324,Tamoxifen,8640,Prednisone,10023126,Jaundice,2,139,4,1406,5.0,0.86151,0.0141844
10324,Tamoxifen,8640,Prednisone,10024288,Leukaemia,2,139,1,1409,20.0,1.22156,0.0141844
10324,Tamoxifen,8640,Prednisone,10000880,Acute myeloid leukaemia,1,140,2,1408,5.0,1.22156,0.0070922
10324,Tamoxifen,8640,Prednisone,10025310,Lymphoma,5,136,1,1409,50.0,1.09188,0.035461
10324,Tamoxifen,8640,Prednisone,10043554,Thrombocytopenia,10,131,12,1398,8.33333,0.418965,0.070922
10324,Tamoxifen,8640,Prednisone,10036051,Polycythaemia,1,140,1,1409,10.0,1.41145,0.0070922
10324,Tamoxifen,8640,Prednisone,10025197,Lymphadenopathy,8,133,5,1405,16.0,0.563204,0.0567376
10324,Tamoxifen,8640,Prednisone,10027459,Metastases to lymph nodes,1,140,1,1409,10.0,1.41145,0.0070922
10324,Tamoxifen,8640,Prednisone,10041660,Splenomegaly,4,137,1,1409,40.0,1.11454,0.0283688
10324,Tamoxifen,8640,Prednisone,10024378,Leukocytosis,2,139,2,1408,10.0,0.996092,0.0141844
10324,Tamoxifen,8640,Prednisone,10024384,Leukopenia,8,133,3,1407,26.6667,0.671217,0.0567376
10324,Tamoxifen,8640,Prednisone,10001507,Agranulocytosis,3,138,2,1408,15.0,0.908588,0.0212766
10324,Tamoxifen,8640,Prednisone,10016288,Febrile neutropenia,4,137,8,1402,5.0,0.605969,0.0283688
10324,Tamoxifen,8640,Prednisone,10029354,Neutropenia,3,138,8,1402,3.75,0.671217,0.0212766
10324,Tamoxifen,8640,Prednisone,10003119,Arrhythmia,1,140,2,1408,5.0,1.22156,0.0070922
10324,Tamoxifen,8640,Prednisone,10049447,Tachyarrhythmia,1,140,1,1409,10.0,1.41145,0.0070922
10324,Tamoxifen,8640,Prednisone,10043071,Tachycardia,5,136,10,1400,5.0,0.540554,0.035461
10324,Tamoxifen,8640,Prednisone,10003658,Atrial fibrillation,2,139,11,1399,1.81818,0.763615,0.0141844
10324,Tamoxifen,8640,Prednisone,10003662,Atrial flutter,1,140,1,1409,10.0,1.41145,0.0070922
10324,Tamoxifen,8640,Prednisone,10040739,Sinus arrhythmia,1,140,2,1408,5.0,1.22156,0.0070922
10324,Tamoxifen,8640,Prednisone,10040741,Sinus bradycardia,1,140,2,1408,5.0,1.22156,0.0070922
10324,Tamoxifen,8640,Prednisone,10040752,Sinus tachycardia,5,136,2,1408,25.0,0.831985,0.035461
10324,Tamoxifen,8640,Prednisone,10047289,Ventricular extrasystoles,1,140,3,1407,3.33333,1.15132,0.0070922
10324,Tamoxifen,8640,Prednisone,10061024,Cardiac disorder,1,140,10,1400,1.0,1.04508,0.0070922
10324,Tamoxifen,8640,Prednisone,10013573,Dizziness,9,132,36,1374,2.5,0.36206,0.0638298
10324,Tamoxifen,8640,Prednisone,10033557,Palpitations,2,139,5,1405,4.0,0.831985,0.0141844
10324,Tamoxifen,8640,Prednisone,10042772,Syncope,1,140,9,1401,1.11111,1.05039,0.0070922
10324,Tamoxifen,8640,Prednisone,10013968,Dyspnoea,18,123,37,1373,4.86486,0.273461,0.12766
10324,Tamoxifen,8640,Prednisone,10013971,Dyspnoea exertional,3,138,1,1409,30.0,1.15132,0.0212766
10324,Tamoxifen,8640,Prednisone,10013974,Dyspnoea paroxysmal nocturnal,2,139,1,1409,20.0,1.22156,0.0141844
10324,Tamoxifen,8640,Prednisone,10031123,Orthopnoea,2,139,3,1407,6.66667,0.908588,0.0141844
10324,Tamoxifen,8640,Prednisone,10061406,Cardiac valve disease,1,140,4,1406,2.5,1.11454,0.0070922
10324,Tamoxifen,8640,Prednisone,10027727,Mitral valve incompetence,6,135,1,1409,60.0,1.07651,0.0425532
10324,Tamoxifen,8640,Prednisone,10044640,Tricuspid valve incompetence,4,137,1,1409,40.0,1.11454,0.0283688
10324,Tamoxifen,8640,Prednisone,10011078,Coronary artery disease,3,138,8,1402,3.75,0.671217,0.0212766
10324,Tamoxifen,8640,Prednisone,10011086,Coronary artery occlusion,1,140,2,1408,5.0,1.22156,0.0070922
10324,Tamoxifen,8640,Prednisone,10011089,Coronary artery stenosis,1,140,1,1409,10.0,1.41145,0.0070922
10324,Tamoxifen,8640,Prednisone,10000891,Acute myocardial infarction,1,140,4,1406,2.5,1.11454,0.0070922
10324,Tamoxifen,8640,Prednisone,10002383,Angina pectoris,2,139,1,1409,20.0,1.22156,0.0141844
10324,Tamoxifen,8640,Prednisone,10008469,Chest discomfort,4,137,11,1399,3.63636,0.577155,0.0283688
10324,Tamoxifen,8640,Prednisone,10008479,Chest pain,7,134,29,1381,2.41379,0.411751,0.0496454
10324,Tamoxifen,8640,Prednisone,10028596,Myocardial infarction,2,139,30,1380,0.666667,0.724936,0.0141844
10324,Tamoxifen,8640,Prednisone,10028600,Myocardial ischaemia,2,139,2,1408,10.0,0.996092,0.0141844
10324,Tamoxifen,8640,Prednisone,10003445,Ascites,3,138,3,1407,10.0,0.811705,0.0212766
10324,Tamoxifen,8640,Prednisone,10016803,Fluid overload,2,139,1,1409,20.0,1.22156,0.0141844
10324,Tamoxifen,8640,Prednisone,10030124,Oedema peripheral,14,127,17,1393,8.23529,0.34993,0.0992908
10324,Tamoxifen,8640,Prednisone,10007559,Cardiac failure congestive,7,134,12,1398,5.83333,0.467321,0.0496454
10324,Tamoxifen,8640,Prednisone,10007632,Cardiomegaly,3,138,2,1408,15.0,0.908588,0.0212766
10324,Tamoxifen,8640,Prednisone,10049773,Left ventricular hypertrophy,1,140,1,1409,10.0,1.41145,0.0070922
10324,Tamoxifen,8640,Prednisone,10059056,Ventricular dysfunction,1,140,1,1409,10.0,1.41145,0.0070922
10324,Tamoxifen,8640,Prednisone,10034474,Pericardial effusion,2,139,1,1409,20.0,1.22156,0.0141844
10324,Tamoxifen,8640,Prednisone,10014011,Ear infection,2,139,2,1408,10.0,0.996092,0.0141844
10324,Tamoxifen,8640,Prednisone,10014020,Ear pain,2,139,2,1408,10.0,0.996092,0.0141844
10324,Tamoxifen,8640,Prednisone,10011878,Deafness,1,140,2,1408,5.0,1.22156,0.0070922
10324,Tamoxifen,8640,Prednisone,10047340,Vertigo,4,137,8,1402,5.0,0.605969,0.0283688
10324,Tamoxifen,8640,Prednisone,10011655,Cushingoid,1,140,1,1409,10.0,1.41145,0.0070922
10324,Tamoxifen,8640,Prednisone,10018800,Gynaecomastia,2,139,1,1409,20.0,1.22156,0.0141844
10324,Tamoxifen,8640,Prednisone,10012601,Diabetes mellitus,2,139,9,1401,2.22222,0.77673,0.0141844
10324,Tamoxifen,8640,Prednisone,10067585,Type 2 diabetes mellitus,2,139,1,1409,20.0,1.22156,0.0141844
10324,Tamoxifen,8640,Prednisone,10020635,Hyperglycaemia,3,138,2,1408,15.0,0.908588,0.0212766
10324,Tamoxifen,8640,Prednisone,10020993,Hypoglycaemia,1,140,2,1408,5.0,1.22156,0.0070922
10324,Tamoxifen,8640,Prednisone,10020583,Hypercalcaemia,3,138,1,1409,30.0,1.15132,0.0212766
10324,Tamoxifen,8640,Prednisone,10020850,Hyperthyroidism,2,139,1,1409,20.0,1.22156,0.0141844
10324,Tamoxifen,8640,Prednisone,10021114,Hypothyroidism,2,139,6,1404,3.33333,0.811705,0.0141844
10324,Tamoxifen,8640,Prednisone,10066474,Thyroid cancer,1,140,1,1409,10.0,1.41145,0.0070922
10324,Tamoxifen,8640,Prednisone,10043744,Thyroid neoplasm,2,139,1,1409,20.0,1.22156,0.0141844
10324,Tamoxifen,8640,Prednisone,10007739,Cataract,5,136,7,1403,7.14286,0.57884,0.035461
10324,Tamoxifen,8640,Prednisone,10015916,Eye disorder,2,139,1,1409,20.0,1.22156,0.0141844
10324,Tamoxifen,8640,Prednisone,10058117,Ocular icterus,1,140,1,1409,10.0,1.41145,0.0070922
10324,Tamoxifen,8640,Prednisone,10018304,Glaucoma,1,140,1,1409,10.0,1.41145,0.0070922
10324,Tamoxifen,8640,Prednisone,10010719,Conjunctival haemorrhage,3,138,1,1409,30.0,1.15132,0.0212766
10324,Tamoxifen,8640,Prednisone,10010741,Conjunctivitis,1,140,2,1408,5.0,1.22156,0.0070922
10324,Tamoxifen,8640,Prednisone,10005148,Blepharitis,1,140,1,1409,10.0,1.41145,0.0070922
10324,Tamoxifen,8640,Prednisone,10015995,Eyelid ptosis,2,139,4,1406,5.0,0.86151,0.0141844
10324,Tamoxifen,8640,Prednisone,10047650,Vitreous detachment,1,140,2,1408,5.0,1.22156,0.0070922
10324,Tamoxifen,8640,Prednisone,10047531,Visual acuity reduced,1,140,6,1404,1.66667,1.07651,0.0070922
10324,Tamoxifen,8640,Prednisone,10028651,Myopia,1,140,1,1409,10.0,1.41145,0.0070922
10324,Tamoxifen,8640,Prednisone,10013036,Diplopia,2,139,2,1408,10.0,0.996092,0.0141844
10324,Tamoxifen,8640,Prednisone,10047513,Vision blurred,7,134,8,1402,8.75,0.509957,0.0496454
10324,Tamoxifen,8640,Prednisone,10047571,Visual impairment,3,138,6,1404,5.0,0.701569,0.0212766
10324,Tamoxifen,8640,Prednisone,10020028,Hiatus hernia,9,132,2,1408,45.0,0.77673,0.0638298
10324,Tamoxifen,8640,Prednisone,10068286,Anorectal discomfort,1,140,1,1409,10.0,1.41145,0.0070922
10324,Tamoxifen,8640,Prednisone,10012318,Dental caries,5,136,4,1406,12.5,0.66498,0.035461
10324,Tamoxifen,8640,Prednisone,10034539,Periodontitis,3,138,1,1409,30.0,1.15132,0.0212766
10324,Tamoxifen,8640,Prednisone,10048762,Tooth infection,3,138,3,1407,10.0,0.811705,0.0212766
10324,Tamoxifen,8640,Prednisone,10044034,Tooth disorder,5,136,5,1405,10.0,0.626258,0.035461
10324,Tamoxifen,8640,Prednisone,10062544,Tooth fracture,2,139,1,1409,20.0,1.22156,0.0141844
10324,Tamoxifen,8640,Prednisone,10040012,Sensitivity of teeth,1,140,1,1409,10.0,1.41145,0.0070922
10324,Tamoxifen,8640,Prednisone,10044055,Toothache,6,135,2,1408,30.0,0.811705,0.0425532
10324,Tamoxifen,8640,Prednisone,10044032,Tooth discolouration,2,139,2,1408,10.0,0.996092,0.0141844
10324,Tamoxifen,8640,Prednisone,10018276,Gingival bleeding,3,138,2,1408,15.0,0.908588,0.0212766
10324,Tamoxifen,8640,Prednisone,10018286,Gingival pain,5,136,1,1409,50.0,1.09188,0.035461
10324,Tamoxifen,8640,Prednisone,10013538,Diverticulitis,1,140,1,1409,10.0,1.41145,0.0070922
10324,Tamoxifen,8640,Prednisone,10033645,Pancreatitis,1,140,9,1401,1.11111,1.05039,0.0070922
10324,Tamoxifen,8640,Prednisone,10056819,Gastric disorder,1,140,3,1407,3.33333,1.15132,0.0070922
10324,Tamoxifen,8640,Prednisone,10017944,Gastrointestinal disorder,1,140,7,1403,1.42857,1.06539,0.0070922
10324,Tamoxifen,8640,Prednisone,10038063,Rectal haemorrhage,1,140,2,1408,5.0,1.22156,0.0070922
10324,Tamoxifen,8640,Prednisone,10017955,Gastrointestinal haemorrhage,3,138,3,1407,10.0,0.811705,0.0212766
10324,Tamoxifen,8640,Prednisone,10018830,Haematemesis,2,139,2,1408,10.0,0.996092,0.0141844
10324,Tamoxifen,8640,Prednisone,10018836,Haematochezia,1,140,1,1409,10.0,1.41145,0.0070922
10324,Tamoxifen,8640,Prednisone,10046274,Upper gastrointestinal haemorrhage,1,140,1,1409,10.0,1.41145,0.0070922
10324,Tamoxifen,8640,Prednisone,10009657,Clostridium difficile colitis,2,139,1,1409,20.0,1.22156,0.0141844
10324,Tamoxifen,8640,Prednisone,10009887,Colitis,2,139,1,1409,20.0,1.22156,0.0141844
10324,Tamoxifen,8640,Prednisone,10017853,Gastritis,3,138,2,1408,15.0,0.908588,0.0212766
10324,Tamoxifen,8640,Prednisone,10012735,Diarrhoea,18,123,35,1375,5.14286,0.276271,0.12766
10324,Tamoxifen,8640,Prednisone,10010774,Constipation,10,131,8,1402,12.5,0.466046,0.070922
10324,Tamoxifen,8640,Prednisone,10017885,Gastrooesophageal reflux disease,13,128,5,1405,26.0,0.518769,0.0921986
10324,Tamoxifen,8640,Prednisone,10063541,Bowel movement irregularity,1,140,1,1409,10.0,1.41145,0.0070922
10324,Tamoxifen,8640,Prednisone,10023003,Irritable bowel syndrome,2,139,1,1409,20.0,1.22156,0.0141844
10324,Tamoxifen,8640,Prednisone,10013946,Dyspepsia,4,137,6,1404,6.66667,0.639426,0.0283688
10324,Tamoxifen,8640,Prednisone,10000060,Abdominal distension,4,137,2,1408,20.0,0.86151,0.0283688
10324,Tamoxifen,8640,Prednisone,10000081,Abdominal pain,8,133,16,1394,5.0,0.423909,0.0567376
10324,Tamoxifen,8640,Prednisone,10000084,Abdominal pain lower,1,140,3,1407,3.33333,1.15132,0.0070922
10324,Tamoxifen,8640,Prednisone,10000087,Abdominal pain upper,4,137,10,1400,4.0,0.584977,0.0283688
10324,Tamoxifen,8640,Prednisone,10000059,Abdominal discomfort,3,138,8,1402,3.75,0.671217,0.0212766
10324,Tamoxifen,8640,Prednisone,10049866,Aphagia,1,140,1,1409,10.0,1.41145,0.0070922
10324,Tamoxifen,8640,Prednisone,10013950,Dysphagia,8,133,10,1400,8.0,0.466046,0.0567376
10324,Tamoxifen,8640,Prednisone,10016092,Faecal incontinence,2,139,1,1409,20.0,1.22156,0.0141844
10324,Tamoxifen,8640,Prednisone,10063743,Hypophagia,3,138,3,1407,10.0,0.811705,0.0212766
10324,Tamoxifen,8640,Prednisone,10021639,Incontinence,1,140,1,1409,10.0,1.41145,0.0070922
10324,Tamoxifen,8640,Prednisone,10034263,Pelvic pain,2,139,1,1409,20.0,1.22156,0.0141844
10324,Tamoxifen,8640,Prednisone,10028813,Nausea,14,127,58,1352,2.41379,0.284374,0.0992908
10324,Tamoxifen,8640,Prednisone,10038776,Retching,2,139,2,1408,10.0,0.996092,0.0141844
10324,Tamoxifen,8640,Prednisone,10047700,Vomiting,17,124,40,1370,4.25,0.275721,0.120567
10324,Tamoxifen,8640,Prednisone,10041101,Small intestinal obstruction,1,140,2,1408,5.0,1.22156,0.0070922
10324,Tamoxifen,8640,Prednisone,10022687,Intestinal obstruction,5,136,3,1407,16.6667,0.724936,0.035461
10324,Tamoxifen,8640,Prednisone,10017865,Gastritis erosive,3,138,1,1409,30.0,1.15132,0.0212766
10324,Tamoxifen,8640,Prednisone,10019022,Haemorrhoids,1,140,2,1408,5.0,1.22156,0.0070922
10324,Tamoxifen,8640,Prednisone,10023681,Lactose intolerance,1,140,1,1409,10.0,1.41145,0.0070922
10324,Tamoxifen,8640,Prednisone,10009944,Colon cancer,3,138,1,1409,30.0,1.15132,0.0212766
10324,Tamoxifen,8640,Prednisone,10051676,Metastases to peritoneum,1,140,1,1409,10.0,1.41145,0.0070922
10324,Tamoxifen,8640,Prednisone,10067621,Oral disorder,3,138,2,1408,15.0,0.908588,0.0212766
10324,Tamoxifen,8640,Prednisone,10030963,Oral candidiasis,1,140,2,1408,5.0,1.22156,0.0070922
10324,Tamoxifen,8640,Prednisone,10048685,Oral infection,3,138,1,1409,30.0,1.15132,0.0212766
10324,Tamoxifen,8640,Prednisone,10031009,Oral pain,3,138,1,1409,30.0,1.15132,0.0212766
10324,Tamoxifen,8640,Prednisone,10057372,Paraesthesia oral,1,140,2,1408,5.0,1.22156,0.0070922
10324,Tamoxifen,8640,Prednisone,10030973,Oral discomfort,1,140,1,1409,10.0,1.41145,0.0070922
10324,Tamoxifen,8640,Prednisone,10068319,Oropharyngeal pain,2,139,5,1405,4.0,0.831985,0.0141844
10324,Tamoxifen,8640,Prednisone,10028034,Mouth ulceration,1,140,3,1407,3.33333,1.15132,0.0070922
10324,Tamoxifen,8640,Prednisone,10042128,Stomatitis,4,137,6,1404,6.66667,0.639426,0.0283688
10324,Tamoxifen,8640,Prednisone,10034674,Peritonitis,2,139,2,1408,10.0,0.996092,0.0141844
10324,Tamoxifen,8640,Prednisone,10000050,Abdominal adhesions,1,140,1,1409,10.0,1.41145,0.0070922
10324,Tamoxifen,8640,Prednisone,10013911,Dysgeusia,4,137,3,1407,13.3333,0.758638,0.0283688
10324,Tamoxifen,8640,Prednisone,10042101,Stomach discomfort,1,140,1,1409,10.0,1.41145,0.0070922
10324,Tamoxifen,8640,Prednisone,10061326,Oral soft tissue disorder,1,140,1,1409,10.0,1.41145,0.0070922
10324,Tamoxifen,8640,Prednisone,10003041,Application site erythema,1,140,5,1405,2.0,1.09188,0.0070922
10324,Tamoxifen,8640,Prednisone,10022086,Injection site pain,4,137,30,1380,1.33333,0.524911,0.0283688
10324,Tamoxifen,8640,Prednisone,10022093,Injection site pruritus,1,140,10,1400,1.0,1.04508,0.0070922
10324,Tamoxifen,8640,Prednisone,10022095,Injection site reaction,1,140,8,1402,1.25,1.05698,0.0070922
10324,Tamoxifen,8640,Prednisone,10037660,Pyrexia,5,136,28,1382,1.78571,0.477402,0.035461
10324,Tamoxifen,8640,Prednisone,10011906,Death,8,133,61,1349,1.31148,0.365502,0.0567376
10324,Tamoxifen,8640,Prednisone,10003549,Asthenia,15,126,28,1382,5.35714,0.307538,0.106383
10324,Tamoxifen,8640,Prednisone,10016256,Fatigue,18,123,45,1365,4.0,0.26453,0.12766
10324,Tamoxifen,8640,Prednisone,10024264,Lethargy,3,138,13,1397,2.30769,0.634393,0.0212766
10324,Tamoxifen,8640,Prednisone,10025482,Malaise,5,136,33,1377,1.51515,0.471701,0.035461
10324,Tamoxifen,8640,Prednisone,10008531,Chills,3,138,10,1400,3.0,0.652328,0.0212766
10324,Tamoxifen,8640,Prednisone,10016322,Feeling abnormal,3,138,22,1388,1.36364,0.609087,0.0212766
10324,Tamoxifen,8640,Prednisone,10016334,Feeling hot,5,136,6,1404,8.33333,0.599054,0.035461
10324,Tamoxifen,8640,Prednisone,10003591,Ataxia,1,140,2,1408,5.0,1.22156,0.0070922
10324,Tamoxifen,8640,Prednisone,10017577,Gait disturbance,13,128,19,1391,6.84211,0.348932,0.0921986
10324,Tamoxifen,8640,Prednisone,10010264,Condition aggravated,2,139,13,1397,1.53846,0.754402,0.0141844
10324,Tamoxifen,8640,Prednisone,10061818,Disease progression,1,140,10,1400,1.0,1.04508,0.0070922
10324,Tamoxifen,8640,Prednisone,10016825,Flushing,2,139,20,1390,1.0,0.736341,0.0141844
10324,Tamoxifen,8640,Prednisone,10049438,General physical health deterioration,5,136,9,1401,5.55556,0.550736,0.035461
10324,Tamoxifen,8640,Prednisone,10060800,Hot flush,5,136,6,1404,8.33333,0.599054,0.035461
10324,Tamoxifen,8640,Prednisone,10022004,Influenza like illness,1,140,7,1403,1.42857,1.06539,0.0070922
10324,Tamoxifen,8640,Prednisone,10024770,Local swelling,2,139,5,1405,4.0,0.831985,0.0141844
10324,Tamoxifen,8640,Prednisone,10048334,Mobility decreased,1,140,7,1403,1.42857,1.06539,0.0070922
10324,Tamoxifen,8640,Prednisone,10048919,Performance status decreased,1,140,1,1409,10.0,1.41145,0.0070922
10324,Tamoxifen,8640,Prednisone,10037569,Purulent discharge,4,137,1,1409,40.0,1.11454,0.0283688
10324,Tamoxifen,8640,Prednisone,10042674,Swelling,6,135,9,1401,6.66667,0.519592,0.0425532
10324,Tamoxifen,8640,Prednisone,10048629,Wound secretion,3,138,2,1408,15.0,0.908588,0.0212766
10324,Tamoxifen,8640,Prednisone,10061218,Inflammation,3,138,2,1408,15.0,0.908588,0.0212766
10324,Tamoxifen,8640,Prednisone,10028116,Mucosal inflammation,3,138,2,1408,15.0,0.908588,0.0212766
10324,Tamoxifen,8640,Prednisone,10016029,Face oedema,1,140,3,1407,3.33333,1.15132,0.0070922
10324,Tamoxifen,8640,Prednisone,10030095,Oedema,6,135,6,1404,10.0,0.570554,0.0425532
10324,Tamoxifen,8640,Prednisone,10033371,Pain,22,119,58,1352,3.7931,0.234296,0.156028
10324,Tamoxifen,8640,Prednisone,10064882,Procedural pain,1,140,2,1408,5.0,1.22156,0.0070922
10324,Tamoxifen,8640,Prednisone,10043224,Tenderness,1,140,1,1409,10.0,1.41145,0.0070922
10324,Tamoxifen,8640,Prednisone,10061623,Adverse drug reaction,1,140,4,1406,2.5,1.11454,0.0070922
10324,Tamoxifen,8640,Prednisone,10060933,Adverse event,2,139,9,1401,2.22222,0.77673,0.0141844
10324,Tamoxifen,8640,Prednisone,10013709,Drug ineffective,6,135,78,1332,0.769231,0.41435,0.0425532
10324,Tamoxifen,8640,Prednisone,10061822,Drug intolerance,2,139,3,1407,6.66667,0.908588,0.0141844
10324,Tamoxifen,8640,Prednisone,10059866,Drug resistance,1,140,1,1409,10.0,1.41145,0.0070922
10324,Tamoxifen,8640,Prednisone,10063670,No therapeutic response,1,140,4,1406,2.5,1.11454,0.0070922
10324,Tamoxifen,8640,Prednisone,10021519,Impaired healing,3,138,2,1408,15.0,0.908588,0.0212766
10324,Tamoxifen,8640,Prednisone,10026865,Mass,1,140,1,1409,10.0,1.41145,0.0070922
10324,Tamoxifen,8640,Prednisone,10045285,Ulcer,1,140,1,1409,10.0,1.41145,0.0070922
10324,Tamoxifen,8640,Prednisone,10051327,Pharmaceutical product complaint,2,139,4,1406,5.0,0.86151,0.0141844
10324,Tamoxifen,8640,Prednisone,10008612,Cholecystitis,3,138,1,1409,30.0,1.15132,0.0212766
10324,Tamoxifen,8640,Prednisone,10008629,Cholelithiasis,5,136,6,1404,8.33333,0.599054,0.035461
10324,Tamoxifen,8640,Prednisone,10017626,Gallbladder disorder,1,140,4,1406,2.5,1.11454,0.0070922
10324,Tamoxifen,8640,Prednisone,10024670,Liver disorder,1,140,2,1408,5.0,1.22156,0.0070922
10324,Tamoxifen,8640,Prednisone,10020942,Hypoalbuminaemia,3,138,2,1408,15.0,0.908588,0.0212766
10324,Tamoxifen,8640,Prednisone,10019641,Hepatic cirrhosis,1,140,2,1408,5.0,1.22156,0.0070922
10324,Tamoxifen,8640,Prednisone,10019744,Hepatitis C,2,139,3,1407,6.66667,0.908588,0.0141844
10324,Tamoxifen,8640,Prednisone,10019708,Hepatic steatosis,6,135,3,1407,20.0,0.701569,0.0425532
10324,Tamoxifen,8640,Prednisone,10019851,Hepatotoxicity,1,140,2,1408,5.0,1.22156,0.0070922
10324,Tamoxifen,8640,Prednisone,10027457,Metastases to liver,3,138,1,1409,30.0,1.15132,0.0212766
10324,Tamoxifen,8640,Prednisone,10003553,Asthma,5,136,4,1406,12.5,0.66498,0.035461
10324,Tamoxifen,8640,Prednisone,10042033,Stevens-Johnson syndrome,1,140,4,1406,2.5,1.11454,0.0070922
10324,Tamoxifen,8640,Prednisone,10012455,Dermatitis exfoliative,1,140,3,1407,3.33333,1.15132,0.0070922
10324,Tamoxifen,8640,Prednisone,10013700,Drug hypersensitivity,1,140,9,1401,1.11111,1.05039,0.0070922
10324,Tamoxifen,8640,Prednisone,10044223,Toxic epidermal necrolysis,1,140,2,1408,5.0,1.22156,0.0070922
10324,Tamoxifen,8640,Prednisone,10039085,Rhinitis allergic,1,140,2,1408,5.0,1.22156,0.0070922
10324,Tamoxifen,8640,Prednisone,10046735,Urticaria,1,140,7,1403,1.42857,1.06539,0.0070922
10324,Tamoxifen,8640,Prednisone,10042945,Systemic lupus erythematosus,1,140,3,1407,3.33333,1.15132,0.0070922
10324,Tamoxifen,8640,Prednisone,10039073,Rheumatoid arthritis,2,139,6,1404,3.33333,0.811705,0.0141844
10324,Tamoxifen,8640,Prednisone,10021425,Immune system disorder,1,140,1,1409,10.0,1.41145,0.0070922
10324,Tamoxifen,8640,Prednisone,10020161,HIV infection,1,140,1,1409,10.0,1.41145,0.0070922
10324,Tamoxifen,8640,Prednisone,10060945,Bacterial infection,1,140,1,1409,10.0,1.41145,0.0070922
10324,Tamoxifen,8640,Prednisone,10007882,Cellulitis,9,132,5,1405,18.0,0.550736,0.0638298
10324,Tamoxifen,8640,Prednisone,10061126,Escherichia infection,1,140,1,1409,10.0,1.41145,0.0070922
10324,Tamoxifen,8640,Prednisone,10035734,Pneumonia staphylococcal,1,140,2,1408,5.0,1.22156,0.0070922
10324,Tamoxifen,8640,Prednisone,10017533,Fungal infection,1,140,1,1409,10.0,1.41145,0.0070922
10324,Tamoxifen,8640,Prednisone,10031252,Osteomyelitis,11,130,1,1409,110.0,1.04072,0.0780142
10324,Tamoxifen,8640,Prednisone,10000269,Abscess,3,138,1,1409,30.0,1.15132,0.0212766
10324,Tamoxifen,8640,Prednisone,10064687,Device related infection,5,136,2,1408,25.0,0.831985,0.035461
10324,Tamoxifen,8640,Prednisone,10021789,Infection,7,134,10,1400,7.0,0.484825,0.0496454
10324,Tamoxifen,8640,Prednisone,10024774,Localised infection,1,140,1,1409,10.0,1.41145,0.0070922
10324,Tamoxifen,8640,Prednisone,10048038,Wound infection,1,140,2,1408,5.0,1.22156,0.0070922
10324,Tamoxifen,8640,Prednisone,10006451,Bronchitis,8,133,5,1405,16.0,0.563204,0.0567376
10324,Tamoxifen,8640,Prednisone,10061229,Lung infection,1,140,1,1409,10.0,1.41145,0.0070922
10324,Tamoxifen,8640,Prednisone,10035664,Pneumonia,14,127,21,1389,6.66667,0.333536,0.0992908
10324,Tamoxifen,8640,Prednisone,10003997,Bacteraemia,1,140,1,1409,10.0,1.41145,0.0070922
10324,Tamoxifen,8640,Prednisone,10040047,Sepsis,6,135,10,1400,6.0,0.508788,0.0425532
10324,Tamoxifen,8640,Prednisone,10040070,Septic shock,3,138,2,1408,15.0,0.908588,0.0212766
10324,Tamoxifen,8640,Prednisone,10009137,Chronic sinusitis,1,140,1,1409,10.0,1.41145,0.0070922
10324,Tamoxifen,8640,Prednisone,10028810,Nasopharyngitis,2,139,9,1401,2.22222,0.77673,0.0141844
10324,Tamoxifen,8640,Prednisone,10039083,Rhinitis,1,140,1,1409,10.0,1.41145,0.0070922
10324,Tamoxifen,8640,Prednisone,10040753,Sinusitis,5,136,7,1403,7.14286,0.57884,0.035461
10324,Tamoxifen,8640,Prednisone,10011781,Cystitis,1,140,1,1409,10.0,1.41145,0.0070922
10324,Tamoxifen,8640,Prednisone,10046571,Urinary tract infection,8,133,11,1399,7.27273,0.456188,0.0567376
10324,Tamoxifen,8640,Prednisone,10019948,Herpes simplex,1,140,1,1409,10.0,1.41145,0.0070922
10324,Tamoxifen,8640,Prednisone,10019974,Herpes zoster,4,137,6,1404,6.66667,0.639426,0.0283688
10324,Tamoxifen,8640,Prednisone,10022000,Influenza,2,139,7,1403,2.85714,0.796904,0.0141844
10324,Tamoxifen,8640,Prednisone,10047461,Viral infection,1,140,2,1408,5.0,1.22156,0.0070922
10324,Tamoxifen,8640,Prednisone,10010214,Compression fracture,5,136,1,1409,50.0,1.09188,0.035461
10324,Tamoxifen,8640,Prednisone,10060820,Joint injury,1,140,1,1409,10.0,1.41145,0.0070922
10324,Tamoxifen,8640,Prednisone,10061225,Limb injury,1,140,2,1408,5.0,1.22156,0.0070922
10324,Tamoxifen,8640,Prednisone,10039227,Rotator cuff syndrome,2,139,1,1409,20.0,1.22156,0.0141844
10324,Tamoxifen,8640,Prednisone,10016450,Femoral neck fracture,1,140,3,1407,3.33333,1.15132,0.0070922
10324,Tamoxifen,8640,Prednisone,10016454,Femur fracture,3,138,3,1407,10.0,0.811705,0.0212766
10324,Tamoxifen,8640,Prednisone,10016970,Foot fracture,2,139,1,1409,20.0,1.22156,0.0141844
10324,Tamoxifen,8640,Prednisone,10041541,Spinal compression fracture,4,137,1,1409,40.0,1.11454,0.0283688
10324,Tamoxifen,8640,Prednisone,10041569,Spinal fracture,1,140,1,1409,10.0,1.41145,0.0070922
10324,Tamoxifen,8640,Prednisone,10039117,Rib fracture,5,136,2,1408,25.0,0.831985,0.035461
10324,Tamoxifen,8640,Prednisone,10013746,Drug toxicity,1,140,4,1406,2.5,1.11454,0.0070922
10324,Tamoxifen,8640,Prednisone,10029155,Nephropathy toxic,1,140,2,1408,5.0,1.22156,0.0070922
10324,Tamoxifen,8640,Prednisone,10019027,Haemothorax,1,140,1,1409,10.0,1.41145,0.0070922
10324,Tamoxifen,8640,Prednisone,10016173,Fall,15,126,27,1383,5.55556,0.309681,0.106383
10324,Tamoxifen,8640,Prednisone,10022116,Injury,4,137,12,1398,3.33333,0.570554,0.0283688
10324,Tamoxifen,8640,Prednisone,10023572,Laceration,1,140,2,1408,5.0,1.22156,0.0070922
10324,Tamoxifen,8640,Prednisone,10039203,Road traffic accident,2,139,5,1405,4.0,0.831985,0.0141844
10324,Tamoxifen,8640,Prednisone,10003986,Back injury,1,140,3,1407,3.33333,1.15132,0.0070922
10324,Tamoxifen,8640,Prednisone,10019196,Head injury,1,140,3,1407,3.33333,1.15132,0.0070922
10324,Tamoxifen,8640,Prednisone,10050584,Contusion,6,135,5,1405,12.0,0.599054,0.0425532
10324,Tamoxifen,8640,Prednisone,10058818,Skin laceration,1,140,2,1408,5.0,1.22156,0.0070922
10324,Tamoxifen,8640,Prednisone,10064294,Drug dose omission,1,140,15,1395,0.666667,1.02901,0.0070922
10324,Tamoxifen,8640,Prednisone,10064355,Incorrect dose administered,3,138,12,1398,2.5,0.639426,0.0212766
10324,Tamoxifen,8640,Prednisone,10048055,Wrong drug administered,1,140,2,1408,5.0,1.22156,0.0070922
10324,Tamoxifen,8640,Prednisone,10000378,Accidental exposure,1,140,1,1409,10.0,1.41145,0.0070922
10324,Tamoxifen,8640,Prednisone,10033295,Overdose,1,140,10,1400,1.0,1.04508,0.0070922
10324,Tamoxifen,8640,Prednisone,10056871,Device failure,1,140,1,1409,10.0,1.41145,0.0070922
10324,Tamoxifen,8640,Prednisone,10063829,Device malfunction,1,140,4,1406,2.5,1.11454,0.0070922
10324,Tamoxifen,8640,Prednisone,10007586,Cardiac murmur,2,139,1,1409,20.0,1.22156,0.0141844
10324,Tamoxifen,8640,Prednisone,10014363,Electrocardiogram abnormal,2,139,1,1409,20.0,1.22156,0.0141844
10324,Tamoxifen,8640,Prednisone,10037469,Pulse absent,1,140,2,1408,5.0,1.22156,0.0070922
10324,Tamoxifen,8640,Prednisone,10005750,Blood pressure increased,2,139,17,1393,1.17647,0.742309,0.0141844
10324,Tamoxifen,8640,Prednisone,10059570,Blood alkaline phosphatase increased,1,140,3,1407,3.33333,1.15132,0.0070922
10324,Tamoxifen,8640,Prednisone,10005630,Blood lactate dehydrogenase increased,1,140,2,1408,5.0,1.22156,0.0070922
10324,Tamoxifen,8640,Prednisone,10035528,Platelet count decreased,3,138,8,1402,3.75,0.671217,0.0212766
10324,Tamoxifen,8640,Prednisone,10018884,Haemoglobin decreased,4,137,11,1399,3.63636,0.577155,0.0283688
10324,Tamoxifen,8640,Prednisone,10038153,Red blood cell count decreased,1,140,2,1408,5.0,1.22156,0.0070922
10324,Tamoxifen,8640,Prednisone,10029368,Neutrophil count increased,1,140,2,1408,5.0,1.22156,0.0070922
10324,Tamoxifen,8640,Prednisone,10047942,White blood cell count decreased,4,137,8,1402,5.0,0.605969,0.0283688
10324,Tamoxifen,8640,Prednisone,10047943,White blood cell count increased,1,140,6,1404,1.66667,1.07651,0.0070922
10324,Tamoxifen,8640,Prednisone,10001551,Alanine aminotransferase increased,2,139,6,1404,3.33333,0.811705,0.0141844
10324,Tamoxifen,8640,Prednisone,10003481,Aspartate aminotransferase increased,2,139,4,1406,5.0,0.86151,0.0141844
10324,Tamoxifen,8640,Prednisone,10005364,Blood bilirubin increased,1,140,4,1406,2.5,1.11454,0.0070922
10324,Tamoxifen,8640,Prednisone,10017693,Gamma-glutamyltransferase increased,1,140,4,1406,2.5,1.11454,0.0070922
10324,Tamoxifen,8640,Prednisone,10024690,Liver function test abnormal,4,137,8,1402,5.0,0.605969,0.0283688
10324,Tamoxifen,8640,Prednisone,10029816,Nuclear magnetic resonance imaging abnormal,1,140,1,1409,10.0,1.41145,0.0070922
10324,Tamoxifen,8640,Prednisone,10023547,Laboratory test abnormal,1,140,1,1409,10.0,1.41145,0.0070922
10324,Tamoxifen,8640,Prednisone,10005425,Blood cholesterol increased,1,140,6,1404,1.66667,1.07651,0.0070922
10324,Tamoxifen,8640,Prednisone,10005839,Blood triglycerides increased,1,140,3,1407,3.33333,1.15132,0.0070922
10324,Tamoxifen,8640,Prednisone,10005555,Blood glucose decreased,1,140,2,1408,5.0,1.22156,0.0070922
10324,Tamoxifen,8640,Prednisone,10005557,Blood glucose increased,2,139,17,1393,1.17647,0.742309,0.0141844
10324,Tamoxifen,8640,Prednisone,10022806,Intraocular pressure increased,1,140,1,1409,10.0,1.41145,0.0070922
10324,Tamoxifen,8640,Prednisone,10047895,Weight decreased,10,131,15,1395,6.66667,0.398579,0.070922
10324,Tamoxifen,8640,Prednisone,10047899,Weight increased,3,138,22,1388,1.36364,0.609087,0.0212766
10324,Tamoxifen,8640,Prednisone,10005287,Blood albumin decreased,1,140,1,1409,10.0,1.41145,0.0070922
10324,Tamoxifen,8640,Prednisone,10037014,Protein total decreased,1,140,1,1409,10.0,1.41145,0.0070922
10324,Tamoxifen,8640,Prednisone,10005483,Blood creatinine increased,1,140,7,1403,1.42857,1.06539,0.0070922
10324,Tamoxifen,8640,Prednisone,10005851,Blood urea increased,1,140,3,1407,3.33333,1.15132,0.0070922
10324,Tamoxifen,8640,Prednisone,10059895,Urine output decreased,1,140,1,1409,10.0,1.41145,0.0070922
10324,Tamoxifen,8640,Prednisone,10005802,Blood sodium decreased,1,140,4,1406,2.5,1.11454,0.0070922
10324,Tamoxifen,8640,Prednisone,10027417,Metabolic acidosis,1,140,2,1408,5.0,1.22156,0.0070922
10324,Tamoxifen,8640,Prednisone,10038695,Respiratory failure,5,136,10,1400,5.0,0.540554,0.035461
10324,Tamoxifen,8640,Prednisone,10002646,Anorexia,1,140,2,1408,5.0,1.22156,0.0070922
10324,Tamoxifen,8640,Prednisone,10061428,Decreased appetite,6,135,6,1404,10.0,0.570554,0.0425532
10324,Tamoxifen,8640,Prednisone,10006895,Cachexia,1,140,1,1409,10.0,1.41145,0.0070922
10324,Tamoxifen,8640,Prednisone,10061273,Malnutrition,5,136,3,1407,16.6667,0.724936,0.035461
10324,Tamoxifen,8640,Prednisone,10031282,Osteoporosis,7,134,4,1406,17.5,0.620529,0.0496454
10324,Tamoxifen,8640,Prednisone,10014418,Electrolyte imbalance,1,140,1,1409,10.0,1.41145,0.0070922
10324,Tamoxifen,8640,Prednisone,10045170,Tumour lysis syndrome,1,140,1,1409,10.0,1.41145,0.0070922
10324,Tamoxifen,8640,Prednisone,10020646,Hyperkalaemia,2,139,1,1409,20.0,1.22156,0.0141844
10324,Tamoxifen,8640,Prednisone,10021015,Hypokalaemia,9,132,4,1406,22.5,0.594399,0.0638298
10324,Tamoxifen,8640,Prednisone,10021036,Hyponatraemia,3,138,3,1407,10.0,0.811705,0.0212766
10324,Tamoxifen,8640,Prednisone,10012174,Dehydration,6,135,13,1397,4.61538,0.48558,0.0425532
10324,Tamoxifen,8640,Prednisone,10021137,Hypovolaemia,2,139,2,1408,10.0,0.996092,0.0141844
10324,Tamoxifen,8640,Prednisone,10016807,Fluid retention,1,140,2,1408,5.0,1.22156,0.0070922
10324,Tamoxifen,8640,Prednisone,10062060,Hyperlipidaemia,3,138,4,1406,7.5,0.758638,0.0212766
10324,Tamoxifen,8640,Prednisone,10058108,Dyslipidaemia,2,139,1,1409,20.0,1.22156,0.0141844
10324,Tamoxifen,8640,Prednisone,10058097,Metabolic disorder,1,140,1,1409,10.0,1.41145,0.0070922
10324,Tamoxifen,8640,Prednisone,10005956,Bone disorder,12,129,2,1408,60.0,0.758638,0.0851064
10324,Tamoxifen,8640,Prednisone,10061728,Bone lesion,6,135,1,1409,60.0,1.07651,0.0425532
10324,Tamoxifen,8640,Prednisone,10015688,Exostosis,1,140,1,1409,10.0,1.41145,0.0070922
10324,Tamoxifen,8640,Prednisone,10031264,Osteonecrosis,10,131,7,1403,14.2857,0.484825,0.070922
10324,Tamoxifen,8640,Prednisone,10061368,Spinal disorder,2,139,1,1409,20.0,1.22156,0.0141844
10324,Tamoxifen,8640,Prednisone,10006002,Bone pain,9,132,4,1406,22.5,0.594399,0.0638298
10324,Tamoxifen,8640,Prednisone,10033433,Pain in jaw,10,131,1,1409,100.0,1.04508,0.070922
10324,Tamoxifen,8640,Prednisone,10003246,Arthritis,4,137,5,1405,8.0,0.66498,0.0283688
10324,Tamoxifen,8640,Prednisone,10003285,Arthropathy,4,137,4,1406,10.0,0.701569,0.0283688
10324,Tamoxifen,8640,Prednisone,10003239,Arthralgia,10,131,24,1386,4.16667,0.365876,0.070922
10324,Tamoxifen,8640,Prednisone,10023232,Joint swelling,2,139,8,1402,2.5,0.78562,0.0141844
10324,Tamoxifen,8640,Prednisone,10031161,Osteoarthritis,11,130,4,1406,27.5,0.577155,0.0780142
10324,Tamoxifen,8640,Prednisone,10028653,Myositis,1,140,2,1408,5.0,1.22156,0.0070922
10324,Tamoxifen,8640,Prednisone,10048439,Fibromyalgia,2,139,1,1409,20.0,1.22156,0.0141844
10324,Tamoxifen,8640,Prednisone,10028411,Myalgia,5,136,21,1389,2.38095,0.489712,0.035461
10324,Tamoxifen,8640,Prednisone,10028334,Muscle spasms,3,138,12,1398,2.5,0.639426,0.0212766
10324,Tamoxifen,8640,Prednisone,10044684,Trismus,1,140,1,1409,10.0,1.41145,0.0070922
10324,Tamoxifen,8640,Prednisone,10028372,Muscular weakness,5,136,6,1404,8.33333,0.599054,0.035461
10324,Tamoxifen,8640,Prednisone,10061159,Foot deformity,2,139,1,1409,20.0,1.22156,0.0141844
10324,Tamoxifen,8640,Prednisone,10061521,Intervertebral disc disorder,2,139,1,1409,20.0,1.22156,0.0141844
10324,Tamoxifen,8640,Prednisone,10050296,Intervertebral disc protrusion,8,133,3,1407,26.6667,0.671217,0.0567376
10324,Tamoxifen,8640,Prednisone,10039722,Scoliosis,7,134,1,1409,70.0,1.06539,0.0496454
10324,Tamoxifen,8640,Prednisone,10003988,Back pain,9,132,20,1390,4.5,0.391548,0.0638298
10324,Tamoxifen,8640,Prednisone,10050819,Musculoskeletal chest pain,2,139,1,1409,20.0,1.22156,0.0141844
10324,Tamoxifen,8640,Prednisone,10028391,Musculoskeletal pain,2,139,7,1403,2.85714,0.796904,0.0141844
10324,Tamoxifen,8640,Prednisone,10028836,Neck pain,7,134,1,1409,70.0,1.06539,0.0496454
10324,Tamoxifen,8640,Prednisone,10033425,Pain in extremity,16,125,26,1384,6.15385,0.305221,0.113475
10324,Tamoxifen,8640,Prednisone,10052904,Musculoskeletal stiffness,1,140,3,1407,3.33333,1.15132,0.0070922
10324,Tamoxifen,8640,Prednisone,10016717,Fistula,2,139,1,1409,20.0,1.22156,0.0141844
10324,Tamoxifen,8640,Prednisone,10018735,Groin pain,2,139,2,1408,10.0,0.996092,0.0141844
10324,Tamoxifen,8640,Prednisone,10006811,Bursitis,3,138,1,1409,30.0,1.15132,0.0212766
10324,Tamoxifen,8640,Prednisone,10006187,Breast cancer,5,136,7,1403,7.14286,0.57884,0.035461
10324,Tamoxifen,8640,Prednisone,10057654,Breast cancer female,2,139,3,1407,6.66667,0.908588,0.0141844
10324,Tamoxifen,8640,Prednisone,10006198,Breast cancer recurrent,1,140,1,1409,10.0,1.41145,0.0070922
10324,Tamoxifen,8640,Prednisone,10059282,Metastases to central nervous system,2,139,1,1409,20.0,1.22156,0.0141844
10324,Tamoxifen,8640,Prednisone,10001141,Adenocarcinoma,2,139,1,1409,20.0,1.22156,0.0141844
10324,Tamoxifen,8640,Prednisone,10051398,Malignant neoplasm progression,7,134,5,1405,14.0,0.57884,0.0496454
10324,Tamoxifen,8640,Prednisone,10028997,Neoplasm malignant,5,136,9,1401,5.55556,0.550736,0.035461
10324,Tamoxifen,8640,Prednisone,10038111,Recurrent cancer,1,140,2,1408,5.0,1.22156,0.0070922
10324,Tamoxifen,8640,Prednisone,10061309,Neoplasm progression,3,138,3,1407,10.0,0.811705,0.0212766
10324,Tamoxifen,8640,Prednisone,10061019,Brain neoplasm,1,140,4,1406,2.5,1.11454,0.0070922
10324,Tamoxifen,8640,Prednisone,10038423,Renal cyst,4,137,1,1409,40.0,1.11454,0.0283688
10324,Tamoxifen,8640,Prednisone,10033132,Ovarian cyst,2,139,1,1409,20.0,1.22156,0.0141844
10324,Tamoxifen,8640,Prednisone,10033128,Ovarian cancer,1,140,1,1409,10.0,1.41145,0.0070922
10324,Tamoxifen,8640,Prednisone,10058467,Lung neoplasm malignant,1,140,1,1409,10.0,1.41145,0.0070922
10324,Tamoxifen,8640,Prednisone,10027480,Metastatic malignant melanoma,1,140,1,1409,10.0,1.41145,0.0070922
10324,Tamoxifen,8640,Prednisone,10004146,Basal cell carcinoma,4,137,2,1408,20.0,0.86151,0.0283688
10324,Tamoxifen,8640,Prednisone,10040808,Skin cancer,1,140,2,1408,5.0,1.22156,0.0070922
10324,Tamoxifen,8640,Prednisone,10008190,Cerebrovascular accident,3,138,21,1389,1.42857,0.610861,0.0212766
10324,Tamoxifen,8640,Prednisone,10042316,Subarachnoid haemorrhage,1,140,2,1408,5.0,1.22156,0.0070922
10324,Tamoxifen,8640,Prednisone,10044390,Transient ischaemic attack,3,138,8,1402,3.75,0.671217,0.0212766
10324,Tamoxifen,8640,Prednisone,10014625,Encephalopathy,2,139,3,1407,6.66667,0.908588,0.0141844
10324,Tamoxifen,8640,Prednisone,10019211,Headache,10,131,49,1361,2.04082,0.335569,0.070922
10324,Tamoxifen,8640,Prednisone,10040744,Sinus headache,1,140,1,1409,10.0,1.41145,0.0070922
10324,Tamoxifen,8640,Prednisone,10027599,Migraine,2,139,8,1402,2.5,0.78562,0.0141844
10324,Tamoxifen,8640,Prednisone,10012267,Dementia,1,140,2,1408,5.0,1.22156,0.0070922
10324,Tamoxifen,8640,Prednisone,10001949,Amnesia,4,137,10,1400,4.0,0.584977,0.0283688
10324,Tamoxifen,8640,Prednisone,10027175,Memory impairment,4,137,7,1403,5.71429,0.620529,0.0283688
10324,Tamoxifen,8640,Prednisone,10057668,Cognitive disorder,2,139,3,1407,6.66667,0.908588,0.0141844
10324,Tamoxifen,8640,Prednisone,10013496,Disturbance in attention,1,140,3,1407,3.33333,1.15132,0.0070922
10324,Tamoxifen,8640,Prednisone,10061536,Parkinson's disease,1,140,2,1408,5.0,1.22156,0.0070922
10324,Tamoxifen,8640,Prednisone,10044565,Tremor,3,138,20,1390,1.5,0.612807,0.0212766
10324,Tamoxifen,8640,Prednisone,10049848,Balance disorder,6,135,7,1403,8.57143,0.549293,0.0425532
10324,Tamoxifen,8640,Prednisone,10010071,Coma,1,140,6,1404,1.66667,1.07651,0.0070922
10324,Tamoxifen,8640,Prednisone,10010305,Confusional state,6,135,14,1396,4.28571,0.479889,0.0425532
10324,Tamoxifen,8640,Prednisone,10024855,Loss of consciousness,2,139,11,1399,1.81818,0.763615,0.0141844
10324,Tamoxifen,8640,Prednisone,10039897,Sedation,2,139,3,1407,6.66667,0.908588,0.0141844
10324,Tamoxifen,8640,Prednisone,10041349,Somnolence,2,139,17,1393,1.17647,0.742309,0.0141844
10324,Tamoxifen,8640,Prednisone,10061296,Motor dysfunction,1,140,2,1408,5.0,1.22156,0.0070922
10324,Tamoxifen,8640,Prednisone,10001497,Agitation,1,140,5,1405,2.0,1.09188,0.0070922
10324,Tamoxifen,8640,Prednisone,10038743,Restlessness,1,140,1,1409,10.0,1.41145,0.0070922
10324,Tamoxifen,8640,Prednisone,10043833,Tic,1,140,2,1408,5.0,1.22156,0.0070922
10324,Tamoxifen,8640,Prednisone,10045555,Unresponsive to stimuli,1,140,4,1406,2.5,1.11454,0.0070922
10324,Tamoxifen,8640,Prednisone,10006784,Burning sensation,1,140,7,1403,1.42857,1.06539,0.0070922
10324,Tamoxifen,8640,Prednisone,10020568,Hyperaesthesia,1,140,1,1409,10.0,1.41145,0.0070922
10324,Tamoxifen,8640,Prednisone,10033775,Paraesthesia,5,136,12,1398,4.16667,0.524911,0.035461
10324,Tamoxifen,8640,Prednisone,10020937,Hypoaesthesia,9,132,12,1398,7.5,0.432022,0.0638298
10324,Tamoxifen,8640,Prednisone,10033553,Palmar-plantar erythrodysaesthesia syndrome,1,140,1,1409,10.0,1.41145,0.0070922
10324,Tamoxifen,8640,Prednisone,10013887,Dysarthria,1,140,5,1405,2.0,1.09188,0.0070922
10324,Tamoxifen,8640,Prednisone,10041466,Speech disorder,1,140,3,1407,3.33333,1.15132,0.0070922
10324,Tamoxifen,8640,Prednisone,10046543,Urinary incontinence,4,137,4,1406,10.0,0.701569,0.0283688
10324,Tamoxifen,8640,Prednisone,10034701,Peroneal nerve palsy,1,140,1,1409,10.0,1.41145,0.0070922
10324,Tamoxifen,8640,Prednisone,10029331,Neuropathy peripheral,7,134,7,1403,10.0,0.527174,0.0496454
10324,Tamoxifen,8640,Prednisone,10010904,Convulsion,4,137,18,1392,2.22222,0.545669,0.0283688
10324,Tamoxifen,8640,Prednisone,10015037,Epilepsy,1,140,2,1408,5.0,1.22156,0.0070922
10324,Tamoxifen,8640,Prednisone,10022437,Insomnia,8,133,30,1380,2.66667,0.387984,0.0567376
10324,Tamoxifen,8640,Prednisone,10040979,Sleep apnoea syndrome,1,140,2,1408,5.0,1.22156,0.0070922
10324,Tamoxifen,8640,Prednisone,10002855,Anxiety,16,125,30,1380,5.33333,0.296702,0.113475
10324,Tamoxifen,8640,Prednisone,10042209,Stress,1,140,4,1406,2.5,1.11454,0.0070922
10324,Tamoxifen,8640,Prednisone,10012378,Depression,11,130,26,1384,4.23077,0.348668,0.0780142
10324,Tamoxifen,8640,Prednisone,10002511,Anhedonia,7,134,7,1403,10.0,0.527174,0.0496454
10324,Tamoxifen,8640,Prednisone,10019063,Hallucination,2,139,6,1404,3.33333,0.811705,0.0141844
10324,Tamoxifen,8640,Prednisone,10019075,"Hallucination, visual",1,140,5,1405,2.0,1.09188,0.0070922
10324,Tamoxifen,8640,Prednisone,10049119,Emotional distress,3,138,5,1405,6.0,0.724936,0.0212766
10324,Tamoxifen,8640,Prednisone,10061284,Mental disorder,1,140,4,1406,2.5,1.11454,0.0070922
10324,Tamoxifen,8640,Prednisone,10048294,Mental status changes,8,133,2,1408,40.0,0.78562,0.0567376
10324,Tamoxifen,8640,Prednisone,10013663,Drug dependence,3,138,2,1408,15.0,0.908588,0.0212766
10324,Tamoxifen,8640,Prednisone,10061461,Erectile dysfunction,2,139,6,1404,3.33333,0.811705,0.0141844
10324,Tamoxifen,8640,Prednisone,10024419,Libido decreased,1,140,2,1408,5.0,1.22156,0.0070922
10324,Tamoxifen,8640,Prednisone,10042458,Suicidal ideation,1,140,11,1399,0.909091,1.04072,0.0070922
10324,Tamoxifen,8640,Prednisone,10048475,Bladder prolapse,1,140,1,1409,10.0,1.41145,0.0070922
10324,Tamoxifen,8640,Prednisone,10002847,Anuria,1,140,1,1409,10.0,1.41145,0.0070922
10324,Tamoxifen,8640,Prednisone,10030302,Oliguria,1,140,1,1409,10.0,1.41145,0.0070922
10324,Tamoxifen,8640,Prednisone,10038435,Renal failure,2,139,9,1401,2.22222,0.77673,0.0141844
10324,Tamoxifen,8640,Prednisone,10038436,Renal failure acute,4,137,12,1398,3.33333,0.570554,0.0283688
10324,Tamoxifen,8640,Prednisone,10038444,Renal failure chronic,2,139,1,1409,20.0,1.22156,0.0141844
10324,Tamoxifen,8640,Prednisone,10062237,Renal impairment,1,140,7,1403,1.42857,1.06539,0.0070922
10324,Tamoxifen,8640,Prednisone,10038381,Renal atrophy,1,140,1,1409,10.0,1.41145,0.0070922
10324,Tamoxifen,8640,Prednisone,10013990,Dysuria,1,140,4,1406,2.5,1.11454,0.0070922
10324,Tamoxifen,8640,Prednisone,10036018,Pollakiuria,1,140,4,1406,2.5,1.11454,0.0070922
10324,Tamoxifen,8640,Prednisone,10018867,Haematuria,5,136,2,1408,25.0,0.831985,0.035461
10324,Tamoxifen,8640,Prednisone,10029446,Nocturia,1,140,1,1409,10.0,1.41145,0.0070922
10324,Tamoxifen,8640,Prednisone,10029148,Nephrolithiasis,1,140,3,1407,3.33333,1.15132,0.0070922
10324,Tamoxifen,8640,Prednisone,10006272,Breast mass,2,139,1,1409,20.0,1.22156,0.0141844
10324,Tamoxifen,8640,Prednisone,10046910,Vaginal haemorrhage,1,140,3,1407,3.33333,1.15132,0.0070922
10324,Tamoxifen,8640,Prednisone,10056530,Vulvovaginal pruritus,1,140,1,1409,10.0,1.41145,0.0070922
10324,Tamoxifen,8640,Prednisone,10009033,Chronic obstructive pulmonary disease,7,134,2,1408,35.0,0.796904,0.0496454
10324,Tamoxifen,8640,Prednisone,10061877,Obstructive airways disorder,2,139,2,1408,10.0,0.996092,0.0141844
10324,Tamoxifen,8640,Prednisone,10047924,Wheezing,1,140,2,1408,5.0,1.22156,0.0070922
10324,Tamoxifen,8640,Prednisone,10035742,Pneumonitis,2,139,2,1408,10.0,0.996092,0.0141844
10324,Tamoxifen,8640,Prednisone,10003598,Atelectasis,10,131,1,1409,100.0,1.04508,0.070922
10324,Tamoxifen,8640,Prednisone,10025102,Lung infiltration,6,135,1,1409,60.0,1.07651,0.0425532
10324,Tamoxifen,8640,Prednisone,10001052,Acute respiratory distress syndrome,1,140,1,1409,10.0,1.41145,0.0070922
10324,Tamoxifen,8640,Prednisone,10035618,Pleurisy,1,140,1,1409,10.0,1.41145,0.0070922
10324,Tamoxifen,8640,Prednisone,10035598,Pleural effusion,7,134,8,1402,8.75,0.509957,0.0496454
10324,Tamoxifen,8640,Prednisone,10035759,Pneumothorax,2,139,1,1409,20.0,1.22156,0.0141844
10324,Tamoxifen,8640,Prednisone,10037400,Pulmonary hypertension,3,138,2,1408,15.0,0.908588,0.0212766
10324,Tamoxifen,8640,Prednisone,10037377,Pulmonary embolism,3,138,13,1397,2.30769,0.634393,0.0212766
10324,Tamoxifen,8640,Prednisone,10002974,Apnoea,1,140,1,1409,10.0,1.41145,0.0070922
10324,Tamoxifen,8640,Prednisone,10038669,Respiratory arrest,1,140,6,1404,1.66667,1.07651,0.0070922
10324,Tamoxifen,8640,Prednisone,10021143,Hypoxia,4,137,3,1407,13.3333,0.758638,0.0283688
10324,Tamoxifen,8640,Prednisone,10011224,Cough,3,138,14,1396,2.14286,0.630048,0.0212766
10324,Tamoxifen,8640,Prednisone,10036790,Productive cough,3,138,3,1407,10.0,0.811705,0.0212766
10324,Tamoxifen,8640,Prednisone,10003504,Aspiration,2,139,1,1409,20.0,1.22156,0.0141844
10324,Tamoxifen,8640,Prednisone,10025082,Lung disorder,1,140,4,1406,2.5,1.11454,0.0070922
10324,Tamoxifen,8640,Prednisone,10056342,Pulmonary mass,2,139,1,1409,20.0,1.22156,0.0141844
10324,Tamoxifen,8640,Prednisone,10039101,Rhinorrhoea,1,140,5,1405,2.0,1.09188,0.0070922
10324,Tamoxifen,8640,Prednisone,10028735,Nasal congestion,1,140,4,1406,2.5,1.11454,0.0070922
10324,Tamoxifen,8640,Prednisone,10015090,Epistaxis,2,139,4,1406,5.0,0.86151,0.0141844
10324,Tamoxifen,8640,Prednisone,10062244,Sinus disorder,1,140,1,1409,10.0,1.41145,0.0070922
10324,Tamoxifen,8640,Prednisone,10057009,Pharyngeal erythema,1,140,2,1408,5.0,1.22156,0.0070922
10324,Tamoxifen,8640,Prednisone,10012441,Dermatitis bullous,1,140,1,1409,10.0,1.41145,0.0070922
10324,Tamoxifen,8640,Prednisone,10040831,Skin disorder,1,140,1,1409,10.0,1.41145,0.0070922
10324,Tamoxifen,8640,Prednisone,10040882,Skin lesion,4,137,2,1408,20.0,0.86151,0.0283688
10324,Tamoxifen,8640,Prednisone,10042682,Swelling face,2,139,9,1401,2.22222,0.77673,0.0141844
10324,Tamoxifen,8640,Prednisone,10012431,Dermatitis,1,140,1,1409,10.0,1.41145,0.0070922
10324,Tamoxifen,8640,Prednisone,10014184,Eczema,1,140,1,1409,10.0,1.41145,0.0070922
10324,Tamoxifen,8640,Prednisone,10015150,Erythema,6,135,18,1392,3.33333,0.463056,0.0425532
10324,Tamoxifen,8640,Prednisone,10040844,Skin exfoliation,2,139,3,1407,6.66667,0.908588,0.0141844
10324,Tamoxifen,8640,Prednisone,10037087,Pruritus,1,140,18,1392,0.555556,1.0236,0.0070922
10324,Tamoxifen,8640,Prednisone,10037884,Rash pruritic,1,140,5,1405,2.0,1.09188,0.0070922
10324,Tamoxifen,8640,Prednisone,10037153,Psoriasis,2,139,11,1399,1.81818,0.763615,0.0141844
10324,Tamoxifen,8640,Prednisone,10037844,Rash,2,139,31,1379,0.645161,0.724194,0.0141844
10324,Tamoxifen,8640,Prednisone,10037858,Rash generalised,1,140,2,1408,5.0,1.22156,0.0070922
10324,Tamoxifen,8640,Prednisone,10037867,Rash macular,2,139,3,1407,6.66667,0.908588,0.0141844
10324,Tamoxifen,8640,Prednisone,10040943,Skin ulcer,3,138,4,1406,7.5,0.758638,0.0212766
10324,Tamoxifen,8640,Prednisone,10001760,Alopecia,6,135,8,1402,7.5,0.53279,0.0425532
10324,Tamoxifen,8640,Prednisone,10039218,Rosacea,1,140,1,1409,10.0,1.41145,0.0070922
10324,Tamoxifen,8640,Prednisone,10050954,Activities of daily living impaired,2,139,4,1406,5.0,0.86151,0.0141844
10324,Tamoxifen,8640,Prednisone,10013050,Disability,1,140,2,1408,5.0,1.22156,0.0070922
10324,Tamoxifen,8640,Prednisone,10052302,Impaired work ability,2,139,2,1408,10.0,0.996092,0.0141844
10324,Tamoxifen,8640,Prednisone,10048624,Physical disability,2,139,1,1409,20.0,1.22156,0.0141844
10324,Tamoxifen,8640,Prednisone,10056407,Refusal of treatment by patient,2,139,1,1409,20.0,1.22156,0.0141844
10324,Tamoxifen,8640,Prednisone,10062132,Tooth extraction,5,136,1,1409,50.0,1.09188,0.035461
10324,Tamoxifen,8640,Prednisone,10008611,Cholecystectomy,1,140,4,1406,2.5,1.11454,0.0070922
10324,Tamoxifen,8640,Prednisone,10052915,Catheter placement,1,140,1,1409,10.0,1.41145,0.0070922
10324,Tamoxifen,8640,Prednisone,10054112,Hospitalisation,1,140,6,1404,1.66667,1.07651,0.0070922
10324,Tamoxifen,8640,Prednisone,10042609,Surgery,2,139,3,1407,6.66667,0.908588,0.0141844
10324,Tamoxifen,8640,Prednisone,10003210,Arteriosclerosis,3,138,2,1408,15.0,0.908588,0.0212766
10324,Tamoxifen,8640,Prednisone,10005746,Blood pressure fluctuation,1,140,1,1409,10.0,1.41145,0.0070922
10324,Tamoxifen,8640,Prednisone,10021097,Hypotension,8,133,14,1396,5.71429,0.434312,0.0567376
10324,Tamoxifen,8640,Prednisone,10014522,Embolism venous,1,140,1,1409,10.0,1.41145,0.0070922
10324,Tamoxifen,8640,Prednisone,10043607,Thrombosis,2,139,8,1402,2.5,0.78562,0.0141844
10324,Tamoxifen,8640,Prednisone,10051055,Deep vein thrombosis,7,134,5,1405,14.0,0.57884,0.0496454
10324,Tamoxifen,8640,Prednisone,10034636,Peripheral vascular disorder,2,139,1,1409,20.0,1.22156,0.0141844
10324,Tamoxifen,8640,Prednisone,10018852,Haematoma,1,140,1,1409,10.0,1.41145,0.0070922
10324,Tamoxifen,8640,Prednisone,10020772,Hypertension,9,132,19,1391,4.73684,0.394894,0.0638298
10324,Tamoxifen,8640,Prednisone,10047654,Vitreous floaters,2,139,2,1408,10.0,0.996092,0.0141844
10324,Tamoxifen,8640,Prednisone,10068945,Incorrect dose administered by device,1,140,1,1409,10.0,1.41145,0.0070922
10324,Tamoxifen,8640,Prednisone,10072005,Spinal pain,3,138,1,1409,30.0,1.15132,0.0212766
10324,Tamoxifen,8640,Prednisone,10069889,Product adhesion issue,1,140,2,1408,5.0,1.22156,0.0070922
10324,Tamoxifen,8640,Prednisone,10070863,Toxicity to various agents,1,140,4,1406,2.5,1.11454,0.0070922
10324,Tamoxifen,8640,Prednisone,10065687,Bone loss,2,139,1,1409,20.0,1.22156,0.0141844
10324,Tamoxifen,8640,Prednisone,10064658,Osteonecrosis of jaw,17,124,4,1406,42.5,0.548655,0.120567
10324,Tamoxifen,8640,Prednisone,10070918,Bone deformity,2,139,1,1409,20.0,1.22156,0.0141844
10324,Tamoxifen,8640,Prednisone,10035226,Plasma cell myeloma,2,139,1,1409,20.0,1.22156,0.0141844
10324,Tamoxifen,8640,Prednisone,10074903,Intentional product misuse,1,140,1,1409,10.0,1.41145,0.0070922
8745,Promethazine,4450,Fluconazole,10022972,Iron deficiency anaemia,5,689,2,6938,25.0,0.835712,0.00720461
8745,Promethazine,4450,Fluconazole,10002034,Anaemia,46,648,75,6865,6.13333,0.182996,0.0662824
8745,Promethazine,4450,Fluconazole,10027538,Microcytic anaemia,2,692,1,6939,20.0,1.2241,0.00288184
8745,Promethazine,4450,Fluconazole,10029783,Normochromic normocytic anaemia,2,692,3,6937,6.66667,0.912002,0.00288184
8745,Promethazine,4450,Fluconazole,10002073,Anaemia of chronic disease,2,692,1,6939,20.0,1.2241,0.00288184
8745,Promethazine,4450,Fluconazole,10002967,Aplastic anaemia,3,691,2,6938,15.0,0.912002,0.00432277
8745,Promethazine,4450,Fluconazole,10065553,Bone marrow failure,3,691,7,6933,4.28571,0.688916,0.00432277
8745,Promethazine,4450,Fluconazole,10033661,Pancytopenia,21,673,26,6914,8.07692,0.290681,0.0302594
8745,Promethazine,4450,Fluconazole,10021688,Increased tendency to bruise,1,693,4,6936,2.5,1.11732,0.00144092
8745,Promethazine,4450,Fluconazole,10034754,Petechiae,1,693,5,6935,2.0,1.09472,0.00144092
8745,Promethazine,4450,Fluconazole,10051292,Protein S deficiency,1,693,1,6939,10.0,1.41365,0.00144092
8745,Promethazine,4450,Fluconazole,10009802,Coagulopathy,1,693,11,6929,0.909091,1.04371,0.00144092
8745,Promethazine,4450,Fluconazole,10013442,Disseminated intravascular coagulation,2,692,14,6926,1.42857,0.75488,0.00288184
8745,Promethazine,4450,Fluconazole,10037549,Purpura,2,692,6,6934,3.33333,0.815525,0.00288184
8745,Promethazine,4450,Fluconazole,10061590,Blood disorder,1,693,1,6939,10.0,1.41365,0.00144092
8745,Promethazine,4450,Fluconazole,10051662,Metastases to bone marrow,2,692,1,6939,20.0,1.2241,0.00288184
8745,Promethazine,4450,Fluconazole,10040641,Sickle cell anaemia,1,693,1,6939,10.0,1.41365,0.00144092
8745,Promethazine,4450,Fluconazole,10043396,Thalassaemia trait,1,693,1,6939,10.0,1.41365,0.00144092
8745,Promethazine,4450,Fluconazole,10018910,Haemolysis,2,692,2,6938,10.0,0.999207,0.00288184
8745,Promethazine,4450,Fluconazole,10023126,Jaundice,4,690,21,6919,1.90476,0.54409,0.00576369
8745,Promethazine,4450,Fluconazole,10023138,Jaundice neonatal,1,693,1,6939,10.0,1.41365,0.00144092
8745,Promethazine,4450,Fluconazole,10024288,Leukaemia,2,692,3,6937,6.66667,0.912002,0.00288184
8745,Promethazine,4450,Fluconazole,10000830,Acute leukaemia,1,693,1,6939,10.0,1.41365,0.00144092
8745,Promethazine,4450,Fluconazole,10000880,Acute myeloid leukaemia,1,693,3,6937,3.33333,1.15401,0.00144092
8745,Promethazine,4450,Fluconazole,10028533,Myelodysplastic syndrome,1,693,7,6933,1.42857,1.0683,0.00144092
8745,Promethazine,4450,Fluconazole,10025310,Lymphoma,4,690,8,6932,5.0,0.611077,0.00576369
8745,Promethazine,4450,Fluconazole,10003899,B-cell lymphoma,3,691,1,6939,30.0,1.15401,0.00432277
8745,Promethazine,4450,Fluconazole,10029602,Non-Hodgkin's lymphoma stage I,1,693,1,6939,10.0,1.41365,0.00144092
8745,Promethazine,4450,Fluconazole,10028228,Multiple myeloma,1,693,9,6931,1.11111,1.05334,0.00144092
8745,Promethazine,4450,Fluconazole,10062506,Heparin-induced thrombocytopenia,1,693,4,6936,2.5,1.11732,0.00144092
8745,Promethazine,4450,Fluconazole,10021245,Idiopathic thrombocytopenic purpura,1,693,2,6938,5.0,1.2241,0.00144092
8745,Promethazine,4450,Fluconazole,10043554,Thrombocytopenia,26,668,54,6886,4.81482,0.235362,0.037464
8745,Promethazine,4450,Fluconazole,10019847,Hepatosplenomegaly,2,692,1,6939,20.0,1.2241,0.00288184
8745,Promethazine,4450,Fluconazole,10025188,Lymphadenitis,1,693,1,6939,10.0,1.41365,0.00144092
8745,Promethazine,4450,Fluconazole,10025197,Lymphadenopathy,10,684,11,6929,9.09091,0.435114,0.0144092
8745,Promethazine,4450,Fluconazole,10025282,Lymphoedema,3,691,2,6938,15.0,0.912002,0.00432277
8745,Promethazine,4450,Fluconazole,10041648,Splenic infarction,1,693,1,6939,10.0,1.41365,0.00144092
8745,Promethazine,4450,Fluconazole,10041659,Splenic vein thrombosis,1,693,1,6939,10.0,1.41365,0.00144092
8745,Promethazine,4450,Fluconazole,10041660,Splenomegaly,1,693,5,6935,2.0,1.09472,0.00144092
8745,Promethazine,4450,Fluconazole,10021914,Infectious mononucleosis,1,693,2,6938,5.0,1.2241,0.00144092
8745,Promethazine,4450,Fluconazole,10024378,Leukocytosis,6,688,3,6937,20.0,0.705985,0.00864553
8745,Promethazine,4450,Fluconazole,10024384,Leukopenia,12,682,19,6921,6.31579,0.366579,0.0172911
8745,Promethazine,4450,Fluconazole,10025327,Lymphopenia,1,693,8,6932,1.25,1.05991,0.00144092
8745,Promethazine,4450,Fluconazole,10001507,Agranulocytosis,3,691,7,6933,4.28571,0.688916,0.00432277
8745,Promethazine,4450,Fluconazole,10016288,Febrile neutropenia,30,664,22,6918,13.6364,0.277854,0.0432277
8745,Promethazine,4450,Fluconazole,10029354,Neutropenia,20,674,35,6905,5.71429,0.277464,0.0288184
8745,Promethazine,4450,Fluconazole,10059482,Neutropenic infection,2,692,2,6938,10.0,0.999207,0.00288184
8745,Promethazine,4450,Fluconazole,10049151,Neutropenic sepsis,3,691,4,6936,7.5,0.762724,0.00432277
8745,Promethazine,4450,Fluconazole,10003671,Atrioventricular block,2,692,3,6937,6.66667,0.912002,0.00288184
8745,Promethazine,4450,Fluconazole,10003673,Atrioventricular block complete,1,693,3,6937,3.33333,1.15401,0.00144092
8745,Promethazine,4450,Fluconazole,10006580,Bundle branch block left,2,692,4,6936,5.0,0.86511,0.00288184
8745,Promethazine,4450,Fluconazole,10003119,Arrhythmia,5,689,24,6916,2.08333,0.489981,0.00720461
8745,Promethazine,4450,Fluconazole,10006093,Bradycardia,6,688,28,6912,2.14286,0.448103,0.00864553
8745,Promethazine,4450,Fluconazole,10052840,Cardiac flutter,2,692,3,6937,6.66667,0.912002,0.00288184
8745,Promethazine,4450,Fluconazole,10043071,Tachycardia,16,678,48,6892,3.33333,0.285917,0.0230548
8745,Promethazine,4450,Fluconazole,10003130,Arrhythmia supraventricular,2,692,1,6939,20.0,1.2241,0.00288184
8745,Promethazine,4450,Fluconazole,10003658,Atrial fibrillation,23,671,39,6901,5.89744,0.259874,0.0331412
8745,Promethazine,4450,Fluconazole,10003662,Atrial flutter,5,689,1,6939,50.0,1.09472,0.00720461
8745,Promethazine,4450,Fluconazole,10003668,Atrial tachycardia,1,693,1,6939,10.0,1.41365,0.00144092
8745,Promethazine,4450,Fluconazole,10040741,Sinus bradycardia,5,689,8,6932,6.25,0.568696,0.00720461
8745,Promethazine,4450,Fluconazole,10040752,Sinus tachycardia,13,681,5,6935,26.0,0.524727,0.018732
8745,Promethazine,4450,Fluconazole,10042602,Supraventricular extrasystoles,4,690,2,6938,20.0,0.86511,0.00576369
8745,Promethazine,4450,Fluconazole,10042604,Supraventricular tachycardia,8,686,6,6934,13.3333,0.538592,0.0115274
8745,Promethazine,4450,Fluconazole,10007515,Cardiac arrest,9,685,47,6893,1.91489,0.361667,0.0129683
8745,Promethazine,4450,Fluconazole,10007617,Cardio-respiratory arrest,10,684,21,6919,4.7619,0.382144,0.0144092
8745,Promethazine,4450,Fluconazole,10044066,Torsade de pointes,1,693,7,6933,1.42857,1.0683,0.00144092
8745,Promethazine,4450,Fluconazole,10047289,Ventricular extrasystoles,3,691,9,6931,3.33333,0.665477,0.00432277
8745,Promethazine,4450,Fluconazole,10047302,Ventricular tachycardia,7,687,5,6935,14.0,0.584185,0.0100865
8745,Promethazine,4450,Fluconazole,10061024,Cardiac disorder,9,685,41,6899,2.19512,0.365946,0.0129683
8745,Promethazine,4450,Fluconazole,10007649,Cardiovascular disorder,2,692,31,6909,0.645161,0.728473,0.00288184
8745,Promethazine,4450,Fluconazole,10019273,Heart disease congenital,1,693,1,6939,10.0,1.41365,0.00144092
8745,Promethazine,4450,Fluconazole,10063927,Orthostatic intolerance,1,693,1,6939,10.0,1.41365,0.00144092
8745,Promethazine,4450,Fluconazole,10020823,Hypertensive heart disease,3,691,1,6939,30.0,1.15401,0.00432277
8745,Promethazine,4450,Fluconazole,10011703,Cyanosis,3,691,11,6929,2.72727,0.650121,0.00432277
8745,Promethazine,4450,Fluconazole,10013573,Dizziness,40,654,195,6745,2.05128,0.168947,0.0576369
8745,Promethazine,4450,Fluconazole,10013578,Dizziness postural,2,692,7,6933,2.85714,0.800795,0.00288184
8745,Promethazine,4450,Fluconazole,10018964,Haemoptysis,7,687,7,6933,10.0,0.533038,0.0100865
8745,Promethazine,4450,Fluconazole,10059865,Jugular vein distension,1,693,1,6939,10.0,1.41365,0.00144092
8745,Promethazine,4450,Fluconazole,10033557,Palpitations,15,679,38,6902,3.94737,0.30232,0.0216138
8745,Promethazine,4450,Fluconazole,10036653,Presyncope,2,692,4,6936,5.0,0.86511,0.00288184
8745,Promethazine,4450,Fluconazole,10042772,Syncope,22,672,37,6903,5.94595,0.266264,0.0317003
8745,Promethazine,4450,Fluconazole,10013968,Dyspnoea,62,632,208,6732,2.98077,0.13911,0.0893372
8745,Promethazine,4450,Fluconazole,10013971,Dyspnoea exertional,11,683,9,6931,12.2222,0.4477,0.0158501
8745,Promethazine,4450,Fluconazole,10013974,Dyspnoea paroxysmal nocturnal,1,693,1,6939,10.0,1.41365,0.00144092
8745,Promethazine,4450,Fluconazole,10031123,Orthopnoea,4,690,2,6938,20.0,0.86511,0.00576369
8745,Promethazine,4450,Fluconazole,10002915,Aortic valve incompetence,4,690,2,6938,20.0,0.86511,0.00576369
8745,Promethazine,4450,Fluconazole,10002917,Aortic valve sclerosis,1,693,1,6939,10.0,1.41365,0.00144092
8745,Promethazine,4450,Fluconazole,10002918,Aortic valve stenosis,1,693,2,6938,5.0,1.2241,0.00144092
8745,Promethazine,4450,Fluconazole,10061406,Cardiac valve disease,3,691,2,6938,15.0,0.912002,0.00432277
8745,Promethazine,4450,Fluconazole,10067660,Heart valve incompetence,1,693,1,6939,10.0,1.41365,0.00144092
8745,Promethazine,4450,Fluconazole,10027727,Mitral valve incompetence,10,684,5,6935,20.0,0.546274,0.0144092
8745,Promethazine,4450,Fluconazole,10037448,Pulmonary valve incompetence,1,693,1,6939,10.0,1.41365,0.00144092
8745,Promethazine,4450,Fluconazole,10044640,Tricuspid valve incompetence,9,685,4,6936,22.5,0.599605,0.0129683
8745,Promethazine,4450,Fluconazole,10003211,Arteriosclerosis coronary artery,3,691,3,6937,10.0,0.815525,0.00432277
8745,Promethazine,4450,Fluconazole,10011078,Coronary artery disease,12,682,33,6907,3.63636,0.334741,0.0172911
8745,Promethazine,4450,Fluconazole,10011086,Coronary artery occlusion,2,692,11,6929,1.81818,0.767674,0.00288184
8745,Promethazine,4450,Fluconazole,10056489,Coronary artery restenosis,1,693,1,6939,10.0,1.41365,0.00144092
8745,Promethazine,4450,Fluconazole,10011089,Coronary artery stenosis,1,693,3,6937,3.33333,1.15401,0.00144092
8745,Promethazine,4450,Fluconazole,10011091,Coronary artery thrombosis,2,692,1,6939,20.0,1.2241,0.00288184
8745,Promethazine,4450,Fluconazole,10000891,Acute myocardial infarction,8,686,19,6921,4.21053,0.419579,0.0115274
8745,Promethazine,4450,Fluconazole,10002383,Angina pectoris,5,689,19,6921,2.63158,0.501045,0.00720461
8745,Promethazine,4450,Fluconazole,10002388,Angina unstable,4,690,3,6937,13.3333,0.762724,0.00576369
8745,Promethazine,4450,Fluconazole,10003225,Arteriospasm coronary,1,693,1,6939,10.0,1.41365,0.00144092
8745,Promethazine,4450,Fluconazole,10008469,Chest discomfort,9,685,30,6910,3.0,0.377968,0.0129683
8745,Promethazine,4450,Fluconazole,10008479,Chest pain,52,642,100,6840,5.2,0.16627,0.074928
8745,Promethazine,4450,Fluconazole,10028596,Myocardial infarction,14,680,144,6796,0.972222,0.277106,0.0201729
8745,Promethazine,4450,Fluconazole,10028600,Myocardial ischaemia,4,690,7,6933,5.71429,0.625517,0.00576369
8745,Promethazine,4450,Fluconazole,10003445,Ascites,12,682,7,6933,17.1429,0.473926,0.0172911
8745,Promethazine,4450,Fluconazole,10016803,Fluid overload,7,687,6,6934,11.6667,0.554922,0.0100865
8745,Promethazine,4450,Fluconazole,10048961,Localised oedema,1,693,2,6938,5.0,1.2241,0.00144092
8745,Promethazine,4450,Fluconazole,10030124,Oedema peripheral,42,652,91,6849,4.61538,0.182246,0.0605187
8745,Promethazine,4450,Fluconazole,10007554,Cardiac failure,4,690,22,6918,1.81818,0.542097,0.00576369
8745,Promethazine,4450,Fluconazole,10007559,Cardiac failure congestive,16,678,47,6893,3.40426,0.286691,0.0230548
8745,Promethazine,4450,Fluconazole,10001029,Acute pulmonary oedema,2,692,4,6936,5.0,0.86511,0.00288184
8745,Promethazine,4450,Fluconazole,10037423,Pulmonary oedema,13,681,21,6919,6.19048,0.350652,0.018732
8745,Promethazine,4450,Fluconazole,10039163,Right ventricular failure,1,693,5,6935,2.0,1.09472,0.00144092
8745,Promethazine,4450,Fluconazole,10007636,Cardiomyopathy,3,691,10,6930,3.0,0.657076,0.00432277
8745,Promethazine,4450,Fluconazole,10048858,Ischaemic cardiomyopathy,2,692,2,6938,10.0,0.999207,0.00288184
8745,Promethazine,4450,Fluconazole,10003664,Atrial septal defect,2,692,4,6936,5.0,0.86511,0.00288184
8745,Promethazine,4450,Fluconazole,10007632,Cardiomegaly,13,681,10,6930,13.0,0.418734,0.018732
8745,Promethazine,4450,Fluconazole,10052337,Diastolic dysfunction,5,689,2,6938,25.0,0.835712,0.00720461
8745,Promethazine,4450,Fluconazole,10013002,Dilatation atrial,2,692,2,6938,10.0,0.999207,0.00288184
8745,Promethazine,4450,Fluconazole,10013012,Dilatation ventricular,3,691,3,6937,10.0,0.815525,0.00432277
8745,Promethazine,4450,Fluconazole,10049694,Left ventricular dysfunction,5,689,2,6938,25.0,0.835712,0.00720461
8745,Promethazine,4450,Fluconazole,10049773,Left ventricular hypertrophy,6,688,1,6939,60.0,1.07939,0.00864553
8745,Promethazine,4450,Fluconazole,10047295,Ventricular hypertrophy,2,692,2,6938,10.0,0.999207,0.00288184
8745,Promethazine,4450,Fluconazole,10050510,Ventricular hypokinesia,4,690,1,6939,40.0,1.11732,0.00576369
8745,Promethazine,4450,Fluconazole,10028606,Myocarditis,1,693,6,6934,1.66667,1.07939,0.00144092
8745,Promethazine,4450,Fluconazole,10034484,Pericarditis,1,693,6,6934,1.66667,1.07939,0.00144092
8745,Promethazine,4450,Fluconazole,10034474,Pericardial effusion,3,691,11,6929,2.72727,0.650121,0.00432277
8745,Promethazine,4450,Fluconazole,10048959,Peripheral swelling,2,692,6,6934,3.33333,0.815525,0.00288184
8745,Promethazine,4450,Fluconazole,10010356,Congenital anomaly,1,693,3,6937,3.33333,1.15401,0.00144092
8745,Promethazine,4450,Fluconazole,10009260,Cleft lip and palate,1,693,1,6939,10.0,1.41365,0.00144092
8745,Promethazine,4450,Fluconazole,10042778,Syndactyly,1,693,1,6939,10.0,1.41365,0.00144092
8745,Promethazine,4450,Fluconazole,10049889,Craniosynostosis,1,693,1,6939,10.0,1.41365,0.00144092
8745,Promethazine,4450,Fluconazole,10034204,Pectus excavatum,1,693,1,6939,10.0,1.41365,0.00144092
8745,Promethazine,4450,Fluconazole,10050975,Congenital hydronephrosis,1,693,1,6939,10.0,1.41365,0.00144092
8745,Promethazine,4450,Fluconazole,10016219,Fanconi syndrome,2,692,1,6939,20.0,1.2241,0.00288184
8745,Promethazine,4450,Fluconazole,10011498,Cryptorchism,1,693,1,6939,10.0,1.41365,0.00144092
8745,Promethazine,4450,Fluconazole,10021093,Hypospadias,1,693,2,6938,5.0,1.2241,0.00144092
8745,Promethazine,4450,Fluconazole,10014011,Ear infection,1,693,5,6935,2.0,1.09472,0.00144092
8745,Promethazine,4450,Fluconazole,10014020,Ear pain,8,686,8,6932,10.0,0.498412,0.0115274
8745,Promethazine,4450,Fluconazole,10011878,Deafness,1,693,15,6925,0.666667,1.03203,0.00144092
8745,Promethazine,4450,Fluconazole,10052556,Deafness bilateral,1,693,2,6938,5.0,1.2241,0.00144092
8745,Promethazine,4450,Fluconazole,10011891,Deafness neurosensory,1,693,3,6937,3.33333,1.15401,0.00144092
8745,Promethazine,4450,Fluconazole,10019245,Hearing impaired,2,692,7,6933,2.85714,0.800795,0.00288184
8745,Promethazine,4450,Fluconazole,10048865,Hypoacusis,4,690,2,6938,20.0,0.86511,0.00576369
8745,Promethazine,4450,Fluconazole,10043882,Tinnitus,5,689,20,6920,2.5,0.498412,0.00720461
8745,Promethazine,4450,Fluconazole,10047340,Vertigo,5,689,17,6923,2.94118,0.507187,0.00720461
8745,Promethazine,4450,Fluconazole,10026900,Mastoiditis,2,692,1,6939,20.0,1.2241,0.00288184
8745,Promethazine,4450,Fluconazole,10033078,Otitis media,4,690,1,6939,40.0,1.11732,0.00576369
8745,Promethazine,4450,Fluconazole,10061104,Diabetic complication,5,689,1,6939,50.0,1.09472,0.00720461
8745,Promethazine,4450,Fluconazole,10012671,Diabetic ketoacidosis,7,687,3,6937,23.3333,0.688916,0.0100865
8745,Promethazine,4450,Fluconazole,10060734,Diabetic foot,1,693,2,6938,5.0,1.2241,0.00144092
8745,Promethazine,4450,Fluconazole,10012680,Diabetic neuropathy,5,689,2,6938,25.0,0.835712,0.00720461
8745,Promethazine,4450,Fluconazole,10012689,Diabetic retinopathy,3,691,1,6939,30.0,1.15401,0.00432277
8745,Promethazine,4450,Fluconazole,10061835,Diabetic nephropathy,4,690,2,6938,20.0,0.86511,0.00576369
8745,Promethazine,4450,Fluconazole,10001928,Amenorrhoea,1,693,13,6927,0.769231,1.03699,0.00144092
8745,Promethazine,4450,Fluconazole,10013908,Dysfunctional uterine bleeding,2,692,1,6939,20.0,1.2241,0.00288184
8745,Promethazine,4450,Fluconazole,10018800,Gynaecomastia,1,693,4,6936,2.5,1.11732,0.00144092
8745,Promethazine,4450,Fluconazole,10012601,Diabetes mellitus,35,659,38,6902,9.21053,0.230873,0.0504323
8745,Promethazine,4450,Fluconazole,10012607,Diabetes mellitus inadequate control,15,679,10,6930,15.0,0.406302,0.0216138
8745,Promethazine,4450,Fluconazole,10018209,Gestational diabetes,1,693,2,6938,5.0,1.2241,0.00144092
8745,Promethazine,4450,Fluconazole,10067584,Type 1 diabetes mellitus,4,690,3,6937,13.3333,0.762724,0.00576369
8745,Promethazine,4450,Fluconazole,10067585,Type 2 diabetes mellitus,20,674,17,6923,11.7647,0.327473,0.0288184
8745,Promethazine,4450,Fluconazole,10020635,Hyperglycaemia,14,680,23,6917,6.08696,0.336633,0.0201729
8745,Promethazine,4450,Fluconazole,10020993,Hypoglycaemia,10,684,22,6918,4.54545,0.379301,0.0144092
8745,Promethazine,4450,Fluconazole,10040576,Shock hypoglycaemic,1,693,1,6939,10.0,1.41365,0.00144092
8745,Promethazine,4450,Fluconazole,10020737,Hyperprolactinaemia,1,693,3,6937,3.33333,1.15401,0.00144092
8745,Promethazine,4450,Fluconazole,10017600,Galactorrhoea,1,693,1,6939,10.0,1.41365,0.00144092
8745,Promethazine,4450,Fluconazole,10036067,Polydipsia,2,692,4,6936,5.0,0.86511,0.00288184
8745,Promethazine,4450,Fluconazole,10020583,Hypercalcaemia,2,692,5,6935,4.0,0.835712,0.00288184
8745,Promethazine,4450,Fluconazole,10020705,Hyperparathyroidism,3,691,1,6939,30.0,1.15401,0.00432277
8745,Promethazine,4450,Fluconazole,10006956,Calcium deficiency,1,693,2,6938,5.0,1.2241,0.00144092
8745,Promethazine,4450,Fluconazole,10018498,Goitre,1,693,1,6939,10.0,1.41365,0.00144092
8745,Promethazine,4450,Fluconazole,10043709,Thyroid disorder,2,692,3,6937,6.66667,0.912002,0.00288184
8745,Promethazine,4450,Fluconazole,10004161,Basedow's disease,1,693,1,6939,10.0,1.41365,0.00144092
8745,Promethazine,4450,Fluconazole,10015683,Exophthalmos,2,692,1,6939,20.0,1.2241,0.00288184
8745,Promethazine,4450,Fluconazole,10020850,Hyperthyroidism,1,693,5,6935,2.0,1.09472,0.00144092
8745,Promethazine,4450,Fluconazole,10021114,Hypothyroidism,12,682,18,6922,6.66667,0.370545,0.0172911
8745,Promethazine,4450,Fluconazole,10043744,Thyroid neoplasm,1,693,1,6939,10.0,1.41365,0.00144092
8745,Promethazine,4450,Fluconazole,10012613,Diabetes mellitus non-insulin-dependent,4,690,3,6937,13.3333,0.762724,0.00576369
8745,Promethazine,4450,Fluconazole,10007739,Cataract,9,685,15,6925,6.0,0.419753,0.0129683
8745,Promethazine,4450,Fluconazole,10010984,Corneal abrasion,2,692,1,6939,20.0,1.2241,0.00288184
8745,Promethazine,4450,Fluconazole,10053990,Dacryostenosis acquired,1,693,1,6939,10.0,1.41365,0.00144092
8745,Promethazine,4450,Fluconazole,10013774,Dry eye,4,690,15,6925,2.66667,0.561321,0.00576369
8745,Promethazine,4450,Fluconazole,10023644,Lacrimation increased,2,692,11,6929,1.81818,0.767674,0.00288184
8745,Promethazine,4450,Fluconazole,10040767,Sjogren's syndrome,1,693,3,6937,3.33333,1.15401,0.00144092
8745,Promethazine,4450,Fluconazole,10015958,Eye pain,7,687,17,6923,4.11765,0.447321,0.0100865
8745,Promethazine,4450,Fluconazole,10015967,Eye swelling,3,691,13,6927,2.30769,0.639274,0.00432277
8745,Promethazine,4450,Fluconazole,10058117,Ocular icterus,1,693,2,6938,5.0,1.2241,0.00144092
8745,Promethazine,4450,Fluconazole,10018304,Glaucoma,7,687,11,6929,6.36364,0.481852,0.0100865
8745,Promethazine,4450,Fluconazole,10015926,Eye haemorrhage,2,692,4,6936,5.0,0.86511,0.00288184
8745,Promethazine,4450,Fluconazole,10010741,Conjunctivitis,9,685,5,6935,18.0,0.556351,0.0129683
8745,Promethazine,4450,Fluconazole,10037508,Punctate keratitis,1,693,1,6939,10.0,1.41365,0.00144092
8745,Promethazine,4450,Fluconazole,10022941,Iridocyclitis,1,693,1,6939,10.0,1.41365,0.00144092
8745,Promethazine,4450,Fluconazole,10015993,Eyelid oedema,1,693,8,6932,1.25,1.05991,0.00144092
8745,Promethazine,4450,Fluconazole,10015915,Eye discharge,1,693,3,6937,3.33333,1.15401,0.00144092
8745,Promethazine,4450,Fluconazole,10052140,Eye pruritus,2,692,9,6931,2.22222,0.780722,0.00288184
8745,Promethazine,4450,Fluconazole,10030041,Ocular hyperaemia,3,691,14,6926,2.14286,0.634962,0.00432277
8745,Promethazine,4450,Fluconazole,10030942,Optic neuritis,2,692,13,6927,1.53846,0.75851,0.00288184
8745,Promethazine,4450,Fluconazole,10007918,Cellulitis orbital,1,693,1,6939,10.0,1.41365,0.00144092
8745,Promethazine,4450,Fluconazole,10025415,Macular oedema,1,693,1,6939,10.0,1.41365,0.00144092
8745,Promethazine,4450,Fluconazole,10061128,Eye injury,1,693,1,6939,10.0,1.41365,0.00144092
8745,Promethazine,4450,Fluconazole,10015995,Eyelid ptosis,3,691,3,6937,10.0,0.815525,0.00432277
8745,Promethazine,4450,Fluconazole,10027646,Miosis,1,693,5,6935,2.0,1.09472,0.00144092
8745,Promethazine,4450,Fluconazole,10037515,Pupil fixed,1,693,1,6939,10.0,1.41365,0.00144092
8745,Promethazine,4450,Fluconazole,10037538,Pupils unequal,1,693,2,6938,5.0,1.2241,0.00144092
8745,Promethazine,4450,Fluconazole,10034960,Photophobia,3,691,7,6933,4.28571,0.688916,0.00432277
8745,Promethazine,4450,Fluconazole,10047650,Vitreous detachment,2,692,1,6939,20.0,1.2241,0.00288184
8745,Promethazine,4450,Fluconazole,10030910,Optic atrophy,2,692,1,6939,20.0,1.2241,0.00288184
8745,Promethazine,4450,Fluconazole,10033712,Papilloedema,1,693,1,6939,10.0,1.41365,0.00144092
8745,Promethazine,4450,Fluconazole,10038848,Retinal detachment,1,693,11,6929,0.909091,1.04371,0.00144092
8745,Promethazine,4450,Fluconazole,10047655,Vitreous haemorrhage,2,692,1,6939,20.0,1.2241,0.00288184
8745,Promethazine,4450,Fluconazole,10038867,Retinal haemorrhage,1,693,6,6934,1.66667,1.07939,0.00144092
8745,Promethazine,4450,Fluconazole,10038923,Retinopathy,2,692,2,6938,10.0,0.999207,0.00288184
8745,Promethazine,4450,Fluconazole,10005169,Blindness,4,690,8,6932,5.0,0.611077,0.00576369
8745,Promethazine,4450,Fluconazole,10005184,Blindness transient,2,692,4,6936,5.0,0.86511,0.00288184
8745,Promethazine,4450,Fluconazole,10005186,Blindness unilateral,1,693,7,6933,1.42857,1.0683,0.00144092
8745,Promethazine,4450,Fluconazole,10047531,Visual acuity reduced,3,691,35,6905,0.857143,0.600266,0.00432277
8745,Promethazine,4450,Fluconazole,10003569,Astigmatism,3,691,2,6938,15.0,0.912002,0.00432277
8745,Promethazine,4450,Fluconazole,10047513,Vision blurred,23,671,63,6877,3.65079,0.240346,0.0331412
8745,Promethazine,4450,Fluconazole,10047571,Visual impairment,9,685,35,6905,2.57143,0.371615,0.0129683
8745,Promethazine,4450,Fluconazole,10047555,Visual field defect,1,693,2,6938,5.0,1.2241,0.00144092
8745,Promethazine,4450,Fluconazole,10047543,Visual disturbance,5,689,10,6930,5.0,0.546274,0.00720461
8745,Promethazine,4450,Fluconazole,10020028,Hiatus hernia,16,678,8,6932,20.0,0.431179,0.0230548
8745,Promethazine,4450,Fluconazole,10022016,Inguinal hernia,2,692,2,6938,10.0,0.999207,0.00288184
8745,Promethazine,4450,Fluconazole,10036772,Proctalgia,4,690,2,6938,20.0,0.86511,0.00576369
8745,Promethazine,4450,Fluconazole,10068286,Anorectal discomfort,1,693,4,6936,2.5,1.11732,0.00144092
8745,Promethazine,4450,Fluconazole,10048832,Colon adenoma,2,692,1,6939,20.0,1.2241,0.00288184
8745,Promethazine,4450,Fluconazole,10010003,Colonic polyp,2,692,3,6937,6.66667,0.912002,0.00288184
8745,Promethazine,4450,Fluconazole,10017817,Gastric polyps,3,691,1,6939,30.0,1.15401,0.00432277
8745,Promethazine,4450,Fluconazole,10048616,Intestinal polyp,3,691,1,6939,30.0,1.15401,0.00432277
8745,Promethazine,4450,Fluconazole,10066995,Alveolar osteitis,1,693,1,6939,10.0,1.41365,0.00144092
8745,Promethazine,4450,Fluconazole,10012318,Dental caries,8,686,4,6936,20.0,0.611077,0.0115274
8745,Promethazine,4450,Fluconazole,10044016,Tooth abscess,4,690,6,6934,6.66667,0.644268,0.00576369
8745,Promethazine,4450,Fluconazole,10048762,Tooth infection,1,693,5,6935,2.0,1.09472,0.00144092
8745,Promethazine,4450,Fluconazole,10062544,Tooth fracture,3,691,5,6935,6.0,0.729211,0.00432277
8745,Promethazine,4450,Fluconazole,10044055,Toothache,2,692,3,6937,6.66667,0.912002,0.00288184
8745,Promethazine,4450,Fluconazole,10018290,Gingival recession,3,691,2,6938,15.0,0.912002,0.00432277
8745,Promethazine,4450,Fluconazole,10018292,Gingivitis,3,691,1,6939,30.0,1.15401,0.00432277
8745,Promethazine,4450,Fluconazole,10018276,Gingival bleeding,3,691,7,6933,4.28571,0.688916,0.00432277
8745,Promethazine,4450,Fluconazole,10052359,Gingival abscess,1,693,1,6939,10.0,1.41365,0.00144092
8745,Promethazine,4450,Fluconazole,10018286,Gingival pain,2,692,2,6938,10.0,0.999207,0.00288184
8745,Promethazine,4450,Fluconazole,10044044,Tooth loss,1,693,5,6935,2.0,1.09472,0.00144092
8745,Promethazine,4450,Fluconazole,10013554,Diverticulum,6,688,5,6935,12.0,0.60422,0.00864553
8745,Promethazine,4450,Fluconazole,10013538,Diverticulitis,3,691,8,6932,3.75,0.675832,0.00432277
8745,Promethazine,4450,Fluconazole,10033645,Pancreatitis,19,675,23,6917,8.26087,0.307449,0.0273775
8745,Promethazine,4450,Fluconazole,10033647,Pancreatitis acute,6,688,14,6926,4.28571,0.486323,0.00864553
8745,Promethazine,4450,Fluconazole,10058808,Abdominal compartment syndrome,1,693,2,6938,5.0,1.2241,0.00144092
8745,Promethazine,4450,Fluconazole,10016952,Food poisoning,1,693,1,6939,10.0,1.41365,0.00144092
8745,Promethazine,4450,Fluconazole,10056819,Gastric disorder,7,687,21,6919,3.33333,0.434616,0.0100865
8745,Promethazine,4450,Fluconazole,10017944,Gastrointestinal disorder,7,687,18,6922,3.88889,0.443653,0.0100865
8745,Promethazine,4450,Fluconazole,10065718,Gastrointestinal stoma complication,1,693,1,6939,10.0,1.41365,0.00144092
8745,Promethazine,4450,Fluconazole,10004137,Barrett's oesophagus,2,692,1,6939,20.0,1.2241,0.00288184
8745,Promethazine,4450,Fluconazole,10020601,Hyperchlorhydria,2,692,1,6939,20.0,1.2241,0.00288184
8745,Promethazine,4450,Fluconazole,10027158,Melanosis coli,1,693,1,6939,10.0,1.41365,0.00144092
8745,Promethazine,4450,Fluconazole,10059175,Intestinal haemorrhage,1,693,4,6936,2.5,1.11732,0.00144092
8745,Promethazine,4450,Fluconazole,10038063,Rectal haemorrhage,10,684,12,6928,8.33333,0.42632,0.0144092
8745,Promethazine,4450,Fluconazole,10017955,Gastrointestinal haemorrhage,9,685,33,6907,2.72727,0.373937,0.0129683
8745,Promethazine,4450,Fluconazole,10018830,Haematemesis,5,689,14,6926,3.57143,0.519465,0.00720461
8745,Promethazine,4450,Fluconazole,10018836,Haematochezia,7,687,11,6929,6.36364,0.481852,0.0100865
8745,Promethazine,4450,Fluconazole,10027141,Melaena,2,692,11,6929,1.81818,0.767674,0.00288184
8745,Promethazine,4450,Fluconazole,10046274,Upper gastrointestinal haemorrhage,2,692,6,6934,3.33333,0.815525,0.00288184
8745,Promethazine,4450,Fluconazole,10017888,Gastroenteritis,17,677,1,6939,170.0,1.02822,0.0244957
8745,Promethazine,4450,Fluconazole,10017918,Gastroenteritis viral,3,691,5,6935,6.0,0.729211,0.00432277
8745,Promethazine,4450,Fluconazole,10054272,Helicobacter gastritis,1,693,1,6939,10.0,1.41365,0.00144092
8745,Promethazine,4450,Fluconazole,10060921,Abdominal abscess,2,692,1,6939,20.0,1.2241,0.00288184
8745,Promethazine,4450,Fluconazole,10017964,Gastrointestinal infection,2,692,4,6936,5.0,0.86511,0.00288184
8745,Promethazine,4450,Fluconazole,10058305,Clostridium colitis,2,692,2,6938,10.0,0.999207,0.00288184
8745,Promethazine,4450,Fluconazole,10009657,Clostridium difficile colitis,1,693,4,6936,2.5,1.11732,0.00144092
8745,Promethazine,4450,Fluconazole,10048983,Cytomegalovirus colitis,1,693,1,6939,10.0,1.41365,0.00144092
8745,Promethazine,4450,Fluconazole,10030154,Oesophageal candidiasis,5,689,6,6934,8.33333,0.60422,0.00720461
8745,Promethazine,4450,Fluconazole,10061138,Fungal peritonitis,1,693,3,6937,3.33333,1.15401,0.00144092
8745,Promethazine,4450,Fluconazole,10062070,Peritonitis bacterial,3,691,7,6933,4.28571,0.688916,0.00432277
8745,Promethazine,4450,Fluconazole,10009887,Colitis,8,686,10,6930,8.0,0.472668,0.0115274
8745,Promethazine,4450,Fluconazole,10009895,Colitis ischaemic,1,693,2,6938,5.0,1.2241,0.00144092
8745,Promethazine,4450,Fluconazole,10009900,Colitis ulcerative,1,693,11,6929,0.909091,1.04371,0.00144092
8745,Promethazine,4450,Fluconazole,10017853,Gastritis,17,677,11,6929,15.4545,0.384899,0.0244957
8745,Promethazine,4450,Fluconazole,10006919,Caecitis,2,692,2,6938,10.0,0.999207,0.00288184
8745,Promethazine,4450,Fluconazole,10011401,Crohn's disease,7,687,12,6928,5.83333,0.473926,0.0100865
8745,Promethazine,4450,Fluconazole,10013864,Duodenitis,1,693,1,6939,10.0,1.41365,0.00144092
8745,Promethazine,4450,Fluconazole,10014866,Enteritis,1,693,1,6939,10.0,1.41365,0.00144092
8745,Promethazine,4450,Fluconazole,10014893,Enterocolitis,2,692,1,6939,20.0,1.2241,0.00288184
8745,Promethazine,4450,Fluconazole,10021972,Inflammatory bowel disease,1,693,5,6935,2.0,1.09472,0.00144092
8745,Promethazine,4450,Fluconazole,10030216,Oesophagitis,4,690,8,6932,5.0,0.611077,0.00576369
8745,Promethazine,4450,Fluconazole,10012735,Diarrhoea,80,614,194,6746,4.12371,0.126766,0.115274
8745,Promethazine,4450,Fluconazole,10057585,Post procedural diarrhoea,1,693,1,6939,10.0,1.41365,0.00144092
8745,Promethazine,4450,Fluconazole,10057078,Colonic pseudo-obstruction,1,693,1,6939,10.0,1.41365,0.00144092
8745,Promethazine,4450,Fluconazole,10010774,Constipation,34,660,58,6882,5.86207,0.212293,0.0489914
8745,Promethazine,4450,Fluconazole,10017885,Gastrooesophageal reflux disease,23,671,38,6902,6.05263,0.261169,0.0331412
8745,Promethazine,4450,Fluconazole,10021518,Impaired gastric emptying,4,690,3,6937,13.3333,0.762724,0.00576369
8745,Promethazine,4450,Fluconazole,10061173,Gastrointestinal motility disorder,2,692,3,6937,6.66667,0.912002,0.00288184
8745,Promethazine,4450,Fluconazole,10023003,Irritable bowel syndrome,7,687,4,6936,17.5,0.625517,0.0100865
8745,Promethazine,4450,Fluconazole,10021333,Ileus paralytic,2,692,2,6938,10.0,0.999207,0.00288184
8745,Promethazine,4450,Fluconazole,10000077,Abdominal mass,4,690,5,6935,8.0,0.669638,0.00576369
8745,Promethazine,4450,Fluconazole,10067715,Gastrointestinal sounds abnormal,1,693,1,6939,10.0,1.41365,0.00144092
8745,Promethazine,4450,Fluconazole,10013946,Dyspepsia,18,676,41,6899,4.39024,0.27993,0.0259366
8745,Promethazine,4450,Fluconazole,10015137,Eructation,1,693,7,6933,1.42857,1.0683,0.00144092
8745,Promethazine,4450,Fluconazole,10000133,Abnormal faeces,1,693,3,6937,3.33333,1.15401,0.00144092
8745,Promethazine,4450,Fluconazole,10016100,Faeces discoloured,1,693,6,6934,1.66667,1.07939,0.00144092
8745,Promethazine,4450,Fluconazole,10000060,Abdominal distension,15,679,41,6899,3.65854,0.299119,0.0216138
8745,Promethazine,4450,Fluconazole,10016766,Flatulence,2,692,18,6922,1.11111,0.744292,0.00288184
8745,Promethazine,4450,Fluconazole,10000081,Abdominal pain,65,629,115,6825,5.65217,0.149984,0.0936599
8745,Promethazine,4450,Fluconazole,10000084,Abdominal pain lower,6,688,10,6930,6.0,0.514861,0.00864553
8745,Promethazine,4450,Fluconazole,10000087,Abdominal pain upper,35,659,92,6848,3.80435,0.194566,0.0504323
8745,Promethazine,4450,Fluconazole,10000090,Abdominal rigidity,1,693,3,6937,3.33333,1.15401,0.00144092
8745,Promethazine,4450,Fluconazole,10000097,Abdominal tenderness,1,693,3,6937,3.33333,1.15401,0.00144092
8745,Promethazine,4450,Fluconazole,10017999,Gastrointestinal pain,1,693,3,6937,3.33333,1.15401,0.00144092
8745,Promethazine,4450,Fluconazole,10030180,Oesophageal pain,1,693,2,6938,5.0,1.2241,0.00144092
8745,Promethazine,4450,Fluconazole,10000059,Abdominal discomfort,10,684,45,6895,2.22222,0.347329,0.0144092
8745,Promethazine,4450,Fluconazole,10049866,Aphagia,1,693,7,6933,1.42857,1.0683,0.00144092
8745,Promethazine,4450,Fluconazole,10006326,Breath odour,3,691,2,6938,15.0,0.912002,0.00432277
8745,Promethazine,4450,Fluconazole,10006514,Bruxism,2,692,3,6937,6.66667,0.912002,0.00288184
8745,Promethazine,4450,Fluconazole,10013950,Dysphagia,21,673,37,6903,5.67568,0.270298,0.0302594
8745,Promethazine,4450,Fluconazole,10059186,Early satiety,2,692,1,6939,20.0,1.2241,0.00288184
8745,Promethazine,4450,Fluconazole,10020710,Hyperphagia,1,693,3,6937,3.33333,1.15401,0.00144092
8745,Promethazine,4450,Fluconazole,10063743,Hypophagia,2,692,8,6932,2.5,0.789566,0.00288184
8745,Promethazine,4450,Fluconazole,10021639,Incontinence,2,692,4,6936,5.0,0.86511,0.00288184
8745,Promethazine,4450,Fluconazole,10026882,Mastication disorder,1,693,1,6939,10.0,1.41365,0.00144092
8745,Promethazine,4450,Fluconazole,10064229,Pelvic discomfort,1,693,1,6939,10.0,1.41365,0.00144092
8745,Promethazine,4450,Fluconazole,10034263,Pelvic pain,4,690,12,6928,3.33333,0.575976,0.00576369
8745,Promethazine,4450,Fluconazole,10028813,Nausea,118,576,293,6647,4.0273,0.101501,0.170029
8745,Promethazine,4450,Fluconazole,10067171,Regurgitation,1,693,1,6939,10.0,1.41365,0.00144092
8745,Promethazine,4450,Fluconazole,10038776,Retching,1,693,6,6934,1.66667,1.07939,0.00144092
8745,Promethazine,4450,Fluconazole,10047700,Vomiting,99,595,177,6763,5.59322,0.11902,0.142651
8745,Promethazine,4450,Fluconazole,10041101,Small intestinal obstruction,1,693,5,6935,2.0,1.09472,0.00144092
8745,Promethazine,4450,Fluconazole,10021328,Ileus,4,690,7,6933,5.71429,0.625517,0.00576369
8745,Promethazine,4450,Fluconazole,10022687,Intestinal obstruction,4,690,13,6927,3.07692,0.570384,0.00576369
8745,Promethazine,4450,Fluconazole,10047697,Volvulus,1,693,3,6937,3.33333,1.15401,0.00144092
8745,Promethazine,4450,Fluconazole,10030194,Oesophageal stenosis,1,693,2,6938,5.0,1.2241,0.00144092
8745,Promethazine,4450,Fluconazole,10013836,Duodenal ulcer,1,693,5,6935,2.0,1.09472,0.00144092
8745,Promethazine,4450,Fluconazole,10013849,Duodenal ulcer perforation,1,693,1,6939,10.0,1.41365,0.00144092
8745,Promethazine,4450,Fluconazole,10017822,Gastric ulcer,9,685,12,6928,7.5,0.439158,0.0129683
8745,Promethazine,4450,Fluconazole,10022694,Intestinal perforation,1,693,7,6933,1.42857,1.0683,0.00144092
8745,Promethazine,4450,Fluconazole,10022714,Intestinal ulcer,2,692,2,6938,10.0,0.999207,0.00288184
8745,Promethazine,4450,Fluconazole,10023804,Large intestine perforation,1,693,3,6937,3.33333,1.15401,0.00144092
8745,Promethazine,4450,Fluconazole,10041103,Small intestinal perforation,1,693,2,6938,5.0,1.2241,0.00144092
8745,Promethazine,4450,Fluconazole,10030201,Oesophageal ulcer,2,692,4,6936,5.0,0.86511,0.00288184
8745,Promethazine,4450,Fluconazole,10034341,Peptic ulcer,1,693,1,6939,10.0,1.41365,0.00144092
8745,Promethazine,4450,Fluconazole,10022680,Intestinal ischaemia,3,691,3,6937,10.0,0.815525,0.00432277
8745,Promethazine,4450,Fluconazole,10019022,Haemorrhoids,4,690,11,6929,3.63636,0.582515,0.00576369
8745,Promethazine,4450,Fluconazole,10009839,Coeliac disease,2,692,4,6936,5.0,0.86511,0.00288184
8745,Promethazine,4450,Fluconazole,10025476,Malabsorption,4,690,1,6939,40.0,1.11732,0.00576369
8745,Promethazine,4450,Fluconazole,10009944,Colon cancer,1,693,3,6937,3.33333,1.15401,0.00144092
8745,Promethazine,4450,Fluconazole,10030155,Oesophageal carcinoma,1,693,1,6939,10.0,1.41365,0.00144092
8745,Promethazine,4450,Fluconazole,10033609,Pancreatic carcinoma,1,693,11,6929,0.909091,1.04371,0.00144092
8745,Promethazine,4450,Fluconazole,10033610,Pancreatic carcinoma metastatic,1,693,1,6939,10.0,1.41365,0.00144092
8745,Promethazine,4450,Fluconazole,10049047,Chapped lips,1,693,2,6938,5.0,1.2241,0.00144092
8745,Promethazine,4450,Fluconazole,10008417,Cheilitis,1,693,6,6934,1.66667,1.07939,0.00144092
8745,Promethazine,4450,Fluconazole,10051992,Lip erosion,1,693,1,6939,10.0,1.41365,0.00144092
8745,Promethazine,4450,Fluconazole,10024570,Lip swelling,1,693,14,6926,0.714286,1.03433,0.00144092
8745,Promethazine,4450,Fluconazole,10067621,Oral disorder,4,690,1,6939,40.0,1.11732,0.00576369
8745,Promethazine,4450,Fluconazole,10030963,Oral candidiasis,20,674,6,6934,33.3333,0.463769,0.0288184
8745,Promethazine,4450,Fluconazole,10048685,Oral infection,2,692,4,6936,5.0,0.86511,0.00288184
8745,Promethazine,4450,Fluconazole,10034835,Pharyngitis,5,689,7,6933,7.14286,0.584185,0.00720461
8745,Promethazine,4450,Fluconazole,10030094,Odynophagia,3,691,2,6938,15.0,0.912002,0.00432277
8745,Promethazine,4450,Fluconazole,10031009,Oral pain,6,688,7,6933,8.57143,0.554922,0.00864553
8745,Promethazine,4450,Fluconazole,10057372,Paraesthesia oral,1,693,2,6938,5.0,1.2241,0.00144092
8745,Promethazine,4450,Fluconazole,10057371,Hypoaesthesia oral,2,692,6,6934,3.33333,0.815525,0.00288184
8745,Promethazine,4450,Fluconazole,10068319,Oropharyngeal pain,13,681,34,6906,3.82353,0.323651,0.018732
8745,Promethazine,4450,Fluconazole,10018291,Gingival swelling,2,692,2,6938,10.0,0.999207,0.00288184
8745,Promethazine,4450,Fluconazole,10030110,Oedema mouth,1,693,5,6935,2.0,1.09472,0.00144092
8745,Promethazine,4450,Fluconazole,10028034,Mouth ulceration,7,687,5,6935,14.0,0.584185,0.0100865
8745,Promethazine,4450,Fluconazole,10042128,Stomatitis,8,686,13,6927,6.15385,0.447591,0.0115274
8745,Promethazine,4450,Fluconazole,10034674,Peritonitis,2,692,9,6931,2.22222,0.780722,0.00288184
8745,Promethazine,4450,Fluconazole,10038975,Retroperitoneal abscess,1,693,1,6939,10.0,1.41365,0.00144092
8745,Promethazine,4450,Fluconazole,10000050,Abdominal adhesions,2,692,1,6939,20.0,1.2241,0.00288184
8745,Promethazine,4450,Fluconazole,10038980,Retroperitoneal haemorrhage,1,693,1,6939,10.0,1.41365,0.00144092
8745,Promethazine,4450,Fluconazole,10013781,Dry mouth,6,688,32,6908,1.875,0.443093,0.00864553
8745,Promethazine,4450,Fluconazole,10039424,Salivary hypersecretion,1,693,4,6936,2.5,1.11732,0.00144092
8745,Promethazine,4450,Fluconazole,10013911,Dysgeusia,4,690,32,6908,1.25,0.528834,0.00576369
8745,Promethazine,4450,Fluconazole,10018386,Glossitis,1,693,2,6938,5.0,1.2241,0.00144092
8745,Promethazine,4450,Fluconazole,10043951,Tongue disorder,2,692,1,6939,20.0,1.2241,0.00288184
8745,Promethazine,4450,Fluconazole,10018388,Glossodynia,3,691,11,6929,2.72727,0.650121,0.00432277
8745,Promethazine,4450,Fluconazole,10042727,Swollen tongue,2,692,20,6920,1.0,0.74055,0.00288184
8745,Promethazine,4450,Fluconazole,10042101,Stomach discomfort,1,693,7,6933,1.42857,1.0683,0.00144092
8745,Promethazine,4450,Fluconazole,10052282,Markedly reduced dietary intake,1,693,1,6939,10.0,1.41365,0.00144092
8745,Promethazine,4450,Fluconazole,10063889,Oral intake reduced,3,691,8,6932,3.75,0.675832,0.00432277
8745,Promethazine,4450,Fluconazole,10007810,Catheter related infection,4,690,2,6938,20.0,0.86511,0.00576369
8745,Promethazine,4450,Fluconazole,10056520,Catheter site infection,2,692,4,6936,5.0,0.86511,0.00288184
8745,Promethazine,4450,Fluconazole,10051792,Infusion related reaction,3,691,16,6924,1.875,0.627892,0.00432277
8745,Promethazine,4450,Fluconazole,10054997,Infusion site infection,1,693,1,6939,10.0,1.41365,0.00144092
8745,Promethazine,4450,Fluconazole,10053505,Infusion site swelling,1,693,1,6939,10.0,1.41365,0.00144092
8745,Promethazine,4450,Fluconazole,10022044,Injection site abscess,1,693,2,6938,5.0,1.2241,0.00144092
8745,Promethazine,4450,Fluconazole,10051572,Injection site discolouration,2,692,7,6933,2.85714,0.800795,0.00288184
8745,Promethazine,4450,Fluconazole,10022061,Injection site erythema,1,693,68,6872,0.147059,1.00654,0.00144092
8745,Promethazine,4450,Fluconazole,10022066,Injection site haematoma,2,692,24,6916,0.833333,0.734903,0.00288184
8745,Promethazine,4450,Fluconazole,10022067,Injection site haemorrhage,1,693,25,6915,0.4,1.01903,0.00144092
8745,Promethazine,4450,Fluconazole,10022081,Injection site mass,1,693,6,6934,1.66667,1.07939,0.00144092
8745,Promethazine,4450,Fluconazole,10022086,Injection site pain,5,689,102,6838,0.490196,0.45631,0.00720461
8745,Promethazine,4450,Fluconazole,10022093,Injection site pruritus,1,693,34,6906,0.294118,1.01382,0.00144092
8745,Promethazine,4450,Fluconazole,10053425,Injection site swelling,2,692,37,6903,0.540541,0.724874,0.00288184
8745,Promethazine,4450,Fluconazole,10020843,Hyperthermia,1,693,1,6939,10.0,1.41365,0.00144092
8745,Promethazine,4450,Fluconazole,10021113,Hypothermia,1,693,5,6935,2.0,1.09472,0.00144092
8745,Promethazine,4450,Fluconazole,10037660,Pyrexia,54,640,156,6784,3.46154,0.152787,0.0778098
8745,Promethazine,4450,Fluconazole,10049054,Brain death,1,693,1,6939,10.0,1.41365,0.00144092
8745,Promethazine,4450,Fluconazole,10011906,Death,15,679,278,6662,0.539568,0.262066,0.0216138
8745,Promethazine,4450,Fluconazole,10067482,No adverse event,2,692,22,6918,0.909091,0.737475,0.00288184
8745,Promethazine,4450,Fluconazole,10003549,Asthenia,43,651,134,6806,3.20896,0.170685,0.0619597
8745,Promethazine,4450,Fluconazole,10011953,Decreased activity,2,692,3,6937,6.66667,0.912002,0.00288184
8745,Promethazine,4450,Fluconazole,10016256,Fatigue,61,633,197,6743,3.09645,0.141013,0.0878963
8745,Promethazine,4450,Fluconazole,10024264,Lethargy,21,673,24,6916,8.75,0.296143,0.0302594
8745,Promethazine,4450,Fluconazole,10025482,Malaise,25,669,141,6799,1.77305,0.213324,0.0360231
8745,Promethazine,4450,Fluconazole,10008531,Chills,18,676,47,6893,3.82979,0.274312,0.0259366
8745,Promethazine,4450,Fluconazole,10016322,Feeling abnormal,10,684,91,6849,1.0989,0.330763,0.0144092
8745,Promethazine,4450,Fluconazole,10016326,Feeling cold,2,692,10,6930,2.0,0.773573,0.00288184
8745,Promethazine,4450,Fluconazole,10061458,Feeling of body temperature change,1,693,2,6938,5.0,1.2241,0.00144092
8745,Promethazine,4450,Fluconazole,10019133,Hangover,1,693,4,6936,2.5,1.11732,0.00144092
8745,Promethazine,4450,Fluconazole,10034568,Peripheral coldness,2,692,5,6935,4.0,0.835712,0.00288184
8745,Promethazine,4450,Fluconazole,10057040,Temperature intolerance,2,692,4,6936,5.0,0.86511,0.00288184
8745,Promethazine,4450,Fluconazole,10043458,Thirst,3,691,4,6936,7.5,0.762724,0.00432277
8745,Promethazine,4450,Fluconazole,10049460,Abasia,4,690,23,6917,1.73913,0.540271,0.00576369
8745,Promethazine,4450,Fluconazole,10003591,Ataxia,2,692,10,6930,2.0,0.773573,0.00288184
8745,Promethazine,4450,Fluconazole,10017577,Gait disturbance,13,681,84,6856,1.54762,0.295369,0.018732
8745,Promethazine,4450,Fluconazole,10059837,Adhesion,3,691,1,6939,30.0,1.15401,0.00432277
8745,Promethazine,4450,Fluconazole,10057687,Bloody discharge,1,693,1,6939,10.0,1.41365,0.00144092
8745,Promethazine,4450,Fluconazole,10009866,Cold sweat,3,691,14,6926,2.14286,0.634962,0.00432277
8745,Promethazine,4450,Fluconazole,10010264,Condition aggravated,9,685,58,6882,1.55172,0.356044,0.0129683
8745,Promethazine,4450,Fluconazole,10061619,Deformity,2,692,5,6935,4.0,0.835712,0.00288184
8745,Promethazine,4450,Fluconazole,10012559,Developmental delay,1,693,2,6938,5.0,1.2241,0.00144092
8745,Promethazine,4450,Fluconazole,10061818,Disease progression,5,689,36,6904,1.38889,0.475597,0.00720461
8745,Promethazine,4450,Fluconazole,10061819,Disease recurrence,4,690,9,6931,4.44444,0.599605,0.00576369
8745,Promethazine,4450,Fluconazole,10051301,Exercise tolerance decreased,1,693,3,6937,3.33333,1.15401,0.00144092
8745,Promethazine,4450,Fluconazole,10016825,Flushing,2,692,68,6872,0.294118,0.716325,0.00288184
8745,Promethazine,4450,Fluconazole,10049438,General physical health deterioration,25,669,48,6892,5.20833,0.24341,0.0360231
8745,Promethazine,4450,Fluconazole,10060800,Hot flush,4,690,22,6918,1.81818,0.542097,0.00576369
8745,Promethazine,4450,Fluconazole,10020642,Hyperhidrosis,15,679,69,6871,2.17391,0.282089,0.0216138
8745,Promethazine,4450,Fluconazole,10061520,Ill-defined disorder,2,692,14,6926,1.42857,0.75488,0.00288184
8745,Promethazine,4450,Fluconazole,10022004,Influenza like illness,7,687,45,6895,1.55556,0.404344,0.0100865
8745,Promethazine,4450,Fluconazole,10022998,Irritability,2,692,28,6912,0.714286,0.730841,0.00288184
8745,Promethazine,4450,Fluconazole,10024770,Local swelling,4,690,18,6922,2.22222,0.551335,0.00576369
8745,Promethazine,4450,Fluconazole,10048334,Mobility decreased,6,688,17,6923,3.52941,0.473186,0.00864553
8745,Promethazine,4450,Fluconazole,10028154,Multi-organ failure,8,686,26,6914,3.07692,0.402339,0.0115274
8745,Promethazine,4450,Fluconazole,10029410,Night sweats,8,686,15,6925,5.33333,0.435984,0.0115274
8745,Promethazine,4450,Fluconazole,10053159,Organ failure,1,693,2,6938,5.0,1.2241,0.00144092
8745,Promethazine,4450,Fluconazole,10033546,Pallor,4,690,14,6926,2.85714,0.565547,0.00576369
8745,Promethazine,4450,Fluconazole,10037569,Purulent discharge,2,692,2,6938,10.0,0.999207,0.00288184
8745,Promethazine,4450,Fluconazole,10053459,Secretion discharge,1,693,2,6938,5.0,1.2241,0.00144092
8745,Promethazine,4450,Fluconazole,10042674,Swelling,19,675,27,6913,7.03704,0.296789,0.0273775
8745,Promethazine,4450,Fluconazole,10048669,Terminal state,1,693,4,6936,2.5,1.11732,0.00144092
8745,Promethazine,4450,Fluconazole,10062355,Unevaluable event,4,690,29,6911,1.37931,0.531881,0.00576369
8745,Promethazine,4450,Fluconazole,10048629,Wound secretion,1,693,3,6937,3.33333,1.15401,0.00144092
8745,Promethazine,4450,Fluconazole,10048245,Yellow skin,1,693,2,6938,5.0,1.2241,0.00144092
8745,Promethazine,4450,Fluconazole,10019909,Hernia,4,690,6,6934,6.66667,0.644268,0.00576369
8745,Promethazine,4450,Fluconazole,10018691,Granuloma,3,691,4,6936,7.5,0.762724,0.00432277
8745,Promethazine,4450,Fluconazole,10061218,Inflammation,5,689,15,6925,3.33333,0.514861,0.00720461
8745,Promethazine,4450,Fluconazole,10028116,Mucosal inflammation,13,681,8,6932,16.25,0.447591,0.018732
8745,Promethazine,4450,Fluconazole,10028133,Mucous membrane disorder,1,693,3,6937,3.33333,1.15401,0.00144092
8745,Promethazine,4450,Fluconazole,10061529,Polyp,1,693,2,6938,5.0,1.2241,0.00144092
8745,Promethazine,4450,Fluconazole,10007196,Capillary leak syndrome,1,693,1,6939,10.0,1.41365,0.00144092
8745,Promethazine,4450,Fluconazole,10016029,Face oedema,2,692,11,6929,1.81818,0.767674,0.00288184
8745,Promethazine,4450,Fluconazole,10018092,Generalised oedema,3,691,5,6935,6.0,0.729211,0.00432277
8745,Promethazine,4450,Fluconazole,10030095,Oedema,11,683,26,6914,4.23077,0.357471,0.0158501
8745,Promethazine,4450,Fluconazole,10064556,Breakthrough pain,3,691,1,6939,30.0,1.15401,0.00432277
8745,Promethazine,4450,Fluconazole,10013082,Discomfort,2,692,11,6929,1.81818,0.767674,0.00288184
8745,Promethazine,4450,Fluconazole,10016059,Facial pain,1,693,4,6936,2.5,1.11732,0.00144092
8745,Promethazine,4450,Fluconazole,10016750,Flank pain,9,685,5,6935,18.0,0.556351,0.0129683
8745,Promethazine,4450,Fluconazole,10062501,Non-cardiac chest pain,4,690,2,6938,20.0,0.86511,0.00576369
8745,Promethazine,4450,Fluconazole,10033371,Pain,106,588,205,6735,5.17073,0.112814,0.152738
8745,Promethazine,4450,Fluconazole,10054126,Post procedural discomfort,1,693,2,6938,5.0,1.2241,0.00144092
8745,Promethazine,4450,Fluconazole,10064882,Procedural pain,3,691,9,6931,3.33333,0.665477,0.00432277
8745,Promethazine,4450,Fluconazole,10043224,Tenderness,7,687,13,6927,5.38462,0.467114,0.0100865
8745,Promethazine,4450,Fluconazole,10069227,Product taste abnormal,1,693,2,6938,5.0,1.2241,0.00144092
8745,Promethazine,4450,Fluconazole,10069327,Product quality issue,5,689,69,6871,0.724638,0.461419,0.00720461
8745,Promethazine,4450,Fluconazole,10069326,Product substitution issue,1,693,21,6919,0.47619,1.02276,0.00144092
8745,Promethazine,4450,Fluconazole,10013710,Drug interaction,9,685,71,6869,1.26761,0.351583,0.0129683
8745,Promethazine,4450,Fluconazole,10061623,Adverse drug reaction,2,692,14,6926,1.42857,0.75488,0.00288184
8745,Promethazine,4450,Fluconazole,10060933,Adverse event,3,691,32,6908,0.9375,0.602493,0.00432277
8745,Promethazine,4450,Fluconazole,10013678,Drug effect decreased,2,692,32,6908,0.625,0.727781,0.00288184
8745,Promethazine,4450,Fluconazole,10013683,Drug effect increased,1,693,1,6939,10.0,1.41365,0.00144092
8745,Promethazine,4450,Fluconazole,10013709,Drug ineffective,22,672,331,6609,0.664653,0.216543,0.0317003
8745,Promethazine,4450,Fluconazole,10061822,Drug intolerance,3,691,12,6928,2.5,0.644268,0.00432277
8745,Promethazine,4450,Fluconazole,10063670,No therapeutic response,3,691,16,6924,1.875,0.627892,0.00432277
8745,Promethazine,4450,Fluconazole,10043414,Therapeutic response decreased,3,691,16,6924,1.875,0.627892,0.00432277
8745,Promethazine,4450,Fluconazole,10043417,Therapeutic response unexpected,1,693,17,6923,0.588235,1.02822,0.00144092
8745,Promethazine,4450,Fluconazole,10066901,Treatment failure,1,693,7,6933,1.42857,1.0683,0.00144092
8745,Promethazine,4450,Fluconazole,10013754,Drug withdrawal syndrome,3,691,33,6907,0.909091,0.601707,0.00432277
8745,Promethazine,4450,Fluconazole,10016642,Fibrosis,1,693,2,6938,5.0,1.2241,0.00144092
8745,Promethazine,4450,Fluconazole,10021519,Impaired healing,8,686,14,6926,5.71429,0.441411,0.0115274
8745,Promethazine,4450,Fluconazole,10011732,Cyst,3,691,5,6935,6.0,0.729211,0.00432277
8745,Promethazine,4450,Fluconazole,10026865,Mass,3,691,9,6931,3.33333,0.665477,0.00432277
8745,Promethazine,4450,Fluconazole,10054107,Nodule,1,693,4,6936,2.5,1.11732,0.00144092
8745,Promethazine,4450,Fluconazole,10028851,Necrosis,1,693,4,6936,2.5,1.11732,0.00144092
8745,Promethazine,4450,Fluconazole,10003694,Atrophy,1,693,2,6938,5.0,1.2241,0.00144092
8745,Promethazine,4450,Fluconazole,10045285,Ulcer,1,693,6,6934,1.66667,1.07939,0.00144092
8745,Promethazine,4450,Fluconazole,10051082,Therapy non-responder,2,692,5,6935,4.0,0.835712,0.00288184
8745,Promethazine,4450,Fluconazole,10004663,Biliary colic,4,690,1,6939,40.0,1.11732,0.00576369
8745,Promethazine,4450,Fluconazole,10008604,Cholangitis,1,693,1,6939,10.0,1.41365,0.00144092
8745,Promethazine,4450,Fluconazole,10056375,Bile duct obstruction,1,693,3,6937,3.33333,1.15401,0.00144092
8745,Promethazine,4450,Fluconazole,10004637,Bile duct stone,2,692,4,6936,5.0,0.86511,0.00288184
8745,Promethazine,4450,Fluconazole,10061008,Biliary tract disorder,1,693,2,6938,5.0,1.2241,0.00144092
8745,Promethazine,4450,Fluconazole,10008612,Cholecystitis,17,677,7,6933,24.2857,0.447321,0.0244957
8745,Promethazine,4450,Fluconazole,10008614,Cholecystitis acute,10,684,3,6937,33.3333,0.657076,0.0144092
8745,Promethazine,4450,Fluconazole,10008617,Cholecystitis chronic,44,650,12,6928,36.6667,0.323227,0.0634006
8745,Promethazine,4450,Fluconazole,10008629,Cholelithiasis,43,651,18,6922,23.8889,0.277896,0.0619597
8745,Promethazine,4450,Fluconazole,10056529,Biliary dyskinesia,19,675,5,6935,38.0,0.501045,0.0273775
8745,Promethazine,4450,Fluconazole,10017624,Gallbladder cholesterolosis,5,689,2,6938,25.0,0.835712,0.00720461
8745,Promethazine,4450,Fluconazole,10017626,Gallbladder disorder,34,660,16,6924,21.25,0.300544,0.0489914
8745,Promethazine,4450,Fluconazole,10017642,Gallbladder injury,9,685,3,6937,30.0,0.665477,0.0129683
8745,Promethazine,4450,Fluconazole,10017638,Gallbladder pain,1,693,2,6938,5.0,1.2241,0.00144092
8745,Promethazine,4450,Fluconazole,10008635,Cholestasis,3,691,6,6934,5.0,0.705985,0.00432277
8745,Promethazine,4450,Fluconazole,10061998,Hepatic lesion,2,692,1,6939,20.0,1.2241,0.00288184
8745,Promethazine,4450,Fluconazole,10024670,Liver disorder,2,692,15,6925,1.33333,0.751719,0.00288184
8745,Promethazine,4450,Fluconazole,10067125,Liver injury,2,692,4,6936,5.0,0.86511,0.00288184
8745,Promethazine,4450,Fluconazole,10019670,Hepatic function abnormal,7,687,12,6928,5.83333,0.473926,0.0100865
8745,Promethazine,4450,Fluconazole,10020942,Hypoalbuminaemia,2,692,1,6939,20.0,1.2241,0.00288184
8745,Promethazine,4450,Fluconazole,10000804,Acute hepatic failure,3,691,6,6934,5.0,0.705985,0.00432277
8745,Promethazine,4450,Fluconazole,10019663,Hepatic failure,10,684,18,6922,5.55556,0.392391,0.0144092
8745,Promethazine,4450,Fluconazole,10019845,Hepatorenal failure,2,692,1,6939,20.0,1.2241,0.00288184
8745,Promethazine,4450,Fluconazole,10019641,Hepatic cirrhosis,2,692,3,6937,6.66667,0.912002,0.00288184
8745,Promethazine,4450,Fluconazole,10019668,Hepatic fibrosis,1,693,1,6939,10.0,1.41365,0.00144092
8745,Promethazine,4450,Fluconazole,10024652,Liver abscess,1,693,1,6939,10.0,1.41365,0.00144092
8745,Promethazine,4450,Fluconazole,10036206,Portal vein thrombosis,1,693,1,6939,10.0,1.41365,0.00144092
8745,Promethazine,4450,Fluconazole,10047216,Venoocclusive liver disease,1,693,1,6939,10.0,1.41365,0.00144092
8745,Promethazine,4450,Fluconazole,10019744,Hepatitis C,1,693,2,6938,5.0,1.2241,0.00144092
8745,Promethazine,4450,Fluconazole,10019842,Hepatomegaly,2,692,3,6937,6.66667,0.912002,0.00288184
8745,Promethazine,4450,Fluconazole,10003827,Autoimmune hepatitis,1,693,4,6936,2.5,1.11732,0.00144092
8745,Promethazine,4450,Fluconazole,10019692,Hepatic necrosis,1,693,5,6935,2.0,1.09472,0.00144092
8745,Promethazine,4450,Fluconazole,10019708,Hepatic steatosis,14,680,7,6933,20.0,0.461195,0.0201729
8745,Promethazine,4450,Fluconazole,10019717,Hepatitis,3,691,12,6928,2.5,0.644268,0.00432277
8745,Promethazine,4450,Fluconazole,10019772,Hepatitis fulminant,2,692,3,6937,6.66667,0.912002,0.00288184
8745,Promethazine,4450,Fluconazole,10019695,Hepatic neoplasm,1,693,3,6937,3.33333,1.15401,0.00144092
8745,Promethazine,4450,Fluconazole,10027457,Metastases to liver,1,693,5,6935,2.0,1.09472,0.00144092
8745,Promethazine,4450,Fluconazole,10003553,Asthma,15,679,26,6914,5.76923,0.321781,0.0216138
8745,Promethazine,4450,Fluconazole,10006482,Bronchospasm,3,691,7,6933,4.28571,0.688916,0.00432277
8745,Promethazine,4450,Fluconazole,10015226,Erythema nodosum,1,693,1,6939,10.0,1.41365,0.00144092
8745,Promethazine,4450,Fluconazole,10020751,Hypersensitivity,11,683,63,6877,1.74603,0.324341,0.0158501
8745,Promethazine,4450,Fluconazole,10028164,Multiple allergies,1,693,1,6939,10.0,1.41365,0.00144092
8745,Promethazine,4450,Fluconazole,10040400,Serum sickness,3,691,1,6939,30.0,1.15401,0.00432277
8745,Promethazine,4450,Fluconazole,10042033,Stevens-Johnson syndrome,5,689,20,6920,2.5,0.498412,0.00720461
8745,Promethazine,4450,Fluconazole,10053613,Type IV hypersensitivity reaction,1,693,1,6939,10.0,1.41365,0.00144092
8745,Promethazine,4450,Fluconazole,10012442,Dermatitis contact,1,693,2,6938,5.0,1.2241,0.00144092
8745,Promethazine,4450,Fluconazole,10012455,Dermatitis exfoliative,1,693,5,6935,2.0,1.09472,0.00144092
8745,Promethazine,4450,Fluconazole,10013687,Drug eruption,2,692,11,6929,1.81818,0.767674,0.00288184
8745,Promethazine,4450,Fluconazole,10013700,Drug hypersensitivity,11,683,39,6901,2.82051,0.339065,0.0158501
8745,Promethazine,4450,Fluconazole,10064787,Reaction to drug excipients,1,693,1,6939,10.0,1.41365,0.00144092
8745,Promethazine,4450,Fluconazole,10038192,Red man syndrome,1,693,2,6938,5.0,1.2241,0.00144092
8745,Promethazine,4450,Fluconazole,10044223,Toxic epidermal necrolysis,3,691,12,6928,2.5,0.644268,0.00432277
8745,Promethazine,4450,Fluconazole,10002198,Anaphylactic reaction,4,690,19,6921,2.10526,0.548677,0.00576369
8745,Promethazine,4450,Fluconazole,10002424,Angioedema,3,691,15,6925,2.0,0.631201,0.00432277
8745,Promethazine,4450,Fluconazole,10012438,Dermatitis atopic,1,693,1,6939,10.0,1.41365,0.00144092
8745,Promethazine,4450,Fluconazole,10048908,Seasonal allergy,1,693,1,6939,10.0,1.41365,0.00144092
8745,Promethazine,4450,Fluconazole,10046735,Urticaria,5,689,61,6879,0.819672,0.463474,0.00720461
8745,Promethazine,4450,Fluconazole,10061664,Autoimmune disorder,1,693,3,6937,3.33333,1.15401,0.00144092
8745,Promethazine,4450,Fluconazole,10018767,Guillain-Barre syndrome,1,693,2,6938,5.0,1.2241,0.00144092
8745,Promethazine,4450,Fluconazole,10025140,Lupus nephritis,1,693,1,6939,10.0,1.41365,0.00144092
8745,Promethazine,4450,Fluconazole,10042945,Systemic lupus erythematosus,3,691,10,6930,3.0,0.657076,0.00432277
8745,Promethazine,4450,Fluconazole,10036099,Polymyalgia rheumatica,1,693,2,6938,5.0,1.2241,0.00144092
8745,Promethazine,4450,Fluconazole,10039073,Rheumatoid arthritis,5,689,20,6920,2.5,0.498412,0.00720461
8745,Promethazine,4450,Fluconazole,10002022,Amyloidosis,1,693,1,6939,10.0,1.41365,0.00144092
8745,Promethazine,4450,Fluconazole,10018364,Glomerulonephritis,1,693,2,6938,5.0,1.2241,0.00144092
8745,Promethazine,4450,Fluconazole,10021425,Immune system disorder,1,693,5,6935,2.0,1.09472,0.00144092
8745,Promethazine,4450,Fluconazole,10018651,Graft versus host disease,1,693,6,6934,1.66667,1.07939,0.00144092
8745,Promethazine,4450,Fluconazole,10023439,Kidney transplant rejection,2,692,3,6937,6.66667,0.912002,0.00288184
8745,Promethazine,4450,Fluconazole,10044439,Transplant rejection,3,691,2,6938,15.0,0.912002,0.00432277
8745,Promethazine,4450,Fluconazole,10047115,Vasculitis,5,689,9,6931,5.55556,0.556351,0.00720461
8745,Promethazine,4450,Fluconazole,10061598,Immunodeficiency,1,693,2,6938,5.0,1.2241,0.00144092
8745,Promethazine,4450,Fluconazole,10062016,Immunosuppression,2,692,1,6939,20.0,1.2241,0.00288184
8745,Promethazine,4450,Fluconazole,10036376,Post herpetic neuralgia,2,692,1,6939,20.0,1.2241,0.00288184
8745,Promethazine,4450,Fluconazole,10051894,Acinetobacter infection,1,693,1,6939,10.0,1.41365,0.00144092
8745,Promethazine,4450,Fluconazole,10060945,Bacterial infection,6,688,4,6936,15.0,0.644268,0.00864553
8745,Promethazine,4450,Fluconazole,10007882,Cellulitis,18,676,19,6921,9.47368,0.3265,0.0259366
8745,Promethazine,4450,Fluconazole,10017711,Gangrene,2,692,3,6937,6.66667,0.912002,0.00288184
8745,Promethazine,4450,Fluconazole,10054138,Stenotrophomonas infection,1,693,1,6939,10.0,1.41365,0.00144092
8745,Promethazine,4450,Fluconazole,10062167,Vaginitis bacterial,2,692,1,6939,20.0,1.2241,0.00288184
8745,Promethazine,4450,Fluconazole,10061043,Clostridial infection,3,691,3,6937,10.0,0.815525,0.00432277
8745,Promethazine,4450,Fluconazole,10061124,Enterococcal infection,1,693,1,6939,10.0,1.41365,0.00144092
8745,Promethazine,4450,Fluconazole,10061126,Escherichia infection,1,693,2,6938,5.0,1.2241,0.00144092
8745,Promethazine,4450,Fluconazole,10054263,Helicobacter infection,2,692,1,6939,20.0,1.2241,0.00288184
8745,Promethazine,4450,Fluconazole,10058856,Klebsiella bacteraemia,2,692,1,6939,20.0,1.2241,0.00288184
8745,Promethazine,4450,Fluconazole,10061259,Klebsiella infection,3,691,2,6938,15.0,0.912002,0.00432277
8745,Promethazine,4450,Fluconazole,10061471,Pseudomonas infection,7,687,6,6934,11.6667,0.554922,0.0100865
8745,Promethazine,4450,Fluconazole,10007921,Cellulitis staphylococcal,1,693,1,6939,10.0,1.41365,0.00144092
8745,Promethazine,4450,Fluconazole,10051017,Staphylococcal bacteraemia,2,692,1,6939,20.0,1.2241,0.00288184
8745,Promethazine,4450,Fluconazole,10058080,Staphylococcal infection,17,677,15,6925,11.3333,0.352002,0.0244957
8745,Promethazine,4450,Fluconazole,10056430,Staphylococcal sepsis,2,692,1,6939,20.0,1.2241,0.00288184
8745,Promethazine,4450,Fluconazole,10059442,Wound infection staphylococcal,2,692,1,6939,20.0,1.2241,0.00288184
8745,Promethazine,4450,Fluconazole,10054265,Alpha haemolytic streptococcal infection,1,693,1,6939,10.0,1.41365,0.00144092
8745,Promethazine,4450,Fluconazole,10048960,Streptococcal sepsis,1,693,2,6938,5.0,1.2241,0.00144092
8745,Promethazine,4450,Fluconazole,10006473,Bronchopulmonary aspergillosis,1,693,1,6939,10.0,1.41365,0.00144092
8745,Promethazine,4450,Fluconazole,10007152,Candidiasis,9,685,6,6934,15.0,0.52554,0.0129683
8745,Promethazine,4450,Fluconazole,10054152,Skin candida,1,693,1,6939,10.0,1.41365,0.00144092
8745,Promethazine,4450,Fluconazole,10017533,Fungal infection,5,689,13,6927,3.84615,0.524727,0.00720461
8745,Promethazine,4450,Fluconazole,10064899,Vulvovaginal mycotic infection,2,692,1,6939,20.0,1.2241,0.00288184
8745,Promethazine,4450,Fluconazole,10064108,Pneumocystis jiroveci pneumonia,1,693,7,6933,1.42857,1.0683,0.00144092
8745,Promethazine,4450,Fluconazole,10031252,Osteomyelitis,13,681,9,6931,14.4444,0.431798,0.018732
8745,Promethazine,4450,Fluconazole,10006105,Brain abscess,1,693,3,6937,3.33333,1.15401,0.00144092
8745,Promethazine,4450,Fluconazole,10027199,Meningitis,1,693,2,6938,5.0,1.2241,0.00144092
8745,Promethazine,4450,Fluconazole,10046914,Vaginal infection,5,689,4,6936,12.5,0.669638,0.00720461
8745,Promethazine,4450,Fluconazole,10000269,Abscess,7,687,5,6935,14.0,0.584185,0.0100865
8745,Promethazine,4450,Fluconazole,10050473,Abscess limb,1,693,2,6938,5.0,1.2241,0.00144092
8745,Promethazine,4450,Fluconazole,10064687,Device related infection,7,687,2,6938,35.0,0.800795,0.0100865
8745,Promethazine,4450,Fluconazole,10014568,Empyema,1,693,1,6939,10.0,1.41365,0.00144092
8745,Promethazine,4450,Fluconazole,10021789,Infection,7,687,37,6903,1.89189,0.410243,0.0100865
8745,Promethazine,4450,Fluconazole,10024774,Localised infection,5,689,2,6938,25.0,0.835712,0.00720461
8745,Promethazine,4450,Fluconazole,10030901,Opportunistic infection,2,692,1,6939,20.0,1.2241,0.00288184
8745,Promethazine,4450,Fluconazole,10034133,Pathogen resistance,1,693,4,6936,2.5,1.11732,0.00144092
8745,Promethazine,4450,Fluconazole,10036410,Postoperative wound infection,2,692,3,6937,6.66667,0.912002,0.00288184
8745,Promethazine,4450,Fluconazole,10061926,Purulence,1,693,1,6939,10.0,1.41365,0.00144092
8745,Promethazine,4450,Fluconazole,10062352,Respiratory tract infection,1,693,14,6926,0.714286,1.03433,0.00144092
8745,Promethazine,4450,Fluconazole,10048038,Wound infection,3,691,6,6934,5.0,0.705985,0.00432277
8745,Promethazine,4450,Fluconazole,10006445,Bronchiectasis,2,692,3,6937,6.66667,0.912002,0.00288184
8745,Promethazine,4450,Fluconazole,10006451,Bronchitis,24,670,30,6910,8.0,0.270952,0.0345821
8745,Promethazine,4450,Fluconazole,10006469,Bronchopneumonia,1,693,5,6935,2.0,1.09472,0.00144092
8745,Promethazine,4450,Fluconazole,10024738,Lobar pneumonia,2,692,3,6937,6.66667,0.912002,0.00288184
8745,Promethazine,4450,Fluconazole,10061229,Lung infection,2,692,8,6932,2.5,0.789566,0.00288184
8745,Promethazine,4450,Fluconazole,10035664,Pneumonia,39,655,109,6831,3.57798,0.182292,0.056196
8745,Promethazine,4450,Fluconazole,10028885,Necrotising fasciitis,1,693,2,6938,5.0,1.2241,0.00144092
8745,Promethazine,4450,Fluconazole,10003997,Bacteraemia,4,690,4,6936,10.0,0.705985,0.00576369
8745,Promethazine,4450,Fluconazole,10040047,Sepsis,24,670,44,6896,5.45455,0.250617,0.0345821
8745,Promethazine,4450,Fluconazole,10040070,Septic shock,7,687,15,6925,4.66667,0.456003,0.0100865
8745,Promethazine,4450,Fluconazole,10017553,Furuncle,2,692,1,6939,20.0,1.2241,0.00288184
8745,Promethazine,4450,Fluconazole,10034016,Paronychia,1,693,1,6939,10.0,1.41365,0.00144092
8745,Promethazine,4450,Fluconazole,10042343,Subcutaneous abscess,3,691,2,6938,15.0,0.912002,0.00432277
8745,Promethazine,4450,Fluconazole,10001076,Acute sinusitis,1,693,1,6939,10.0,1.41365,0.00144092
8745,Promethazine,4450,Fluconazole,10009137,Chronic sinusitis,4,690,2,6938,20.0,0.86511,0.00576369
8745,Promethazine,4450,Fluconazole,10023874,Laryngitis,1,693,1,6939,10.0,1.41365,0.00144092
8745,Promethazine,4450,Fluconazole,10028810,Nasopharyngitis,6,688,48,6892,1.25,0.431179,0.00864553
8745,Promethazine,4450,Fluconazole,10039083,Rhinitis,2,692,1,6939,20.0,1.2241,0.00288184
8745,Promethazine,4450,Fluconazole,10040753,Sinusitis,18,676,30,6910,6.0,0.295472,0.0259366
8745,Promethazine,4450,Fluconazole,10046306,Upper respiratory tract infection,13,681,16,6924,8.125,0.371266,0.018732
8745,Promethazine,4450,Fluconazole,10011781,Cystitis,8,686,9,6931,8.88889,0.484279,0.0115274
8745,Promethazine,4450,Fluconazole,10023424,Kidney infection,1,693,2,6938,5.0,1.2241,0.00144092
8745,Promethazine,4450,Fluconazole,10037596,Pyelonephritis,5,689,3,6937,16.6667,0.729211,0.00720461
8745,Promethazine,4450,Fluconazole,10037597,Pyelonephritis acute,1,693,1,6939,10.0,1.41365,0.00144092
8745,Promethazine,4450,Fluconazole,10046571,Urinary tract infection,36,658,55,6885,6.54545,0.210653,0.0518732
8745,Promethazine,4450,Fluconazole,10044755,Tuberculosis,2,692,4,6936,5.0,0.86511,0.00288184
8745,Promethazine,4450,Fluconazole,10060931,Adenovirus infection,1,693,1,6939,10.0,1.41365,0.00144092
8745,Promethazine,4450,Fluconazole,10011831,Cytomegalovirus infection,2,692,3,6937,6.66667,0.912002,0.00288184
8745,Promethazine,4450,Fluconazole,10058854,Cytomegalovirus viraemia,2,692,2,6938,10.0,0.999207,0.00288184
8745,Promethazine,4450,Fluconazole,10018150,Genital herpes,1,693,1,6939,10.0,1.41365,0.00144092
8745,Promethazine,4450,Fluconazole,10019948,Herpes simplex,1,693,3,6937,3.33333,1.15401,0.00144092
8745,Promethazine,4450,Fluconazole,10019974,Herpes zoster,10,684,25,6915,4.0,0.372042,0.0144092
8745,Promethazine,4450,Fluconazole,10022000,Influenza,7,687,25,6915,2.8,0.425761,0.0100865
8745,Promethazine,4450,Fluconazole,10036807,Progressive multifocal leukoencephalopathy,7,687,2,6938,35.0,0.800795,0.0100865
8745,Promethazine,4450,Fluconazole,10035737,Pneumonia viral,2,692,1,6939,20.0,1.2241,0.00288184
8745,Promethazine,4450,Fluconazole,10047461,Viral infection,5,689,8,6932,6.25,0.568696,0.00720461
8745,Promethazine,4450,Fluconazole,10047482,Viral upper respiratory tract infection,1,693,1,6939,10.0,1.41365,0.00144092
8745,Promethazine,4450,Fluconazole,10010214,Compression fracture,4,690,2,6938,20.0,0.86511,0.00576369
8745,Promethazine,4450,Fluconazole,10017076,Fracture,1,693,3,6937,3.33333,1.15401,0.00144092
8745,Promethazine,4450,Fluconazole,10023204,Joint dislocation,4,690,2,6938,20.0,0.86511,0.00576369
8745,Promethazine,4450,Fluconazole,10028200,Multiple fractures,4,690,6,6934,6.66667,0.644268,0.00576369
8745,Promethazine,4450,Fluconazole,10034156,Pathological fracture,7,687,3,6937,23.3333,0.688916,0.0100865
8745,Promethazine,4450,Fluconazole,10042212,Stress fracture,1,693,6,6934,1.66667,1.07939,0.00144092
8745,Promethazine,4450,Fluconazole,10060820,Joint injury,6,688,10,6930,6.0,0.514861,0.00864553
8745,Promethazine,4450,Fluconazole,10023229,Joint sprain,2,692,1,6939,20.0,1.2241,0.00288184
8745,Promethazine,4450,Fluconazole,10061225,Limb injury,2,692,4,6936,5.0,0.86511,0.00288184
8745,Promethazine,4450,Fluconazole,10039227,Rotator cuff syndrome,8,686,4,6936,20.0,0.611077,0.0115274
8745,Promethazine,4450,Fluconazole,10002544,Ankle fracture,5,689,4,6936,12.5,0.669638,0.00720461
8745,Promethazine,4450,Fluconazole,10016454,Femur fracture,3,691,24,6916,1.25,0.611077,0.00432277
8745,Promethazine,4450,Fluconazole,10016667,Fibula fracture,2,692,2,6938,10.0,0.999207,0.00288184
8745,Promethazine,4450,Fluconazole,10016970,Foot fracture,10,684,10,6930,10.0,0.445438,0.0144092
8745,Promethazine,4450,Fluconazole,10020100,Hip fracture,3,691,12,6928,2.5,0.644268,0.00432277
8745,Promethazine,4450,Fluconazole,10061599,Lower limb fracture,2,692,4,6936,5.0,0.86511,0.00288184
8745,Promethazine,4450,Fluconazole,10016042,Facial bones fracture,1,693,3,6937,3.33333,1.15401,0.00144092
8745,Promethazine,4450,Fluconazole,10049164,Fractured coccyx,1,693,1,6939,10.0,1.41365,0.00144092
8745,Promethazine,4450,Fluconazole,10041541,Spinal compression fracture,4,690,12,6928,3.33333,0.575976,0.00576369
8745,Promethazine,4450,Fluconazole,10049948,Thoracic vertebral fracture,1,693,2,6938,5.0,1.2241,0.00144092
8745,Promethazine,4450,Fluconazole,10039117,Rib fracture,5,689,8,6932,6.25,0.568696,0.00720461
8745,Promethazine,4450,Fluconazole,10020462,Humerus fracture,3,691,2,6938,15.0,0.912002,0.00432277
8745,Promethazine,4450,Fluconazole,10037802,Radius fracture,3,691,1,6939,30.0,1.15401,0.00432277
8745,Promethazine,4450,Fluconazole,10061394,Upper limb fracture,5,689,9,6931,5.55556,0.556351,0.00720461
8745,Promethazine,4450,Fluconazole,10048049,Wrist fracture,3,691,6,6934,5.0,0.705985,0.00432277
8745,Promethazine,4450,Fluconazole,10048799,Acute generalised exanthematous pustulosis,12,682,3,6937,40.0,0.644268,0.0172911
8745,Promethazine,4450,Fluconazole,10013746,Drug toxicity,3,691,26,6914,1.15385,0.608449,0.00432277
8745,Promethazine,4450,Fluconazole,10029155,Nephropathy toxic,1,693,10,6930,1.0,1.04805,0.00144092
8745,Promethazine,4450,Fluconazole,10029350,Neurotoxicity,2,692,5,6935,4.0,0.835712,0.00288184
8745,Promethazine,4450,Fluconazole,10061355,Poisoning,1,693,8,6932,1.25,1.05991,0.00144092
