node_id,node_type
CID_1,Drug
CID_2,Drug
CID_3,Drug
CID_4,Drug
CID_5,Drug
CID_6,Drug
CID_7,Drug
CID_8,Drug
CID_9,Drug
CID_11,Drug
CID_12,Drug
CID_13,Drug
CID_14,Drug
CID_15,Drug
CID_16,Drug
CID_17,Drug
CID_18,Drug
CID_19,Drug
CID_20,Drug
CID_21,Drug
CID_22,Drug
CID_23,Drug
CID_24,Drug
CID_26,Drug
CID_28,Drug
CID_29,Drug
CID_30,Drug
CID_31,Drug
CID_32,Drug
CID_33,Drug
CID_34,Drug
CID_35,Drug
CID_36,Drug
CID_37,Drug
CID_38,Drug
CID_39,Drug
CID_40,Drug
CID_41,Drug
CID_42,Drug
CID_43,Drug
CID_44,Drug
CID_45,Drug
CID_46,Drug
CID_47,Drug
CID_48,Drug
CID_49,Drug
CID_50,Drug
CID_51,Drug
CID_52,Drug
CID_53,Drug
CID_54,Drug
CID_55,Drug
CID_56,Drug
CID_57,Drug
CID_58,Drug
CID_59,Drug
CID_60,Drug
CID_61,Drug
CID_62,Drug
CID_63,Drug
CID_64,Drug
CID_65,Drug
CID_66,Drug
CID_67,Drug
CID_68,Drug
CID_69,Drug
CID_70,Drug
CID_71,Drug
CID_72,Drug
CID_73,Drug
CID_74,Drug
CID_75,Drug
CID_76,Drug
CID_77,Drug
CID_78,Drug
CID_79,Drug
CID_80,Drug
CID_81,Drug
CID_82,Drug
CID_84,Drug
CID_85,Drug
CID_86,Drug
CID_87,Drug
CID_88,Drug
CID_89,Drug
CID_90,Drug
CID_91,Drug
CID_92,Drug
CID_93,Drug
CID_94,Drug
CID_95,Drug
CID_96,Drug
CID_97,Drug
CID_98,Drug
CID_99,Drug
CID_100,Drug
CID_101,Drug
CID_102,Drug
CID_103,Drug
CID_104,Drug
CID_105,Drug
CID_106,Drug
CID_107,Drug
CID_108,Drug
CID_109,Drug
CID_110,Drug
CID_111,Drug
CID_112,Drug
CID_113,Drug
CID_114,Drug
CID_115,Drug
CID_116,Drug
CID_117,Drug
CID_118,Drug
CID_119,Drug
CID_120,Drug
CID_121,Drug
CID_122,Drug
CID_123,Drug
CID_124,Drug
CID_125,Drug
CID_126,Drug
CID_127,Drug
CID_128,Drug
CID_129,Drug
CID_130,Drug
CID_131,Drug
CID_132,Drug
CID_133,Drug
CID_134,Drug
CID_135,Drug
CID_137,Drug
CID_138,Drug
CID_139,Drug
CID_140,Drug
CID_141,Drug
CID_142,Drug
CID_144,Drug
CID_145,Drug
CID_149,Drug
CID_150,Drug
CID_151,Drug
CID_152,Drug
CID_153,Drug
CID_154,Drug
CID_155,Drug
CID_156,Drug
CID_157,Drug
CID_158,Drug
CID_159,Drug
CID_160,Drug
CID_161,Drug
CID_162,Drug
CID_163,Drug
CID_164,Drug
CID_165,Drug
CID_166,Drug
CID_167,Drug
CID_168,Drug
CID_169,Drug
CID_172,Drug
CID_173,Drug
CID_174,Drug
CID_175,Drug
CID_176,Drug
CID_177,Drug
CID_178,Drug
CID_179,Drug
CID_180,Drug
CID_181,Drug
CID_182,Drug
CID_183,Drug
CID_184,Drug
CID_185,Drug
CID_186,Drug
CID_187,Drug
CID_188,Drug
CID_189,Drug
CID_190,Drug
CID_191,Drug
CID_192,Drug
CID_193,Drug
CID_194,Drug
CID_195,Drug
CID_196,Drug
CID_197,Drug
CID_198,Drug
CID_199,Drug
CID_200,Drug
CID_201,Drug
CID_202,Drug
CID_203,Drug
CID_204,Drug
CID_205,Drug
CID_206,Drug
CID_207,Drug
CID_208,Drug
CID_209,Drug
CID_210,Drug
CID_211,Drug
CID_212,Drug
CID_213,Drug
CID_214,Drug
CID_215,Drug
CID_216,Drug
CID_217,Drug
CID_219,Drug
CID_220,Drug
CID_221,Drug
CID_222,Drug
CID_223,Drug
CID_224,Drug
CID_225,Drug
CID_226,Drug
CID_227,Drug
CID_228,Drug
CID_229,Drug
CID_230,Drug
CID_231,Drug
CID_232,Drug
CID_233,Drug
CID_234,Drug
CID_236,Drug
CID_237,Drug
CID_238,Drug
CID_239,Drug
CID_240,Drug
CID_241,Drug
CID_242,Drug
CID_243,Drug
CID_244,Drug
CID_245,Drug
CID_246,Drug
CID_247,Drug
CID_248,Drug
CID_249,Drug
CID_250,Drug
CID_251,Drug
CID_253,Drug
CID_254,Drug
CID_255,Drug
CID_256,Drug
CID_257,Drug
CID_258,Drug
CID_259,Drug
CID_260,Drug
CID_261,Drug
CID_262,Drug
CID_263,Drug
CID_264,Drug
CID_265,Drug
CID_266,Drug
CID_267,Drug
CID_268,Drug
CID_269,Drug
CID_270,Drug
CID_271,Drug
CID_273,Drug
CID_274,Drug
CID_275,Drug
CID_276,Drug
CID_277,Drug
CID_278,Drug
CID_279,Drug
CID_280,Drug
CID_281,Drug
CID_282,Drug
CID_283,Drug
CID_284,Drug
CID_285,Drug
CID_286,Drug
CID_287,Drug
CID_288,Drug
CID_289,Drug
CID_290,Drug
CID_291,Drug
CID_292,Drug
CID_293,Drug
CID_294,Drug
CID_296,Drug
CID_297,Drug
CID_298,Drug
CID_299,Drug
CID_300,Drug
CID_301,Drug
CID_302,Drug
CID_303,Drug
CID_304,Drug
CID_305,Drug
CID_306,Drug
CID_307,Drug
CID_308,Drug
CID_309,Drug
CID_310,Drug
CID_311,Drug
CID_312,Drug
CID_313,Drug
CID_314,Drug
CID_315,Drug
CID_316,Drug
CID_317,Drug
CID_318,Drug
CID_319,Drug
CID_320,Drug
CID_321,Drug
CID_322,Drug
CID_323,Drug
CID_324,Drug
CID_325,Drug
CID_326,Drug
CID_328,Drug
CID_329,Drug
CID_330,Drug
CID_331,Drug
CID_332,Drug
CID_333,Drug
CID_334,Drug
CID_335,Drug
CID_336,Drug
CID_337,Drug
CID_338,Drug
CID_339,Drug
CID_340,Drug
CID_341,Drug
CID_342,Drug
CID_343,Drug
CID_344,Drug
CID_345,Drug
CID_346,Drug
CID_347,Drug
CID_348,Drug
CID_349,Drug
CID_350,Drug
CID_351,Drug
CID_352,Drug
CID_353,Drug
CID_354,Drug
CID_355,Drug
CID_356,Drug
CID_357,Drug
CID_358,Drug
CID_359,Drug
CID_360,Drug
CID_361,Drug
CID_362,Drug
CID_363,Drug
CID_364,Drug
CID_365,Drug
CID_366,Drug
CID_368,Drug
CID_370,Drug
CID_371,Drug
CID_372,Drug
CID_374,Drug
CID_375,Drug
CID_376,Drug
CID_377,Drug
CID_378,Drug
CID_379,Drug
CID_380,Drug
CID_381,Drug
CID_382,Drug
CID_383,Drug
CID_384,Drug
CID_385,Drug
CID_386,Drug
CID_387,Drug
CID_388,Drug
CID_389,Drug
CID_390,Drug
CID_391,Drug
CID_392,Drug
CID_393,Drug
CID_395,Drug
CID_397,Drug
CID_398,Drug
CID_399,Drug
CID_400,Drug
CID_401,Drug
CID_402,Drug
CID_403,Drug
CID_404,Drug
CID_405,Drug
CID_406,Drug
CID_407,Drug
CID_408,Drug
CID_409,Drug
CID_410,Drug
CID_411,Drug
CID_412,Drug
CID_413,Drug
CID_414,Drug
CID_415,Drug
CID_416,Drug
CID_417,Drug
CID_418,Drug
CID_419,Drug
CID_420,Drug
CID_421,Drug
CID_422,Drug
CID_423,Drug
CID_424,Drug
CID_425,Drug
CID_426,Drug
CID_427,Drug
CID_428,Drug
CID_429,Drug
CID_430,Drug
CID_431,Drug
CID_432,Drug
CID_433,Drug
CID_434,Drug
CID_435,Drug
CID_436,Drug
CID_437,Drug
CID_438,Drug
CID_439,Drug
CID_440,Drug
CID_441,Drug
CID_442,Drug
CID_443,Drug
CID_444,Drug
CID_445,Drug
CID_446,Drug
CID_447,Drug
CID_448,Drug
CID_449,Drug
CID_450,Drug
CID_452,Drug
CID_453,Drug
CID_454,Drug
CID_455,Drug
CID_456,Drug
CID_457,Drug
CID_458,Drug
CID_460,Drug
CID_461,Drug
CID_462,Drug
CID_463,Drug
CID_464,Drug
CID_465,Drug
CID_466,Drug
CID_467,Drug
CID_468,Drug
CID_469,Drug
CID_470,Drug
CID_471,Drug
CID_472,Drug
CID_473,Drug
CID_474,Drug
CID_475,Drug
CID_476,Drug
CID_477,Drug
CID_478,Drug
CID_479,Drug
CID_481,Drug
CID_482,Drug
CID_483,Drug
CID_484,Drug
CID_485,Drug
CID_486,Drug
CID_487,Drug
CID_488,Drug
CID_489,Drug
CID_490,Drug
CID_491,Drug
CID_492,Drug
CID_493,Drug
CID_494,Drug
CID_495,Drug
CID_496,Drug
CID_497,Drug
CID_499,Drug
CID_500,Drug
CID_501,Drug
CID_502,Drug
CID_503,Drug
CID_504,Drug
CID_505,Drug
CID_507,Drug
CID_508,Drug
CID_510,Drug
CID_511,Drug
CID_512,Drug
CID_513,Drug
CID_514,Drug
CID_515,Drug
CID_516,Drug
CID_517,Drug
CID_518,Drug
CID_519,Drug
CID_520,Drug
CID_521,Drug
CID_522,Drug
CID_523,Drug
CID_524,Drug
CID_525,Drug
CID_526,Drug
CID_527,Drug
CID_528,Drug
CID_529,Drug
CID_531,Drug
CID_532,Drug
CID_533,Drug
CID_534,Drug
CID_535,Drug
CID_536,Drug
CID_537,Drug
CID_538,Drug
CID_539,Drug
CID_540,Drug
CID_541,Drug
CID_542,Drug
CID_543,Drug
CID_544,Drug
CID_545,Drug
CID_546,Drug
CID_547,Drug
CID_548,Drug
CID_550,Drug
CID_551,Drug
CID_553,Drug
CID_554,Drug
CID_555,Drug
CID_556,Drug
CID_557,Drug
CID_558,Drug
CID_559,Drug
CID_560,Drug
CID_561,Drug
CID_562,Drug
CID_563,Drug
CID_564,Drug
CID_566,Drug
CID_567,Drug
CID_568,Drug
CID_569,Drug
CID_570,Drug
CID_571,Drug
CID_572,Drug
CID_573,Drug
CID_577,Drug
CID_578,Drug
CID_579,Drug
CID_580,Drug
CID_581,Drug
CID_582,Drug
CID_583,Drug
CID_584,Drug
CID_585,Drug
CID_586,Drug
CID_587,Drug
CID_588,Drug
CID_589,Drug
CID_590,Drug
CID_591,Drug
CID_592,Drug
CID_593,Drug
CID_594,Drug
CID_595,Drug
CID_596,Drug
CID_597,Drug
CID_598,Drug
CID_599,Drug
CID_600,Drug
CID_601,Drug
CID_602,Drug
CID_603,Drug
CID_604,Drug
CID_605,Drug
CID_606,Drug
CID_607,Drug
CID_608,Drug
CID_609,Drug
CID_610,Drug
CID_611,Drug
CID_612,Drug
CID_613,Drug
CID_614,Drug
CID_615,Drug
CID_616,Drug
CID_617,Drug
CID_618,Drug
CID_619,Drug
CID_620,Drug
CID_621,Drug
CID_622,Drug
CID_623,Drug
CID_624,Drug
CID_625,Drug
CID_626,Drug
CID_627,Drug
CID_628,Drug
CID_629,Drug
CID_630,Drug
CID_631,Drug
CID_632,Drug
CID_633,Drug
CID_634,Drug
CID_635,Drug
CID_636,Drug
CID_637,Drug
CID_640,Drug
CID_641,Drug
CID_642,Drug
CID_643,Drug
CID_647,Drug
CID_648,Drug
CID_649,Drug
CID_650,Drug
CID_652,Drug
CID_654,Drug
CID_655,Drug
CID_656,Drug
CID_657,Drug
CID_658,Drug
CID_660,Drug
CID_662,Drug
CID_663,Drug
CID_667,Drug
CID_668,Drug
CID_669,Drug
CID_670,Drug
CID_671,Drug
CID_672,Drug
CID_673,Drug
CID_674,Drug
CID_675,Drug
CID_677,Drug
CID_679,Drug
CID_680,Drug
CID_681,Drug
CID_682,Drug
CID_683,Drug
CID_684,Drug
CID_685,Drug
CID_686,Drug
CID_687,Drug
CID_688,Drug
CID_689,Drug
CID_690,Drug
CID_691,Drug
CID_692,Drug
CID_693,Drug
CID_694,Drug
CID_695,Drug
CID_696,Drug
CID_697,Drug
CID_698,Drug
CID_699,Drug
CID_700,Drug
CID_701,Drug
CID_702,Drug
CID_703,Drug
CID_704,Drug
CID_705,Drug
CID_706,Drug
CID_707,Drug
CID_708,Drug
CID_709,Drug
CID_710,Drug
CID_711,Drug
CID_712,Drug
CID_713,Drug
CID_714,Drug
CID_715,Drug
CID_716,Drug
CID_717,Drug
CID_718,Drug
CID_719,Drug
CID_720,Drug
CID_721,Drug
CID_722,Drug
CID_723,Drug
CID_724,Drug
CID_725,Drug
CID_726,Drug
CID_727,Drug
CID_728,Drug
CID_729,Drug
CID_734,Drug
CID_735,Drug
CID_736,Drug
CID_737,Drug
CID_738,Drug
CID_739,Drug
CID_740,Drug
CID_741,Drug
CID_742,Drug
CID_743,Drug
CID_744,Drug
CID_745,Drug
CID_746,Drug
CID_747,Drug
CID_748,Drug
CID_749,Drug
CID_750,Drug
CID_751,Drug
CID_752,Drug
CID_753,Drug
CID_754,Drug
CID_755,Drug
CID_756,Drug
CID_757,Drug
CID_758,Drug
CID_759,Drug
CID_760,Drug
CID_763,Drug
CID_765,Drug
CID_767,Drug
CID_768,Drug
CID_769,Drug
CID_771,Drug
CID_772,Drug
CID_773,Drug
CID_774,Drug
CID_775,Drug
CID_776,Drug
CID_777,Drug
CID_778,Drug
CID_779,Drug
CID_780,Drug
CID_781,Drug
CID_782,Drug
CID_783,Drug
CID_784,Drug
CID_785,Drug
CID_786,Drug
CID_787,Drug
CID_788,Drug
CID_790,Drug
CID_791,Drug
CID_792,Drug
CID_793,Drug
CID_794,Drug
CID_795,Drug
CID_796,Drug
CID_798,Drug
CID_799,Drug
CID_800,Drug
CID_801,Drug
CID_802,Drug
CID_803,Drug
CID_805,Drug
CID_806,Drug
CID_807,Drug
CID_808,Drug
CID_809,Drug
CID_810,Drug
CID_811,Drug
CID_813,Drug
CID_815,Drug
CID_816,Drug
CID_817,Drug
CID_818,Drug
CID_819,Drug
CID_820,Drug
CID_821,Drug
CID_822,Drug
CID_823,Drug
CID_824,Drug
CID_825,Drug
CID_826,Drug
CID_827,Drug
CID_828,Drug
CID_829,Drug
CID_830,Drug
CID_831,Drug
CID_832,Drug
CID_833,Drug
CID_834,Drug
CID_835,Drug
CID_836,Drug
CID_837,Drug
CID_838,Drug
CID_839,Drug
CID_840,Drug
CID_841,Drug
CID_842,Drug
CID_843,Drug
CID_844,Drug
CID_845,Drug
CID_846,Drug
CID_847,Drug
CID_848,Drug
CID_849,Drug
CID_850,Drug
CID_851,Drug
CID_852,Drug
CID_853,Drug
CID_854,Drug
CID_855,Drug
CID_856,Drug
CID_857,Drug
CID_858,Drug
CID_859,Drug
CID_860,Drug
CID_861,Drug
CID_862,Drug
CID_863,Drug
CID_864,Drug
CID_865,Drug
CID_866,Drug
CID_867,Drug
CID_868,Drug
CID_869,Drug
CID_870,Drug
CID_871,Drug
CID_872,Drug
CID_873,Drug
CID_874,Drug
CID_875,Drug
CID_876,Drug
CID_877,Drug
CID_878,Drug
CID_879,Drug
CID_880,Drug
CID_881,Drug
CID_887,Drug
CID_888,Drug
CID_890,Drug
CID_891,Drug
CID_892,Drug
CID_893,Drug
CID_894,Drug
CID_895,Drug
CID_896,Drug
CID_897,Drug
CID_898,Drug
CID_899,Drug
CID_900,Drug
CID_901,Drug
CID_902,Drug
CID_903,Drug
CID_904,Drug
CID_905,Drug
CID_906,Drug
CID_907,Drug
CID_908,Drug
CID_909,Drug
CID_910,Drug
CID_911,Drug
CID_912,Drug
CID_913,Drug
CID_914,Drug
CID_915,Drug
CID_916,Drug
CID_917,Drug
CID_918,Drug
CID_919,Drug
CID_920,Drug
CID_921,Drug
CID_922,Drug
CID_923,Drug
CID_925,Drug
CID_926,Drug
CID_927,Drug
CID_928,Drug
CID_929,Drug
CID_930,Drug
CID_931,Drug
CID_932,Drug
CID_933,Drug
CID_934,Drug
CID_935,Drug
CID_936,Drug
CID_937,Drug
CID_938,Drug
CID_939,Drug
CID_940,Drug
CID_941,Drug
CID_942,Drug
CID_943,Drug
CID_944,Drug
CID_945,Drug
CID_946,Drug
CID_947,Drug
CID_948,Drug
CID_949,Drug
CID_950,Drug
CID_951,Drug
CID_952,Drug
CID_953,Drug
CID_954,Drug
CID_955,Drug
CID_956,Drug
CID_957,Drug
CID_958,Drug
CID_959,Drug
CID_961,Drug
CID_962,Drug
CID_963,Drug
CID_964,Drug
CID_965,Drug
CID_966,Drug
CID_967,Drug
CID_968,Drug
CID_969,Drug
CID_970,Drug
CID_971,Drug
CID_972,Drug
CID_973,Drug
CID_974,Drug
CID_975,Drug
CID_976,Drug
CID_977,Drug
CID_978,Drug
CID_979,Drug
CID_980,Drug
CID_981,Drug
CID_982,Drug
CID_983,Drug
CID_984,Drug
CID_985,Drug
CID_986,Drug
CID_987,Drug
CID_988,Drug
CID_989,Drug
CID_990,Drug
CID_991,Drug
CID_992,Drug
CID_993,Drug
CID_994,Drug
CID_995,Drug
CID_996,Drug
CID_997,Drug
CID_998,Drug
CID_999,Drug
CID_1000,Drug
CID_1001,Drug
CID_1002,Drug
CID_1003,Drug
CID_1004,Drug
CID_1005,Drug
CID_1006,Drug
CID_1007,Drug
CID_1008,Drug
CID_1009,Drug
CID_1010,Drug
CID_1011,Drug
CID_1012,Drug
CID_1013,Drug
CID_1014,Drug
CID_1015,Drug
CID_1016,Drug
CID_1017,Drug
CID_1018,Drug
CID_1019,Drug
CID_1020,Drug
CID_1021,Drug
CID_1022,Drug
CID_1023,Drug
CID_1024,Drug
CID_1025,Drug
CID_1026,Drug
CID_1027,Drug
CID_1028,Drug
CID_1029,Drug
CID_1030,Drug
CID_1031,Drug
CID_1032,Drug
CID_1033,Drug
CID_1034,Drug
CID_1035,Drug
CID_1037,Drug
CID_1038,Drug
CID_1039,Drug
CID_1040,Drug
CID_1041,Drug
CID_1042,Drug
CID_1043,Drug
CID_1044,Drug
CID_1045,Drug
CID_1046,Drug
CID_1047,Drug
CID_1048,Drug
CID_1049,Drug
CID_1050,Drug
CID_1051,Drug
CID_1052,Drug
CID_1053,Drug
CID_1054,Drug
CID_1055,Drug
CID_1056,Drug
CID_1057,Drug
CID_1058,Drug
CID_1059,Drug
CID_1060,Drug
CID_1061,Drug
CID_1062,Drug
CID_1063,Drug
CID_1064,Drug
CID_1065,Drug
CID_1066,Drug
CID_1067,Drug
CID_1068,Drug
CID_1069,Drug
CID_1070,Drug
CID_1071,Drug
CID_1072,Drug
CID_1073,Drug
CID_1074,Drug
CID_1076,Drug
CID_1077,Drug
CID_1078,Drug
CID_1079,Drug
CID_1080,Drug
CID_1081,Drug
CID_1082,Drug
CID_1083,Drug
CID_1084,Drug
CID_1086,Drug
CID_1087,Drug
CID_1088,Drug
CID_1089,Drug
CID_1090,Drug
CID_1091,Drug
CID_1092,Drug
CID_1093,Drug
CID_1094,Drug
CID_1095,Drug
CID_1096,Drug
CID_1097,Drug
CID_1098,Drug
CID_1099,Drug
CID_1100,Drug
CID_1101,Drug
CID_1102,Drug
CID_1103,Drug
CID_1104,Drug
CID_1105,Drug
CID_1106,Drug
CID_1107,Drug
CID_1108,Drug
CID_1110,Drug
CID_1111,Drug
CID_1112,Drug
CID_1113,Drug
CID_1114,Drug
CID_1115,Drug
CID_1116,Drug
CID_1117,Drug
CID_1118,Drug
CID_1119,Drug
CID_1120,Drug
CID_1121,Drug
CID_1122,Drug
CID_1123,Drug
CID_1124,Drug
CID_1126,Drug
CID_1127,Drug
CID_1128,Drug
CID_1130,Drug
CID_1131,Drug
CID_1132,Drug
CID_1133,Drug
CID_1134,Drug
CID_1135,Drug
CID_1136,Drug
CID_1137,Drug
CID_1138,Drug
CID_1139,Drug
CID_1140,Drug
CID_1141,Drug
CID_1142,Drug
CID_1143,Drug
CID_1144,Drug
CID_1145,Drug
CID_1146,Drug
CID_1147,Drug
CID_1148,Drug
CID_1149,Drug
CID_1150,Drug
CID_1151,Drug
CID_1152,Drug
CID_1153,Drug
CID_1154,Drug
CID_1155,Drug
CID_1156,Drug
CID_1157,Drug
CID_1158,Drug
CID_1160,Drug
CID_1161,Drug
CID_1162,Drug
CID_1163,Drug
CID_1164,Drug
CID_1165,Drug
CID_1166,Drug
CID_1167,Drug
CID_1168,Drug
CID_1169,Drug
CID_1170,Drug
CID_1171,Drug
CID_1172,Drug
CID_1173,Drug
CID_1174,Drug
CID_1175,Drug
CID_1176,Drug
CID_1177,Drug
CID_1178,Drug
CID_1179,Drug
CID_1180,Drug
CID_1181,Drug
CID_1182,Drug
CID_1183,Drug
CID_1184,Drug
CID_1188,Drug
CID_1189,Drug
CID_1190,Drug
CID_1191,Drug
CID_1192,Drug
CID_1193,Drug
CID_1194,Drug
CID_1195,Drug
CID_1196,Drug
CID_1197,Drug
CID_1198,Drug
CID_1199,Drug
CID_1200,Drug
CID_1201,Drug
CID_1202,Drug
CID_1203,Drug
CID_1204,Drug
CID_1205,Drug
CID_1206,Drug
CID_1207,Drug
CID_1208,Drug
CID_1209,Drug
CID_1210,Drug
CID_1211,Drug
CID_1212,Drug
CID_1213,Drug
CID_1214,Drug
CID_1215,Drug
CID_1216,Drug
CID_1217,Drug
CID_1218,Drug
CID_1219,Drug
CID_1220,Drug
CID_1221,Drug
CID_1222,Drug
CID_1223,Drug
CID_1224,Drug
CID_1225,Drug
CID_1226,Drug
CID_1227,Drug
CID_1228,Drug
CID_1229,Drug
CID_1230,Drug
CID_1231,Drug
CID_1232,Drug
CID_1233,Drug
CID_1234,Drug
CID_1235,Drug
CID_1236,Drug
CID_1237,Drug
CID_1238,Drug
CID_1239,Drug
CID_1240,Drug
CID_1241,Drug
CID_1242,Drug
CID_1243,Drug
CID_1245,Drug
CID_1246,Drug
CID_1247,Drug
CID_1248,Drug
CID_1249,Drug
CID_1250,Drug
CID_1251,Drug
CID_1252,Drug
CID_1253,Drug
CID_1254,Drug
CID_1255,Drug
CID_1256,Drug
CID_1257,Drug
CID_1258,Drug
CID_1259,Drug
CID_1260,Drug
CID_1261,Drug
CID_1263,Drug
CID_1264,Drug
CID_1265,Drug
CID_1266,Drug
CID_1267,Drug
CID_1268,Drug
CID_1269,Drug
CID_1270,Drug
CID_1271,Drug
CID_1272,Drug
CID_1273,Drug
CID_1274,Drug
CID_1275,Drug
CID_1276,Drug
CID_1277,Drug
CID_1278,Drug
CID_1279,Drug
CID_1280,Drug
CID_1281,Drug
CID_1282,Drug
CID_1283,Drug
CID_1284,Drug
CID_1285,Drug
CID_1286,Drug
CID_1287,Drug
CID_1288,Drug
CID_1289,Drug
CID_1290,Drug
CID_1291,Drug
CID_1292,Drug
CID_1293,Drug
CID_1294,Drug
CID_1295,Drug
CID_1296,Drug
CID_1297,Drug
CID_1299,Drug
CID_1300,Drug
CID_1301,Drug
CID_1302,Drug
CID_1303,Drug
CID_1304,Drug
CID_1305,Drug
CID_1306,Drug
CID_1307,Drug
CID_1308,Drug
CID_1309,Drug
CID_1310,Drug
CID_1311,Drug
CID_1312,Drug
CID_1313,Drug
CID_1314,Drug
CID_1315,Drug
CID_1316,Drug
CID_1317,Drug
CID_1318,Drug
CID_1319,Drug
CID_1320,Drug
CID_1321,Drug
CID_1322,Drug
CID_1323,Drug
CID_1324,Drug
CID_1325,Drug
CID_1326,Drug
CID_1327,Drug
CID_1328,Drug
CID_1329,Drug
CID_1330,Drug
CID_1331,Drug
CID_1333,Drug
CID_1335,Drug
CID_1337,Drug
CID_1338,Drug
CID_1339,Drug
CID_1340,Drug
CID_1341,Drug
CID_1342,Drug
CID_1343,Drug
CID_1344,Drug
CID_1345,Drug
CID_1346,Drug
CID_1347,Drug
CID_1348,Drug
CID_1350,Drug
CID_1351,Drug
CID_1352,Drug
CID_1353,Drug
CID_1354,Drug
CID_1355,Drug
CID_1356,Drug
CID_1357,Drug
CID_1358,Drug
CID_1359,Drug
CID_1360,Drug
CID_1361,Drug
CID_1362,Drug
CID_1363,Drug
CID_1364,Drug
CID_1365,Drug
CID_1366,Drug
CID_1367,Drug
CID_1368,Drug
CID_1369,Drug
CID_1370,Drug
CID_1371,Drug
CID_1372,Drug
CID_1373,Drug
CID_1374,Drug
CID_1375,Drug
CID_1376,Drug
CID_1377,Drug
CID_1378,Drug
CID_1379,Drug
CID_1380,Drug
CID_1381,Drug
CID_1382,Drug
CID_1385,Drug
CID_1387,Drug
CID_1388,Drug
CID_1389,Drug
CID_1390,Drug
CID_1391,Drug
CID_1392,Drug
CID_1393,Drug
CID_1394,Drug
CID_1396,Drug
CID_1397,Drug
CID_1398,Drug
CID_1399,Drug
CID_1400,Drug
CID_1401,Drug
CID_1402,Drug
CID_1403,Drug
CID_1406,Drug
CID_1407,Drug
CID_1408,Drug
CID_1409,Drug
CID_1410,Drug
CID_1411,Drug
CID_1412,Drug
CID_1413,Drug
CID_1414,Drug
CID_1415,Drug
CID_1416,Drug
CID_1417,Drug
CID_1418,Drug
CID_1419,Drug
CID_1420,Drug
CID_1421,Drug
CID_1422,Drug
CID_1423,Drug
CID_1424,Drug
CID_1425,Drug
CID_1426,Drug
CID_1427,Drug
CID_1428,Drug
CID_1429,Drug
CID_1430,Drug
CID_1431,Drug
CID_1433,Drug
CID_1434,Drug
CID_1435,Drug
CID_1436,Drug
CID_1437,Drug
CID_1438,Drug
CID_1439,Drug
CID_1440,Drug
CID_1441,Drug
CID_1442,Drug
CID_1443,Drug
CID_1444,Drug
CID_1445,Drug
CID_1446,Drug
CID_1447,Drug
CID_1448,Drug
CID_1449,Drug
CID_1450,Drug
CID_1451,Drug
CID_1452,Drug
CID_1453,Drug
CID_1454,Drug
CID_1455,Drug
CID_1456,Drug
CID_1457,Drug
CID_1458,Drug
CID_1459,Drug
CID_1460,Drug
CID_1461,Drug
CID_1463,Drug
CID_1464,Drug
CID_1465,Drug
CID_1466,Drug
CID_1467,Drug
CID_1468,Drug
CID_1469,Drug
CID_1470,Drug
CID_1471,Drug
CID_1472,Drug
CID_1473,Drug
CID_1474,Drug
CID_1475,Drug
CID_1477,Drug
CID_1478,Drug
CID_1479,Drug
CID_1480,Drug
CID_1481,Drug
CID_1482,Drug
CID_1483,Drug
CID_1484,Drug
CID_1485,Drug
CID_1486,Drug
CID_1487,Drug
CID_1488,Drug
CID_1489,Drug
CID_1490,Drug
CID_1491,Drug
CID_1492,Drug
CID_1493,Drug
CID_1494,Drug
CID_1495,Drug
CID_1496,Drug
CID_1497,Drug
CID_1498,Drug
CID_1499,Drug
CID_1500,Drug
CID_1501,Drug
CID_1502,Drug
CID_1503,Drug
CID_1504,Drug
CID_1505,Drug
CID_1506,Drug
CID_1507,Drug
CID_1508,Drug
CID_1509,Drug
CID_1510,Drug
CID_1511,Drug
CID_1512,Drug
CID_1513,Drug
CID_1514,Drug
CID_1515,Drug
CID_1516,Drug
CID_1517,Drug
CID_1518,Drug
CID_1519,Drug
CID_1520,Drug
CID_1521,Drug
CID_1522,Drug
CID_1523,Drug
CID_1524,Drug
CID_1525,Drug
CID_1526,Drug
CID_1527,Drug
CID_1528,Drug
CID_1529,Drug
CID_1530,Drug
CID_1531,Drug
CID_1533,Drug
CID_1534,Drug
CID_1535,Drug
CID_1536,Drug
CID_1538,Drug
CID_1539,Drug
CID_1540,Drug
CID_1541,Drug
CID_1542,Drug
CID_1543,Drug
CID_1544,Drug
CID_1545,Drug
CID_1546,Drug
CID_1547,Drug
CID_1548,Drug
CID_1549,Drug
CID_1550,Drug
CID_1551,Drug
CID_1552,Drug
CID_1553,Drug
CID_1554,Drug
CID_1555,Drug
CID_1556,Drug
CID_1557,Drug
CID_1558,Drug
CID_1559,Drug
CID_1560,Drug
CID_1561,Drug
CID_1562,Drug
CID_1563,Drug
CID_1564,Drug
CID_1565,Drug
CID_1566,Drug
CID_1567,Drug
CID_1569,Drug
CID_1570,Drug
CID_1571,Drug
CID_1572,Drug
CID_1573,Drug
CID_1574,Drug
CID_1576,Drug
CID_1577,Drug
CID_1578,Drug
CID_1579,Drug
CID_1580,Drug
CID_1581,Drug
CID_1582,Drug
CID_1583,Drug
CID_1584,Drug
CID_1585,Drug
CID_1587,Drug
CID_1588,Drug
CID_1589,Drug
CID_1590,Drug
CID_1591,Drug
CID_1592,Drug
CID_1593,Drug
CID_1594,Drug
CID_1595,Drug
CID_1596,Drug
CID_1597,Drug
CID_1598,Drug
CID_1599,Drug
CID_1600,Drug
CID_1601,Drug
CID_1602,Drug
CID_1603,Drug
CID_1604,Drug
CID_1605,Drug
CID_1607,Drug
CID_1608,Drug
CID_1609,Drug
CID_1610,Drug
CID_1611,Drug
CID_1612,Drug
CID_1613,Drug
CID_1614,Drug
CID_1615,Drug
CID_1616,Drug
CID_1618,Drug
CID_1620,Drug
CID_1621,Drug
CID_1622,Drug
CID_1623,Drug
CID_1626,Drug
CID_1627,Drug
CID_1628,Drug
CID_1629,Drug
CID_1630,Drug
CID_1631,Drug
CID_1633,Drug
CID_1634,Drug
CID_1635,Drug
CID_1636,Drug
CID_1637,Drug
CID_1638,Drug
CID_1639,Drug
CID_1640,Drug
CID_1641,Drug
CID_1642,Drug
CID_1643,Drug
CID_1644,Drug
CID_1645,Drug
CID_1646,Drug
CID_1647,Drug
CID_1648,Drug
CID_1649,Drug
CID_1650,Drug
CID_1651,Drug
CID_1652,Drug
CID_1653,Drug
CID_1654,Drug
CID_1655,Drug
CID_1657,Drug
CID_1658,Drug
CID_1659,Drug
CID_1660,Drug
CID_1661,Drug
CID_1662,Drug
CID_1663,Drug
CID_1664,Drug
CID_1665,Drug
CID_1666,Drug
CID_1667,Drug
CID_1669,Drug
CID_1670,Drug
CID_1671,Drug
CID_1672,Drug
CID_1674,Drug
CID_1675,Drug
CID_1676,Drug
CID_1677,Drug
CID_1678,Drug
CID_1679,Drug
CID_1680,Drug
CID_1681,Drug
CID_1682,Drug
CID_1683,Drug
CID_1684,Drug
CID_1685,Drug
CID_1686,Drug
CID_1687,Drug
CID_1688,Drug
CID_1689,Drug
CID_1690,Drug
CID_1691,Drug
CID_1692,Drug
CID_1693,Drug
CID_1694,Drug
CID_1695,Drug
CID_1696,Drug
CID_1697,Drug
CID_1698,Drug
CID_1699,Drug
CID_1700,Drug
CID_1701,Drug
CID_1702,Drug
CID_1703,Drug
CID_1704,Drug
CID_1705,Drug
CID_1706,Drug
CID_1707,Drug
CID_1708,Drug
CID_1709,Drug
CID_1710,Drug
CID_1711,Drug
CID_1712,Drug
CID_1713,Drug
CID_1714,Drug
CID_1715,Drug
CID_1716,Drug
CID_1717,Drug
CID_1718,Drug
CID_1719,Drug
CID_1720,Drug
CID_1721,Drug
CID_1722,Drug
CID_1723,Drug
CID_1724,Drug
CID_1725,Drug
CID_1726,Drug
CID_1727,Drug
CID_1728,Drug
CID_1729,Drug
CID_1730,Drug
CID_1731,Drug
CID_1732,Drug
CID_1733,Drug
CID_1734,Drug
CID_1735,Drug
CID_1736,Drug
CID_1737,Drug
CID_1738,Drug
CID_1740,Drug
CID_1741,Drug
CID_1742,Drug
CID_1743,Drug
CID_1744,Drug
CID_1745,Drug
CID_1746,Drug
CID_1747,Drug
CID_1748,Drug
CID_1749,Drug
CID_1750,Drug
CID_1752,Drug
CID_1753,Drug
CID_1754,Drug
CID_1755,Drug
CID_1756,Drug
CID_1757,Drug
CID_1758,Drug
CID_1759,Drug
CID_1761,Drug
CID_1762,Drug
CID_1763,Drug
CID_1765,Drug
CID_1766,Drug
CID_1767,Drug
CID_1768,Drug
CID_1769,Drug
CID_1770,Drug
CID_1771,Drug
CID_1772,Drug
CID_1774,Drug
CID_1775,Drug
CID_1777,Drug
CID_1778,Drug
CID_1779,Drug
CID_1780,Drug
CID_1781,Drug
CID_1782,Drug
CID_1783,Drug
CID_1784,Drug
CID_1785,Drug
CID_1786,Drug
CID_1787,Drug
CID_1788,Drug
CID_1789,Drug
CID_1790,Drug
CID_1791,Drug
CID_1792,Drug
CID_1793,Drug
CID_1794,Drug
CID_1795,Drug
CID_1796,Drug
CID_1797,Drug
CID_1798,Drug
CID_1799,Drug
CID_1800,Drug
CID_1801,Drug
CID_1802,Drug
CID_1803,Drug
CID_1804,Drug
CID_1805,Drug
CID_1806,Drug
CID_1807,Drug
CID_1808,Drug
CID_1809,Drug
CID_1810,Drug
CID_1811,Drug
CID_1812,Drug
CID_1813,Drug
CID_1814,Drug
CID_1815,Drug
CID_1816,Drug
CID_1817,Drug
CID_1818,Drug
CID_1819,Drug
CID_1820,Drug
CID_1821,Drug
CID_1823,Drug
CID_1824,Drug
CID_1825,Drug
CID_1826,Drug
CID_1827,Drug
CID_1828,Drug
CID_1829,Drug
CID_1830,Drug
CID_1831,Drug
CID_1832,Drug
CID_1833,Drug
CID_1834,Drug
CID_1835,Drug
CID_1836,Drug
CID_1837,Drug
CID_1838,Drug
CID_1839,Drug
CID_1840,Drug
CID_1841,Drug
CID_1842,Drug
CID_1843,Drug
CID_1844,Drug
CID_1845,Drug
CID_1848,Drug
CID_1849,Drug
CID_1850,Drug
CID_1851,Drug
CID_1852,Drug
CID_1853,Drug
CID_1854,Drug
CID_1855,Drug
CID_1856,Drug
CID_1857,Drug
CID_1858,Drug
CID_1861,Drug
CID_1862,Drug
CID_1863,Drug
CID_1864,Drug
CID_1865,Drug
CID_1866,Drug
CID_1868,Drug
CID_1869,Drug
CID_1870,Drug
CID_1871,Drug
CID_1872,Drug
CID_1873,Drug
CID_1874,Drug
CID_1875,Drug
CID_1876,Drug
CID_1877,Drug
CID_1878,Drug
CID_1880,Drug
CID_1881,Drug
CID_1882,Drug
CID_1883,Drug
CID_1884,Drug
CID_1885,Drug
CID_1886,Drug
CID_1887,Drug
CID_1888,Drug
CID_1889,Drug
CID_1890,Drug
CID_1892,Drug
CID_1893,Drug
CID_1894,Drug
CID_1895,Drug
CID_1897,Drug
CID_1898,Drug
CID_1899,Drug
CID_1900,Drug
CID_1901,Drug
CID_1902,Drug
CID_1903,Drug
CID_1904,Drug
CID_1905,Drug
CID_1906,Drug
CID_1907,Drug
CID_1908,Drug
CID_1909,Drug
CID_1912,Drug
CID_1913,Drug
CID_1914,Drug
CID_1917,Drug
CID_1918,Drug
CID_1921,Drug
CID_1922,Drug
CID_1923,Drug
CID_1924,Drug
CID_1926,Drug
CID_1927,Drug
CID_1928,Drug
CID_1929,Drug
CID_1930,Drug
CID_1931,Drug
CID_1932,Drug
CID_1933,Drug
CID_1934,Drug
CID_1935,Drug
CID_1936,Drug
CID_1937,Drug
CID_1939,Drug
CID_1940,Drug
CID_1941,Drug
CID_1942,Drug
CID_1943,Drug
CID_1944,Drug
CID_1946,Drug
CID_1947,Drug
CID_1948,Drug
CID_1949,Drug
CID_1950,Drug
CID_1951,Drug
CID_1952,Drug
CID_1953,Drug
CID_1954,Drug
CID_1955,Drug
CID_1956,Drug
CID_1957,Drug
CID_1958,Drug
CID_1959,Drug
CID_1960,Drug
CID_1961,Drug
CID_1962,Drug
CID_1963,Drug
CID_1964,Drug
CID_1965,Drug
CID_1966,Drug
CID_1967,Drug
CID_1968,Drug
CID_1969,Drug
CID_1970,Drug
CID_1971,Drug
CID_1972,Drug
CID_1973,Drug
CID_1974,Drug
CID_1976,Drug
CID_1977,Drug
CID_1978,Drug
CID_1979,Drug
CID_1980,Drug
CID_1981,Drug
CID_1982,Drug
CID_1983,Drug
CID_1984,Drug
CID_1985,Drug
CID_1986,Drug
CID_1987,Drug
CID_1988,Drug
CID_1989,Drug
CID_1990,Drug
CID_1991,Drug
CID_1992,Drug
CID_1993,Drug
CID_1994,Drug
CID_1995,Drug
CID_1996,Drug
CID_1997,Drug
CID_1998,Drug
CID_1999,Drug
CID_2000,Drug
CID_2001,Drug
CID_2002,Drug
CID_2003,Drug
CID_2004,Drug
CID_2005,Drug
CID_2006,Drug
CID_2007,Drug
CID_2008,Drug
CID_2009,Drug
CID_2010,Drug
CID_2011,Drug
CID_2012,Drug
CID_2013,Drug
CID_2014,Drug
CID_2015,Drug
CID_2016,Drug
CID_2017,Drug
CID_2018,Drug
CID_2019,Drug
CID_2020,Drug
CID_2021,Drug
CID_2023,Drug
CID_2024,Drug
CID_2026,Drug
CID_2027,Drug
CID_2028,Drug
CID_2029,Drug
CID_2030,Drug
CID_2031,Drug
CID_2032,Drug
CID_2033,Drug
CID_2034,Drug
CID_2035,Drug
CID_2036,Drug
CID_2037,Drug
CID_2039,Drug
CID_2040,Drug
CID_2041,Drug
CID_2042,Drug
CID_2044,Drug
CID_2045,Drug
CID_2046,Drug
CID_2048,Drug
CID_2049,Drug
CID_2050,Drug
CID_2051,Drug
CID_2052,Drug
CID_2054,Drug
CID_2055,Drug
CID_2056,Drug
CID_2057,Drug
CID_2058,Drug
CID_2059,Drug
CID_2060,Drug
CID_2061,Drug
CID_2062,Drug
CID_2063,Drug
CID_2064,Drug
CID_2065,Drug
CID_2066,Drug
CID_2067,Drug
CID_2068,Drug
CID_2069,Drug
CID_2070,Drug
CID_2071,Drug
CID_2072,Drug
CID_2073,Drug
CID_2074,Drug
CID_2075,Drug
CID_2076,Drug
CID_2077,Drug
CID_2078,Drug
CID_2079,Drug
CID_2080,Drug
CID_2081,Drug
CID_2082,Drug
CID_2083,Drug
CID_2084,Drug
CID_2085,Drug
CID_2086,Drug
CID_2087,Drug
CID_2088,Drug
CID_2089,Drug
CID_2090,Drug
CID_2091,Drug
CID_2092,Drug
CID_2093,Drug
CID_2095,Drug
CID_2096,Drug
CID_2097,Drug
CID_2098,Drug
CID_2099,Drug
CID_2100,Drug
CID_2101,Drug
CID_2102,Drug
CID_2103,Drug
CID_2104,Drug
CID_2105,Drug
CID_2106,Drug
CID_2107,Drug
CID_2108,Drug
CID_2109,Drug
CID_2110,Drug
CID_2111,Drug
CID_2112,Drug
CID_2113,Drug
CID_2114,Drug
CID_2115,Drug
CID_2116,Drug
CID_2117,Drug
CID_2118,Drug
CID_2119,Drug
CID_2120,Drug
CID_2122,Drug
CID_2123,Drug
CID_2124,Drug
CID_2125,Drug
CID_2126,Drug
CID_2127,Drug
CID_2128,Drug
CID_2129,Drug
CID_2130,Drug
CID_2131,Drug
CID_2132,Drug
CID_2133,Drug
CID_2134,Drug
CID_2135,Drug
CID_2136,Drug
CID_2137,Drug
CID_2138,Drug
CID_2139,Drug
CID_2140,Drug
CID_2141,Drug
CID_2142,Drug
CID_2143,Drug
CID_2144,Drug
CID_2145,Drug
CID_2146,Drug
CID_2147,Drug
CID_2148,Drug
CID_2149,Drug
CID_2150,Drug
CID_2151,Drug
CID_2153,Drug
CID_2154,Drug
CID_2155,Drug
CID_2156,Drug
CID_2157,Drug
CID_2158,Drug
CID_2159,Drug
CID_2160,Drug
CID_2161,Drug
CID_2162,Drug
CID_2163,Drug
CID_2164,Drug
CID_2165,Drug
CID_2166,Drug
CID_2167,Drug
CID_2168,Drug
CID_2169,Drug
CID_2170,Drug
CID_2171,Drug
CID_2172,Drug
CID_2173,Drug
CID_2174,Drug
CID_2175,Drug
CID_2176,Drug
CID_2177,Drug
CID_2178,Drug
CID_2179,Drug
CID_2180,Drug
CID_2181,Drug
CID_2183,Drug
CID_2184,Drug
CID_2185,Drug
CID_2186,Drug
CID_2187,Drug
CID_2188,Drug
CID_2189,Drug
CID_2190,Drug
CID_2191,Drug
CID_2192,Drug
CID_2193,Drug
CID_2194,Drug
CID_2195,Drug
CID_2196,Drug
CID_2197,Drug
CID_2198,Drug
CID_2199,Drug
CID_2200,Drug
CID_2201,Drug
CID_2202,Drug
CID_2203,Drug
CID_2204,Drug
CID_2205,Drug
CID_2206,Drug
CID_2207,Drug
CID_2208,Drug
CID_2209,Drug
CID_2210,Drug
CID_2211,Drug
CID_2212,Drug
CID_2214,Drug
CID_2215,Drug
CID_2216,Drug
CID_2217,Drug
CID_2218,Drug
CID_2219,Drug
CID_2220,Drug
CID_2221,Drug
CID_2222,Drug
CID_2223,Drug
CID_2224,Drug
CID_2225,Drug
CID_2226,Drug
CID_2227,Drug
CID_2229,Drug
CID_2230,Drug
CID_2231,Drug
CID_2232,Drug
CID_2233,Drug
CID_2234,Drug
CID_2235,Drug
CID_2236,Drug
CID_2237,Drug
CID_2238,Drug
CID_2239,Drug
CID_2240,Drug
CID_2241,Drug
CID_2242,Drug
CID_2243,Drug
CID_2244,Drug
CID_2245,Drug
CID_2246,Drug
CID_2247,Drug
CID_2248,Drug
CID_2249,Drug
CID_2250,Drug
CID_2251,Drug
CID_2252,Drug
CID_2253,Drug
CID_2254,Drug
CID_2255,Drug
CID_2256,Drug
CID_2257,Drug
CID_2258,Drug
CID_2259,Drug
CID_2261,Drug
CID_2262,Drug
CID_2263,Drug
CID_2264,Drug
CID_2265,Drug
CID_2266,Drug
CID_2267,Drug
CID_2268,Drug
CID_2269,Drug
CID_2270,Drug
CID_2271,Drug
CID_2272,Drug
CID_2273,Drug
CID_2274,Drug
CID_2275,Drug
CID_2276,Drug
CID_2277,Drug
CID_2278,Drug
CID_2279,Drug
CID_2280,Drug
CID_2281,Drug
CID_2282,Drug
CID_2283,Drug
CID_2284,Drug
CID_2285,Drug
CID_2286,Drug
CID_2287,Drug
CID_2289,Drug
CID_2290,Drug
CID_2291,Drug
CID_2292,Drug
CID_2293,Drug
CID_2294,Drug
CID_2295,Drug
CID_2296,Drug
CID_2299,Drug
CID_2300,Drug
CID_2301,Drug
CID_2302,Drug
CID_2303,Drug
CID_2304,Drug
CID_2305,Drug
CID_2306,Drug
CID_2307,Drug
CID_2308,Drug
CID_2309,Drug
CID_2310,Drug
CID_2311,Drug
CID_2312,Drug
CID_2313,Drug
CID_2314,Drug
CID_2315,Drug
CID_2316,Drug
CID_2317,Drug
CID_2318,Drug
CID_2319,Drug
CID_2320,Drug
CID_2321,Drug
CID_2322,Drug
CID_2323,Drug
CID_2324,Drug
CID_2325,Drug
CID_2326,Drug
CID_2327,Drug
CID_2328,Drug
CID_2329,Drug
CID_2330,Drug
CID_2331,Drug
CID_2332,Drug
CID_2333,Drug
CID_2334,Drug
CID_2335,Drug
CID_2336,Drug
CID_2337,Drug
CID_2338,Drug
CID_2339,Drug
CID_2340,Drug
CID_2341,Drug
CID_2342,Drug
CID_2343,Drug
CID_2344,Drug
CID_2345,Drug
CID_2346,Drug
CID_2347,Drug
CID_2348,Drug
CID_2349,Drug
CID_2350,Drug
CID_2351,Drug
CID_2352,Drug
CID_2353,Drug
CID_2354,Drug
CID_2355,Drug
CID_2356,Drug
CID_2357,Drug
CID_2358,Drug
CID_2359,Drug
CID_2360,Drug
CID_2361,Drug
CID_2362,Drug
CID_2363,Drug
CID_2364,Drug
CID_2365,Drug
CID_2366,Drug
CID_2367,Drug
CID_2368,Drug
CID_2369,Drug
CID_2370,Drug
CID_2371,Drug
CID_2372,Drug
CID_2374,Drug
CID_2375,Drug
CID_2376,Drug
CID_2377,Drug
CID_2378,Drug
CID_2381,Drug
CID_2382,Drug
CID_2383,Drug
CID_2384,Drug
CID_2385,Drug
CID_2386,Drug
CID_2387,Drug
CID_2388,Drug
CID_2389,Drug
CID_2390,Drug
CID_2391,Drug
CID_2392,Drug
CID_2393,Drug
CID_2394,Drug
CID_2395,Drug
CID_2396,Drug
CID_2397,Drug
CID_2398,Drug
CID_2399,Drug
CID_2400,Drug
CID_2401,Drug
CID_2402,Drug
CID_2403,Drug
CID_2404,Drug
CID_2405,Drug
CID_2406,Drug
CID_2407,Drug
CID_2408,Drug
CID_2409,Drug
CID_2410,Drug
CID_2412,Drug
CID_2413,Drug
CID_2414,Drug
CID_2415,Drug
CID_2416,Drug
CID_2417,Drug
CID_2418,Drug
CID_2419,Drug
CID_2420,Drug
CID_2421,Drug
CID_2422,Drug
CID_2423,Drug
CID_2424,Drug
CID_2425,Drug
CID_2426,Drug
CID_2427,Drug
CID_2428,Drug
CID_2429,Drug
CID_2430,Drug
CID_2431,Drug
CID_2432,Drug
CID_2433,Drug
CID_2434,Drug
CID_2435,Drug
CID_2436,Drug
CID_2437,Drug
CID_2438,Drug
CID_2439,Drug
CID_2440,Drug
CID_2441,Drug
CID_2442,Drug
CID_2443,Drug
CID_2444,Drug
CID_2445,Drug
CID_2446,Drug
CID_2447,Drug
CID_2448,Drug
CID_2449,Drug
CID_2450,Drug
CID_2451,Drug
CID_2452,Drug
CID_2453,Drug
CID_2454,Drug
CID_2455,Drug
CID_2456,Drug
CID_2457,Drug
CID_2458,Drug
CID_2459,Drug
CID_2460,Drug
CID_2461,Drug
CID_2462,Drug
CID_2463,Drug
CID_2464,Drug
CID_2465,Drug
CID_2466,Drug
CID_2467,Drug
CID_2468,Drug
CID_2469,Drug
CID_2470,Drug
CID_2471,Drug
CID_2472,Drug
CID_2473,Drug
CID_2474,Drug
CID_2475,Drug
CID_2476,Drug
CID_2477,Drug
CID_2478,Drug
CID_2479,Drug
CID_2480,Drug
CID_2481,Drug
CID_2482,Drug
CID_2483,Drug
CID_2484,Drug
CID_2485,Drug
CID_2486,Drug
CID_2487,Drug
CID_2488,Drug
CID_2490,Drug
CID_2491,Drug
CID_2494,Drug
CID_2495,Drug
CID_2496,Drug
CID_2497,Drug
CID_2498,Drug
CID_2499,Drug
CID_2500,Drug
CID_2501,Drug
CID_2502,Drug
CID_2503,Drug
CID_2504,Drug
CID_2505,Drug
CID_2506,Drug
CID_2507,Drug
CID_2508,Drug
CID_2509,Drug
CID_2510,Drug
CID_2511,Drug
CID_2512,Drug
CID_2513,Drug
CID_2514,Drug
CID_2515,Drug
CID_2516,Drug
CID_2517,Drug
CID_2518,Drug
CID_2519,Drug
CID_2520,Drug
CID_2521,Drug
CID_2522,Drug
CID_2523,Drug
CID_2524,Drug
CID_2525,Drug
CID_2526,Drug
CID_2527,Drug
CID_2528,Drug
CID_2529,Drug
CID_2530,Drug
CID_2531,Drug
CID_2532,Drug
CID_2533,Drug
CID_2534,Drug
CID_2535,Drug
CID_2536,Drug
CID_2537,Drug
CID_2538,Drug
CID_2539,Drug
CID_2540,Drug
CID_2541,Drug
CID_2542,Drug
CID_2543,Drug
CID_2544,Drug
CID_2545,Drug
CID_2546,Drug
CID_2547,Drug
CID_2548,Drug
CID_2550,Drug
CID_2551,Drug
CID_2552,Drug
CID_2554,Drug
CID_2555,Drug
CID_2556,Drug
CID_2557,Drug
CID_2558,Drug
CID_2559,Drug
CID_2560,Drug
CID_2561,Drug
CID_2562,Drug
CID_2563,Drug
CID_2564,Drug
CID_2565,Drug
CID_2566,Drug
CID_2567,Drug
CID_2568,Drug
CID_2569,Drug
CID_2570,Drug
CID_2572,Drug
CID_2573,Drug
CID_2574,Drug
CID_2575,Drug
CID_2576,Drug
CID_2577,Drug
CID_2578,Drug
CID_2579,Drug
CID_2580,Drug
CID_2581,Drug
CID_2582,Drug
CID_2583,Drug
CID_2584,Drug
CID_2585,Drug
CID_2586,Drug
CID_2587,Drug
CID_2588,Drug
CID_2589,Drug
CID_2590,Drug
CID_2591,Drug
CID_2592,Drug
CID_2593,Drug
CID_2594,Drug
CID_2595,Drug
CID_2596,Drug
CID_2597,Drug
CID_2598,Drug
CID_2599,Drug
CID_2600,Drug
CID_2601,Drug
CID_2602,Drug
CID_2603,Drug
CID_2604,Drug
CID_2605,Drug
CID_2606,Drug
CID_2607,Drug
CID_2608,Drug
CID_2609,Drug
CID_2610,Drug
CID_2611,Drug
CID_2612,Drug
CID_2613,Drug
CID_2614,Drug
CID_2615,Drug
CID_2616,Drug
CID_2617,Drug
CID_2618,Drug
CID_2619,Drug
CID_2621,Drug
CID_2622,Drug
CID_2623,Drug
CID_2624,Drug
CID_2625,Drug
CID_2626,Drug
CID_2627,Drug
CID_2628,Drug
CID_2629,Drug
CID_2630,Drug
CID_2631,Drug
CID_2632,Drug
CID_2633,Drug
CID_2634,Drug
CID_2635,Drug
CID_2636,Drug
CID_2637,Drug
CID_2638,Drug
CID_2639,Drug
CID_2640,Drug
CID_2641,Drug
CID_2642,Drug
CID_2643,Drug
CID_2644,Drug
CID_2645,Drug
CID_2646,Drug
CID_2647,Drug
CID_2648,Drug
CID_2649,Drug
CID_2650,Drug
CID_2651,Drug
CID_2652,Drug
CID_2653,Drug
CID_2654,Drug
CID_2655,Drug
CID_2656,Drug
CID_2657,Drug
CID_2658,Drug
CID_2659,Drug
CID_2660,Drug
CID_2661,Drug
CID_2662,Drug
CID_2663,Drug
CID_2665,Drug
CID_2666,Drug
CID_2667,Drug
CID_2668,Drug
CID_2669,Drug
CID_2670,Drug
CID_2671,Drug
CID_2672,Drug
CID_2673,Drug
CID_2674,Drug
CID_2675,Drug
CID_2676,Drug
CID_2677,Drug
CID_2678,Drug
CID_2679,Drug
CID_2680,Drug
CID_2681,Drug
CID_2682,Drug
CID_2683,Drug
CID_2684,Drug
CID_2685,Drug
CID_2686,Drug
CID_2687,Drug
CID_2688,Drug
CID_2689,Drug
CID_2690,Drug
CID_2691,Drug
CID_2692,Drug
CID_2693,Drug
CID_2694,Drug
CID_2695,Drug
CID_2696,Drug
CID_2697,Drug
CID_2698,Drug
CID_2699,Drug
CID_2700,Drug
CID_2701,Drug
CID_2702,Drug
CID_2703,Drug
CID_2704,Drug
CID_2705,Drug
CID_2706,Drug
CID_2707,Drug
CID_2708,Drug
CID_2709,Drug
CID_2710,Drug
CID_2711,Drug
CID_2712,Drug
CID_2713,Drug
CID_2714,Drug
CID_2715,Drug
CID_2716,Drug
CID_2717,Drug
CID_2718,Drug
CID_2719,Drug
CID_2720,Drug
CID_2721,Drug
CID_2722,Drug
CID_2723,Drug
CID_2724,Drug
CID_2725,Drug
CID_2726,Drug
CID_2727,Drug
CID_2728,Drug
CID_2729,Drug
CID_2730,Drug
CID_2732,Drug
CID_2733,Drug
CID_2734,Drug
CID_2735,Drug
CID_2736,Drug
CID_2737,Drug
CID_2738,Drug
CID_2739,Drug
CID_2740,Drug
CID_2741,Drug
CID_2742,Drug
CID_2743,Drug
CID_2745,Drug
CID_2746,Drug
CID_2747,Drug
CID_2748,Drug
CID_2749,Drug
CID_2750,Drug
CID_2751,Drug
CID_2752,Drug
CID_2753,Drug
CID_2754,Drug
CID_2755,Drug
CID_2756,Drug
CID_2757,Drug
CID_2758,Drug
CID_2759,Drug
CID_2760,Drug
CID_2761,Drug
CID_2762,Drug
CID_2763,Drug
CID_2764,Drug
CID_2765,Drug
CID_2766,Drug
CID_2767,Drug
CID_2768,Drug
CID_2769,Drug
CID_2770,Drug
CID_2771,Drug
CID_2772,Drug
CID_2773,Drug
CID_2775,Drug
CID_2776,Drug
CID_2777,Drug
CID_2778,Drug
CID_2779,Drug
CID_2780,Drug
CID_2781,Drug
CID_2782,Drug
CID_2783,Drug
CID_2784,Drug
CID_2785,Drug
CID_2786,Drug
CID_2787,Drug
CID_2788,Drug
CID_2789,Drug
CID_2790,Drug
CID_2791,Drug
CID_2792,Drug
CID_2793,Drug
CID_2794,Drug
CID_2795,Drug
CID_2796,Drug
CID_2797,Drug
CID_2798,Drug
CID_2799,Drug
CID_2800,Drug
CID_2801,Drug
CID_2802,Drug
CID_2803,Drug
CID_2804,Drug
CID_2805,Drug
CID_2806,Drug
CID_2807,Drug
CID_2808,Drug
CID_2809,Drug
CID_2810,Drug
CID_2811,Drug
CID_2812,Drug
CID_2813,Drug
CID_2814,Drug
CID_2815,Drug
CID_2816,Drug
CID_2817,Drug
CID_2821,Drug
CID_2822,Drug
CID_2823,Drug
CID_2824,Drug
CID_2825,Drug
CID_2826,Drug
CID_2827,Drug
CID_2828,Drug
CID_2829,Drug
CID_2831,Drug
CID_2832,Drug
CID_2833,Drug
CID_2834,Drug
CID_2835,Drug
CID_2836,Drug
CID_2837,Drug
CID_2838,Drug
CID_2839,Drug
CID_2840,Drug
CID_2841,Drug
CID_2842,Drug
CID_2843,Drug
CID_2844,Drug
CID_2845,Drug
CID_2846,Drug
CID_2847,Drug
CID_2848,Drug
CID_2849,Drug
CID_2850,Drug
CID_2851,Drug
CID_2852,Drug
CID_2853,Drug
CID_2854,Drug
CID_2855,Drug
CID_2856,Drug
CID_2857,Drug
CID_2858,Drug
CID_2859,Drug
CID_2860,Drug
CID_2862,Drug
CID_2863,Drug
CID_2864,Drug
CID_2865,Drug
CID_2866,Drug
CID_2867,Drug
CID_2868,Drug
CID_2869,Drug
CID_2870,Drug
CID_2871,Drug
CID_2872,Drug
CID_2873,Drug
CID_2874,Drug
CID_2875,Drug
CID_2876,Drug
CID_2877,Drug
CID_2878,Drug
CID_2879,Drug
CID_2880,Drug
CID_2881,Drug
CID_2882,Drug
CID_2883,Drug
CID_2884,Drug
CID_2885,Drug
CID_2886,Drug
CID_2887,Drug
CID_2888,Drug
CID_2889,Drug
CID_2890,Drug
CID_2891,Drug
CID_2892,Drug
CID_2893,Drug
CID_2894,Drug
CID_2895,Drug
CID_2896,Drug
CID_2897,Drug
CID_2898,Drug
CID_2899,Drug
CID_2900,Drug
CID_2901,Drug
CID_2902,Drug
CID_2903,Drug
CID_2904,Drug
CID_2905,Drug
CID_2906,Drug
CID_2907,Drug
CID_2909,Drug
CID_2910,Drug
CID_2911,Drug
CID_2912,Drug
CID_2913,Drug
CID_2914,Drug
CID_2915,Drug
CID_2916,Drug
CID_2917,Drug
CID_2918,Drug
CID_2919,Drug
CID_2920,Drug
CID_2921,Drug
CID_2922,Drug
CID_2923,Drug
CID_2924,Drug
CID_2925,Drug
CID_2926,Drug
CID_2927,Drug
CID_2928,Drug
CID_2929,Drug
CID_2930,Drug
CID_2931,Drug
CID_2932,Drug
CID_2933,Drug
CID_2934,Drug
CID_2935,Drug
CID_2936,Drug
CID_2937,Drug
CID_2938,Drug
CID_2939,Drug
CID_2940,Drug
CID_2941,Drug
CID_2942,Drug
CID_2943,Drug
CID_2946,Drug
CID_2947,Drug
CID_2948,Drug
CID_2949,Drug
CID_2950,Drug
CID_2951,Drug
CID_2952,Drug
CID_2954,Drug
CID_2955,Drug
CID_2956,Drug
CID_2957,Drug
CID_2958,Drug
CID_2959,Drug
CID_2961,Drug
CID_2962,Drug
CID_2963,Drug
CID_2964,Drug
CID_2966,Drug
CID_2967,Drug
CID_2968,Drug
CID_2969,Drug
CID_2970,Drug
CID_2971,Drug
CID_2972,Drug
CID_2973,Drug
CID_2974,Drug
CID_2975,Drug
CID_2976,Drug
CID_2977,Drug
CID_2978,Drug
CID_2979,Drug
CID_2980,Drug
CID_2981,Drug
CID_2982,Drug
CID_2984,Drug
CID_2985,Drug
CID_2986,Drug
CID_2987,Drug
CID_2988,Drug
CID_2989,Drug
CID_2990,Drug
CID_2991,Drug
CID_2992,Drug
CID_2993,Drug
CID_2994,Drug
CID_2995,Drug
CID_2996,Drug
CID_2997,Drug
CID_2998,Drug
CID_2999,Drug
CID_3000,Drug
CID_3001,Drug
CID_3002,Drug
CID_3003,Drug
CID_3004,Drug
CID_3005,Drug
CID_3006,Drug
CID_3007,Drug
CID_3008,Drug
CID_3009,Drug
CID_3010,Drug
CID_3011,Drug
CID_3012,Drug
CID_3014,Drug
CID_3015,Drug
CID_3016,Drug
CID_3017,Drug
CID_3018,Drug
CID_3019,Drug
CID_3020,Drug
CID_3021,Drug
CID_3022,Drug
CID_3023,Drug
CID_3024,Drug
CID_3025,Drug
CID_3026,Drug
CID_3027,Drug
CID_3028,Drug
CID_3029,Drug
CID_3030,Drug
CID_3031,Drug
CID_3032,Drug
CID_3033,Drug
CID_3034,Drug
CID_3035,Drug
CID_3036,Drug
CID_3037,Drug
CID_3038,Drug
CID_3039,Drug
CID_3040,Drug
CID_3041,Drug
CID_3042,Drug
CID_3044,Drug
CID_3045,Drug
CID_3046,Drug
CID_3047,Drug
CID_3048,Drug
CID_3049,Drug
CID_3050,Drug
CID_3051,Drug
CID_3052,Drug
CID_3053,Drug
CID_3054,Drug
CID_3055,Drug
CID_3056,Drug
CID_3057,Drug
CID_3058,Drug
CID_3059,Drug
CID_3060,Drug
CID_3061,Drug
CID_3062,Drug
CID_3063,Drug
CID_3064,Drug
CID_3065,Drug
CID_3066,Drug
CID_3067,Drug
CID_3068,Drug
CID_3069,Drug
CID_3070,Drug
CID_3071,Drug
CID_3072,Drug
CID_3073,Drug
CID_3074,Drug
CID_3075,Drug
CID_3076,Drug
CID_3077,Drug
CID_3078,Drug
CID_3079,Drug
CID_3080,Drug
CID_3081,Drug
CID_3082,Drug
CID_3083,Drug
CID_3084,Drug
CID_3086,Drug
CID_3087,Drug
CID_3088,Drug
CID_3089,Drug
CID_3090,Drug
CID_3091,Drug
CID_3092,Drug
CID_3093,Drug
CID_3094,Drug
CID_3095,Drug
CID_3097,Drug
CID_3098,Drug
CID_3099,Drug
CID_3100,Drug
CID_3101,Drug
CID_3102,Drug
CID_3103,Drug
CID_3104,Drug
CID_3105,Drug
CID_3106,Drug
CID_3107,Drug
CID_3108,Drug
CID_3109,Drug
CID_3110,Drug
CID_3111,Drug
CID_3112,Drug
CID_3114,Drug
CID_3115,Drug
CID_3116,Drug
CID_3117,Drug
CID_3118,Drug
CID_3119,Drug
CID_3120,Drug
CID_3121,Drug
CID_3122,Drug
CID_3123,Drug
CID_3125,Drug
CID_3126,Drug
CID_3127,Drug
CID_3128,Drug
CID_3129,Drug
CID_3130,Drug
CID_3131,Drug
CID_3132,Drug
CID_3133,Drug
CID_3134,Drug
CID_3135,Drug
CID_3136,Drug
CID_3137,Drug
CID_3138,Drug
CID_3139,Drug
CID_3140,Drug
CID_3141,Drug
CID_3142,Drug
CID_3143,Drug
CID_3144,Drug
CID_3145,Drug
CID_3146,Drug
CID_3147,Drug
CID_3148,Drug
CID_3149,Drug
CID_3150,Drug
CID_3151,Drug
CID_3152,Drug
CID_3153,Drug
CID_3154,Drug
CID_3155,Drug
CID_3156,Drug
CID_3157,Drug
CID_3158,Drug
CID_3159,Drug
CID_3160,Drug
CID_3162,Drug
CID_3163,Drug
CID_3164,Drug
CID_3165,Drug
CID_3166,Drug
CID_3167,Drug
CID_3168,Drug
CID_3169,Drug
CID_3170,Drug
CID_3171,Drug
CID_3172,Drug
CID_3173,Drug
CID_3174,Drug
CID_3175,Drug
CID_3176,Drug
CID_3177,Drug
CID_3178,Drug
CID_3179,Drug
CID_3180,Drug
CID_3181,Drug
CID_3182,Drug
CID_3183,Drug
CID_3184,Drug
CID_3185,Drug
CID_3186,Drug
PMID_21,Literature
PMID_22,Literature
PMID_23,Literature
PMID_24,Literature
PMID_25,Literature
PMID_26,Literature
PMID_30,Literature
PMID_31,Literature
PMID_32,Literature
PMID_33,Literature
PMID_35,Literature
PMID_36,Literature
PMID_37,Literature
PMID_38,Literature
PMID_39,Literature
PMID_40,Literature
PMID_41,Literature
PMID_42,Literature
PMID_43,Literature
PMID_44,Literature
PMID_45,Literature
PMID_46,Literature
PMID_47,Literature
PMID_48,Literature
PMID_49,Literature
PMID_50,Literature
PMID_51,Literature
PMID_52,Literature
PMID_53,Literature
PMID_55,Literature
PMID_54,Literature
PMID_56,Literature
PMID_57,Literature
PMID_58,Literature
PMID_59,Literature
PMID_60,Literature
PMID_61,Literature
PMID_62,Literature
PMID_63,Literature
PMID_64,Literature
PMID_65,Literature
PMID_66,Literature
PMID_67,Literature
PMID_68,Literature
PMID_70,Literature
PMID_69,Literature
PMID_71,Literature
PMID_72,Literature
PMID_73,Literature
PMID_74,Literature
PMID_75,Literature
PMID_76,Literature
PMID_78,Literature
PMID_77,Literature
PMID_79,Literature
PMID_80,Literature
PMID_81,Literature
PMID_82,Literature
PMID_83,Literature
PMID_84,Literature
PMID_85,Literature
PMID_86,Literature
PMID_87,Literature
PMID_88,Literature
PMID_90,Literature
PMID_89,Literature
PMID_91,Literature
PMID_92,Literature
PMID_96,Literature
PMID_94,Literature
PMID_93,Literature
PMID_103,Literature
PMID_95,Literature
PMID_105,Literature
PMID_104,Literature
PMID_106,Literature
PMID_107,Literature
PMID_123,Literature
PMID_125,Literature
PMID_124,Literature
PMID_129,Literature
PMID_128,Literature
PMID_132,Literature
PMID_133,Literature
PMID_134,Literature
PMID_136,Literature
PMID_135,Literature
PMID_137,Literature
PMID_138,Literature
PMID_139,Literature
PMID_140,Literature
PMID_142,Literature
PMID_141,Literature
PMID_143,Literature
PMID_149,Literature
PMID_148,Literature
PMID_150,Literature
PMID_151,Literature
PMID_152,Literature
PMID_153,Literature
PMID_154,Literature
PMID_155,Literature
PMID_156,Literature
PMID_157,Literature
PMID_158,Literature
PMID_159,Literature
PMID_160,Literature
PMID_161,Literature
PMID_162,Literature
PMID_165,Literature
PMID_167,Literature
PMID_170,Literature
PMID_171,Literature
PMID_168,Literature
PMID_210,Literature
PMID_218,Literature
PMID_220,Literature
PMID_226,Literature
PMID_227,Literature
PMID_229,Literature
PMID_230,Literature
PMID_231,Literature
PMID_232,Literature
PMID_233,Literature
PMID_234,Literature
PMID_235,Literature
PMID_236,Literature
PMID_237,Literature
PMID_238,Literature
PMID_239,Literature
PMID_240,Literature
PMID_241,Literature
PMID_250,Literature
PMID_251,Literature
PMID_257,Literature
PMID_270,Literature
PMID_271,Literature
PMID_273,Literature
PMID_274,Literature
PMID_278,Literature
PMID_280,Literature
PMID_279,Literature
PMID_281,Literature
PMID_282,Literature
PMID_283,Literature
PMID_284,Literature
PMID_285,Literature
PMID_286,Literature
PMID_287,Literature
PMID_288,Literature
PMID_289,Literature
PMID_292,Literature
PMID_293,Literature
PMID_295,Literature
PMID_296,Literature
PMID_297,Literature
PMID_298,Literature
PMID_325,Literature
PMID_329,Literature
PMID_330,Literature
PMID_331,Literature
PMID_332,Literature
PMID_334,Literature
PMID_333,Literature
PMID_336,Literature
PMID_337,Literature
PMID_338,Literature
PMID_339,Literature
PMID_340,Literature
PMID_342,Literature
PMID_343,Literature
PMID_344,Literature
PMID_345,Literature
PMID_346,Literature
PMID_350,Literature
PMID_349,Literature
PMID_353,Literature
PMID_354,Literature
PMID_356,Literature
PMID_357,Literature
PMID_358,Literature
PMID_359,Literature
PMID_360,Literature
PMID_361,Literature
PMID_362,Literature
PMID_364,Literature
PMID_363,Literature
PMID_365,Literature
PMID_366,Literature
PMID_368,Literature
PMID_369,Literature
PMID_367,Literature
PMID_370,Literature
PMID_372,Literature
PMID_371,Literature
PMID_373,Literature
PMID_374,Literature
PMID_375,Literature
PMID_376,Literature
PMID_377,Literature
PMID_378,Literature
PMID_379,Literature
PMID_380,Literature
PMID_381,Literature
PMID_382,Literature
PMID_383,Literature
PMID_384,Literature
PMID_385,Literature
PMID_386,Literature
PMID_387,Literature
PMID_388,Literature
PMID_389,Literature
PMID_390,Literature
PMID_391,Literature
PMID_392,Literature
PMID_393,Literature
PMID_394,Literature
PMID_395,Literature
PMID_396,Literature
PMID_397,Literature
PMID_398,Literature
PMID_399,Literature
PMID_400,Literature
PMID_401,Literature
PMID_402,Literature
PMID_403,Literature
PMID_404,Literature
PMID_406,Literature
PMID_407,Literature
PMID_409,Literature
PMID_408,Literature
PMID_410,Literature
PMID_411,Literature
PMID_413,Literature
PMID_412,Literature
PMID_416,Literature
PMID_417,Literature
PMID_418,Literature
PMID_419,Literature
PMID_420,Literature
PMID_421,Literature
PMID_422,Literature
PMID_423,Literature
PMID_425,Literature
PMID_426,Literature
PMID_429,Literature
PMID_424,Literature
PMID_439,Literature
PMID_440,Literature
PMID_442,Literature
PMID_446,Literature
PMID_447,Literature
PMID_448,Literature
PMID_449,Literature
PMID_450,Literature
PMID_451,Literature
PMID_452,Literature
PMID_453,Literature
PMID_454,Literature
PMID_459,Literature
PMID_461,Literature
PMID_460,Literature
PMID_462,Literature
PMID_463,Literature
PMID_464,Literature
PMID_465,Literature
PMID_466,Literature
PMID_467,Literature
PMID_468,Literature
PMID_472,Literature
PMID_475,Literature
PMID_476,Literature
PMID_477,Literature
PMID_479,Literature
PMID_480,Literature
PMID_481,Literature
PMID_482,Literature
PMID_483,Literature
PMID_484,Literature
PMID_486,Literature
PMID_485,Literature
PMID_488,Literature
PMID_489,Literature
PMID_490,Literature
PMID_491,Literature
PMID_492,Literature
PMID_493,Literature
PMID_495,Literature
PMID_494,Literature
PMID_496,Literature
PMID_497,Literature
PMID_506,Literature
PMID_507,Literature
PMID_508,Literature
PMID_514,Literature
PMID_515,Literature
PMID_516,Literature
PMID_517,Literature
PMID_519,Literature
PMID_525,Literature
PMID_534,Literature
PMID_535,Literature
PMID_537,Literature
PMID_538,Literature
PMID_540,Literature
PMID_542,Literature
PMID_541,Literature
PMID_545,Literature
PMID_543,Literature
PMID_549,Literature
PMID_550,Literature
PMID_562,Literature
PMID_561,Literature
PMID_580,Literature
PMID_578,Literature
PMID_594,Literature
PMID_609,Literature
PMID_610,Literature
PMID_611,Literature
PMID_616,Literature
PMID_626,Literature
PMID_627,Literature
PMID_628,Literature
PMID_629,Literature
PMID_630,Literature
PMID_631,Literature
PMID_632,Literature
PMID_633,Literature
PMID_634,Literature
PMID_635,Literature
PMID_643,Literature
PMID_645,Literature
PMID_646,Literature
PMID_648,Literature
PMID_651,Literature
PMID_652,Literature
PMID_653,Literature
PMID_656,Literature
PMID_657,Literature
PMID_665,Literature
PMID_666,Literature
PMID_667,Literature
PMID_668,Literature
PMID_669,Literature
PMID_670,Literature
PMID_671,Literature
PMID_672,Literature
PMID_673,Literature
PMID_674,Literature
PMID_675,Literature
PMID_676,Literature
PMID_677,Literature
PMID_678,Literature
PMID_681,Literature
PMID_698,Literature
PMID_699,Literature
PMID_701,Literature
PMID_702,Literature
PMID_706,Literature
PMID_707,Literature
PMID_708,Literature
PMID_709,Literature
PMID_710,Literature
PMID_711,Literature
PMID_725,Literature
PMID_741,Literature
PMID_742,Literature
PMID_743,Literature
PMID_745,Literature
PMID_746,Literature
PMID_747,Literature
PMID_748,Literature
PMID_750,Literature
PMID_749,Literature
PMID_751,Literature
PMID_752,Literature
PMID_753,Literature
PMID_783,Literature
PMID_784,Literature
PMID_785,Literature
PMID_786,Literature
PMID_789,Literature
PMID_792,Literature
PMID_795,Literature
PMID_796,Literature
PMID_800,Literature
PMID_801,Literature
PMID_807,Literature
PMID_814,Literature
PMID_815,Literature
PMID_825,Literature
PMID_821,Literature
PMID_822,Literature
PMID_823,Literature
PMID_827,Literature
PMID_820,Literature
PMID_830,Literature
PMID_831,Literature
PMID_829,Literature
PMID_832,Literature
PMID_834,Literature
PMID_839,Literature
PMID_833,Literature
PMID_840,Literature
PMID_835,Literature
PMID_836,Literature
PMID_841,Literature
PMID_842,Literature
PMID_843,Literature
PMID_848,Literature
PMID_856,Literature
PMID_858,Literature
PMID_859,Literature
PMID_860,Literature
PMID_861,Literature
PMID_863,Literature
PMID_864,Literature
PMID_872,Literature
PMID_873,Literature
PMID_875,Literature
PMID_877,Literature
PMID_878,Literature
PMID_879,Literature
PMID_880,Literature
PMID_881,Literature
PMID_882,Literature
PMID_884,Literature
PMID_886,Literature
PMID_885,Literature
PMID_899,Literature
PMID_906,Literature
PMID_907,Literature
PMID_908,Literature
PMID_909,Literature
PMID_910,Literature
PMID_911,Literature
PMID_912,Literature
PMID_913,Literature
PMID_914,Literature
PMID_915,Literature
PMID_920,Literature
PMID_930,Literature
PMID_933,Literature
PMID_934,Literature
PMID_935,Literature
PMID_936,Literature
PMID_937,Literature
PMID_938,Literature
PMID_944,Literature
PMID_947,Literature
PMID_948,Literature
PMID_949,Literature
PMID_950,Literature
PMID_951,Literature
PMID_952,Literature
PMID_953,Literature
PMID_954,Literature
PMID_972,Literature
PMID_973,Literature
PMID_974,Literature
PMID_975,Literature
PMID_976,Literature
PMID_977,Literature
PMID_978,Literature
PMID_979,Literature
PMID_982,Literature
PMID_981,Literature
PMID_983,Literature
PMID_984,Literature
PMID_985,Literature
PMID_986,Literature
PMID_988,Literature
PMID_990,Literature
PMID_989,Literature
PMID_987,Literature
PMID_991,Literature
PMID_992,Literature
PMID_993,Literature
PMID_994,Literature
PMID_996,Literature
PMID_997,Literature
PMID_999,Literature
PMID_995,Literature
PMID_998,Literature
PMID_1000,Literature
PMID_1001,Literature
PMID_1002,Literature
PMID_1003,Literature
PMID_1004,Literature
PMID_1040,Literature
PMID_1041,Literature
PMID_1042,Literature
PMID_1043,Literature
PMID_1048,Literature
PMID_1049,Literature
PMID_1050,Literature
PMID_1051,Literature
PMID_1052,Literature
PMID_1053,Literature
PMID_1076,Literature
PMID_1080,Literature
PMID_1081,Literature
PMID_1082,Literature
PMID_1083,Literature
PMID_1084,Literature
PMID_1085,Literature
PMID_1086,Literature
PMID_1087,Literature
PMID_1088,Literature
PMID_1089,Literature
PMID_1090,Literature
PMID_1091,Literature
PMID_1092,Literature
PMID_1093,Literature
PMID_1094,Literature
PMID_1095,Literature
PMID_1096,Literature
PMID_1097,Literature
PMID_1098,Literature
PMID_1099,Literature
PMID_1100,Literature
PMID_1105,Literature
PMID_1104,Literature
PMID_1103,Literature
PMID_1106,Literature
PMID_1109,Literature
PMID_1108,Literature
PMID_1107,Literature
PMID_1110,Literature
PMID_1112,Literature
PMID_1111,Literature
PMID_1113,Literature
PMID_1114,Literature
PMID_1115,Literature
PMID_1120,Literature
PMID_1116,Literature
PMID_1121,Literature
PMID_1122,Literature
PMID_1123,Literature
PMID_1126,Literature
PMID_1127,Literature
PMID_1132,Literature
PMID_1133,Literature
PMID_1135,Literature
PMID_1134,Literature
PMID_1140,Literature
PMID_1141,Literature
PMID_1142,Literature
PMID_1143,Literature
PMID_1144,Literature
PMID_1145,Literature
PMID_1147,Literature
PMID_1148,Literature
PMID_1155,Literature
PMID_1156,Literature
PMID_1158,Literature
PMID_1159,Literature
PMID_1160,Literature
PMID_1161,Literature
PMID_1162,Literature
PMID_1163,Literature
PMID_1164,Literature
PMID_1166,Literature
PMID_1168,Literature
PMID_1169,Literature
PMID_1170,Literature
PMID_1171,Literature
PMID_1172,Literature
PMID_1207,Literature
PMID_1213,Literature
PMID_1218,Literature
PMID_1217,Literature
PMID_1220,Literature
PMID_1222,Literature
PMID_1221,Literature
PMID_1219,Literature
PMID_1223,Literature
PMID_1227,Literature
PMID_1224,Literature
PMID_1225,Literature
PMID_1226,Literature
PMID_1228,Literature
PMID_1229,Literature
PMID_1230,Literature
PMID_1231,Literature
PMID_1232,Literature
PMID_1234,Literature
PMID_1233,Literature
PMID_1243,Literature
PMID_1244,Literature
PMID_1235,Literature
PMID_1245,Literature
PMID_1246,Literature
PMID_1247,Literature
PMID_1248,Literature
PMID_1249,Literature
PMID_1250,Literature
PMID_1251,Literature
PMID_1252,Literature
PMID_1253,Literature
PMID_1254,Literature
PMID_1255,Literature
PMID_1256,Literature
PMID_1257,Literature
PMID_1258,Literature
PMID_1259,Literature
PMID_1261,Literature
PMID_1260,Literature
PMID_1262,Literature
PMID_1263,Literature
PMID_1264,Literature
PMID_1265,Literature
PMID_1266,Literature
PMID_1267,Literature
PMID_1268,Literature
PMID_1269,Literature
PMID_1270,Literature
PMID_1271,Literature
PMID_1272,Literature
PMID_1273,Literature
PMID_1274,Literature
PMID_1275,Literature
PMID_1276,Literature
PMID_1278,Literature
PMID_1279,Literature
PMID_1280,Literature
PMID_1291,Literature
PMID_1292,Literature
PMID_1293,Literature
PMID_1295,Literature
PMID_1298,Literature
PMID_1296,Literature
PMID_1319,Literature
PMID_1320,Literature
PMID_1323,Literature
PMID_1322,Literature
PMID_1324,Literature
PMID_1325,Literature
PMID_1332,Literature
PMID_1333,Literature
PMID_1334,Literature
PMID_1335,Literature
PMID_1336,Literature
PMID_1337,Literature
PMID_1338,Literature
PMID_1339,Literature
PMID_1344,Literature
PMID_1345,Literature
PMID_1346,Literature
PMID_1349,Literature
PMID_1350,Literature
PMID_1351,Literature
PMID_1355,Literature
PMID_1356,Literature
PMID_1357,Literature
PMID_1358,Literature
PMID_1368,Literature
PMID_1369,Literature
PMID_1370,Literature
PMID_1371,Literature
PMID_1373,Literature
PMID_1372,Literature
PMID_1374,Literature
PMID_1375,Literature
PMID_1376,Literature
PMID_1377,Literature
PMID_1378,Literature
PMID_1379,Literature
PMID_1380,Literature
PMID_1381,Literature
PMID_1382,Literature
PMID_1383,Literature
PMID_1385,Literature
PMID_1384,Literature
PMID_1386,Literature
PMID_1387,Literature
PMID_1388,Literature
PMID_1389,Literature
PMID_1390,Literature
PMID_1391,Literature
PMID_1392,Literature
PMID_1393,Literature
PMID_1394,Literature
PMID_1395,Literature
PMID_1397,Literature
PMID_1396,Literature
PMID_1399,Literature
PMID_1400,Literature
PMID_1401,Literature
PMID_1398,Literature
PMID_1405,Literature
PMID_1406,Literature
PMID_1407,Literature
PMID_1408,Literature
PMID_1410,Literature
PMID_1411,Literature
PMID_1412,Literature
PMID_1414,Literature
PMID_1415,Literature
PMID_1416,Literature
PMID_1417,Literature
PMID_1418,Literature
PMID_1419,Literature
PMID_1420,Literature
PMID_1421,Literature
PMID_1437,Literature
PMID_1442,Literature
PMID_1444,Literature
PMID_1445,Literature
PMID_1446,Literature
PMID_1447,Literature
PMID_1448,Literature
PMID_1449,Literature
PMID_1450,Literature
PMID_1451,Literature
PMID_1452,Literature
PMID_1453,Literature
PMID_1454,Literature
PMID_1455,Literature
PMID_1457,Literature
PMID_1458,Literature
PMID_1459,Literature
PMID_1460,Literature
PMID_1461,Literature
PMID_1462,Literature
PMID_1463,Literature
PMID_1465,Literature
PMID_1466,Literature
PMID_1467,Literature
PMID_1468,Literature
PMID_1469,Literature
PMID_1473,Literature
PMID_1478,Literature
PMID_1480,Literature
PMID_1481,Literature
PMID_1483,Literature
PMID_1486,Literature
PMID_1487,Literature
PMID_1488,Literature
PMID_1489,Literature
PMID_1490,Literature
PMID_1491,Literature
PMID_1492,Literature
PMID_1493,Literature
PMID_1494,Literature
PMID_1509,Literature
PMID_1510,Literature
PMID_1511,Literature
PMID_1512,Literature
PMID_1513,Literature
PMID_1514,Literature
PMID_1516,Literature
PMID_1517,Literature
PMID_1518,Literature
PMID_1519,Literature
PMID_1520,Literature
PMID_1521,Literature
PMID_1523,Literature
PMID_1524,Literature
PMID_1525,Literature
PMID_1526,Literature
PMID_1527,Literature
PMID_1528,Literature
PMID_1529,Literature
PMID_1530,Literature
PMID_1533,Literature
PMID_1534,Literature
PMID_1535,Literature
PMID_1536,Literature
PMID_1538,Literature
PMID_1539,Literature
PMID_1540,Literature
PMID_1541,Literature
PMID_1542,Literature
PMID_1544,Literature
PMID_1543,Literature
PMID_1545,Literature
PMID_1546,Literature
PMID_1547,Literature
PMID_1549,Literature
PMID_1548,Literature
PMID_1550,Literature
PMID_1551,Literature
PMID_1554,Literature
PMID_1558,Literature
PMID_1559,Literature
PMID_1560,Literature
PMID_1561,Literature
PMID_1562,Literature
PMID_1563,Literature
PMID_1567,Literature
PMID_1568,Literature
PMID_1569,Literature
PMID_1570,Literature
PMID_1571,Literature
PMID_1572,Literature
PMID_1573,Literature
PMID_1574,Literature
PMID_1575,Literature
PMID_1576,Literature
PMID_1577,Literature
PMID_1579,Literature
PMID_1578,Literature
PMID_1587,Literature
PMID_1580,Literature
PMID_1588,Literature
PMID_1583,Literature
PMID_1589,Literature
PMID_1590,Literature
PMID_1582,Literature
PMID_1591,Literature
PMID_1592,Literature
PMID_1593,Literature
PMID_1594,Literature
PMID_1595,Literature
PMID_1596,Literature
PMID_1599,Literature
PMID_1600,Literature
PMID_1602,Literature
PMID_1604,Literature
PMID_1605,Literature
PMID_1608,Literature
PMID_1609,Literature
PMID_1620,Literature
PMID_1621,Literature
PMID_1622,Literature
PMID_1623,Literature
PMID_1625,Literature
PMID_1624,Literature
PMID_1628,Literature
PMID_1629,Literature
PMID_1630,Literature
PMID_1631,Literature
PMID_1633,Literature
PMID_1638,Literature
PMID_1639,Literature
PMID_1632,Literature
PMID_1634,Literature
PMID_1674,Literature
PMID_1676,Literature
PMID_1677,Literature
PMID_1680,Literature
PMID_1682,Literature
PMID_1684,Literature
PMID_1685,Literature
PMID_1686,Literature
PMID_1687,Literature
PMID_1689,Literature
PMID_1690,Literature
PMID_1691,Literature
PMID_1692,Literature
PMID_1695,Literature
PMID_1696,Literature
PMID_1697,Literature
PMID_1698,Literature
PMID_1703,Literature
PMID_1704,Literature
PMID_1705,Literature
PMID_1706,Literature
PMID_1707,Literature
PMID_1708,Literature
PMID_1709,Literature
PMID_1710,Literature
PMID_1713,Literature
PMID_1717,Literature
PMID_1714,Literature
PMID_1718,Literature
PMID_1719,Literature
PMID_1716,Literature
PMID_1715,Literature
PMID_1721,Literature
PMID_1720,Literature
PMID_1722,Literature
PMID_1723,Literature
PMID_1724,Literature
PMID_1727,Literature
PMID_1725,Literature
PMID_1729,Literature
PMID_1726,Literature
PMID_1731,Literature
PMID_1733,Literature
PMID_1735,Literature
PMID_1736,Literature
PMID_1738,Literature
PMID_1739,Literature
PMID_1737,Literature
PMID_1740,Literature
PMID_1744,Literature
PMID_1742,Literature
PMID_1741,Literature
PMID_1745,Literature
PMID_1746,Literature
PMID_1747,Literature
PMID_1743,Literature
PMID_1748,Literature
PMID_1749,Literature
PMID_1750,Literature
PMID_1751,Literature
PMID_1752,Literature
PMID_1753,Literature
PMID_1754,Literature
PMID_1755,Literature
PMID_1756,Literature
PMID_1757,Literature
PMID_1758,Literature
PMID_1759,Literature
PMID_1760,Literature
PMID_1790,Literature
PMID_1791,Literature
PMID_1792,Literature
PMID_1793,Literature
PMID_1795,Literature
PMID_1796,Literature
PMID_1797,Literature
PMID_1798,Literature
PMID_1802,Literature
PMID_1803,Literature
PMID_1804,Literature
PMID_1805,Literature
PMID_1800,Literature
PMID_1806,Literature
PMID_1799,Literature
PMID_1801,Literature
PMID_1807,Literature
PMID_1808,Literature
PMID_1809,Literature
PMID_1810,Literature
PMID_1811,Literature
PMID_1812,Literature
PMID_1813,Literature
PMID_1814,Literature
PMID_1815,Literature
PMID_1816,Literature
PMID_1817,Literature
PMID_1818,Literature
PMID_1819,Literature
PMID_1820,Literature
PMID_1822,Literature
PMID_1824,Literature
PMID_1830,Literature
PMID_1831,Literature
PMID_1832,Literature
PMID_1833,Literature
PMID_1834,Literature
PMID_1844,Literature
PMID_1845,Literature
PMID_1847,Literature
PMID_1849,Literature
PMID_1846,Literature
PMID_1848,Literature
PMID_1850,Literature
PMID_1854,Literature
PMID_1853,Literature
PMID_1855,Literature
PMID_1856,Literature
PMID_1857,Literature
PMID_1858,Literature
PMID_1859,Literature
PMID_1860,Literature
PMID_1862,Literature
PMID_1863,Literature
PMID_1865,Literature
PMID_1866,Literature
PMID_1868,Literature
PMID_1869,Literature
PMID_1873,Literature
PMID_1879,Literature
PMID_1885,Literature
PMID_1888,Literature
PMID_1890,Literature
PMID_1891,Literature
PMID_1884,Literature
PMID_1894,Literature
PMID_1895,Literature
PMID_1899,Literature
PMID_1900,Literature
PMID_1901,Literature
PMID_1904,Literature
PMID_1902,Literature
PMID_1903,Literature
PMID_1914,Literature
PMID_1906,Literature
PMID_1907,Literature
PMID_1913,Literature
PMID_1915,Literature
PMID_1947,Literature
PMID_1949,Literature
PMID_1948,Literature
PMID_1950,Literature
PMID_1951,Literature
PMID_1952,Literature
PMID_1953,Literature
PMID_1954,Literature
PMID_1956,Literature
PMID_1957,Literature
PMID_1959,Literature
PMID_1960,Literature
PMID_1961,Literature
PMID_1962,Literature
PMID_1963,Literature
PMID_1967,Literature
PMID_1968,Literature
PMID_1970,Literature
PMID_1971,Literature
PMID_1979,Literature
PMID_1982,Literature
PMID_1983,Literature
PMID_1984,Literature
PMID_1985,Literature
PMID_1986,Literature
PMID_1987,Literature
PMID_1988,Literature
PMID_1989,Literature
PMID_1990,Literature
PMID_1991,Literature
PMID_1992,Literature
PMID_1993,Literature
PMID_1994,Literature
PMID_1995,Literature
PMID_1996,Literature
PMID_2001,Literature
PMID_2004,Literature
PMID_2006,Literature
PMID_2007,Literature
PMID_2008,Literature
PMID_2009,Literature
PMID_2010,Literature
PMID_2011,Literature
PMID_2012,Literature
PMID_2013,Literature
PMID_2014,Literature
PMID_2015,Literature
PMID_2016,Literature
PMID_2017,Literature
PMID_2018,Literature
PMID_2019,Literature
PMID_2021,Literature
PMID_2022,Literature
PMID_2023,Literature
PMID_2024,Literature
PMID_2027,Literature
PMID_2036,Literature
PMID_2037,Literature
PMID_2038,Literature
PMID_2040,Literature
PMID_2042,Literature
PMID_2041,Literature
PMID_2043,Literature
PMID_2044,Literature
PMID_2045,Literature
PMID_2046,Literature
PMID_2047,Literature
PMID_2049,Literature
PMID_2048,Literature
PMID_2050,Literature
PMID_2051,Literature
PMID_2052,Literature
PMID_2056,Literature
PMID_2057,Literature
PMID_2058,Literature
PMID_2059,Literature
PMID_2060,Literature
PMID_2061,Literature
PMID_2062,Literature
PMID_2063,Literature
PMID_2064,Literature
PMID_2065,Literature
PMID_2067,Literature
PMID_2068,Literature
PMID_2069,Literature
PMID_2070,Literature
PMID_2071,Literature
PMID_2072,Literature
PMID_2073,Literature
PMID_2074,Literature
PMID_2075,Literature
PMID_2076,Literature
PMID_2077,Literature
PMID_2078,Literature
PMID_2079,Literature
PMID_2080,Literature
PMID_2081,Literature
PMID_2082,Literature
PMID_2083,Literature
PMID_2084,Literature
PMID_2085,Literature
PMID_2086,Literature
PMID_2087,Literature
PMID_2088,Literature
PMID_2089,Literature
PMID_2091,Literature
PMID_2092,Literature
PMID_2094,Literature
PMID_2095,Literature
PMID_2097,Literature
PMID_2096,Literature
PMID_2098,Literature
PMID_2099,Literature
PMID_2100,Literature
PMID_2101,Literature
PMID_2102,Literature
PMID_2103,Literature
PMID_2104,Literature
PMID_2105,Literature
PMID_2106,Literature
PMID_2108,Literature
PMID_2107,Literature
PMID_2109,Literature
PMID_2110,Literature
PMID_2111,Literature
PMID_2112,Literature
PMID_2113,Literature
PMID_2114,Literature
PMID_2115,Literature
PMID_2116,Literature
PMID_2117,Literature
PMID_2118,Literature
PMID_2119,Literature
PMID_2120,Literature
PMID_2121,Literature
PMID_2122,Literature
PMID_2123,Literature
PMID_2124,Literature
PMID_2125,Literature
PMID_2126,Literature
PMID_2127,Literature
PMID_2128,Literature
PMID_2129,Literature
PMID_2142,Literature
PMID_2143,Literature
PMID_2144,Literature
PMID_2145,Literature
PMID_2147,Literature
PMID_2149,Literature
PMID_2152,Literature
PMID_2153,Literature
PMID_2154,Literature
PMID_2155,Literature
PMID_2156,Literature
PMID_2157,Literature
PMID_2159,Literature
PMID_2158,Literature
PMID_2160,Literature
PMID_2161,Literature
PMID_2162,Literature
PMID_2274,Literature
PMID_2275,Literature
PMID_2276,Literature
PMID_2277,Literature
PMID_2278,Literature
PMID_2279,Literature
PMID_2280,Literature
PMID_2281,Literature
PMID_2282,Literature
PMID_2284,Literature
PMID_2285,Literature
PMID_2286,Literature
PMID_2287,Literature
PMID_2288,Literature
PMID_2289,Literature
PMID_2290,Literature
PMID_2291,Literature
PMID_2292,Literature
PMID_2293,Literature
PMID_2294,Literature
PMID_2295,Literature
PMID_2296,Literature
PMID_2297,Literature
PMID_2298,Literature
PMID_2299,Literature
PMID_2300,Literature
PMID_2301,Literature
PMID_2302,Literature
PMID_2303,Literature
PMID_2304,Literature
PMID_2305,Literature
PMID_2306,Literature
PMID_2308,Literature
PMID_2307,Literature
PMID_2309,Literature
PMID_2310,Literature
PMID_2311,Literature
PMID_2312,Literature
PMID_2313,Literature
PMID_2314,Literature
PMID_2315,Literature
PMID_2316,Literature
PMID_2317,Literature
PMID_2318,Literature
PMID_2319,Literature
PMID_2320,Literature
PMID_2321,Literature
PMID_2322,Literature
PMID_2323,Literature
PMID_2324,Literature
PMID_2325,Literature
PMID_2326,Literature
PMID_2331,Literature
PMID_2327,Literature
PMID_2330,Literature
PMID_2328,Literature
PMID_2329,Literature
PMID_2332,Literature
PMID_2340,Literature
PMID_2333,Literature
PMID_2334,Literature
PMID_2335,Literature
PMID_2343,Literature
PMID_2337,Literature
PMID_2336,Literature
PMID_2344,Literature
PMID_2345,Literature
PMID_2346,Literature
PMID_2347,Literature
PMID_2348,Literature
PMID_2349,Literature
PMID_2353,Literature
PMID_2354,Literature
PMID_2356,Literature
PMID_2358,Literature
PMID_2359,Literature
PMID_2360,Literature
PMID_2357,Literature
PMID_2367,Literature
PMID_2369,Literature
PMID_2370,Literature
PMID_2371,Literature
PMID_2372,Literature
PMID_2373,Literature
PMID_2374,Literature
PMID_2375,Literature
PMID_2376,Literature
PMID_2377,Literature
PMID_2378,Literature
PMID_2379,Literature
PMID_2380,Literature
PMID_2381,Literature
PMID_2382,Literature
PMID_2383,Literature
PMID_2387,Literature
PMID_2388,Literature
PMID_2389,Literature
PMID_2390,Literature
PMID_2391,Literature
PMID_2392,Literature
PMID_2393,Literature
PMID_2394,Literature
PMID_2395,Literature
PMID_2396,Literature
PMID_2397,Literature
PMID_2398,Literature
PMID_2401,Literature
PMID_2402,Literature
PMID_2403,Literature
PMID_2404,Literature
PMID_2405,Literature
PMID_2406,Literature
PMID_2407,Literature
PMID_2454,Literature
PMID_2457,Literature
PMID_2458,Literature
PMID_2459,Literature
PMID_2460,Literature
PMID_2464,Literature
PMID_2463,Literature
PMID_2465,Literature
PMID_2466,Literature
PMID_2467,Literature
PMID_2468,Literature
PMID_2469,Literature
PMID_2470,Literature
PMID_2471,Literature
PMID_2472,Literature
PMID_2474,Literature
PMID_2473,Literature
PMID_2475,Literature
PMID_2476,Literature
PMID_2477,Literature
PMID_2479,Literature
PMID_2478,Literature
PMID_2480,Literature
PMID_2481,Literature
PMID_2482,Literature
PMID_2483,Literature
PMID_2484,Literature
PMID_2485,Literature
PMID_2489,Literature
PMID_2490,Literature
PMID_2494,Literature
PMID_2506,Literature
PMID_2509,Literature
PMID_2510,Literature
PMID_2511,Literature
PMID_2513,Literature
PMID_2514,Literature
PMID_2523,Literature
PMID_2524,Literature
PMID_2527,Literature
PMID_2528,Literature
PMID_2529,Literature
PMID_2530,Literature
PMID_2525,Literature
PMID_2532,Literature
PMID_2526,Literature
PMID_2533,Literature
PMID_2534,Literature
PMID_2535,Literature
PMID_2549,Literature
PMID_2548,Literature
PMID_2550,Literature
PMID_2556,Literature
PMID_2557,Literature
PMID_2558,Literature
PMID_2559,Literature
PMID_2560,Literature
PMID_2561,Literature
PMID_2563,Literature
PMID_2567,Literature
PMID_2568,Literature
PMID_2565,Literature
PMID_2566,Literature
PMID_2569,Literature
PMID_2570,Literature
PMID_2572,Literature
PMID_2573,Literature
PMID_2574,Literature
PMID_2575,Literature
PMID_2576,Literature
PMID_2577,Literature
PMID_2578,Literature
PMID_2579,Literature
PMID_2580,Literature
PMID_2581,Literature
PMID_2582,Literature
PMID_2583,Literature
PMID_2584,Literature
PMID_2585,Literature
PMID_2586,Literature
PMID_2587,Literature
PMID_2589,Literature
PMID_2590,Literature
PMID_2591,Literature
PMID_2592,Literature
PMID_2593,Literature
PMID_2594,Literature
PMID_2595,Literature
PMID_2596,Literature
PMID_2597,Literature
PMID_2598,Literature
PMID_2599,Literature
PMID_2600,Literature
PMID_2601,Literature
PMID_2602,Literature
PMID_2603,Literature
PMID_2604,Literature
PMID_2605,Literature
PMID_2606,Literature
PMID_2607,Literature
PMID_2608,Literature
PMID_2609,Literature
PMID_2610,Literature
PMID_2611,Literature
PMID_2612,Literature
PMID_2614,Literature
PMID_2615,Literature
PMID_2616,Literature
PMID_2617,Literature
PMID_2618,Literature
PMID_2619,Literature
PMID_2620,Literature
PMID_2621,Literature
PMID_2622,Literature
PMID_2623,Literature
PMID_2624,Literature
PMID_2626,Literature
PMID_2627,Literature
PMID_2628,Literature
PMID_2629,Literature
PMID_2630,Literature
PMID_2631,Literature
PMID_2633,Literature
PMID_2634,Literature
PMID_2635,Literature
PMID_2636,Literature
PMID_2637,Literature
PMID_2640,Literature
PMID_2641,Literature
PMID_2642,Literature
PMID_2643,Literature
PMID_2645,Literature
PMID_2646,Literature
PMID_2647,Literature
PMID_2648,Literature
PMID_2649,Literature
PMID_2650,Literature
PMID_2651,Literature
PMID_2652,Literature
PMID_2653,Literature
PMID_2654,Literature
PMID_2655,Literature
PMID_2658,Literature
PMID_2660,Literature
PMID_2659,Literature
PMID_2661,Literature
PMID_2662,Literature
PMID_2663,Literature
PMID_2664,Literature
PMID_2665,Literature
PMID_2666,Literature
PMID_2771,Literature
PMID_2777,Literature
PMID_2778,Literature
PMID_2779,Literature
PMID_2780,Literature
PMID_2781,Literature
PMID_2782,Literature
PMID_2783,Literature
PMID_2786,Literature
PMID_2800,Literature
PMID_2803,Literature
PMID_2808,Literature
PMID_2809,Literature
PMID_2802,Literature
PMID_2806,Literature
PMID_2810,Literature
PMID_2804,Literature
PMID_2811,Literature
PMID_2812,Literature
PMID_2807,Literature
PMID_2813,Literature
PMID_2814,Literature
PMID_2815,Literature
PMID_2816,Literature
PMID_2817,Literature
PMID_2818,Literature
PMID_2819,Literature
PMID_2820,Literature
PMID_2821,Literature
PMID_2832,Literature
PMID_2834,Literature
PMID_2835,Literature
PMID_2836,Literature
PMID_2839,Literature
PMID_2840,Literature
PMID_2842,Literature
PMID_2843,Literature
PMID_2851,Literature
PMID_2844,Literature
PMID_2841,Literature
PMID_2856,Literature
PMID_2857,Literature
PMID_2858,Literature
PMID_2864,Literature
PMID_2860,Literature
PMID_2865,Literature
PMID_2859,Literature
PMID_2866,Literature
PMID_2867,Literature
PMID_2862,Literature
PMID_2863,Literature
PMID_2861,Literature
PMID_2870,Literature
PMID_2872,Literature
PMID_2873,Literature
PMID_2878,Literature
PMID_2891,Literature
PMID_2892,Literature
PMID_2895,Literature
PMID_2896,Literature
PMID_2897,Literature
PMID_2898,Literature
PMID_2899,Literature
PMID_2901,Literature
PMID_2902,Literature
PMID_2905,Literature
PMID_2911,Literature
PMID_2912,Literature
PMID_2926,Literature
PMID_2927,Literature
PMID_2928,Literature
PMID_2929,Literature
PMID_2930,Literature
PMID_2931,Literature
PMID_2932,Literature
PMID_2933,Literature
PMID_2934,Literature
PMID_2935,Literature
PMID_2936,Literature
PMID_2937,Literature
PMID_2939,Literature
PMID_2940,Literature
PMID_2942,Literature
PMID_2943,Literature
PMID_2944,Literature
PMID_2955,Literature
PMID_2950,Literature
PMID_2956,Literature
PMID_2957,Literature
PMID_2959,Literature
PMID_2958,Literature
PMID_2960,Literature
PMID_2961,Literature
PMID_2962,Literature
PMID_2965,Literature
PMID_2967,Literature
PMID_2968,Literature
PMID_2969,Literature
PMID_2970,Literature
PMID_2971,Literature
PMID_2972,Literature
PMID_2973,Literature
PMID_2974,Literature
PMID_2975,Literature
PMID_2978,Literature
PMID_2979,Literature
PMID_2982,Literature
PMID_2994,Literature
PMID_2995,Literature
PMID_2996,Literature
PMID_2997,Literature
PMID_3001,Literature
PMID_3002,Literature
PMID_3000,Literature
PMID_2999,Literature
PMID_3003,Literature
PMID_3004,Literature
PMID_3014,Literature
PMID_3015,Literature
PMID_3019,Literature
PMID_3021,Literature
PMID_3020,Literature
PMID_3022,Literature
PMID_3024,Literature
PMID_3025,Literature
PMID_3023,Literature
PMID_3027,Literature
PMID_3026,Literature
PMID_3038,Literature
PMID_3039,Literature
PMID_3040,Literature
PMID_3045,Literature
PMID_3046,Literature
PMID_3050,Literature
PMID_3047,Literature
PMID_3048,Literature
PMID_3051,Literature
PMID_3049,Literature
PMID_3052,Literature
PMID_3074,Literature
PMID_3073,Literature
PMID_3077,Literature
PMID_3078,Literature
PMID_3079,Literature
PMID_3081,Literature
PMID_3082,Literature
PMID_3083,Literature
PMID_3075,Literature
PMID_3076,Literature
PMID_3084,Literature
PMID_3085,Literature
PMID_3086,Literature
PMID_3087,Literature
PMID_3088,Literature
PMID_3090,Literature
PMID_3089,Literature
PMID_3091,Literature
PMID_3092,Literature
PMID_3093,Literature
PMID_3094,Literature
PMID_3095,Literature
PMID_3096,Literature
PMID_3098,Literature
PMID_3102,Literature
PMID_3108,Literature
PMID_3109,Literature
PMID_3111,Literature
PMID_3112,Literature
PMID_3113,Literature
PMID_3114,Literature
PMID_3115,Literature
PMID_3116,Literature
PMID_3117,Literature
PMID_3127,Literature
PMID_3129,Literature
PMID_3130,Literature
PMID_3131,Literature
PMID_3120,Literature
PMID_3133,Literature
PMID_3144,Literature
PMID_3146,Literature
PMID_3145,Literature
PMID_3147,Literature
PMID_3148,Literature
PMID_3150,Literature
PMID_3151,Literature
PMID_3153,Literature
PMID_3154,Literature
PMID_3152,Literature
PMID_3160,Literature
PMID_3161,Literature
PMID_3163,Literature
PMID_3162,Literature
PMID_3164,Literature
PMID_3165,Literature
PMID_3166,Literature
PMID_3167,Literature
PMID_3168,Literature
PMID_3169,Literature
PMID_3170,Literature
PMID_3171,Literature
PMID_3172,Literature
PMID_3173,Literature
PMID_3174,Literature
PMID_3175,Literature
PMID_3184,Literature
PMID_3183,Literature
PMID_3185,Literature
PMID_3186,Literature
PMID_3187,Literature
PMID_3188,Literature
PMID_3192,Literature
PMID_3193,Literature
PMID_3194,Literature
PMID_3195,Literature
PMID_3196,Literature
PMID_3197,Literature
PMID_3198,Literature
PMID_3199,Literature
PMID_3200,Literature
PMID_3201,Literature
PMID_3202,Literature
PMID_3203,Literature
PMID_3204,Literature
PMID_3205,Literature
PMID_3206,Literature
PMID_3207,Literature
PMID_3208,Literature
PMID_3209,Literature
PMID_3210,Literature
PMID_3211,Literature
PMID_3212,Literature
PMID_3213,Literature
PMID_3214,Literature
PMID_3215,Literature
PMID_3216,Literature
PMID_3217,Literature
PMID_3218,Literature
PMID_3219,Literature
PMID_3220,Literature
PMID_3221,Literature
PMID_3222,Literature
PMID_3223,Literature
PMID_3224,Literature
PMID_3225,Literature
PMID_3226,Literature
PMID_3237,Literature
PMID_3238,Literature
PMID_3240,Literature
PMID_3245,Literature
PMID_3241,Literature
PMID_3246,Literature
PMID_3247,Literature
PMID_3242,Literature
PMID_3243,Literature
PMID_3248,Literature
PMID_3250,Literature
PMID_3249,Literature
PMID_3251,Literature
PMID_3258,Literature
PMID_3259,Literature
PMID_3261,Literature
PMID_3263,Literature
PMID_3264,Literature
PMID_3265,Literature
PMID_3266,Literature
PMID_3268,Literature
PMID_3269,Literature
PMID_3271,Literature
PMID_3270,Literature
PMID_3272,Literature
PMID_3273,Literature
PMID_3274,Literature
PMID_3275,Literature
PMID_3276,Literature
PMID_3280,Literature
PMID_3279,Literature
PMID_3281,Literature
PMID_3284,Literature
PMID_3285,Literature
PMID_3287,Literature
PMID_3286,Literature
PMID_3291,Literature
PMID_3292,Literature
PMID_3293,Literature
PMID_3294,Literature
PMID_3295,Literature
PMID_3296,Literature
PMID_3297,Literature
PMID_3298,Literature
PMID_3301,Literature
PMID_3304,Literature
PMID_3305,Literature
PMID_3306,Literature
PMID_3307,Literature
PMID_3386,Literature
PMID_3387,Literature
PMID_3393,Literature
PMID_3394,Literature
PMID_3392,Literature
PMID_3398,Literature
PMID_3395,Literature
PMID_3402,Literature
PMID_3397,Literature
PMID_3396,Literature
PMID_3400,Literature
PMID_3404,Literature
PMID_3399,Literature
PMID_3403,Literature
PMID_3411,Literature
PMID_3405,Literature
PMID_3401,Literature
PMID_3414,Literature
PMID_3415,Literature
PMID_3406,Literature
PMID_3416,Literature
PMID_3407,Literature
PMID_3419,Literature
PMID_3408,Literature
PMID_3420,Literature
PMID_3421,Literature
PMID_3426,Literature
PMID_3428,Literature
PMID_3435,Literature
PMID_3433,Literature
PMID_3434,Literature
PMID_3445,Literature
PMID_3446,Literature
PMID_3448,Literature
PMID_3449,Literature
PMID_3450,Literature
PMID_3451,Literature
PMID_3452,Literature
PMID_3453,Literature
PMID_3456,Literature
PMID_3457,Literature
PMID_3461,Literature
PMID_3462,Literature
PMID_3463,Literature
PMID_3464,Literature
PMID_3465,Literature
PMID_3466,Literature
PMID_3471,Literature
PMID_3472,Literature
PMID_3473,Literature
PMID_3474,Literature
PMID_3475,Literature
PMID_3476,Literature
PMID_3477,Literature
PMID_3478,Literature
PMID_3479,Literature
PMID_3480,Literature
PMID_3481,Literature
PMID_3482,Literature
PMID_3484,Literature
PMID_3483,Literature
PMID_3485,Literature
PMID_3489,Literature
PMID_3490,Literature
PMID_3491,Literature
PMID_3492,Literature
PMID_3493,Literature
PMID_3487,Literature
PMID_3494,Literature
PMID_3495,Literature
PMID_3496,Literature
PMID_3497,Literature
PMID_3498,Literature
PMID_3499,Literature
PMID_3500,Literature
PMID_3501,Literature
PMID_3502,Literature
PMID_3503,Literature
PMID_3504,Literature
PMID_3505,Literature
PMID_3508,Literature
PMID_3509,Literature
PMID_3510,Literature
PMID_3511,Literature
PMID_3512,Literature
PMID_3514,Literature
PMID_3515,Literature
PMID_3516,Literature
PMID_3517,Literature
PMID_3518,Literature
PMID_3519,Literature
PMID_3520,Literature
PMID_3521,Literature
PMID_3546,Literature
PMID_3545,Literature
PMID_3604,Literature
PMID_3605,Literature
PMID_3606,Literature
PMID_3607,Literature
PMID_3609,Literature
PMID_3610,Literature
PMID_3611,Literature
PMID_3612,Literature
PMID_3613,Literature
PMID_3614,Literature
PMID_3615,Literature
PMID_3616,Literature
PMID_3617,Literature
PMID_3618,Literature
PMID_3619,Literature
PMID_3620,Literature
PMID_3621,Literature
PMID_3622,Literature
PMID_3623,Literature
PMID_3624,Literature
PMID_3632,Literature
PMID_3635,Literature
PMID_3638,Literature
PMID_3639,Literature
PMID_3640,Literature
PMID_3641,Literature
PMID_3642,Literature
PMID_3643,Literature
PMID_3644,Literature
PMID_3645,Literature
PMID_3646,Literature
PMID_3647,Literature
PMID_3648,Literature
PMID_3652,Literature
PMID_3653,Literature
PMID_3651,Literature
PMID_3650,Literature
PMID_3660,Literature
PMID_3661,Literature
PMID_3662,Literature
PMID_3664,Literature
PMID_3665,Literature
PMID_3666,Literature
PMID_3667,Literature
PMID_3668,Literature
PMID_3674,Literature
PMID_3675,Literature
PMID_3682,Literature
PMID_3681,Literature
PMID_3684,Literature
PMID_3685,Literature
PMID_3686,Literature
PMID_3687,Literature
PMID_3689,Literature
PMID_3690,Literature
PMID_3691,Literature
PMID_3692,Literature
PMID_3693,Literature
PMID_3694,Literature
PMID_3695,Literature
PMID_3697,Literature
PMID_3698,Literature
PMID_3720,Literature
PMID_3727,Literature
PMID_3729,Literature
PMID_3728,Literature
PMID_3737,Literature
PMID_3730,Literature
PMID_3753,Literature
PMID_3756,Literature
PMID_3759,Literature
PMID_3760,Literature
PMID_3761,Literature
PMID_3757,Literature
PMID_3766,Literature
PMID_3767,Literature
PMID_3769,Literature
PMID_3780,Literature
PMID_3781,Literature
PMID_3778,Literature
PMID_3797,Literature
PMID_3798,Literature
PMID_3799,Literature
PMID_3808,Literature
PMID_3810,Literature
PMID_3811,Literature
PMID_3812,Literature
PMID_3813,Literature
PMID_3815,Literature
PMID_3816,Literature
PMID_3821,Literature
PMID_3823,Literature
PMID_3824,Literature
PMID_3828,Literature
PMID_3831,Literature
PMID_3832,Literature
PMID_3847,Literature
PMID_3848,Literature
PMID_3849,Literature
PMID_3851,Literature
PMID_3852,Literature
PMID_3853,Literature
PMID_3854,Literature
PMID_3855,Literature
PMID_3857,Literature
PMID_3858,Literature
PMID_3869,Literature
PMID_3868,Literature
PMID_3871,Literature
PMID_3870,Literature
PMID_3876,Literature
PMID_3872,Literature
PMID_3873,Literature
PMID_3884,Literature
PMID_3890,Literature
PMID_3891,Literature
PMID_3892,Literature
PMID_3893,Literature
PMID_3895,Literature
PMID_3889,Literature
PMID_3898,Literature
PMID_3899,Literature
PMID_3901,Literature
PMID_3900,Literature
PMID_3903,Literature
PMID_3925,Literature
PMID_3926,Literature
PMID_3927,Literature
PMID_3940,Literature
PMID_3941,Literature
PMID_3943,Literature
PMID_3944,Literature
PMID_3945,Literature
PMID_3946,Literature
PMID_3947,Literature
PMID_3948,Literature
PMID_3949,Literature
PMID_3939,Literature
PMID_3954,Literature
PMID_3959,Literature
PMID_3960,Literature
PMID_3961,Literature
PMID_3963,Literature
PMID_3964,Literature
PMID_3965,Literature
PMID_3967,Literature
PMID_3968,Literature
PMID_3971,Literature
PMID_3973,Literature
PMID_3974,Literature
PMID_3975,Literature
PMID_3969,Literature
PMID_3977,Literature
PMID_3976,Literature
PMID_3978,Literature
PMID_3970,Literature
PMID_3979,Literature
PMID_3980,Literature
PMID_3981,Literature
PMID_3982,Literature
PMID_3983,Literature
PMID_3984,Literature
PMID_3986,Literature
PMID_3987,Literature
PMID_3992,Literature
PMID_3995,Literature
PMID_3996,Literature
PMID_3997,Literature
PMID_3999,Literature
PMID_3993,Literature
PMID_3994,Literature
PMID_4010,Literature
PMID_4011,Literature
PMID_4012,Literature
PMID_4036,Literature
PMID_4039,Literature
PMID_4040,Literature
PMID_4037,Literature
PMID_4041,Literature
PMID_4038,Literature
PMID_4042,Literature
PMID_4043,Literature
PMID_4044,Literature
PMID_4046,Literature
PMID_4051,Literature
PMID_4052,Literature
PMID_4053,Literature
PMID_4054,Literature
PMID_4058,Literature
PMID_4057,Literature
PMID_4059,Literature
PMID_4060,Literature
PMID_4055,Literature
PMID_4061,Literature
PMID_4063,Literature
PMID_4062,Literature
PMID_4080,Literature
PMID_4083,Literature
PMID_4084,Literature
PMID_4085,Literature
PMID_4086,Literature
PMID_4087,Literature
PMID_4088,Literature
PMID_4089,Literature
PMID_4090,Literature
PMID_4091,Literature
PMID_4092,Literature
PMID_4093,Literature
PMID_4094,Literature
PMID_4095,Literature
PMID_4096,Literature
PMID_4097,Literature
PMID_4098,Literature
PMID_4099,Literature
PMID_4100,Literature
PMID_4101,Literature
PMID_4102,Literature
PMID_4103,Literature
PMID_4104,Literature
PMID_4105,Literature
PMID_4106,Literature
PMID_4107,Literature
PMID_4108,Literature
PMID_4109,Literature
PMID_4110,Literature
PMID_4111,Literature
PMID_4112,Literature
PMID_4113,Literature
PMID_4114,Literature
PMID_4115,Literature
PMID_4116,Literature
PMID_4117,Literature
PMID_4118,Literature
PMID_4119,Literature
PMID_4120,Literature
PMID_4121,Literature
PMID_4122,Literature
PMID_4123,Literature
PMID_4124,Literature
PMID_4125,Literature
PMID_4126,Literature
PMID_4128,Literature
PMID_4127,Literature
PMID_4129,Literature
PMID_4130,Literature
PMID_4131,Literature
PMID_4132,Literature
PMID_4133,Literature
PMID_4134,Literature
PMID_4135,Literature
PMID_4136,Literature
PMID_4137,Literature
PMID_4138,Literature
PMID_4139,Literature
PMID_4141,Literature
PMID_4140,Literature
PMID_4142,Literature
PMID_4143,Literature
PMID_4144,Literature
PMID_4145,Literature
PMID_4147,Literature
PMID_4148,Literature
PMID_4149,Literature
PMID_4150,Literature
PMID_4151,Literature
PMID_4152,Literature
PMID_4156,Literature
PMID_4157,Literature
PMID_4158,Literature
PMID_4159,Literature
PMID_4160,Literature
PMID_4161,Literature
PMID_4162,Literature
PMID_4153,Literature
PMID_4154,Literature
PMID_4166,Literature
PMID_4167,Literature
PMID_4168,Literature
PMID_4172,Literature
PMID_4173,Literature
PMID_4174,Literature
PMID_4175,Literature
PMID_4176,Literature
PMID_4177,Literature
PMID_4179,Literature
PMID_4186,Literature
PMID_4187,Literature
PMID_4188,Literature
PMID_4189,Literature
PMID_4190,Literature
PMID_4193,Literature
PMID_4197,Literature
PMID_4199,Literature
PMID_4201,Literature
PMID_4200,Literature
PMID_4202,Literature
PMID_4203,Literature
PMID_4204,Literature
PMID_4205,Literature
PMID_4206,Literature
PMID_4207,Literature
PMID_4208,Literature
PMID_4209,Literature
PMID_4210,Literature
PMID_4211,Literature
PMID_4212,Literature
PMID_4213,Literature
PMID_4214,Literature
PMID_4215,Literature
PMID_4216,Literature
PMID_4217,Literature
PMID_4218,Literature
PMID_4219,Literature
PMID_4220,Literature
PMID_4221,Literature
PMID_4222,Literature
PMID_4224,Literature
PMID_4225,Literature
PMID_4231,Literature
PMID_4232,Literature
PMID_4233,Literature
PMID_4234,Literature
PMID_4235,Literature
PMID_4236,Literature
PMID_4237,Literature
PMID_4238,Literature
PMID_4239,Literature
PMID_4240,Literature
PMID_4242,Literature
PMID_4243,Literature
PMID_4245,Literature
PMID_4246,Literature
PMID_4247,Literature
PMID_4248,Literature
PMID_4249,Literature
PMID_4250,Literature
PMID_4251,Literature
PMID_4252,Literature
PMID_4254,Literature
PMID_4255,Literature
PMID_4256,Literature
PMID_4257,Literature
PMID_4258,Literature
PMID_4259,Literature
PMID_4261,Literature
PMID_4287,Literature
PMID_4288,Literature
PMID_4289,Literature
PMID_4290,Literature
PMID_4291,Literature
PMID_4292,Literature
PMID_4293,Literature
PMID_4286,Literature
PMID_4294,Literature
PMID_4295,Literature
PMID_4297,Literature
PMID_4296,Literature
PMID_4298,Literature
PMID_4299,Literature
PMID_4300,Literature
PMID_4301,Literature
PMID_4302,Literature
PMID_4303,Literature
PMID_4304,Literature
PMID_4305,Literature
PMID_4306,Literature
PMID_4307,Literature
PMID_4308,Literature
PMID_4309,Literature
PMID_4310,Literature
PMID_4311,Literature
PMID_4312,Literature
PMID_4313,Literature
PMID_4314,Literature
PMID_4315,Literature
PMID_4316,Literature
PMID_4317,Literature
PMID_4318,Literature
PMID_4319,Literature
PMID_4320,Literature
PMID_4321,Literature
PMID_4322,Literature
PMID_4323,Literature
PMID_4324,Literature
PMID_4325,Literature
PMID_4326,Literature
PMID_4327,Literature
PMID_4328,Literature
PMID_4330,Literature
PMID_4331,Literature
PMID_4332,Literature
PMID_4334,Literature
PMID_4335,Literature
PMID_4341,Literature
PMID_4342,Literature
PMID_4345,Literature
PMID_4361,Literature
PMID_4366,Literature
PMID_4369,Literature
PMID_4370,Literature
PMID_4375,Literature
PMID_4376,Literature
PMID_4377,Literature
PMID_4378,Literature
PMID_4380,Literature
PMID_4381,Literature
PMID_4382,Literature
PMID_4383,Literature
PMID_4384,Literature
PMID_4385,Literature
PMID_4386,Literature
PMID_4387,Literature
PMID_4388,Literature
PMID_4389,Literature
PMID_4390,Literature
PMID_4391,Literature
PMID_4392,Literature
PMID_4395,Literature
PMID_4394,Literature
PMID_4396,Literature
PMID_4397,Literature
PMID_4398,Literature
PMID_4399,Literature
PMID_4400,Literature
PMID_4403,Literature
PMID_4405,Literature
PMID_4404,Literature
PMID_4406,Literature
PMID_4407,Literature
PMID_4412,Literature
PMID_4411,Literature
PMID_4414,Literature
PMID_4418,Literature
PMID_4419,Literature
PMID_4415,Literature
PMID_4421,Literature
PMID_4422,Literature
PMID_4423,Literature
PMID_4424,Literature
PMID_4425,Literature
PMID_4426,Literature
PMID_4427,Literature
PMID_4428,Literature
PMID_4429,Literature
PMID_4430,Literature
PMID_4431,Literature
PMID_4432,Literature
PMID_4433,Literature
PMID_4434,Literature
PMID_4435,Literature
PMID_4436,Literature
PMID_4437,Literature
PMID_4439,Literature
PMID_4438,Literature
PMID_4440,Literature
PMID_4441,Literature
PMID_4442,Literature
PMID_4443,Literature
PMID_4444,Literature
PMID_4445,Literature
PMID_4446,Literature
PMID_4447,Literature
PMID_4448,Literature
PMID_4449,Literature
PMID_4450,Literature
PMID_4451,Literature
PMID_4452,Literature
PMID_4453,Literature
PMID_4454,Literature
PMID_4455,Literature
PMID_4456,Literature
PMID_4457,Literature
PMID_4458,Literature
PMID_4459,Literature
PMID_4460,Literature
PMID_4461,Literature
PMID_4462,Literature
PMID_4463,Literature
PMID_4464,Literature
PMID_4465,Literature
PMID_4466,Literature
PMID_4467,Literature
PMID_4468,Literature
PMID_4469,Literature
PMID_4470,Literature
PMID_4471,Literature
PMID_4472,Literature
PMID_4474,Literature
PMID_4475,Literature
PMID_4476,Literature
PMID_4477,Literature
PMID_4478,Literature
PMID_4479,Literature
PMID_4473,Literature
PMID_4480,Literature
PMID_4481,Literature
PMID_4482,Literature
PMID_4483,Literature
PMID_4484,Literature
PMID_4573,Literature
PMID_4575,Literature
PMID_4576,Literature
PMID_4577,Literature
PMID_4578,Literature
PMID_4579,Literature
PMID_4588,Literature
PMID_4595,Literature
PMID_4598,Literature
PMID_4599,Literature
PMID_4601,Literature
PMID_4602,Literature
PMID_4603,Literature
PMID_4605,Literature
PMID_4606,Literature
PMID_4607,Literature
PMID_4608,Literature
PMID_4609,Literature
PMID_4610,Literature
PMID_4611,Literature
PMID_4612,Literature
PMID_4613,Literature
PMID_4614,Literature
PMID_4615,Literature
PMID_4617,Literature
PMID_4624,Literature
PMID_4627,Literature
PMID_4628,Literature
PMID_4631,Literature
PMID_4632,Literature
PMID_4633,Literature
PMID_4634,Literature
PMID_4640,Literature
PMID_4645,Literature
PMID_4649,Literature
PMID_4647,Literature
PMID_4648,Literature
PMID_4657,Literature
PMID_4658,Literature
PMID_4659,Literature
PMID_4660,Literature
PMID_4661,Literature
PMID_4662,Literature
PMID_4663,Literature
PMID_4664,Literature
PMID_4665,Literature
PMID_4666,Literature
PMID_4667,Literature
PMID_4668,Literature
PMID_4669,Literature
PMID_4670,Literature
PMID_4671,Literature
PMID_4672,Literature
PMID_4676,Literature
PMID_4679,Literature
PMID_4680,Literature
PMID_4681,Literature
PMID_4689,Literature
PMID_4693,Literature
PMID_4722,Literature
PMID_4727,Literature
PMID_4728,Literature
PMID_4729,Literature
PMID_4730,Literature
PMID_4733,Literature
PMID_4739,Literature
PMID_4744,Literature
PMID_4759,Literature
PMID_4760,Literature
PMID_4765,Literature
PMID_4766,Literature
PMID_4767,Literature
PMID_4779,Literature
PMID_4781,Literature
PMID_4780,Literature
PMID_4782,Literature
PMID_4783,Literature
PMID_4785,Literature
PMID_4777,Literature
PMID_4786,Literature
PMID_4778,Literature
PMID_4787,Literature
PMID_4788,Literature
PMID_4793,Literature
PMID_4794,Literature
PMID_4795,Literature
PMID_4796,Literature
PMID_4797,Literature
PMID_4798,Literature
PMID_4799,Literature
PMID_4812,Literature
PMID_4813,Literature
PMID_4818,Literature
PMID_4819,Literature
PMID_4814,Literature
PMID_4815,Literature
PMID_4820,Literature
PMID_4816,Literature
PMID_4817,Literature
PMID_4830,Literature
PMID_4831,Literature
PMID_4832,Literature
PMID_4833,Literature
PMID_4834,Literature
PMID_4835,Literature
PMID_4836,Literature
PMID_4837,Literature
PMID_4838,Literature
PMID_4839,Literature
PMID_4840,Literature
PMID_4841,Literature
PMID_4842,Literature
PMID_4843,Literature
PMID_4844,Literature
PMID_4847,Literature
PMID_4848,Literature
PMID_4849,Literature
PMID_4853,Literature
PMID_4854,Literature
PMID_4855,Literature
PMID_4857,Literature
PMID_4858,Literature
PMID_4859,Literature
PMID_4860,Literature
PMID_4861,Literature
PMID_4862,Literature
PMID_4863,Literature
PMID_4864,Literature
PMID_4865,Literature
PMID_4880,Literature
PMID_4881,Literature
PMID_4894,Literature
PMID_4895,Literature
PMID_4896,Literature
PMID_4897,Literature
PMID_4898,Literature
PMID_4900,Literature
PMID_4901,Literature
PMID_4904,Literature
PMID_4905,Literature
PMID_4906,Literature
PMID_4913,Literature
PMID_4914,Literature
PMID_4915,Literature
PMID_4907,Literature
PMID_4929,Literature
PMID_4930,Literature
PMID_4932,Literature
PMID_4933,Literature
PMID_4938,Literature
PMID_4939,Literature
PMID_4941,Literature
PMID_4947,Literature
PMID_4948,Literature
PMID_4950,Literature
PMID_4952,Literature
PMID_4956,Literature
PMID_4957,Literature
PMID_4959,Literature
PMID_4958,Literature
PMID_4953,Literature
PMID_4951,Literature
PMID_4963,Literature
PMID_4964,Literature
PMID_4968,Literature
PMID_4970,Literature
PMID_4972,Literature
PMID_4973,Literature
PMID_4974,Literature
PMID_4969,Literature
PMID_4975,Literature
PMID_4976,Literature
PMID_4978,Literature
PMID_4977,Literature
PMID_4979,Literature
PMID_4980,Literature
PMID_4981,Literature
PMID_4982,Literature
PMID_4983,Literature
PMID_4984,Literature
PMID_4985,Literature
PMID_4989,Literature
PMID_4990,Literature
PMID_4998,Literature
PMID_5005,Literature
PMID_5014,Literature
PMID_5007,Literature
PMID_5010,Literature
PMID_5009,Literature
PMID_5004,Literature
PMID_5015,Literature
PMID_5006,Literature
PMID_5016,Literature
PMID_5017,Literature
PMID_5008,Literature
PMID_5011,Literature
PMID_5018,Literature
PMID_5019,Literature
PMID_5020,Literature
PMID_5021,Literature
PMID_5022,Literature
PMID_5026,Literature
PMID_5027,Literature
PMID_5028,Literature
PMID_5029,Literature
PMID_5030,Literature
PMID_5031,Literature
PMID_5032,Literature
PMID_5033,Literature
PMID_5034,Literature
PMID_5035,Literature
PMID_5036,Literature
PMID_5040,Literature
PMID_5044,Literature
PMID_5046,Literature
PMID_5039,Literature
PMID_5047,Literature
PMID_5049,Literature
PMID_5048,Literature
PMID_5050,Literature
PMID_5043,Literature
PMID_5051,Literature
PMID_5041,Literature
PMID_5052,Literature
PMID_5053,Literature
PMID_5054,Literature
PMID_5055,Literature
PMID_5056,Literature
PMID_5057,Literature
PMID_5058,Literature
PMID_5059,Literature
PMID_5060,Literature
PMID_5061,Literature
PMID_5062,Literature
PMID_5063,Literature
PMID_5064,Literature
PMID_5066,Literature
PMID_5068,Literature
PMID_5067,Literature
PMID_5069,Literature
PMID_5070,Literature
PMID_5071,Literature
PMID_5100,Literature
PMID_5101,Literature
PMID_5102,Literature
PMID_5104,Literature
PMID_5105,Literature
PMID_5106,Literature
PMID_5107,Literature
PMID_5108,Literature
PMID_5109,Literature
PMID_5110,Literature
PMID_5111,Literature
PMID_5112,Literature
PMID_5113,Literature
PMID_5114,Literature
PMID_5115,Literature
PMID_5116,Literature
PMID_5117,Literature
PMID_5118,Literature
PMID_5119,Literature
PMID_5120,Literature
PMID_5121,Literature
PMID_5122,Literature
PMID_5124,Literature
PMID_5123,Literature
PMID_5125,Literature
PMID_5126,Literature
PMID_5127,Literature
PMID_5128,Literature
PMID_5129,Literature
PMID_5130,Literature
PMID_5131,Literature
PMID_5132,Literature
PMID_5133,Literature
PMID_5134,Literature
PMID_5135,Literature
PMID_5136,Literature
PMID_5137,Literature
PMID_5138,Literature
PMID_5139,Literature
PMID_5140,Literature
PMID_5141,Literature
PMID_5142,Literature
PMID_5143,Literature
PMID_5144,Literature
PMID_5145,Literature
PMID_5146,Literature
PMID_5147,Literature
PMID_5148,Literature
PMID_5149,Literature
PMID_5150,Literature
PMID_5151,Literature
PMID_5153,Literature
PMID_5154,Literature
PMID_5156,Literature
PMID_5157,Literature
PMID_5158,Literature
PMID_5155,Literature
PMID_5162,Literature
PMID_5168,Literature
PMID_5174,Literature
PMID_5175,Literature
PMID_5176,Literature
PMID_5178,Literature
PMID_5179,Literature
PMID_5180,Literature
PMID_5181,Literature
PMID_5182,Literature
PMID_5184,Literature
PMID_5183,Literature
PMID_5185,Literature
PMID_5189,Literature
PMID_5188,Literature
PMID_5190,Literature
PMID_5191,Literature
PMID_5194,Literature
PMID_5199,Literature
PMID_5200,Literature
PMID_5201,Literature
PMID_5202,Literature
PMID_5203,Literature
PMID_5204,Literature
PMID_5205,Literature
PMID_5207,Literature
PMID_5209,Literature
PMID_5208,Literature
PMID_5210,Literature
PMID_5211,Literature
PMID_5213,Literature
PMID_5215,Literature
PMID_5251,Literature
PMID_5254,Literature
PMID_5253,Literature
PMID_5256,Literature
PMID_5255,Literature
PMID_5257,Literature
PMID_5258,Literature
PMID_5261,Literature
PMID_5260,Literature
PMID_5259,Literature
PMID_5267,Literature
PMID_5262,Literature
PMID_5279,Literature
PMID_5265,Literature
PMID_5264,Literature
PMID_5282,Literature
PMID_5283,Literature
PMID_5284,Literature
PMID_5285,Literature
PMID_5286,Literature
PMID_5287,Literature
PMID_5288,Literature
PMID_5303,Literature
PMID_5312,Literature
PMID_5313,Literature
PMID_5314,Literature
PMID_5315,Literature
PMID_5322,Literature
PMID_5325,Literature
PMID_5326,Literature
PMID_5335,Literature
PMID_5336,Literature
PMID_5338,Literature
PMID_5339,Literature
PMID_5340,Literature
PMID_5341,Literature
PMID_5342,Literature
PMID_5346,Literature
PMID_5347,Literature
PMID_5345,Literature
PMID_5372,Literature
PMID_5373,Literature
PMID_5374,Literature
PMID_5375,Literature
PMID_5376,Literature
PMID_5377,Literature
PMID_5378,Literature
PMID_5380,Literature
PMID_5381,Literature
PMID_5382,Literature
PMID_5383,Literature
PMID_5384,Literature
PMID_5388,Literature
PMID_5389,Literature
PMID_5390,Literature
PMID_5385,Literature
PMID_5395,Literature
PMID_5397,Literature
PMID_5398,Literature
PMID_5399,Literature
PMID_5400,Literature
PMID_5401,Literature
PMID_5402,Literature
PMID_5403,Literature
PMID_5404,Literature
PMID_5405,Literature
PMID_5406,Literature
PMID_5407,Literature
PMID_5408,Literature
PMID_5409,Literature
PMID_5410,Literature
PMID_5411,Literature
PMID_5412,Literature
PMID_5413,Literature
PMID_5414,Literature
PMID_5415,Literature
PMID_5417,Literature
PMID_5418,Literature
PMID_5419,Literature
PMID_5420,Literature
PMID_5421,Literature
PMID_5422,Literature
PMID_5423,Literature
PMID_5424,Literature
PMID_5425,Literature
PMID_5426,Literature
PMID_5427,Literature
PMID_5428,Literature
PMID_5429,Literature
PMID_5430,Literature
PMID_5431,Literature
PMID_5432,Literature
PMID_5433,Literature
PMID_5434,Literature
PMID_5435,Literature
PMID_5436,Literature
PMID_5437,Literature
PMID_5438,Literature
PMID_5439,Literature
PMID_5440,Literature
PMID_5441,Literature
PMID_5442,Literature
PMID_5443,Literature
PMID_5444,Literature
PMID_5445,Literature
PMID_5446,Literature
PMID_5447,Literature
PMID_5448,Literature
PMID_5449,Literature
PMID_5450,Literature
PMID_5451,Literature
PMID_5452,Literature
PMID_5453,Literature
PMID_5454,Literature
PMID_5455,Literature
PMID_5456,Literature
PMID_5457,Literature
PMID_5458,Literature
PMID_5459,Literature
PMID_5460,Literature
PMID_5461,Literature
PMID_5462,Literature
PMID_5463,Literature
PMID_5465,Literature
PMID_5466,Literature
PMID_5467,Literature
PMID_5468,Literature
PMID_5469,Literature
PMID_5470,Literature
PMID_5471,Literature
PMID_5478,Literature
PMID_5472,Literature
PMID_5482,Literature
PMID_5561,Literature
PMID_5560,Literature
PMID_5562,Literature
PMID_5483,Literature
PMID_5563,Literature
PMID_5564,Literature
PMID_5565,Literature
PMID_5566,Literature
PMID_5567,Literature
PMID_5569,Literature
PMID_5568,Literature
PMID_5570,Literature
PMID_5571,Literature
PMID_5572,Literature
PMID_5573,Literature
PMID_5574,Literature
PMID_5575,Literature
PMID_5576,Literature
PMID_5580,Literature
PMID_5581,Literature
PMID_5583,Literature
PMID_5584,Literature
PMID_5585,Literature
PMID_5588,Literature
PMID_5589,Literature
PMID_5590,Literature
PMID_5591,Literature
PMID_5592,Literature
PMID_5594,Literature
PMID_5596,Literature
PMID_5597,Literature
PMID_5598,Literature
PMID_5599,Literature
PMID_5600,Literature
PMID_5601,Literature
PMID_5602,Literature
PMID_5603,Literature
PMID_5604,Literature
PMID_5607,Literature
PMID_5611,Literature
PMID_5612,Literature
PMID_5613,Literature
PMID_5614,Literature
PMID_5616,Literature
PMID_5615,Literature
PMID_5617,Literature
PMID_5619,Literature
PMID_5621,Literature
PMID_5622,Literature
PMID_5623,Literature
PMID_5625,Literature
PMID_5626,Literature
PMID_5627,Literature
PMID_5634,Literature
PMID_5635,Literature
PMID_5644,Literature
PMID_5648,Literature
PMID_5649,Literature
PMID_5643,Literature
PMID_5650,Literature
PMID_5651,Literature
PMID_5665,Literature
PMID_5666,Literature
PMID_5668,Literature
PMID_5667,Literature
PMID_5669,Literature
PMID_5671,Literature
PMID_5674,Literature
PMID_5676,Literature
PMID_5677,Literature
PMID_5678,Literature
PMID_5679,Literature
PMID_5680,Literature
PMID_5686,Literature
PMID_5687,Literature
PMID_5688,Literature
PMID_5692,Literature
PMID_5693,Literature
PMID_5695,Literature
PMID_5698,Literature
PMID_5699,Literature
PMID_5701,Literature
PMID_5702,Literature
PMID_5705,Literature
PMID_5706,Literature
PMID_5707,Literature
PMID_5708,Literature
PMID_5709,Literature
PMID_5710,Literature
PMID_5711,Literature
PMID_5720,Literature
PMID_5721,Literature
PMID_5722,Literature
PMID_5723,Literature
PMID_5724,Literature
PMID_5725,Literature
PMID_5726,Literature
PMID_5727,Literature
PMID_5737,Literature
PMID_5738,Literature
PMID_5739,Literature
PMID_5740,Literature
PMID_5741,Literature
PMID_5742,Literature
PMID_5743,Literature
PMID_5753,Literature
PMID_5754,Literature
PMID_5755,Literature
PMID_5756,Literature
PMID_5759,Literature
PMID_5760,Literature
PMID_5761,Literature
PMID_5762,Literature
PMID_5763,Literature
PMID_5764,Literature
PMID_5765,Literature
PMID_5770,Literature
PMID_5771,Literature
PMID_5772,Literature
PMID_5773,Literature
PMID_5774,Literature
PMID_5775,Literature
PMID_5782,Literature
PMID_5783,Literature
PMID_5785,Literature
PMID_5786,Literature
PMID_5793,Literature
PMID_5794,Literature
PMID_5796,Literature
PMID_5801,Literature
PMID_5802,Literature
PMID_5809,Literature
PMID_5811,Literature
PMID_5813,Literature
PMID_5812,Literature
PMID_5814,Literature
PMID_5815,Literature
PMID_5822,Literature
PMID_5823,Literature
PMID_5830,Literature
PMID_5827,Literature
PMID_5828,Literature
PMID_5836,Literature
PMID_5829,Literature
PMID_5839,Literature
PMID_5840,Literature
PMID_5841,Literature
PMID_5834,Literature
PMID_5842,Literature
PMID_5843,Literature
PMID_5844,Literature
PMID_5845,Literature
PMID_5846,Literature
PMID_5848,Literature
PMID_5849,Literature
PMID_5851,Literature
PMID_5850,Literature
PMID_5852,Literature
PMID_5853,Literature
PMID_5854,Literature
PMID_5855,Literature
PMID_5856,Literature
PMID_5847,Literature
PMID_5857,Literature
PMID_5858,Literature
PMID_5859,Literature
PMID_5863,Literature
PMID_5864,Literature
PMID_5865,Literature
PMID_5866,Literature
PMID_5867,Literature
PMID_5869,Literature
PMID_5868,Literature
PMID_5870,Literature
PMID_5871,Literature
PMID_5872,Literature
PMID_5873,Literature
PMID_5874,Literature
PMID_5878,Literature
PMID_5880,Literature
PMID_5881,Literature
PMID_5882,Literature
PMID_5883,Literature
PMID_5885,Literature
PMID_5879,Literature
PMID_5886,Literature
PMID_5889,Literature
PMID_5888,Literature
PMID_5890,Literature
PMID_5892,Literature
PMID_5893,Literature
PMID_5894,Literature
PMID_5895,Literature
PMID_5896,Literature
PMID_5897,Literature
PMID_5898,Literature
PMID_5899,Literature
PMID_5900,Literature
PMID_5901,Literature
PMID_5902,Literature
PMID_5903,Literature
PMID_5924,Literature
PMID_5920,Literature
PMID_5921,Literature
PMID_5922,Literature
PMID_5923,Literature
PMID_5935,Literature
PMID_5934,Literature
PMID_5926,Literature
PMID_5936,Literature
PMID_5927,Literature
PMID_5928,Literature
PMID_5938,Literature
PMID_5929,Literature
PMID_5933,Literature
PMID_5939,Literature
PMID_5940,Literature
PMID_5932,Literature
PMID_5931,Literature
PMID_5930,Literature
PMID_5942,Literature
PMID_5943,Literature
PMID_5945,Literature
PMID_5946,Literature
PMID_5947,Literature
PMID_5948,Literature
PMID_5949,Literature
PMID_5950,Literature
PMID_5941,Literature
PMID_5951,Literature
PMID_5952,Literature
PMID_5953,Literature
PMID_5954,Literature
PMID_5963,Literature
PMID_5964,Literature
PMID_5971,Literature
PMID_5972,Literature
PMID_5973,Literature
AR,Gene
EPHB2,Gene
MYC,Gene
KCNQ2,Gene
EPHX1,Gene
ABCB1,Gene
CASP3,Gene
CASP8,Gene
AKT1,Gene
HIF1A,Gene
MAPK1,Gene
MAPK3,Gene
MAPK8,Gene
SLC2A1,Gene
VEGFA,Gene
GP1BA,Gene
GYPA,Gene
ITGA2B,Gene
ITGB3,Gene
TFEB,Gene
THPO,Gene
CDH1,Gene
CDH2,Gene
CLDN1,Gene
MUC1,Gene
MUC16,Gene
MUC4,Gene
OCLN,Gene
STC2,Gene
TJP1,Gene
HAMP,Gene
TP53,Gene
CASP9,Gene
CDKN1A,Gene
CHEK1,Gene
JAK1,Gene
JAK2,Gene
NRAS,Gene
PTPN11,Gene
PTPN6,Gene
RAB18,Gene
RALA,Gene
RAP2C,Gene
SRC,Gene
STAT3,Gene
STAT6,Gene
TYK2,Gene
AZGP1,Gene
KIF3C,Gene
KRT1,Gene
TF,Gene
ALDH1L2,Gene
BCL2,Gene
BCL2L1,Gene
MDM2,Gene
CYP2D6,Gene
CYP2C9,Gene
CYP3A4,Gene
NR1I2,Gene
UGT2B7,Gene
BAX,Gene
BID,Gene
CYCS,Gene
DIABLO,Gene
FADD,Gene
FAS,Gene
FASLG,Gene
PARP1,Gene
XIAP,Gene
CXCL8,Gene
IL1B,Gene
MAPK14,Gene
TNF,Gene
ABCC1,Gene
ALDH3A1,Gene
CCND1,Gene
CHUK,Gene
EGFR,Gene
HMOX1,Gene
HOX1,Gene
ICAM1,Gene
IKBKB,Gene
MMP7,Gene
MMP9,Gene
NFKBIA,Gene
PLAU,Gene
PTGR1,Gene
RELA,Gene
CASP7,Gene
CLIC1,Gene
CLPP,Gene
CSF2,Gene
FLT3LG,Gene
IL3,Gene
KITLG,Gene
LAT2,Gene
PTEN,Gene
RPL23,Gene
RPL38,Gene
RPS6,Gene
SF3A1,Gene
BAD,Gene
CASP14,Gene
COX6A1,Gene
DDIT3,Gene
GADD45A,Gene
GADD45G,Gene
H2AX,Gene
MADD,Gene
MAP2K1,Gene
PDCD10,Gene
PDCD5,Gene
TNFSF10,Gene
TOP2A,Gene
ACE,Gene
AHR,Gene
AK1,Gene
AKAP9,Gene
AKR1C1,Gene
AKR1C2,Gene
AKR1C3,Gene
AKR1C4,Gene
ALDOA,Gene
ALDOC,Gene
ANKRD37,Gene
ANPEP,Gene
AQP3,Gene
ASPA,Gene
ATF6,Gene
BNIP3L,Gene
CA9,Gene
CAT,Gene
CD83,Gene
CD86,Gene
CFTR,Gene
CYP1A1,Gene
EGLN1,Gene
EGLN2,Gene
EGR1,Gene
ENO1,Gene
ENO2,Gene
ERCC2,Gene
GAPDH,Gene
GPX3,Gene
HBEGF,Gene
HIF3A,Gene
HILPDA,Gene
HK1,Gene
HK2,Gene
IL1R1,Gene
LAMC2,Gene
LDHA,Gene
MBTPS2,Gene
MIF,Gene
MMP8,Gene
NPPB,Gene
NUB1,Gene
P4HA2,Gene
PDK1,Gene
PDK3,Gene
PGK1,Gene
PLOD3,Gene
PPP2R1B,Gene
PSPH,Gene
SELE,Gene
SERPINE1,Gene
SOD1,Gene
SOD2,Gene
SREBF1,Gene
TFRC,Gene
TIMM17A,Gene
CHEK2,Gene
APP,Gene
CD82,Gene
CYP1B1,Gene
CYP2C8,Gene
CYP2J2,Gene
NME1,Gene
PTGS1,Gene
SSTR2,Gene
CYP1A2,Gene
CYP2A6,Gene
CYP2B6,Gene
CYP2C18,Gene
CYP2C19,Gene
CYP2E1,Gene
CYP3A5,Gene
GABRA1,Gene
GABRB1,Gene
GLRA1,Gene
GPR157,Gene
LMX1A,Gene
AIFM1,Gene
AIP,Gene
ATG9A,Gene
BRCA2,Gene
CDKN1B,Gene
CTSB,Gene
CYP4B1,Gene
EIF2AK3,Gene
EP300,Gene
GADD45B,Gene
GTF2B,Gene
HSP90AA1.1,Gene
IL12A,Gene
IL6,Gene
LAMP1,Gene
LGALS3,Gene
MKI67,Gene
NCOA1,Gene
NCOA2,Gene
NCOA3,Gene
NCOR2,Gene
NEDD8,Gene
NFE2L2,Gene
NQO1,Gene
NR2F1,Gene
NRIP1,Gene
POLB,Gene
POLD1,Gene
POLG,Gene
POLR2A,Gene
POLR2B,Gene
POLR2C,Gene
PRDX1,Gene
PTGES3,Gene
RAB7,Gene
RB1,Gene
SMARCA4,Gene
SOX9,Gene
SP1,Gene
SUMO1,Gene
TBP,Gene
TJP2,Gene
TOMM20,Gene
ULK1,Gene
XRCC1,Gene
XRCC6,Gene
FOLH1,Gene
GRPR,Gene
EPHX2,Gene
ATF4,Gene
AXIN2,Gene
BIRC5,Gene
EIF4EBP1,Gene
IDH1,Gene
ITGB1,Gene
MTOR,Gene
NR4A1,Gene
PTK2,Gene
RPS6KB1,Gene
SESN2,Gene
TGFB1,Gene
TXNDC5,Gene
XBP1,Gene
PPARG,Gene
SP4,Gene
ESR1,Gene
ESR2,Gene
GPER1,Gene
SRA1,Gene
ANXA1,Gene
CARD6,Gene
FAIM2,Gene
GRM4,Gene
LCK,Gene
PAX7,Gene
PLEKHF1,Gene
SOCS3,Gene
TIMP3,Gene
TP63,Gene
AMBP,Gene
APOD,Gene
C8G,Gene
FABP1,Gene
LCN1,Gene
OBP2A,Gene
ORM1,Gene
PTGDS,Gene
APOE,Gene
LDLR,Gene
PTGS2,Gene
CALCA,Gene
GUCY1A1,Gene
GUCY1B1,Gene
ANGPT1,Gene
ANGPT2,Gene
ARRB2,Gene
CLDN5,Gene
CNR2,Gene
F3,Gene
IFNA,Gene
IKBKG,Gene
IRF7,Gene
MAP3K7,Gene
TBK1,Gene
VEGFC,Gene
HPGD,Gene
AGT,Gene
UGT1A9,Gene
MET,Gene
CASP1,Gene
CASP10,Gene
CASP2,Gene
CASP6,Gene
TOP1,Gene
EIF2S1,Gene
ERN1,Gene
INS,Gene
INSR,Gene
HRH3,Gene
ABL1,Gene
ADARB2,Gene
ADCY6,Gene
ADCY9,Gene
AHRR,Gene
AMOTL1,Gene
APC2,Gene
ARHGAP35,Gene
ASPNAT,Gene
AXIN1,Gene
BCAS4,Gene
BCR,Gene
BMP6,Gene
BMP7,Gene
BRAF,Gene
CACNA1A,Gene
CACNA1B,Gene
CACNA1C,Gene
CACNA1H,Gene
CACNA1I,Gene
CACNA2D1,Gene
CACNG3,Gene
CACNG6,Gene
CACNG8,Gene
CAMTA1,Gene
CCDC6,Gene
CDC25B,Gene
CDH4,Gene
CEL,Gene
CIITA,Gene
CIMAP1D,Gene
CLDN14,Gene
COL18A1,Gene
COL27A1,Gene
CRK,Gene
CRTC1,Gene
CSNK1E,Gene
CTBP1,Gene
CTBP2,Gene
CTNNA2,Gene
CUL2,Gene
DAPK1,Gene
DCC,Gene
DLG2,Gene
DLGAP2,Gene
DVL1,Gene
DVL3,Gene
ELFN1,Gene
EPAS1,Gene
EPB41,Gene
EPPK1,Gene
EXOC3,Gene
F11-AS1,Gene
FCGR2A,Gene
FGF12,Gene
FGF18,Gene
FGF21,Gene
FGF22,Gene
FGF6,Gene
FH,Gene
FOXK2,Gene
FRMD6,Gene
GAS6,Gene
GAS6-AS1,Gene
GDF5,Gene
GDF6,Gene
GLI2,Gene
GLUL,Gene
GNA11,Gene
GNAI1,Gene
GNAI2,Gene
GNAS,Gene
GNB2,Gene
GNG7,Gene
GP6,Gene
GRIA3,Gene
GRIK4,Gene
GRIN1,Gene
GRIN2A,Gene
GRIN3A,Gene
HSPA2,Gene
ITPR2,Gene
JAM3,Gene
JARID2,Gene
JUN,Gene
KLHL30,Gene
LAMA1,Gene
LAMB1,Gene
LINC01237,Gene
LLGL1,Gene
LOXHD1,Gene
LPAR2,Gene
LPAR3,Gene
LRRC14B,Gene
MAD1L1,Gene
MAP3K13,Gene
MAP3K5,Gene
MAP3K6,Gene
MAPK12,Gene
MAPK8IP3,Gene
MCPH1,Gene
MKNK2,Gene
MOB1A,Gene
MYH10,Gene
MYH14,Gene
MYLK,Gene
NFATC2,Gene
NRBP2,Gene
NTRK1,Gene
P2RX1,Gene
PARD6G,Gene
PATJ,Gene
PDGFRA,Gene
PER1,Gene
PIAS2,Gene
PIAS4,Gene
PIK3R2,Gene
PIP5K1C,Gene
PLEKHG5,Gene
PLEKHN1,Gene
PMEPA1,Gene
PPP2R2A,Gene
PPP2R2B,Gene
PPP2R2C,Gene
PRDM16,Gene
PRKACA,Gene
PRKCQ,Gene
PRKCZ,Gene
PRKG1,Gene
PTGIR,Gene
PTPRN2,Gene
PWWP2B,Gene
RAC3,Gene
RAPGEF2,Gene
RARA,Gene
RASGRF2,Gene
RET,Gene
RPS6KA2,Gene
RPS6KA5,Gene
RYR1,Gene
SHANK2,Gene
SHH,Gene
SHROOM1,Gene
SLC1A7,Gene
SPATA21,Gene
SPIRE2,Gene
TAOK1,Gene
TAOK3,Gene
TBXA2R,Gene
TBXAS1,Gene
TCF7L1,Gene
TEAD3,Gene
TELO2,Gene
TJP3,Gene
TNRC18,Gene
TRAF4,Gene
TRAPPC9,Gene
TUBB4A,Gene
UGT1A1,Gene
UGT1A10,Gene
UGT1A3,Gene
UGT1A4,Gene
UGT1A5,Gene
UGT1A6,Gene
UGT1A7,Gene
UGT1A8,Gene
UGT2A1,Gene
UGT2A2,Gene
VHL,Gene
VSTM2L,Gene
VWF,Gene
WNT10A,Gene
WNT3A,Gene
WNT5A,Gene
WNT9A,Gene
WWTR1,Gene
YES1,Gene
YIPF4,Gene
YWHAE,Gene
MAPK9,Gene
CNR1,Gene
ACSL4,Gene
AIFM2,Gene
ALOX5,Gene
ATG5,Gene
ATG7,Gene
FTH1,Gene
GPX4,Gene
NCOA4,Gene
NOS2,Gene
PRDX6,Gene
SIGMAR1,Gene
SLC7A11,Gene
CAMK2A,Gene
CAMKK2,Gene
CASR,Gene
KLF2,Gene
NOS3,Gene
SNCA,Gene
DRD3,Gene
MAOB,Gene
TIPARP,Gene
ACTA2,Gene
SMAD2,Gene
SMAD3,Gene
DRD4,Gene
ADRA1A,Gene
ADRA1B,Gene
ADRA1D,Gene
ENPP2,Gene
PPP3CA,Gene
CYP24A1,Gene
VDR,Gene
EGF,Gene
HSF1,Gene
PXN,Gene
CA1,Gene
CA2,Gene
ADORA2A,Gene
A2M,Gene
AKR1B1,Gene
ALDOB,Gene
AMACR,Gene
APOC3,Gene
ATF3,Gene
ATG4C,Gene
BCL3,Gene
CA3,Gene
CEACAM5,Gene
CP,Gene
CRABP2,Gene
CYB5A,Gene
DBI,Gene
ECE1,Gene
ERBB2,Gene
FASN,Gene
FGA,Gene
FGF9,Gene
FGG,Gene
FMO5,Gene
FOXF2,Gene
G6PD,Gene
GCK,Gene
GSTA1,Gene
GSTM1,Gene
HMGCR,Gene
ID2,Gene
IER3,Gene
IGF1,Gene
IGF2,Gene
IGFBP1,Gene
LGALS1,Gene
MAPT,Gene
MCL1,Gene
MT1E,Gene
NDC80,Gene
NGFR,Gene
PAH,Gene
PCNA,Gene
PIM1,Gene
RAD52,Gene
RECQL,Gene
RHOC,Gene
SAT1,Gene
SCD,Gene
SERPINA3,Gene
SPP1,Gene
TGM2,Gene
TIMP1,Gene
TPO,Gene
TYROBP,Gene
UBD,Gene
UBE2A,Gene
UQCRB,Gene
VAT1,Gene
VMP1,Gene
GABRR1,Gene
CCNE1,Gene
CDK2,Gene
CDK4,Gene
UGT2B15,Gene
TRPV6,Gene
CD14,Gene
CEBPB,Gene
CCL5,Gene
CDC25A,Gene
COL1A1,Gene
FBXW7,Gene
HDAC2,Gene
HRAS,Gene
IL10,Gene
IL17A,Gene
MED1,Gene
MXD1,Gene
NPPA,Gene
PTH,Gene
PTHLH,Gene
RXRA,Gene
SIN3A,Gene
TXN,Gene
TXNIP,Gene
HTR1A,Gene
E2F1,Gene
MAFF,Gene
MT2A,Gene
APEX1,Gene
CCNB1,Gene
CDK1,Gene
CDK6,Gene
FOS,Gene
MAP1LC3B,Gene
SQSTM1,Gene
TXNRD1,Gene
SERPINA7,Gene
ATF6B,Gene
CAPN1,Gene
CAPN2,Gene
CASP12,Gene
CASP4,Gene
CREB1,Gene
CREBBP,Gene
CTNNB1,Gene
HSP90AA1,Gene
HSP90AB1,Gene
HSPA5,Gene
IL4,Gene
ACACA,Gene
ATP2A2,Gene
CAMK1,Gene
CAMP,Gene
CCL1,Gene
CHRNA5,Gene
CHRNA7,Gene
COL6A3,Gene
ELANE,Gene
ELAVL1,Gene
HSP90B1,Gene
IFNG,Gene
IL1A,Gene
ITGB2,Gene
MMP1,Gene
MMP13,Gene
MTTP,Gene
NDRG1,Gene
NFAT,Gene
NR3C1,Gene
P2RY1,Gene
PLA2G1B,Gene
PRKCB,Gene
PTK2B,Gene
RAP1A,Gene
RRM1,Gene
RRM2,Gene
S100A4,Gene
SCN2A,Gene
SCN3A,Gene
SCT,Gene
SIRT1,Gene
STAT1,Gene
VCAM1,Gene
KAT5,Gene
KLK3,Gene
CHRNA3,Gene
CHRNB2,Gene
CHRNB4,Gene
ANAPC2,Gene
BUB1,Gene
CCAR1,Gene
CCNE2,Gene
CDC20,Gene
CDC42,Gene
CLDN3,Gene
CLDN7,Gene
DDR1,Gene
DDX1,Gene
E2F2,Gene
EFNB2,Gene
EPCAM,Gene
MAPK13,Gene
MMP10,Gene
MMP2,Gene
NFKBIB,Gene
NTF3,Gene
RAC1,Gene
RIPK4,Gene
SKP2,Gene
TNFRSF9,Gene
TNIP1,Gene
TNIP2,Gene
TOP2B,Gene
WDR1,Gene
MGMT,Gene
GCLC,Gene
KEAP1,Gene
PRKCA,Gene
PRKCD,Gene
PRKD1,Gene
GSK3B,Gene
AKR1B10,Gene
ASF1A,Gene
GCLM,Gene
GPAT3,Gene
LIF,Gene
SRXN1,Gene
GPR75-ASB3,Gene
KDM4C,Gene
MPO,Gene
KRAS,Gene
DNAJB4,Gene
HSPA6,Gene
IL18,Gene
GSTP1,Gene
CYP11A1,Gene
CYP17A1,Gene
LCP1,Gene
MSMB,Gene
SRD5A1,Gene
STAR,Gene
PIGA,Gene
PNLIP,Gene
CEACAM7,Gene
CPA3,Gene
CXCL9,Gene
DUSP1,Gene
EDNRB,Gene
GLRX,Gene
RPA1,Gene
RPL6,Gene
CCND2,Gene
CCND3,Gene
ND1,Gene
NR1I3,Gene
BECN1,Gene
CCL2,Gene
CXCL1,Gene
FN1,Gene
IL24,Gene
IRS1,Gene
MRTFA,Gene
NFKB1,Gene
PLK4,Gene
PMAIP1,Gene
RHOA,Gene
PON1,Gene
IYD,Gene
PRNP,Gene
GSR,Gene
IVL,Gene
GSTT1,Gene
SLC6A2,Gene
GPX1,Gene
ALOX12,Gene
HSD11B2,Gene
ADH5,Gene
CYP4V2,Gene
POR,Gene
ABCA1,Gene
ABCG1,Gene
APOA1,Gene
LEP,Gene
GABRB2,Gene
GABRG2,Gene
HCRTR1,Gene
GPR55,Gene
AKR1A1,Gene
AKR7A2,Gene
CBR1,Gene
DCXR,Gene
DHRS7,Gene
PTPN1,Gene
TRPA1,Gene
TRPV3,Gene
UCHL1,Gene
LCAT,Gene
TRP53,Gene
ABHD4,Gene
ACSL1,Gene
ADCY1,Gene
ANGPTL4,Gene
CCNG2,Gene
DHX37,Gene
GABARAPL1,Gene
LAMA3,Gene
NEDD9,Gene
OSGIN1,Gene
SLC3A2,Gene
SLCO2B1,Gene
SORL1,Gene
TP53INP1,Gene
PTGDR,Gene
PTGDR2,Gene
CHRNA4,Gene
ATM,Gene
ERCC3,Gene
ERCC5,Gene
FANCD2,Gene
RAD51,Gene
TNFRSF10A,Gene
TNFRSF10B,Gene
HMGB1,Gene
LY96,Gene
NCF1,Gene
NOX4,Gene
TLR4,Gene
MMP3,Gene
TERT,Gene
SULT1E1,Gene
ACHE,Gene
ARNT2,Gene
CA12,Gene
DEK,Gene
FOXO1,Gene
FSHB,Gene
GREB1,Gene
HSD3B,Gene
MIR141,Gene
MIR200B,Gene
MIR200C,Gene
MIR203A,Gene
MIR429,Gene
PCSK9,Gene
PPARGC1A,Gene
SREBF2,Gene
HPRT1,Gene
GABBR2,Gene
HTR2A,Gene
PRL,Gene
PLA2G2A,Gene
ALB,Gene
BMAL1,Gene
CTSD,Gene
PNPLA2,Gene
PPARA,Gene
SLC40A1,Gene
NOTCH1,Gene
SNAI1,Gene
IGHE,Gene
IL5,Gene
CAV1,Gene
CD28,Gene
SNAI2,Gene
TRIB3,Gene
VIM,Gene
C5,Gene
EDN1,Gene
MSR1,Gene
MUC5AC,Gene
PCMT1,Gene
TGFA,Gene
TNFRSF1A,Gene
HM13,Gene
ADORA1,Gene
ADORA2B,Gene
KCNH2,Gene
ALOX15,Gene
GSTA4,Gene
PGR,Gene
TFF1,Gene
TRPV1,Gene
FGF2,Gene
ATOSA,Gene
ERBB3,Gene
PIK3CA,Gene
PIK3CB,Gene
PIK3CD,Gene
PIK3CG,Gene
PIK3IP1,Gene
STK11,Gene
TSC2,Gene
YPEL2,Gene
EEF2,Gene
EIF4G1,Gene
FOXG1,Gene
LARP1,Gene
PABPC1,Gene
RAPTOR,Gene
RPL32,Gene
RPS20,Gene
ANLN,Gene
AVP,Gene
CRMP1,Gene
DNMT1,Gene
DPYSL2,Gene
EAPP,Gene
EFHD2,Gene
EIF3B,Gene
EIF5,Gene
ESRRA,Gene
FOXO3,Gene
G3BP1,Gene
GDNF,Gene
GIPC1,Gene
GJA1,Gene
GOLPH3,Gene
GORASP2,Gene
GTF2I,Gene
HNRNPK,Gene
LMNA,Gene
MCM2,Gene
MIR21,Gene
NDRG2,Gene
NUCLEOLIN,Gene
PAK4,Gene
PARD6B,Gene
PCYT1A,Gene
PEBP1,Gene
PPP1R12A,Gene
RACK1,Gene
RRN3,Gene
SNW1,Gene
SPTBN1,Gene
SRPK1,Gene
STMN1,Gene
TMPO,Gene
TRIM16,Gene
UFD1,Gene
UNG,Gene
WAPL,Gene
WWOX,Gene
YBX1,Gene
LTA4H,Gene
CYP2B1,Gene
CYP2B10,Gene
HGF,Gene
HNF4A,Gene
NCOA6,Gene
CERS2,Gene
CERS6,Gene
CHRM1,Gene
AAAS,Gene
ACP2,Gene
ADRM1,Gene
AJUBA,Gene
AKAP1,Gene
ANK3,Gene
ARHGAP5,Gene
ARID4A,Gene
ARIH2,Gene
ASXL1,Gene
ATP5F1D,Gene
ATP6V0D1,Gene
ATP6V1C1,Gene
BAG1,Gene
BCLAF1,Gene
BLOC1S1,Gene
CAPRIN1,Gene
CCNB1IP1,Gene
CDC37,Gene
CENPS,Gene
CFL1,Gene
CHD2,Gene
CHTF8,Gene
CLPTM1,Gene
COPE,Gene
CXCL12,Gene
DCAF6,Gene
DDIT4,Gene
DHFR,Gene
DRG2,Gene
DUT,Gene
ELOVL2,Gene
EWSR1,Gene
FBXO8,Gene
FEN1,Gene
FIBP,Gene
FKBP1A,Gene
FLCN,Gene
FNIP1,Gene
FOLR1,Gene
FUS,Gene
FZD7,Gene
GAS5,Gene
GFUS,Gene
GNE,Gene
GPAA1,Gene
GPS1,Gene
GPS2,Gene
GULP1,Gene
H1-2,Gene
H2AC6,Gene
H2BC9,Gene
H3C10,Gene
HBP1,Gene
HELLS,Gene
HERPUD1,Gene
HGSNAT,Gene
HMGCS2,Gene
HNRNPA1,Gene
HNRNPD,Gene
HOXB3,Gene
IFRD1,Gene
IFRD2,Gene
IGFBP5,Gene
IMMP1L,Gene
INTS11,Gene
ITGB1BP1,Gene
ITPK1,Gene
JMY,Gene
KCNK2,Gene
LGR4,Gene
LHX2,Gene
LRRN3,Gene
LSR,Gene
MANF,Gene
MCM3,Gene
MSTO1,Gene
MTSS1,Gene
MXI1,Gene
MYBL2,Gene
NABP2,Gene
NAMPT,Gene
NBL1,Gene
NCK1,Gene
NFAT5,Gene
NHERF1,Gene
NMU,Gene
NUPR1,Gene
OLFM1,Gene
PAFAH1B1,Gene
PKM,Gene
PLXNB2,Gene
POLA1,Gene
PPFIA1,Gene
PPP1CA,Gene
PRCP,Gene
PRKCSH,Gene
PRLR,Gene
PRRG4,Gene
PSEN2,Gene
PSMC3,Gene
PSPC1,Gene
PTPRK,Gene
RAB27B,Gene
RANGAP1,Gene
RBM10,Gene
RBM47,Gene
RCBTB1,Gene
RFFL,Gene
RHOD,Gene
RIT1,Gene
RORC,Gene
RSRC2,Gene
RTKN,Gene
SCARB1,Gene
SEL1L,Gene
SERTAD2,Gene
SF1,Gene
SFPQ,Gene
SFRS3,Gene
SFXN2,Gene
SFXN4,Gene
SLC35A4,Gene
SLC39A3,Gene
SLITRK4,Gene
SNF8,Gene
SNX16,Gene
SOWAHC,Gene
SPIRE1,Gene
SRM,Gene
SRPK2,Gene
SRRT,Gene
SRSF1,Gene
SRSF2,Gene
STARD10,Gene
STX3,Gene
TADA3L,Gene
TBRG1,Gene
TCAF1,Gene
TFAP2A,Gene
THSD4,Gene
TIPIN,Gene
TK1,Gene
TP53I3,Gene
TRAK2,Gene
TYMS,Gene
VTCN1,Gene
WDR26,Gene
WT1,Gene
YIPF3,Gene
YIPF5,Gene
ZYG11B,Gene
NQO2,Gene
NR1H4,Gene
PPARD,Gene
GPR35,Gene
IGF1R,Gene
GABRA2,Gene
GABRB3,Gene
BCHE,Gene
CYP51A1,Gene
SLC6A4,Gene
CYP19A1,Gene
PAWR,Gene
CYP3A7,Gene
CYP4A11,Gene
DHODH,Gene
CFL2,Gene
CYP2A13,Gene
GPX5,Gene
HSPE1,Gene
NME6,Gene
SSBP1,Gene
PDE4B,Gene
PDE4D,Gene
ADRB2,Gene
ARC,Gene
AREG,Gene
ARG2,Gene
ARID5A,Gene
ARL5B,Gene
ARRDC4,Gene
ASS1,Gene
ATOSB,Gene
BDKRB1,Gene
BDKRB2,Gene
BHLHE40,Gene
BTG2,Gene
C11ORF96,Gene
CBS,Gene
CCDC116,Gene
CCL3,Gene
CCL3L3,Gene
CCL4,Gene
CCR7,Gene
CD209,Gene
CD36,Gene
CFL1P1,Gene
CREM,Gene
CTH,Gene
CXCR4,Gene
DIXDC1,Gene
DLX1,Gene
DLX2,Gene
DMRT2,Gene
DNAJB5,Gene
DUSP10,Gene
DUSP8,Gene
EGR3,Gene
EIF2A,Gene
EIF6,Gene
EMX2,Gene
EPHB3,Gene
EREG,Gene
FAM43A,Gene
FAM90A7,Gene
FBP2,Gene
FJX1,Gene
GEM,Gene
GFOD1,Gene
GTF2IRD2,Gene
HAS2,Gene
HOXB2,Gene
HPSE2,Gene
HSPA8,Gene
IL10RA,Gene
IQCN,Gene
IRGM,Gene
KCNJ2,Gene
KLF10,Gene
LINC00312,Gene
MAN1B1,Gene
MFSD2A,Gene
MIR7-3HG,Gene
MRAS,Gene
MROH3P,Gene
NEURL3,Gene
NOD2,Gene
NOP58,Gene
NR4A3,Gene
NWD2,Gene
PCDH9,Gene
PHGDH,Gene
PRECSIT,Gene
RCAN1,Gene
REM2,Gene
RGS16,Gene
RHOH,Gene
RND1,Gene
SF3A3,Gene
SF3B4,Gene
SHMT2,Gene
SIX1,Gene
SLC34A1,Gene
SPANXN5,Gene
STMN4,Gene
STOX2,Gene
THRB,Gene
TMCC2,Gene
TMEM88,Gene
UCP1,Gene
UTP4,Gene
ZBTB21,Gene
ZC3H12D,Gene
ZFP2,Gene
ZNF77,Gene
AVPR1B,Gene
HRH4,Gene
ABCC3,Gene
BIRC2,Gene
BIRC3,Gene
CCN2,Gene
CCNA2,Gene
CFLAR,Gene
CGB3,Gene
FABP4,Gene
GFAP,Gene
HDAC1,Gene
HDAC3,Gene
HSPB1,Gene
RARB,Gene
RIGI,Gene
TG,Gene
TLR2,Gene
TSHB,Gene
TSLP,Gene
ATP5PF,Gene
CCL11,Gene
CXCL10,Gene
DNM1L,Gene
H3-4,Gene
H4C16,Gene
MYB,Gene
PRODH,Gene
HTR2B,Gene
HTR6,Gene
TSPO,Gene
ITGAM,Gene
PLCB3,Gene
PROM1,Gene
SELP,Gene
TAC1,Gene
LYZ,Gene
CD69,Gene
CNTF,Gene
GDF15,Gene
HRH2,Gene
PLA2G4A,Gene
ADRA2A,Gene
CCL26,Gene
CCR3,Gene
CD40,Gene
F2,Gene
IP6K1,Gene
NTS,Gene
PLCB1,Gene
PLCG1,Gene
KDR,Gene
AHNAK2,Gene
AKAP13,Gene
ARFGEF1,Gene
ATP11C,Gene
ATP2A3,Gene
CAPRIN2,Gene
CDCA5,Gene
CEBPD,Gene
CEP83,Gene
CKS2,Gene
DDX18P1,Gene
DSP,Gene
ELF5,Gene
ENHO,Gene
FIGN,Gene
GPD1,Gene
GUCY2D,Gene
HSP90AA5P,Gene
INTS6,Gene
LAMC1,Gene
MAFB,Gene
MAP2,Gene
NAP1L3,Gene
NONO,Gene
NPY1R,Gene
PCLO,Gene
PLD6,Gene
PRPF8,Gene
RARRES1,Gene
RFX3,Gene
S100P,Gene
SETBP1,Gene
SHISA2,Gene
SNORA8,Gene
SPC25,Gene
TM4SF1,Gene
TMEM164,Gene
TPR,Gene
TRIM29,Gene
TUT7,Gene
ANXA5,Gene
ABHD16A,Gene
FAAH,Gene
PLA2G7,Gene
ADGRL3,Gene
SCARA5,Gene
TAS1R2,Gene
TAS1R3,Gene
AMPD3,Gene
AQP10,Gene
ATOX1,Gene
ATP8A2,Gene
ATP9B,Gene
COA1,Gene
DHX29,Gene
DSCAML1,Gene
EBAG9,Gene
FARP1,Gene
FBXW4,Gene
FTL,Gene
GNRHR,Gene
GYPC,Gene
IL22RA2,Gene
ISG20,Gene
ISLR2,Gene
LCA5L,Gene
LINC01554,Gene
LRRN4,Gene
MIMS1,Gene
MRPL58,Gene
NAB2,Gene
NAT1,Gene
NAT2,Gene
NEXN,Gene
NMBR,Gene
OR2W3,Gene
OSBP2,Gene
RNMT,Gene
RPL18AP3,Gene
SEL1L3,Gene
SLC16A4,Gene
SLC25A28,Gene
SPECC1,Gene
STC1,Gene
SYNE2,Gene
TMEM253,Gene
TNNT2,Gene
TRIM16L,Gene
TUBA4B,Gene
UBA2,Gene
UBE2E1,Gene
ZNF219,Gene
APC,Gene
AURKB,Gene
BUB1B,Gene
BUB3,Gene
CENPA,Gene
CENPC,Gene
CENPF,Gene
CENPL,Gene
CENPM,Gene
CENPN,Gene
FOXO4,Gene
MAD2L1,Gene
MYT1,Gene
PIK3R1,Gene
TSC1,Gene
PRDX4,Gene
ADIPOQ,Gene
CYP21A2,Gene
SLC22A2,Gene
FKBP5,Gene
LHB,Gene
TSC22D3,Gene
STS,Gene
SHBG,Gene
ALK,Gene
BCL2L11,Gene
EML4,Gene
ENTPD1,Gene
NT5E,Gene
PTTG1,Gene
RAF1,Gene
CRP,Gene
CES1,Gene
CES2,Gene
HSD11B1,Gene
PDGFB,Gene
ROCK1,Gene
ROCK2,Gene
HTR2C,Gene
MAOA,Gene
KIAA1217,Gene
LITATS1,Gene
CYP11B1,Gene
CYP11B2,Gene
POMC,Gene
SCN5A,Gene
CYP4F2,Gene
CYP4F3,Gene
CDC25C,Gene
BCL2A1,Gene
MAP3K14,Gene
TRADD,Gene
TRAF1,Gene
TRAF2,Gene
FADS2,Gene
CYP2F1,Gene
SULT1A1,Gene
ALDH2,Gene
ANAPC13,Gene
BNIP3,Gene
CREB3L2,Gene
CTSO,Gene
CTSV,Gene
DNMT3A,Gene
DNMT3B,Gene
DUSP5,Gene
EHMT2,Gene
EZH2,Gene
FAM162A,Gene
GSTM3,Gene
HAT1,Gene
HSPA1A,Gene
HSPA1B,Gene
ITPR3,Gene
LEPR,Gene
MAP2K3,Gene
PLCG2,Gene
SETD1B,Gene
SHC1,Gene
SOCS5,Gene
SUV39H1,Gene
TUBA1A,Gene
YWHAQ,Gene
TLR3,Gene
LCN2,Gene
PAEP,Gene
TTR,Gene
ALDH1,Gene
ALDH16A1,Gene
ALDH4A1,Gene
CYP4Z1,Gene
ITGB4,Gene
NANOG,Gene
S100A6,Gene
SOX12,Gene
SOX2,Gene
BDNF,Gene
CCN5,Gene
ABLIM1,Gene
ACADVL,Gene
ACD,Gene
ACTB,Gene
ACTN4,Gene
ADAM15,Gene
ADAP1,Gene
ADGRG1,Gene
ADIRF,Gene
AFAP1,Gene
AGPAT2,Gene
AGRN,Gene
AIF1L,Gene
AKAP12,Gene
AKR1D1,Gene
ALDH1A3,Gene
ALDH3A2,Gene
AMD1,Gene
AMY1B,Gene
ANAPC1,Gene
ANAPC5,Gene
ANXA2P3,Gene
ANXA8,Gene
APBB3,Gene
ARAP3,Gene
ARF5,Gene
ARF6,Gene
ARFGAP1,Gene
ARHGAP23,Gene
ARHGEF16,Gene
ARHGEF5,Gene
ARID5B,Gene
ARPC5,Gene
ARPP19,Gene
ARSI,Gene
ARTN,Gene
ASNS,Gene
ASS1P11,Gene
ATP2B4,Gene
ATP5MJ,Gene
ATP6V0C,Gene
ATP9A,Gene
ATPAF1,Gene
B4GALT5,Gene
BAIAP2,Gene
BCAR1,Gene
BEX1,Gene
BICC1,Gene
BIK,Gene
BLZF1,Gene
BMI1,Gene
BNC1,Gene
BSG,Gene
BST2,Gene
C11ORF68,Gene
C12ORF57,Gene
C1ORF116,Gene
C21ORF58,Gene
CALM2,Gene
CAMK2B,Gene
CARD10,Gene
CAV2,Gene
CBX4,Gene
CCDC85B,Gene
CCL20,Gene
CCN1,Gene
CD276,Gene
CD9,Gene
CDC26,Gene
CDCP1,Gene
CDH3,Gene
CDK10,Gene
CDK5RAP3,Gene
CEBPG,Gene
CEMIP2,Gene
CEP19,Gene
CEP192,Gene
CEP85,Gene
CEPT1,Gene
CFAP251,Gene
CHMP1A,Gene
CHRNA2,Gene
CHST15,Gene
CHST7,Gene
CITED2,Gene
CITED4,Gene
CKMT1A,Gene
CLCF1,Gene
CLCN6,Gene
CLSTN1,Gene
CMIP,Gene
CMTM3,Gene
COA8,Gene
COL17A1,Gene
COL7A1,Gene
COQ5,Gene
COQ6,Gene
CORO1C,Gene
COX19,Gene
CPA4,Gene
CPD,Gene
CPVL,Gene
CREG1,Gene
CRISPLD2,Gene
CS,Gene
CSF2RA,Gene
CSK,Gene
CSRP1,Gene
CST3,Gene
CST6,Gene
CTSH,Gene
CTSL,Gene
CWC15,Gene
CXCL16,Gene
CYB5R3,Gene
CYBA,Gene
CYBRD1,Gene
CYGB,Gene
CYP4X1,Gene
CYSRT1,Gene
DAPK3,Gene
DCBLD2,Gene
DDAH1,Gene
DGCR6,Gene
DKK1,Gene
DLEU1,Gene
DLL1,Gene
DRAP1,Gene
DSC3,Gene
DSG2,Gene
DSG3,Gene
DTWD2,Gene
DUS1L,Gene
EEF1A1P11,Gene
EFEMP1,Gene
EIF1,Gene
EIF3D,Gene
ELL2,Gene
ELMO3,Gene
ELOVL6,Gene
EPB41L4A-AS1,Gene
EPHA2,Gene
ETS1,Gene
EXOSC5,Gene
EXOSC8,Gene
EXT1,Gene
F2RL1,Gene
FAAP20,Gene
FAM110A,Gene
FAM111A,Gene
FAM153B,Gene
FAM174A,Gene
FAM20C,Gene
FAM65B,Gene
FBLN1,Gene
FBXL5,Gene
FCMR,Gene
FDFT1,Gene
FEZ1,Gene
FGFR3,Gene
FGR,Gene
FKBP14,Gene
FKBP4,Gene
FOSL1,Gene
FOXA1,Gene
FOXA2,Gene
FST,Gene
FSTL3,Gene
FXYD5,Gene
G0S2,Gene
GAS1,Gene
GBP1,Gene
GH1,Gene
GJB2,Gene
GLB1,Gene
GLDC,Gene
GLIPR1,Gene
GLIPR2,Gene
GLIS3,Gene
GMFB,Gene
GNA15,Gene
GPC1,Gene
GPR162,Gene
GPRC5A,Gene
GPT2,Gene
GREM1,Gene
GRM1,Gene
GRM5,Gene
GRN,Gene
GRPEL1,Gene
GSS,Gene
GTF2F1,Gene
H1-10,Gene
HAS3,Gene
HCP5,Gene
HEATR3,Gene
HES4,Gene
HGS,Gene
HIRIP3,Gene
HMGCS1,Gene
HMSD,Gene
HNRNPA1P51,Gene
HNRNPA3,Gene
HSCB,Gene
HSD17B7,Gene
HTR3A,Gene
HTR3B,Gene
HYPK,Gene
ICA1,Gene
ICA1L,Gene
ID1,Gene
IDH2,Gene
IFFO2,Gene
IFI6,Gene
IFIT1,Gene
IGFBP7,Gene
IKBIP,Gene
IL2,Gene
IMPA2,Gene
INSIG1,Gene
IRF2BP2,Gene
IRF3,Gene
IRF6,Gene
IRX3,Gene
ITGAE,Gene
JAG2,Gene
JUP,Gene
KLF9,Gene
KLHL21,Gene
KRT16,Gene
KRT17P3,Gene
KRT19,Gene
KRT23,Gene
KRT5,Gene
KRT6B,Gene
KRT6C,Gene
KRTCAP2,Gene
LAD1,Gene
LAMB3,Gene
LBH,Gene
LGALS3BP,Gene
LIMA1,Gene
LINC00957,Gene
LINC01205,Gene
LITAF,Gene
LIX1L,Gene
LMF2,Gene
LONP1,Gene
LPAR1,Gene
LPIN1,Gene
LRAP,Gene
LRATD2,Gene
LRRC20,Gene
LRRC37BP1,Gene
LSM1,Gene
LTBR,Gene
LYN,Gene
MAFG,Gene
MAPKAPK2,Gene
MARS1,Gene
MCM5,Gene
MCM6,Gene
MCM8,Gene
MDK,Gene
MED20,Gene
MED24,Gene
MGARP,Gene
MGAT2,Gene
MGAT4B,Gene
MIB2,Gene
MID1,Gene
MKKS,Gene
MLF2,Gene
MLKL,Gene
MOCOS,Gene
MPZL2,Gene
MRPL32,Gene
MRPL4,Gene
MRPS17,Gene
MRPS31,Gene
MSH3,Gene
MSN,Gene
MT1F,Gene
MT1H,Gene
MT1IP,Gene
MT1M,Gene
MTHFD1L,Gene
MTHFD2,Gene
MTND5P10,Gene
MUTYH,Gene
MVP,Gene
MXD4,Gene
MYH9,Gene
MYL9,Gene
MYOF,Gene
MZF1,Gene
NALT1,Gene
NCKIPSD,Gene
NCSTN,Gene
NDUFA11,Gene
NDUFA3,Gene
NDUFB5,Gene
NECTIN2,Gene
NEDD4L,Gene
NKIRAS2,Gene
NPEPL1,Gene
NPIPA1,Gene
NPIPB11,Gene
NPIPB2,Gene
NPLOC4,Gene
NPM1P35,Gene
NPTX1,Gene
NRG1,Gene
NSDHL,Gene
NSUN5,Gene
OSGEP,Gene
OSR1,Gene
PABPC1L,Gene
PAGR1,Gene
PAQR4,Gene
PCID2,Gene
PCK2,Gene
PDE4C,Gene
PDXP,Gene
PEG10,Gene
PFKFB4,Gene
PFKP,Gene
PFN2,Gene
PGLS,Gene
PHACTR3,Gene
PHB2,Gene
PHLDA1,Gene
PHLDA3,Gene
PIP4K2A,Gene
PKP2,Gene
PLA2G4B,Gene
PLAT,Gene
PLAUR,Gene
PLCH2,Gene
PLCXD1,Gene
PLD2,Gene
PLEC,Gene
PLEKHA2,Gene
PLEKHG3,Gene
PLEKHM2,Gene
PLK2,Gene
PLOD1,Gene
PLOD2,Gene
PLTP,Gene
PNMA2,Gene
POTEF,Gene
PPIAP78,Gene
PPIL3,Gene
PPL,Gene
PPP1R15A,Gene
PPP2R1A,Gene
PPP6R2,Gene
PPWD1,Gene
PRAG1,Gene
PRICKLE1,Gene
PROSER2,Gene
PRPS1,Gene
PRR5L,Gene
PRR7,Gene
PRSS23,Gene
PSAT1,Gene
PSAT1P3,Gene
PSRC1,Gene
PTGES,Gene
PTGR2,Gene
PTMS,Gene
PTPRE,Gene
PXDC1,Gene
PYCARD,Gene
QSOX2,Gene
R3HDM4,Gene
RAB25,Gene
RAB38,Gene
RAB40C,Gene
RAB5C,Gene
RAC2,Gene
RAI1,Gene
RAP1GAP2,Gene
RAP2A,Gene
RASIP1,Gene
RBCK1,Gene
RBIS,Gene
RBM12,Gene
RBM4B,Gene
RERE,Gene
REXO4,Gene
RFNG,Gene
RFTN1,Gene
RFX7,Gene
RGCC,Gene
RGS20,Gene
RGS4,Gene
RHOB,Gene
RND3,Gene
RNF115,Gene
RNF126,Gene
RNF19B,Gene
RNFT2,Gene
RNH1,Gene
RPL10P9,Gene
RPL15P17,Gene
RPL19P9,Gene
RPL23P6,Gene
RPL26,Gene
RPL7L1,Gene
RPL7P59,Gene
RPLP0P10,Gene
RPLP0P5,Gene
RPS12P22,Gene
RPS17P16,Gene
RPS29P9,Gene
RPS2P20,Gene
RPS3AP25,Gene
RPS6KB2,Gene
RRAGD,Gene
S100A8,Gene
S100A9,Gene
SACK1A,Gene
SACK1H,Gene
SC5D,Gene
SCARA3,Gene
SCYL1,Gene
SDCBP2,Gene
SDHAF3,Gene
SDHAP1,Gene
SDHDP2,Gene
SEMA4B,Gene
SEPN1,Gene
SERINC2,Gene
SERPINB1,Gene
SERPINB2,Gene
SERPINB5,Gene
SERPINE2,Gene
SFN,Gene
SFTA1P,Gene
SGPP2,Gene
SGSH,Gene
SH2B3,Gene
SH3KBP1,Gene
SH3PXD2A,Gene
SH3TC1,Gene
SIK1,Gene
SINHCAF,Gene
SIPA1,Gene
SIVA1,Gene
SLC16A14,Gene
SLC16A5,Gene
SLC20A1,Gene
SLC22A23,Gene
SLC26A6,Gene
SLC30A1,Gene
SLC35A1,Gene
SLC44A1,Gene
SLC44A4,Gene
SLC4A5,Gene
SLC6A9,Gene
SLC71A3P,Gene
SLC7A5,Gene
SMARCB1,Gene
SNHG7,Gene
SNORD104,Gene
SNRPGP15,Gene
SNU13,Gene
SORT1,Gene
SOX15,Gene
SOX7,Gene
SPC24,Gene
SPDYE8,Gene
SPHK1,Gene
SPINT1,Gene
SPINT2,Gene
SPOCD1,Gene
SPOUT1,Gene
SPSB1,Gene
SPTAN1,Gene
ST14,Gene
STXBP2,Gene
SVEP1,Gene
SYVN1,Gene
TACC2,Gene
TACSTD2,Gene
TAGLN,Gene
TAGLN2,Gene
TAPBP,Gene
TBC1D31,Gene
TBC1D32,Gene
TERC,Gene
TFB1M,Gene
TFPI,Gene
TGFBR2,Gene
TGFBR3,Gene
THBD,Gene
TIMM22,Gene
TIMM44,Gene
TINAGL1,Gene
TKT,Gene
TMC6,Gene
TMEM106A,Gene
TMEM126B,Gene
TMEM134,Gene
TMEM191A,Gene
TMEM205,Gene
TMEM256,Gene
TMEM259,Gene
TMEM50B,Gene
TMEM54,Gene
TNC,Gene
TNFAIP3,Gene
TNFAIP8L3,Gene
TNFRSF6B,Gene
TNS3,Gene
TOR1A,Gene
TPD52L1,Gene
TPM4,Gene
TRAK1,Gene
TRAPPC3,Gene
TRGV5,Gene
TRIB1,Gene
TRIM47,Gene
TRIOBP,Gene
TRMT1,Gene
TRPT1,Gene
TSEN54,Gene
TTLL12,Gene
TUBB6,Gene
TUFM,Gene
TYSND1,Gene
UBAC2,Gene
UBAP1,Gene
UBL4A,Gene
UPF2,Gene
VCAN,Gene
VPS25,Gene
VPS41,Gene
WARS1,Gene
WASF2,Gene
WRAP73,Gene
YARS1,Gene
ZBTB16,Gene
ZBTB8OS,Gene
ZFAS1,Gene
ZMAT3,Gene
ZNF22,Gene
ZNF318,Gene
ZNF394,Gene
ZNF511,Gene
ZNF598,Gene
ZNF672,Gene
ZNF93,Gene
ZYX,Gene
CCL27,Gene
PPARB,Gene
COMT,Gene
GSTA3,Gene
STAT5B,Gene
ADM,Gene
B3GNT4,Gene
BHLHE41,Gene
DHRS3,Gene
EFNA1,Gene
EFNA3,Gene
EGLN3,Gene
FHIP1A,Gene
FOXN3,Gene
GPR146,Gene
INSIG2,Gene
IREB2,Gene
LAMP2,Gene
NDNF,Gene
NRN1,Gene
PDGFA,Gene
PLIN2,Gene
PPP2R5B,Gene
SPRY1,Gene
TCP11L2,Gene
TMEM45A,Gene
TMEM74B,Gene
UPK1A,Gene
MIR122,Gene
KCNN3,Gene
MTF1,Gene
BGLAP,Gene
COL1A2,Gene
COX4I1,Gene
IBSP,Gene
NDUFB8,Gene
NRF1,Gene
TFAM,Gene
UQCRC1,Gene
VASP,Gene
HCAR3,Gene
IL25,Gene
IL33,Gene
SMIM10L2A,Gene
TUSC7,Gene
GATA4,Gene
GATA6,Gene
GNL3,Gene
HCN4,Gene
JAG1,Gene
KIT,Gene
MIR140,Gene
MIR145,Gene
MIR146B,Gene
MIR155,Gene
MIR15B,Gene
MIR18A,Gene
MIR204,Gene
MIR20B,Gene
MIR210,Gene
MIR22,Gene
MIR223,Gene
MIR26B,Gene
MIR29B1,Gene
MIR30A,Gene
MIR30E,Gene
MIR34A,Gene
MIR362,Gene
MIR452,Gene
MIR574,Gene
MIR644A,Gene
MIR663B,Gene
MIR708,Gene
MIR942,Gene
MYH6,Gene
NKX2-5,Gene
NUMB,Gene
RIPK1,Gene
UBE2D3,Gene
HSD17B2,Gene
ATR,Gene
PAPSS1,Gene
SULT1B1,Gene
SULT1C2,Gene
SULT1D1,Gene
SULT2A1,Gene
SULT2A2,Gene
SULT5A1,Gene
ABCG2,Gene
AIFM3,Gene
ANTXR1,Gene
AOAH,Gene
ARFGAP2,Gene
ASXL2,Gene
BICD2,Gene
C2ORF66,Gene
C3,Gene
CDK18,Gene
CEMIP,Gene
CFAP77,Gene
CLDN15,Gene
COPB1,Gene
DAZAP1,Gene
DCHS2,Gene
DFNA5,Gene
DLG5,Gene
E4F1,Gene
ERP27,Gene
FAAP100,Gene
FAM193B,Gene
FAM47E,Gene
FOXP3,Gene
GALNS,Gene
GIMAP6,Gene
H2BC10,Gene
HAGHL,Gene
HCG9,Gene
HLA-B,Gene
HSPA12A,Gene
HSPB7,Gene
HUS1,Gene
IL16,Gene
ITSN2,Gene
LINC00673,Gene
LRP12,Gene
MCF2L,Gene
MYBPH,Gene
MYO10,Gene
MYO15B,Gene
NFIC,Gene
NIPAL4,Gene
NSF,Gene
PDE11A,Gene
PHF2,Gene
RADIL,Gene
RBM41,Gene
RNF39,Gene
SERPINA10,Gene
SLC12A7,Gene
SLC25A34,Gene
SLC2A9,Gene
SPNS3,Gene
STT3A,Gene
SULT1A2,Gene
SULT1A3,Gene
TBC1D22A,Gene
THRA,Gene
TMEM131L,Gene
TMEM234,Gene
TRAPPC12,Gene
TSPY4,Gene
VN1R4,Gene
ZNF335,Gene
MT1A,Gene
GSTT2,Gene
AAMDC,Gene
AAMP,Gene
ABCA11P,Gene
ABCB9,Gene
ABCC5,Gene
ABCD2,Gene
ABCF1,Gene
ABHD11,Gene
ABHD17C,Gene
ABHD2,Gene
ABHD5,Gene
ABI2,Gene
ABI3,Gene
ABI3BP,Gene
ABL2,Gene
ABLIM2,Gene
ABRACL,Gene
ACACB,Gene
ACAD8,Gene
ACAD9,Gene
ACAN,Gene
ACAT1,Gene
ACBD5,Gene
ACBD7,Gene
ACIN1,Gene
ACOT11,Gene
ACOT7,Gene
ACP4,Gene
ACSF2,Gene
ACSS2,Gene
ACTN1,Gene
ACTR1A,Gene
ACTR2,Gene
ACTR3,Gene
ACTR6,Gene
ACVR1C,Gene
ACVRL1,Gene
ADA,Gene
ADAM17,Gene
ADAM19,Gene
ADAMTS9,Gene
ADAMTSL1,Gene
ADCY3,Gene
ADCY4,Gene
ADD3,Gene
ADGRD1,Gene
ADGRF5,Gene
ADGRL2,Gene
ADH1A,Gene
ADH1C,Gene
ADH4,Gene
ADHFE1,Gene
ADO,Gene
ADPGK,Gene
ADRA2C,Gene
ADRB1,Gene
AFF1,Gene
AFF4,Gene
AFG3L1P,Gene
AFG3L2,Gene
AFTPH,Gene
AGA,Gene
AGAP7P,Gene
AGO2,Gene
AGO3,Gene
AGPAT1,Gene
AGPAT4-IT1,Gene
AGPAT9,Gene
AGPS,Gene
AGR2,Gene
AGTR1,Gene
AHCYL1,Gene
AHNAK,Gene
AHSA2,Gene
AIDA,Gene
AIG1,Gene
AK3,Gene
AK4,Gene
AKAP10,Gene
AKAP7,Gene
AKIRIN1,Gene
ALAS1,Gene
ALDH1L1,Gene
ALG14,Gene
ALG3,Gene
ALOX12B,Gene
ALPK1,Gene
ALPL,Gene
ALS2CL,Gene
ALYREF,Gene
AMIGO2,Gene
AMIGO3,Gene
AMOTL2,Gene
AMPD2,Gene
AMPH,Gene
AMT,Gene
AMY1C,Gene
ANAPC10,Gene
ANGPTL1,Gene
ANKFY1,Gene
ANKMY2,Gene
ANKRD11,Gene
ANKRD12,Gene
ANKRD13A,Gene
ANKRD13B,Gene
ANKRD24,Gene
ANKRD36B,Gene
ANKRD36BP1,Gene
ANKRD36BP2,Gene
ANKRD36C,Gene
ANKRD49,Gene
ANKRD53,Gene
ANKS1A,Gene
ANKZF1,Gene
ANP32A-IT1,Gene
ANP32BP1,Gene
ANTXR2,Gene
ANXA10,Gene
ANXA11,Gene
ANXA3,Gene
ANXA6,Gene
AOC3,Gene
AOX1,Gene
AP1B1,Gene
AP1G1,Gene
AP1S2,Gene
AP2A1,Gene
AP3B2,Gene
AP3M2,Gene
AP3S1,Gene
AP3S2,Gene
AP5B1,Gene
APCDD1,Gene
APEH,Gene
APMAP,Gene
APOBEC3G,Gene
APOC1,Gene
APOL3,Gene
APOL4,Gene
APOL6,Gene
APOO,Gene
APPL1,Gene
AQP7,Gene
AQP7P2,Gene
ARAF,Gene
ARF1,Gene
ARF3,Gene
ARGLU1,Gene
ARHGAP20,Gene
ARHGAP22,Gene
ARHGAP29,Gene
ARHGAP39,Gene
ARHGAP5-AS1,Gene
ARHGEF1,Gene
ARHGEF2,Gene
ARHGEF28,Gene
ARHGEF9,Gene
ARID2,Gene
ARIH2OS,Gene
ARL17A,Gene
ARL17B,Gene
ARL2BP,Gene
ARL6IP4,Gene
ARL8A,Gene
ARMC9,Gene
ARMCX1,Gene
ARPC1B,Gene
ARPC3,Gene
ARPC5L,Gene
ARRDC2,Gene
ARSG,Gene
ASB7,Gene
ASCC3,Gene
ASH1L-AS1,Gene
ASL,Gene
ASMTL-AS1,Gene
ASPH,Gene
ASPN,Gene
ASPRV1,Gene
ASPSCR1,Gene
ASRGL1,Gene
ASS1P13,Gene
ATL3,Gene
ATP13A3,Gene
ATP1A2,Gene
ATP1B2,Gene
ATP5F1A,Gene
ATP5MC1P5,Gene
ATP5MF,Gene
ATP6AP1,Gene
ATP6AP1L,Gene
ATP6V0A1,Gene
ATP6V0B,Gene
ATRIP,Gene
ATXN2,Gene
ATXN7L1,Gene
AZIN2,Gene
B3GALNT2,Gene
B3GALT4,Gene
B3GALT5-AS1,Gene
B3GNT2,Gene
B3GNT5,Gene
B3GNT9,Gene
B4GALT7,Gene
BACC1,Gene
BAG2,Gene
BAG4,Gene
BAG5,Gene
BAIAP2L2,Gene
BAZ2A,Gene
BBIP1,Gene
BBLN,Gene
BBOF1,Gene
BBS1,Gene
BBS7,Gene
BCAP31,Gene
BCAS3,Gene
BCDIN3D,Gene
BCL2L13,Gene
BCL2L2,Gene
BCL7A,Gene
BCL7B,Gene
BDH2,Gene
BEST1,Gene
BEST2,Gene
BHMT2,Gene
BICRAL,Gene
BIVM,Gene
BKGD,Gene
BMP2K,Gene
BMPR1A,Gene
BMS1,Gene
BNC2,Gene
BOD1L1,Gene
BORCS5,Gene
BORCS6,Gene
BPNT2,Gene
BRD10,Gene
BRD3,Gene
BRD7,Gene
BRD9,Gene
BRIX1,Gene
BROX,Gene
BST1,Gene
BTAF1,Gene
BTBD6,Gene
BTBD7,Gene
BTD,Gene
BTG1,Gene
BTN3A1,Gene
BTNL2,Gene
BTRC,Gene
C11ORF71,Gene
C14ORF93,Gene
C19ORF18,Gene
C1GALT1C1,Gene
C1ORF159,Gene
C1ORF167,Gene
C1ORF21,Gene
C1ORF54,Gene
C1QTNF1,Gene
C1QTNF5,Gene
C1QTNF6,Gene
C1R,Gene
C1S,Gene
C22ORF39,Gene
C2CD2,Gene
C2ORF68,Gene
C2ORF76,Gene
C3ORF38,Gene
C5ORF15,Gene
C6,Gene
C6ORF132,Gene
C6ORF136,Gene
C6ORF47,Gene
C6ORF89,Gene
C8ORF34,Gene
C8ORF44,Gene
C9ORF50,Gene
C9ORF85,Gene
CABLES1,Gene
CABP4,Gene
CACNA2D4,Gene
CACNB3,Gene
CAD,Gene
CALB2,Gene
CALHM5,Gene
CALML4,Gene
CAMK2D,Gene
CAMSAP1,Gene
CAMSAP2,Gene
CANT1,Gene
CAP1P1,Gene
CAPN3,Gene
CAPNS1,Gene
CAPNS2,Gene
CAPS2,Gene
CARS1,Gene
CARS2,Gene
CASC15,Gene
CAVIN2,Gene
CBARP,Gene
CBX1,Gene
CBX7,Gene
CBX8,Gene
CC2D1A,Gene
CCDC107,Gene
CCDC117,Gene
CCDC120,Gene
CCDC121,Gene
CCDC127,Gene
CCDC136,Gene
CCDC137,Gene
CCDC144BP,Gene
CCDC146,Gene
CCDC167,Gene
CCDC177,Gene
CCDC192,Gene
CCDC28B,Gene
CCDC47,Gene
CCDC59,Gene
CCDC61,Gene
CCDC69,Gene
CCDC71L,Gene
CCDC77,Gene
CCDC85A,Gene
CCDC88C,Gene
CCL13,Gene
CCN3,Gene
CCNB2,Gene
CCNC,Gene
CCNI,Gene
CCNJ,Gene
CCNL2,Gene
CCT4,Gene
CD163,Gene
CD2BP2,Gene
CD302,Gene
CD55,Gene
CD59,Gene
CD81,Gene
CD99,Gene
CDC34,Gene
CDC37L1,Gene
CDC40,Gene
CDC42BPB,Gene
CDC42EP2,Gene
CDC42EP4,Gene
CDC42SE1,Gene
CDC50B,Gene
CDCA2,Gene
CDCA4,Gene
CDCA7,Gene
CDCA7L,Gene
CDIPT,Gene
CDK14,Gene
CDK7,Gene
CDK9,Gene
CDKL3,Gene
CDKN1C,Gene
CDKN2D,Gene
CDO1,Gene
CDON,Gene
CDR2,Gene
CDS2,Gene
CDV3,Gene
CEACAM20,Gene
CEACAM6,Gene
CEBPA,Gene
CELA2B,Gene
CELF1,Gene
CENATAC,Gene
CENPBD1P,Gene
CENPO,Gene
CENPT,Gene
CENPU,Gene
CENPW,Gene
CENPX,Gene
CEP112,Gene
CEP131,Gene
CEP135,Gene
CEP164,Gene
CEP170B,Gene
CEP250,Gene
CEP290,Gene
CEP41,Gene
CEP63,Gene
CETN2,Gene
CETN3,Gene
CFAP410,Gene
CFB,Gene
CFD,Gene
CGA,Gene
CH25H,Gene
CHAF1B,Gene
CHD1,Gene
CHD4,Gene
CHD8,Gene
CHD9,Gene
CHI3L1,Gene
CHI3L2,Gene
CHIC2,Gene
CHID1,Gene
CHKB,Gene
CHMP4A,Gene
CHMP4B,Gene
CHRD,Gene
CHRDL1,Gene
CHST14,Gene
CHST2,Gene
CIAO3,Gene
CIDEA,Gene
CIDEC,Gene
CIDECP1,Gene
CILP,Gene
CINP,Gene
CIZ1,Gene
CKAP4,Gene
CKAP5,Gene
CKB,Gene
CKLF,Gene
CKMT2,Gene
CKS1B,Gene
CLBA1,Gene
CLCN1,Gene
CLCN7,Gene
CLDND2,Gene
CLEC18B,Gene
CLEC3B,Gene
CLEC4A,Gene
CLIC3,Gene
CLIC4,Gene
CLIP2,Gene
CLK1,Gene
CLMN,Gene
CLMP,Gene
CLP1,Gene
CLSTN2,Gene
CMSS1,Gene
CNBP,Gene
CNDP2,Gene
CNN1,Gene
CNN3,Gene
CNOT11,Gene
CNOT4,Gene
CNOT8,Gene
CNPY3,Gene
CNPY4,Gene
COA3,Gene
COA5,Gene
COASY,Gene
COL12A1,Gene
COL15A1,Gene
COL21A1,Gene
COL4A6,Gene
COL6A1,Gene
COL8A1,Gene
COL8A2,Gene
COLEC11,Gene
COLGALT2,Gene
COMMD1,Gene
COMMD10,Gene
COMMD2,Gene
COMMD6,Gene
COPG1,Gene
COPS7A,Gene
COPZ1,Gene
COPZ2,Gene
COQ8B,Gene
CORO2A,Gene
CORO2B,Gene
CORO6,Gene
COTL1,Gene
COX11,Gene
COX16,Gene
COX20,Gene
COX6B2,Gene
COX7B,Gene
CPAP,Gene
CPE,Gene
CPEB2,Gene
CPED1,Gene
CPT1A,Gene
CPTP,Gene
CPZ,Gene
CRADD,Gene
CREBRF,Gene
CRNDE,Gene
CRTC2,Gene
CRY2,Gene
CSAD,Gene
CSRP2,Gene
CST5,Gene
CSTA,Gene
CSTF1,Gene
CSTF3,Gene
CTDSPL,Gene
CTNNBL1,Gene
CTSC,Gene
CTSF,Gene
CTTNBP2NL,Gene
CUL4B,Gene
CUL9,Gene
CUTC,Gene
CWC25,Gene
CWC27,Gene
CWF19L1,Gene
CXCL2,Gene
CXCL3,Gene
CXCL5,Gene
CXORF38,Gene
CXXC1,Gene
CXXC5,Gene
CYB561,Gene
CYB561A3,Gene
CYB5D2,Gene
CYB5R1,Gene
CYP7B1,Gene
CYRIB,Gene
CYSTM1,Gene
CYTOR,Gene
D2HGDH,Gene
DAAM2,Gene
DACT1,Gene
DAD1,Gene
DAGLB,Gene
DAP,Gene
DBF4B,Gene
DCAKD,Gene
DCN,Gene
DCP1A,Gene
DCTD,Gene
DCUN1D3,Gene
DCUN1D4,Gene
DDA1,Gene
DDN,Gene
DDX11,Gene
DDX17,Gene
DDX19B,Gene
DDX23,Gene
DDX39A,Gene
DDX5,Gene
DDX6,Gene
DECR1,Gene
DEF8,Gene
DEFB104B,Gene
DEFB4A,Gene
DENND10,Gene
DENND1B,Gene
DENND2A,Gene
DENND3,Gene
DENND4C,Gene
DEPDC1,Gene
DEPP1,Gene
DEPTOR,Gene
DERL2,Gene
DFFB,Gene
DGAT2,Gene
DGCR2,Gene
DGCR6L,Gene
DGKA,Gene
DHCR24,Gene
DHFR2,Gene
DHRS4-AS1,Gene
DHX38,Gene
DHX58,Gene
DIAPH1,Gene
DIAPH3,Gene
DIDO1,Gene
DIO2,Gene
DIRAS1,Gene
DKK3,Gene
DLC1,Gene
DLG1,Gene
DLG4,Gene
DLGAP4,Gene
DMAP1,Gene
DMKN,Gene
DMTF1,Gene
DNAAF11,Gene
DNAAF19,Gene
DNAAF5,Gene
DNAH1,Gene
DNAH11,Gene
DNAH2,Gene
DNAJA1,Gene
DNAJA4,Gene
DNAJB1,Gene
DNAJB9,Gene
DNAJC14,Gene
DNAJC19,Gene
DNAJC27,Gene
DNAJC4,Gene
DNAL1,Gene
DNAL4,Gene
DNHD1,Gene
DOCK11,Gene
DOCK7,Gene
DOK5,Gene
DOLK,Gene
DOLPP1,Gene
DONSON,Gene
DPAGT1,Gene
DPM2,Gene
DPP9,Gene
DPT,Gene
DPY19L1P1,Gene
DPYSL3,Gene
DRAM2,Gene
DRC9,Gene
DST,Gene
DUSP6,Gene
DUSP9,Gene
DVL2,Gene
DYNC1H1,Gene
DYNC1I2,Gene
DYNLT3,Gene
DYRK2,Gene
DYRK4,Gene
DZIP3,Gene
EBF1,Gene
EBF3,Gene
EBLN2,Gene
ECHDC1,Gene
ECM2,Gene
EDA,Gene
EDARADD,Gene
EDC3,Gene
EDEM1,Gene
EDEM2,Gene
EDEM3,Gene
EEF1A1,Gene
EEF1A1P22,Gene
EEF1B2,Gene
EFNB1,Gene
EFS,Gene
EFTUD2,Gene
EGFLAM,Gene
EHBP1,Gene
EID2,Gene
EID3,Gene
EIF1AD,Gene
EIF2B5,Gene
EIF3A,Gene
EIF3L,Gene
EIF4E,Gene
EIF4EBP2,Gene
EIF4ENIF1,Gene
EIF4G2,Gene
EIF4H,Gene
EIF5A2,Gene
ELAC1,Gene
ELAPOR2,Gene
ELMO2,Gene
ELMOD2,Gene
ELOVL5,Gene
ELP4,Gene
EMC1,Gene
EMC3-AS1,Gene
EMC9,Gene
EMG1,Gene
EMP2,Gene
EMX2OS,Gene
EN1,Gene
ENO3,Gene
ENPP1,Gene
ENTPD4,Gene
ENTPD6,Gene
ENY2,Gene
EOGT,Gene
EP400,Gene
EPB41L1,Gene
EPB41L4B,Gene
EPC1,Gene
EPHA4,Gene
EPHB6,Gene
EPS8,Gene
ERAL1,Gene
ERCC4,Gene
ERH,Gene
ERI3,Gene
ERLIN2,Gene
ERMARD,Gene
ERO1A,Gene
ERP29,Gene
ESYT1,Gene
ETFA,Gene
ETS2,Gene
ETV5,Gene
EVA1A,Gene
EVI2A,Gene
EXOC7,Gene
EXOC8,Gene
EXOSC3,Gene
EXT2,Gene
EYA3,Gene
F11R,Gene
F8A1,Gene
FABP5,Gene
FADS1,Gene
FADS3,Gene
FAH,Gene
FAM114A2,Gene
FAM120A,Gene
FAM120B,Gene
FAM133B,Gene
FAM156A,Gene
FAM171A1,Gene
FAM171B,Gene
FAM199X,Gene
FAM219B,Gene
FAM222A,Gene
FAM234B,Gene
FAM241A,Gene
FAM32A,Gene
FAM50B,Gene
FAM76A,Gene
FAM78A,Gene
FAM91A1,Gene
FAM98C,Gene
FAN1,Gene
FANCI,Gene
FAP,Gene
FAR2,Gene
FARSA,Gene
FASTKD2,Gene
FAT1,Gene
FAXDC2,Gene
FBN2,Gene
FBXL14,Gene
FBXL15,Gene
FBXL3,Gene
FBXL7,Gene
FBXO3,Gene
FBXO4,Gene
FBXO41,Gene
FBXO46,Gene
FBXW5,Gene
FCGBP,Gene
FCGRT,Gene
FCHO2,Gene
FDPSP2,Gene
FEM1A,Gene
FER1L4,Gene
FERMT1,Gene
FES,Gene
FGD4,Gene
FGF4,Gene
FGFR1,Gene
FGFRL1,Gene
FHIP1B,Gene
FHOD1,Gene
FITM2,Gene
FKBP15,Gene
FKBP1B,Gene
FKBP7,Gene
FKBP9,Gene
FLI1,Gene
FLNB,Gene
FLNC,Gene
FLOT1,Gene
FLOT2,Gene
FLRT2,Gene
FMNL2,Gene
FMO1,Gene
FMO3,Gene
FMO4,Gene
FMOD,Gene
FNBP1,Gene
FNBP4,Gene
FNDC3B,Gene
FOSL2,Gene
FOXN2,Gene
FOXN3-AS1,Gene
FOXP1,Gene
FRMD4A,Gene
FRMPD4,Gene
FRZB,Gene
FSTL1,Gene
FTO,Gene
FTSJ3,Gene
FUBP1,Gene
FUT8,Gene
FUT8-AS1,Gene
FUZ,Gene
FXN,Gene
FYTTD1,Gene
FZD1,Gene
FZD2,Gene
FZD4,Gene
FZD5,Gene
FZD9,Gene
GABARAP,Gene
GABRE,Gene
GAK,Gene
GALNT11,Gene
GALNT12,Gene
GALNT15,Gene
GALNT16,Gene
GART,Gene
GBA2,Gene
GBP6,Gene
GCOM1,Gene
GEMIN5,Gene
GEMIN8,Gene
GET1,Gene
GFPT2,Gene
GGA1,Gene
GGACT,Gene
GGT7,Gene
GHDC,Gene
GHR,Gene
GINS2,Gene
GK,Gene
GKAP1,Gene
GLIPR1L2,Gene
GLOD4,Gene
GLP2R,Gene
GLRXP3,Gene
GMPPB,Gene
GMPR2,Gene
GNA12,Gene
GNB1L,Gene
GNG11,Gene
GNG5,Gene
GNL3L,Gene
GNPDA1,Gene
GNPTAB,Gene
GOLGA2P2Y,Gene
GOLGA2P5,Gene
GOLGA6L5P,Gene
GOLGA6L9,Gene
GOLGA7,Gene
GOLGA8A,Gene
GOLGA8EP,Gene
GOLGA8IP,Gene
GOLIM4,Gene
GOLM1,Gene
GOLPH3L,Gene
GORASP1,Gene
GOT1,Gene
GPALPP1,Gene
GPAM,Gene
GPAT4,Gene
GPATCH11,Gene
GPATCH8,Gene
GPBAR1,Gene
GPCPD1,Gene
GPD1L,Gene
GPM6B,Gene
GPNMB,Gene
GPR108,Gene
GPR135,Gene
GPR155,Gene
GPR32,Gene
GPRC5D,Gene
GRAMD2B,Gene
GRB14,Gene
GREM2,Gene
GRINA,Gene
GRIPAP1,Gene
GRK5,Gene
GSK3A,Gene
GSN,Gene
GSPT1,Gene
GSTA2,Gene
GSTO1,Gene
GTF2A1,Gene
GTF2E1,Gene
GTF2H4,Gene
GTSE1,Gene
GUCA2B,Gene
GUCD1,Gene
GUSB,Gene
GUSBP11,Gene
GUSBP14,Gene
GUSBP2,Gene
GUSBP4,Gene
GXYLT1,Gene
GYG1,Gene
GYG2,Gene
H1-0,Gene
H19,Gene
H2AC1,Gene
H2AC20,Gene
H2AZ2,Gene
H2BC5,Gene
H3-3A,Gene
H3C4,Gene
H3C7,Gene
H4C11,Gene
H4C12,Gene
H4C15,Gene
H4C2,Gene
H4C3,Gene
H4C5,Gene
H4C8,Gene
H4C9,Gene
HACD4,Gene
HADH,Gene
HAND2,Gene
HARS2,Gene
HAS1,Gene
HAUS4,Gene
HCAR2,Gene
HCFC2,Gene
HDAC10,Gene
HDAC7,Gene
HDAC8,Gene
HDDC3,Gene
HDLBP,Gene
HECTD4,Gene
HELQ,Gene
HENMT1,Gene
HERC2,Gene
HERC2P2,Gene
HERC4,Gene
HEXA,Gene
HEXB,Gene
HFE,Gene
HGH1,Gene
HIC1,Gene
HINFP,Gene
HIP1R,Gene
HIPK1,Gene
HIPK2,Gene
HIRA,Gene
HIVEP3,Gene
HLX,Gene
HMBOX1,Gene
HMBS,Gene
HMGA1,Gene
HMGA2,Gene
HMGB1P1,Gene
HMGB2,Gene
HMGN2,Gene
HMOX2,Gene
HNMT,Gene
HNRNPAB,Gene
HNRNPCL1,Gene
HNRNPH1,Gene
HNRNPH3,Gene
HNRNPL,Gene
HNRNPR,Gene
HNRNPUL2,Gene
HOMEZ,Gene
HOOK2,Gene
HOXA7,Gene
HOXB5,Gene
HOXC5,Gene
HOXC9,Gene
HP,Gene
HPDL,Gene
HPS1,Gene
HPSE,Gene
HRH1,Gene
HSD17B6,Gene
HSPA1L,Gene
HSPA9,Gene
HSPB6,Gene
HSPBP1,Gene
HSPD1,Gene
HSPD1P5,Gene
HSPD1P6,Gene
HTATSF1,Gene
HTT,Gene
HUWE1,Gene
HYCC1,Gene
HYCC2,Gene
HYLS1,Gene
IARS2,Gene
ICOSLG,Gene
IFI27,Gene
IFI30,Gene
IFIT2,Gene
IFITM1,Gene
IFITM2,Gene
IFITM3,Gene
IFITM4P,Gene
IFT20,Gene
IFT46,Gene
IFT70B,Gene
IFT74,Gene
IGF2BP1,Gene
IGF2BP3,Gene
IGFBP2,Gene
IGFBP3,Gene
IGFBP6,Gene
IGIP,Gene
IGLL3P,Gene
IGSF10,Gene
IK,Gene
IL10RB,Gene
IL11RA,Gene
IL13RA2,Gene
IL17RC,Gene
IL1RAP,Gene
IL1RL1,Gene
IL2RA,Gene
IL32,Gene
ILDR1,Gene
ILF3,Gene
ILK,Gene
IMMT,Gene
IMPDH1,Gene
INA,Gene
INF2,Gene
ING2,Gene
ING5,Gene
INHBA,Gene
INHBB,Gene
INHBC,Gene
INO80,Gene
INO80C,Gene
INPPL1,Gene
INS1,Gene
INTS3,Gene
INVS,Gene
IPO13,Gene
IPO7,Gene
IRF1,Gene
IRF4,Gene
IRF5,Gene
IRF9,Gene
ISCA1,Gene
ISCU,Gene
ISG15,Gene
ISLR,Gene
ISM1,Gene
IST1,Gene
ISYNA1,Gene
ITFG1,Gene
ITGA11,Gene
ITGA3,Gene
ITGA5,Gene
ITGA7,Gene
ITGB5,Gene
ITIH1,Gene
ITIH4,Gene
ITM2A,Gene
ITPKC,Gene
ITPRIP,Gene
ITPRIPL2,Gene
IWS1,Gene
JADE1,Gene
JAZF1,Gene
JDP2,Gene
JMJD7-PLA2G4B,Gene
JMJD8,Gene
KANSL2,Gene
KANSL3,Gene
KAT14,Gene
KAT2A,Gene
KATNIP,Gene
KAZALD1,Gene
KBTBD11,Gene
KBTBD7,Gene
KCNB1,Gene
KCNJ12,Gene
KCNMA1,Gene
KCTD10,Gene
KCTD12,Gene
KCTD17,Gene
KDM1A,Gene
KIAA0232,Gene
KIAA0319L,Gene
KIAA1143,Gene
KIAA1549L,Gene
KIF2C,Gene
KIF4A,Gene
KIF7,Gene
KIRREL3,Gene
KLB,Gene
KLC2,Gene
KLF11,Gene
KLHDC4,Gene
KLHDC9,Gene
KLHL10,Gene
KLHL18,Gene
KLHL22,Gene
KLHL29,Gene
KLHL9,Gene
KLRG1,Gene
KMO,Gene
KNL1,Gene
KNOP1,Gene
KPNA5,Gene
KPNA6,Gene
KRABD5,Gene
KRT18,Gene
KRT18P55,Gene
KRT18P65,Gene
KRT31,Gene
KRT34,Gene
L3MBTL1,Gene
L3MBTL2,Gene
L3MBTL3,Gene
LACC1,Gene
LAMA5,Gene
LAMP3,Gene
LAMTOR5,Gene
LARP6,Gene
LARP7,Gene
LASP1,Gene
LAT,Gene
LBP,Gene
LBR,Gene
LDAF1,Gene
LDB1,Gene
LDB2,Gene
LDLRAP1,Gene
LEAP2,Gene
LEMD2,Gene
LEPROTL1,Gene
LFNG,Gene
LGALS12,Gene
LGALS7,Gene
LGMN,Gene
LGR6,Gene
LHCGR,Gene
LHFPL2,Gene
LHFPL3,Gene
LHFPL6,Gene
LHPP,Gene
LIAS,Gene
LIFR,Gene
LIG1,Gene
LIG3,Gene
LIMCH1,Gene
LIMS1,Gene
LINC00174,Gene
LINC00265,Gene
LINC00339,Gene
LINC00597,Gene
LINC00965,Gene
LINC01000,Gene
LINC01140,Gene
LIPC,Gene
LMAN2,Gene
LMBR1L,Gene
LMNB2,Gene
LMO3,Gene
LNPK,Gene
LOH12CR2,Gene
LONRF2,Gene
LOXL1,Gene
LOXL4,Gene
LPCAT1,Gene
LPCAT2,Gene
LPGAT1,Gene
LPL,Gene
LPXN,Gene
LRATD1,Gene
LRIG1,Gene
LRP1,Gene
LRP10,Gene
LRP8,Gene
LRPAP1,Gene
LRPPRC,Gene
LRRC1,Gene
LRRC37A2,Gene
LRRC42,Gene
LRRC59,Gene
LRSAM1,Gene
LRTOMT,Gene
LRWD1,Gene
LSM14A,Gene
LSM5,Gene
LTBP1,Gene
LTBP3,Gene
LUC7L,Gene
LUM,Gene
LXN,Gene
LY6K,Gene
LYG1,Gene
LYRM7,Gene
LYSMD1,Gene
LZIC,Gene
LZTS2,Gene
MAB21L1,Gene
MACF1,Gene
MACROH2A1,Gene
MAF1,Gene
MAGED2,Gene
MAGEH1,Gene
MAGT1,Gene
MALAT1,Gene
MALL,Gene
MAMDC2,Gene
MAN1A2,Gene
MAN2A2,Gene
MAN2B2,Gene
MANBA,Gene
MAP1A,Gene
MAP1LC3BP1,Gene
MAP1LC3C,Gene
MAP2K5,Gene
MAP3K10,Gene
MAP3K12,Gene
MAP3K20,Gene
MAP4,Gene
MAPK7,Gene
MAPKAP1,Gene
MAPKBP1,Gene
MARCHF2,Gene
MARCHF4,Gene
MARCHF5,Gene
MARCHF6,Gene
MARCKS,Gene
MARCKSL1,Gene
MAST4,Gene
MASTL,Gene
MATN2,Gene
MBD2,Gene
MBOAT7,Gene
MBTPS1,Gene
MCAM,Gene
MCEE,Gene
MCFD2,Gene
MCMBP,Gene
MCOLN1,Gene
MCRS1,Gene
MCTP1,Gene
MDGA1,Gene
MDN1,Gene
MDP1,Gene
ME1,Gene
MEA1,Gene
MEAF6,Gene
MECR,Gene
MED12,Gene
MED14OS,Gene
MED18,Gene
MED26,Gene
MED4,Gene
MED7,Gene
MEF2C,Gene
MEGF6,Gene
MEI1,Gene
MEIS1,Gene
MEIS3,Gene
METRNL,Gene
METTL21A,Gene
METTL23,Gene
MFAP4,Gene
MFF,Gene
MFGE8,Gene
MGAT1,Gene
MGP,Gene
MGRN1,Gene
MGST2,Gene
MIA2,Gene
MICAL1,Gene
MICALL2,Gene
MICU3,Gene
MIEN1,Gene
MIER1,Gene
MIF4GD,Gene
MIMS2,Gene
MINDY3,Gene
MIPEP,Gene
MIR1915HG,Gene
MIS12,Gene
MIX23,Gene
MKRN1,Gene
MLEC,Gene
MLF1,Gene
MLLT10,Gene
MLXIP,Gene
MLXIPL,Gene
MMD,Gene
MMGT1,Gene
MMP11,Gene
MMP19,Gene
MOB3A,Gene
MOB3B,Gene
MOGAT1,Gene
MOGS,Gene
MOK,Gene
MORC2,Gene
MORC2-AS1,Gene
MORN1,Gene
MOSMO,Gene
MOSPD1,Gene
MOSPD3,Gene
MPDZ,Gene
MPIG6B,Gene
MPPE1,Gene
MPZL1,Gene
MRAP,Gene
MRFAP1,Gene
MROH1,Gene
MRPL19,Gene
MRPL22,Gene
MRPL27,Gene
MRPL33,Gene
MRPL34,Gene
MRPL42P5,Gene
MRPL48,Gene
MRPL51,Gene
MRPL52,Gene
MRPS11,Gene
MRPS14,Gene
MRPS18B,Gene
MRPS22,Gene
MRPS28,Gene
MRPS5,Gene
MRPS6,Gene
MSANTD4,Gene
MSRB2,Gene
MTA2,Gene
MTARC2,Gene
MTG2,Gene
MTMR12,Gene
MTMR9LP,Gene
MTREX,Gene
MTSS2,Gene
MTURN,Gene
MUL1,Gene
MXRA5,Gene
MXRA7,Gene
MXRA8,Gene
MYBL1,Gene
MYCBP2,Gene
MYEOV2,Gene
MYL5,Gene
MYO19,Gene
MYO1C,Gene
MYO1D,Gene
MYO5A,Gene
MYO9A,Gene
MYPN,Gene
N6AMT2,Gene
NAA30,Gene
NAA40,Gene
NAB1,Gene
NABP1,Gene
NACC2,Gene
NANOS1,Gene
NAP1L1,Gene
NAP1L4,Gene
NAP1L5,Gene
NAPG,Gene
NAT9,Gene
NAV1,Gene
NAV2,Gene
NBPF10,Gene
NBPF11,Gene
NBPF14,Gene
NBPF3,Gene
NCEH1,Gene
NCF2,Gene
NCOR1,Gene
ND2,Gene
ND5,Gene
ND6,Gene
NDFIP1,Gene
NDN,Gene
NDRG4,Gene
NDUFAF8,Gene
NDUFB1,Gene
NDUFB2,Gene
NDUFB9,Gene
NDUFC2,Gene
NDUFS1,Gene
NDUFS6,Gene
NEFL,Gene
NEFM,Gene
NEK9,Gene
NELFA,Gene
NET1,Gene
NETO2,Gene
NEU1,Gene
NEURL1B,Gene
NFE2L1,Gene
NFIA,Gene
NFS1,Gene
NFYB,Gene
NGF,Gene
NGRN,Gene
NHLRC3,Gene
NIBAN1,Gene
NICN1,Gene
NICOL1,Gene
NIN,Gene
NINL,Gene
NISCH,Gene
NKD2,Gene
NKTR,Gene
NKX2-1,Gene
NLE1,Gene
NLRC5,Gene
NMB,Gene
NME3,Gene
NMRAL2P,Gene
NMT1,Gene
NOC2L,Gene
NOC3L,Gene
NOL11,Gene
NOL6,Gene
NOL8,Gene
NOMO1,Gene
NOP2,Gene
NOP56P2,Gene
NOTCH2,Gene
NOTCH2NLA,Gene
NOXA1,Gene
NPC1,Gene
NPEPPS,Gene
NPFF,Gene
NPHS2,Gene
NPIPB15,Gene
NPIPB1P,Gene
NPIPB3,Gene
NPIPB5,Gene
NPIPB7,Gene
NPM1P8,Gene
NPR2,Gene
NPTN,Gene
NPY4R,Gene
NRCAM,Gene
NRP1,Gene
NRP2,Gene
NRSN2,Gene
NSD3,Gene
NSMCE1,Gene
NSUN5P1,Gene
NTHL1,Gene
NTN1,Gene
NTRK2,Gene
NUDCD2,Gene
NUDT1,Gene
NUDT14,Gene
NUDT16,Gene
NUDT19,Gene
NUDT3,Gene
NUDT4,Gene
NUDT6,Gene
NUP155,Gene
NUP37,Gene
NUP43,Gene
NUP50,Gene
NUP98,Gene
NXF1,Gene
OBI1,Gene
OBSL1,Gene
OCIAD2,Gene
ODF2,Gene
OGA,Gene
OGG1,Gene
OGN,Gene
OIP5,Gene
OIP5-AS1,Gene
OLFML1,Gene
OLFML2A,Gene
OLFML3,Gene
OMD,Gene
OR10J5,Gene
OR7E13P,Gene
OR7E91P,Gene
OR8B8,Gene
ORAI1,Gene
ORC2,Gene
ORC6,Gene
ORMDL1,Gene
ORMDL3,Gene
OS9,Gene
OSBPL3,Gene
OSBPL6,Gene
OSBPL8,Gene
OSER1,Gene
OSR2,Gene
OST4,Gene
OTUB2,Gene
OXCT1,Gene
P2RX2,Gene
P4HTM,Gene
PABPC3,Gene
PACSIN2,Gene
PAICS,Gene
PAIP1,Gene
PAIP2,Gene
PAIP2B,Gene
PAK1IP1,Gene
PALD1,Gene
PALM2AKAP2,Gene
PALMD,Gene
PAMR1,Gene
PAPOLG,Gene
PARD3,Gene
PARN,Gene
PARP3,Gene
PARPBP,Gene
PATL1,Gene
PAXX,Gene
PBX3,Gene
PCDHA11,Gene
PCDHGA12,Gene
PCDHGA2,Gene
PCDHGA3,Gene
PCK1,Gene
PCLAF,Gene
PCOLCE,Gene
PCYOX1,Gene
PDCD6IP,Gene
PDCD7,Gene
PDCL,Gene
PDE1A,Gene
PDE4A,Gene
PDE4DIP,Gene
PDE7A,Gene
PDE7B,Gene
PDE8B,Gene
PDGFD,Gene
PDGFRL,Gene
PDIA4,Gene
PDK4,Gene
PDLIM1,Gene
PDLIM4,Gene
PDPN,Gene
PDXDC2P,Gene
PDXK,Gene
PDZD8,Gene
PDZRN3,Gene
PEA15,Gene
PEAR1,Gene
PECAM1,Gene
PER2,Gene
PES1,Gene
PEX11A,Gene
PEX13,Gene
PFDN2,Gene
PFDN4,Gene
PFN1,Gene
PFN1P2,Gene
PGAP3,Gene
PGBD3,Gene
PGGHG,Gene
PGGT1B,Gene
PHB1P11,Gene
PHC2,Gene
PHF1,Gene
PHF11,Gene
PHF19,Gene
PHF20L1,Gene
PHF5A,Gene
PHLDA2,Gene
PHLDB1,Gene
PHLDB3,Gene
PHLPP2,Gene
PHOSPHO2,Gene
PI4KA,Gene
PI4KB,Gene
PIAS1,Gene
PICALM,Gene
PID1,Gene
PIEZO2,Gene
PIGF,Gene
PIGG,Gene
PIGH,Gene
PIGQ,Gene
PIGS,Gene
PIK3C2B,Gene
PIK3C3,Gene
PILRA,Gene
PIR,Gene
PITPNM1,Gene
PITRM1,Gene
PKD1,Gene
PKD1L2,Gene
PKD2L1,Gene
PKDCC,Gene
PLA2G4C,Gene
PLAAT3,Gene
PLAAT4,Gene
PLAGL1,Gene
PLBD2,Gene
PLCD3,Gene
PLD3,Gene
PLEK2,Gene
PLEKHA1,Gene
PLEKHA5,Gene
PLEKHG4,Gene
PLIN1,Gene
PLIN3,Gene
PLIN5,Gene
PLK3,Gene
PLPP3,Gene
PLPP6,Gene
PLPPR2,Gene
PLSCR4,Gene
PLXNA1,Gene
PLXNA4,Gene
PLXNB1,Gene
PMEL,Gene
PMP22,Gene
PMPCA,Gene
PMS1,Gene
PMS2P5,Gene
PMS2P9,Gene
PNPLA3,Gene
PNPLA6,Gene
PNRC2,Gene
PODN,Gene
PODXL,Gene
POFUT2,Gene
POGLUT1,Gene
POGLUT2,Gene
POGZ,Gene
POLD3,Gene
POLH,Gene
POLR2I,Gene
POLR2J2,Gene
POLR3GL,Gene
POLR3H,Gene
POM121,Gene
POM121L8P,Gene
POMGNT2,Gene
POP1,Gene
POU2F1,Gene
POU5F1,Gene
PPAP2A,Gene
PPFIBP1,Gene
PPIA,Gene
PPIAL4A,Gene
PPIC,Gene
PPIEL,Gene
PPIP5K1,Gene
PPM1B,Gene
PPM1D,Gene
PPM1M,Gene
PPP1CB,Gene
PPP1R13L,Gene
PPP1R14B,Gene
PPP1R18,Gene
PPP1R1A,Gene
PPP1R1C,Gene
PPP1R2,Gene
PPP1R3B,Gene
PPP1R3F,Gene
PPP1R9B,Gene
PPP3R1,Gene
PPT2,Gene
PPY,Gene
PRDM11,Gene
PRDM2,Gene
PRDM4,Gene
PRDX2,Gene
PRDX3,Gene
PREB,Gene
PREX1,Gene
PRICKLE2,Gene
PRIM2,Gene
PRINS,Gene
PRKACB,Gene
PRKACG,Gene
PRKAG1,Gene
PRKAG2,Gene
PRKAR1A,Gene
PRKAR1B,Gene
PRKAR2B,Gene
PRKDC,Gene
PRKY,Gene
PRMT1,Gene
PRMT2,Gene
PRMT2IP,Gene
PRMT3,Gene
PROCR,Gene
PRPF38B,Gene
PRPF40B,Gene
PRPS1L1,Gene
PRPSAP1,Gene
PRPSAP2,Gene
PRRC1,Gene
PRRC2B,Gene
PRRC2C,Gene
PRRG1,Gene
PRRG3,Gene
PRRX2,Gene
PRSS12,Gene
PRUNE2,Gene
PRXL2A,Gene
PSG8,Gene
PSKH1,Gene
PSMA1,Gene
PSMA2,Gene
PSMB1,Gene
PSMD2,Gene
PSMD7,Gene
PSMG2,Gene
PSMG3-AS1,Gene
PTBP2,Gene
PTBP3,Gene
PTCH1,Gene
PTGER2,Gene
PTH1R,Gene
PTMA,Gene
PTP4A1,Gene
PTPMT1,Gene
PTPN14,Gene
PTPN18,Gene
PTPRF,Gene
PUM2,Gene
PUM3,Gene
PUS7,Gene
PWWP2A,Gene
PXMP4,Gene
PXYLP1,Gene
PYGO2,Gene
R3HDM2,Gene
RAB29,Gene
RAB3B,Gene
RAB40B,Gene
RAB4B,Gene
RAB5B,Gene
RAB6A,Gene
RAB7B,Gene
RABL2A,Gene
RACGAP1,Gene
RAD21,Gene
RAD51-AS1,Gene
RAD54B,Gene
RAD54L2,Gene
RAI2,Gene
RALBP1,Gene
RAMP1,Gene
RAN,Gene
RASA1,Gene
RASAL1,Gene
RASD1,Gene
RASGRP2,Gene
RASGRP4,Gene
RASL10B,Gene
RASL11A,Gene
RASSF1,Gene
RASSF4,Gene
RBBP4,Gene
RBFA,Gene
RBFOX2,Gene
RBM17,Gene
RBM25,Gene
RBM3,Gene
RBM39,Gene
RBM45,Gene
RBM6,Gene
RBP4,Gene
RBPMS,Gene
RC3H1,Gene
RCBTB2,Gene
RCOR3,Gene
RDH13,Gene
RDH14,Gene
RDH5,Gene
RECK,Gene
REEP5,Gene
RELL1,Gene
RENBP,Gene
RERG,Gene
RETN,Gene
RETNLB,Gene
RETREG1,Gene
RETSAT,Gene
REV3L,Gene
REX1BD,Gene
RFESD,Gene
RFK,Gene
RFT1,Gene
RFX5,Gene
RGMA,Gene
RGPD6,Gene
RHBDF1,Gene
RHBDF2,Gene
RHOV,Gene
RIC8A,Gene
RILPL1,Gene
RIMBP3,Gene
RIOK2,Gene
RIOX1,Gene
RMDN1,Gene
RMDN2,Gene
RMI1,Gene
RNASEH1,Gene
RNF114,Gene
RNF13,Gene
RNF130,Gene
RNF145,Gene
RNF150,Gene
RNF167,Gene
RNF170,Gene
RNF185,Gene
RNF215,Gene
RNF220,Gene
RNF24,Gene
RNF26,Gene
RNF31,Gene
RNLS,Gene
ROGDI,Gene
ROM1,Gene
ROMO1,Gene
ROR1,Gene
RPA2,Gene
RPF2,Gene
RPH3AL,Gene
RPIA,Gene
RPL10A,Gene
RPL13,Gene
RPL13A,Gene
RPL15P11,Gene
RPL17,Gene
RPL17P33,Gene
RPL17P50,Gene
RPL19,Gene
RPL21,Gene
RPL21P62,Gene
RPL22L1,Gene
RPL23AP32,Gene
RPL26L1,Gene
RPL26P11,Gene
RPL36A,Gene
RPL7AP36,Gene
RPLP0,Gene
RPLP2,Gene
RPN1,Gene
RPP25L,Gene
RPRD1B,Gene
RPS10,Gene
RPS14,Gene
RPS17,Gene
RPS18,Gene
RPS2,Gene
RPS21,Gene
RPS27,Gene
RPS27AP17,Gene
RPS2P18,Gene
RPS2P28,Gene
RPS2P32,Gene
RPS3,Gene
RPS3P6,Gene
RPS6KA4,Gene
RPS7P5,Gene
RPS8,Gene
RPSA,Gene
RPSAP30,Gene
RPSAP47,Gene
RPSAP52,Gene
RPTOR,Gene
RRAGC,Gene
RRAS,Gene
RRBP1,Gene
RRP12,Gene
RRS1,Gene
RSL1D1,Gene
RSL24D1,Gene
RSPH1,Gene
RSU1,Gene
RTCB,Gene
RTL8A,Gene
RTN2,Gene
RTN4RL1,Gene
RUNDC3A,Gene
RUSC1,Gene
RWDD3,Gene
RWDD4,Gene
RXYLT1,Gene
S100B,Gene
SAA1,Gene
SAC3D1,Gene
SACM1L,Gene
SACS,Gene
SALL2,Gene
SAMD14,Gene
SAMD9,Gene
SAMHD1,Gene
SAP18,Gene
SAP30,Gene
SAP30L,Gene
SAR1A,Gene
SAR1B,Gene
SAT2,Gene
SAXO6,Gene
SBSPON,Gene
SCAF1,Gene
SCAMP4,Gene
SCAND2P,Gene
SCARNA17,Gene
SCFD2,Gene
SCG2,Gene
SCGN,Gene
SCMH1,Gene
SCML1,Gene
SCN8A,Gene
SCOC,Gene
SCRIB,Gene
SCRN2,Gene
SCUBE2,Gene
SCUBE3,Gene
SDAD1,Gene
SDC4,Gene
SDF2,Gene
SDF2L1,Gene
SDHA,Gene
SDHAF1,Gene
SDHD,Gene
SEC11B,Gene
SEC11C,Gene
SEC16A,Gene
SEC16B,Gene
SEC22B,Gene
SEC23B,Gene
SEC63,Gene
SECISBP2L,Gene
SELENBP1,Gene
SELENOP,Gene
SELO,Gene
SEM1,Gene
SEMA3B,Gene
SEMA3G,Gene
SEMA4F,Gene
SEMA4G,Gene
SEMA7A,Gene
SEPSECS,Gene
SEPTIN9,Gene
SEPW1,Gene
SERINC1,Gene
SERINC3,Gene
SERPINA6,Gene
SERPINF1,Gene
SERPING1,Gene
SERTAD1,Gene
SERTAD3,Gene
SET,Gene
SETD2,Gene
SETD3,Gene
SETD4,Gene
SETD5,Gene
SFI1,Gene
SFMBT1,Gene
SFRP2,Gene
SFSWAP,Gene
SFT2D2,Gene
SFTPA2,Gene
SFTPB,Gene
SFTPC,Gene
SGMS1,Gene
SGMS2,Gene
SGSM2,Gene
SH2D4A,Gene
SH3BGRL,Gene
SH3BP5,Gene
SH3D19,Gene
SHC3,Gene
SHCBP1,Gene
SHLD2,Gene
SHMT1,Gene
SHPRH,Gene
SIDT2,Gene
SIRT4,Gene
SKA2,Gene
SKI,Gene
SKIC2,Gene
SKIC8,Gene
SKP1,Gene
SLC16A12,Gene
SLC16A13,Gene
SLC23A2,Gene
SLC25A1,Gene
SLC25A10,Gene
SLC25A18,Gene
SLC25A22,Gene
SLC25A36,Gene
SLC25A5P7,Gene
SLC27A3,Gene
SLC29A3,Gene
SLC2A14,Gene
SLC2A4,Gene
SLC2A4RG,Gene
SLC2A5,Gene
SLC35A2,Gene
SLC35C1,Gene
SLC35E1,Gene
SLC35E2B,Gene
SLC35E4,Gene
SLC35F2,Gene
SLC38A1,Gene
SLC38A2,Gene
SLC38A5,Gene
SLC38A7,Gene
SLC39A11,Gene
SLC39A8,Gene
SLC41A3,Gene
SLC43A2,Gene
SLC46A3,Gene
SLC48A1,Gene
SLC4A7,Gene
SLC5A5,Gene
SLC66A3,Gene
SLC68A1,Gene
SLC6A14,Gene
SLC6A17,Gene
SLC7A6,Gene
SLC7A8,Gene
SLCO4C1,Gene
SLIT3,Gene
SLTM,Gene
SLX1A,Gene
SLX4,Gene
SMAD1,Gene
SMARCA1,Gene
SMARCA2,Gene
SMARCD1,Gene
SMCR8,Gene
SMG1,Gene
SMG5,Gene
SMIM11,Gene
SMIM14,Gene
SMIM3,Gene
SMIM30,Gene
SMIM7,Gene
SMOC1,Gene
SMOC2,Gene
SMPD1,Gene
SMS,Gene
SMYD3,Gene
SMYD4,Gene
SNAI3-AS1,Gene
SNAPC3,Gene
SNAPC4,Gene
SNAPC5,Gene
SNHG1,Gene
SNIP1,Gene
SNRNP40,Gene
SNRPB2,Gene
SNRPD1,Gene
SNRPE,Gene
SNRPF,Gene
SNRPG,Gene
SNRPGP10,Gene
SNRPN,Gene
SNURF,Gene
SNX12,Gene
SNX15,Gene
SNX2,Gene
SNX27,Gene
SOBP,Gene
SORBS1,Gene
SORD,Gene
SOX13,Gene
SOX3,Gene
SOX4,Gene
SP100,Gene
SPAG4,Gene
SPARCL1,Gene
SPATA13,Gene
SPATA18,Gene
SPATA2,Gene
SPCS1,Gene
SPDYE21,Gene
SPEM2,Gene
SPG7,Gene
SPIN1,Gene
SPMIP6,Gene
SPNS1,Gene
SPOCK1,Gene
SPON1,Gene
SPPL3,Gene
SPRY4,Gene
SPTY2D1,Gene
SQLE,Gene
SRP72,Gene
SRP9,Gene
SRPRA,Gene
SRPX,Gene
SRPX2,Gene
SRRM2,Gene
SRRM3,Gene
SRSF11,Gene
SRSF5,Gene
SS18L1,Gene
SS18L2,Gene
SSB,Gene
SSBP2,Gene
SSBP3,Gene
SSH3,Gene
SSPN,Gene
SSTR1,Gene
SSU72,Gene
ST20-AS1,Gene
ST3GAL4,Gene
ST6GALNAC4,Gene
ST6GALNAC6,Gene
STAG3,Gene
STAG3L1,Gene
STAG3L2,Gene
STARD5,Gene
STARD7,Gene
STAU1,Gene
STAU2,Gene
STEAP3,Gene
STEEP1,Gene
STIM1,Gene
STIM2,Gene
STING1,Gene
STIP1,Gene
STK17B,Gene
STK38,Gene
STMN2,Gene
STN1,Gene
STOML1,Gene
STX12,Gene
STX4,Gene
STX6,Gene
STX8,Gene
STXBP4,Gene
STXBP5L,Gene
STYX,Gene
SUB1,Gene
SUGP2,Gene
SULF1,Gene
SULF2,Gene
SUMF1,Gene
SUMO1P3,Gene
SUMO2,Gene
SUN2,Gene
SUPV3L1,Gene
SURF4,Gene
SUZ12,Gene
SVBP,Gene
SYCP1,Gene
SYNC,Gene
SYNE1,Gene
SYNJ2,Gene
SYNM,Gene
SYNPO,Gene
SYTL2,Gene
SZRD1,Gene
TACC1,Gene
TACO1,Gene
TAF11,Gene
TAF12,Gene
TAF13,Gene
TAFA2,Gene
TAOK2,Gene
TAPBPL,Gene
TARBP2,Gene
TAS2R31,Gene
TATDN2,Gene
TAX1BP3,Gene
TBC1D13,Gene
TBC1D17,Gene
TBC1D22B,Gene
TBC1D2B,Gene
TBC1D5,Gene
TBC1D9,Gene
TBC1D9B,Gene
TBCC,Gene
TBCD,Gene
TBCEL,Gene
TBL1Y,Gene
TBX18,Gene
TBX19,Gene
TBX3,Gene
TCEA2,Gene
TCEAL8,Gene
TCF25,Gene
TCF7,Gene
TEAD1,Gene
TEK,Gene
TENT5B,Gene
TERF1,Gene
TESK1,Gene
TEX10,Gene
TFCP2,Gene
TFE3,Gene
TFPI2,Gene
TGFB2,Gene
TGFB3,Gene
THAP1,Gene
THAP11,Gene
THAP3,Gene
THAP7-AS1,Gene
THBS3,Gene
THOC2,Gene
THOC5,Gene
THOC7,Gene
THOP1,Gene
THRSP,Gene
THYN1,Gene
TIA1,Gene
TICAM1,Gene
TICAM2,Gene
TIGD2,Gene
TIGD6,Gene
TIMM9,Gene
TIMMDC1,Gene
TIMP4,Gene
TLE1,Gene
TLE2,Gene
TLE3,Gene
TLN1,Gene
TLNRD1,Gene
TM2D1,Gene
TM7SF2,Gene
TM9SF3,Gene
TM9SF4,Gene
TMBIM4,Gene
TMC5,Gene
TMED10,Gene
TMED9,Gene
TMEM106C,Gene
TMEM109,Gene
TMEM115,Gene
TMEM132C,Gene
TMEM140,Gene
TMEM158,Gene
TMEM170A,Gene
TMEM170B,Gene
TMEM171,Gene
TMEM179B,Gene
TMEM185A,Gene
TMEM198B,Gene
TMEM200A,Gene
TMEM200C,Gene
TMEM208,Gene
TMEM217,Gene
TMEM230,Gene
TMEM242,Gene
TMEM245,Gene
TMEM254,Gene
TMEM258,Gene
TMEM38A,Gene
TMEM41A,Gene
TMEM41B,Gene
TMEM42,Gene
TMEM50A,Gene
TMEM59,Gene
TMEM63A,Gene
TMEM64,Gene
TMEM86A,Gene
TMEM97,Gene
TMOD2,Gene
TMSB15A,Gene
TMT1A,Gene
TMTC1,Gene
TMTC3,Gene
TMTC4,Gene
TNFAIP8,Gene
TNFRSF11B,Gene
TNFRSF12A,Gene
TNFSF12,Gene
TNFSF4,Gene
TNKS,Gene
TNNC2,Gene
TNNT3,Gene
TNRC6B,Gene
TNXB,Gene
TOB2,Gene
TOP1MT,Gene
TOP3A,Gene
TOR1AIP1,Gene
TOR4A,Gene
TP53BP1,Gene
TP53BP2,Gene
TPCN1,Gene
TPD52L2,Gene
TPM1,Gene
TPM3,Gene
TPP1,Gene
TPST1,Gene
TPX2,Gene
TRABD2A,Gene
TRAM2,Gene
TRAP1,Gene
TRAPPC1,Gene
TRAPPC10,Gene
TRAPPC2,Gene
TRAPPC2B,Gene
TRAPPC2L,Gene
TRAPPC6A,Gene
TRARG1,Gene
TRBV21-1,Gene
TRIL,Gene
TRIM13,Gene
TRIM2,Gene
TRIM24,Gene
TRIM26,Gene
TRIM32,Gene
TRIM34,Gene
TRIM35,Gene
TRIM38,Gene
TRIM4,Gene
TRIM6,Gene
TRIM66,Gene
TRIM8,Gene
TRIO,Gene
TRIP10,Gene
TRIQK,Gene
TRMT61A,Gene
TROAP,Gene
TRPC1,Gene
TRPC4,Gene
TRPC4AP,Gene
TRPM7,Gene
TRPV2,Gene
TRPV4,Gene
TSKS,Gene
TSNAX,Gene
TSPAN3,Gene
TSPAN31,Gene
TSPAN33,Gene
TSPAN6,Gene
TSPEAR-AS2,Gene
TSPYL1,Gene
TSPYL2,Gene
TST,Gene
TSTD2,Gene
TTC14,Gene
TTC17,Gene
TTC21A,Gene
TTC28,Gene
TTI1,Gene
TTLL11,Gene
TTLL3,Gene
TTPAL,Gene
TTTY14,Gene
TUBA1B,Gene
TUBA1C,Gene
TUBA8,Gene
TUBB,Gene
TUBB2A,Gene
TUBB3,Gene
TUBB8,Gene
TUBGCP5,Gene
TUBGCP6,Gene
TUG1,Gene
TULP4,Gene
TUSC1,Gene
TUSC2,Gene
TVP23C,Gene
TWIST2,Gene
TXLNG,Gene
TYW2,Gene
TYW5,Gene
U2AF1L4,Gene
UBA1,Gene
UBAP1L,Gene
UBAP2L,Gene
UBE2D4,Gene
UBE2DNL,Gene
UBE2H,Gene
UBE2NL,Gene
UBE2O,Gene
UBE2Q2P1,Gene
UBE2T,Gene
UBE2V1,Gene
UBE2W,Gene
UBE3D,Gene
UBIAD1,Gene
UBL7,Gene
UBR1,Gene
UBXN6,Gene
UBXN7,Gene
UCK2,Gene
UCP2,Gene
UGCG,Gene
UHRF2,Gene
ULK3,Gene
UNC13B,Gene
UNC50,Gene
UNC93B1,Gene
UPF3A,Gene
UPP1,Gene
UQCR10,Gene
UQCRC2,Gene
UQCRQ,Gene
URB1,Gene
USP10,Gene
USP13,Gene
USP15,Gene
USP18,Gene
USP24,Gene
USP30-AS1,Gene
USP33,Gene
USP34,Gene
USP39,Gene
USP40,Gene
USP41P,Gene
USP42,Gene
USP53,Gene
USP6,Gene
USP7,Gene
USP8,Gene
USPL1,Gene
UTP11,Gene
UTP15,Gene
UTP20,Gene
VAC14,Gene
VAMP4,Gene
VAPA,Gene
VARS2,Gene
VCL,Gene
VDAC1,Gene
VDAC2,Gene
VDAC3,Gene
VEGFD,Gene
VEZF1,Gene
VGLL3,Gene
VGLL4,Gene
VIPAS39,Gene
VIT,Gene
VKORC1,Gene
VMA12,Gene
VOPP1,Gene
VPS13A,Gene
VPS13B,Gene
VPS13D,Gene
VPS37A,Gene
VPS39,Gene
VPS4B,Gene
VPS52,Gene
VPS8,Gene
VRK3,Gene
VSIR,Gene
VSTM4,Gene
VTA1,Gene
VTI1A,Gene
VTN,Gene
WASF3,Gene
WASH5P,Gene
WBP1,Gene
WBP11,Gene
WDCP,Gene
WDFY3,Gene
WDFY3-AS2,Gene
WDHD1,Gene
WDR19,Gene
WDR4,Gene
WDR46,Gene
WDR54,Gene
WDR59,Gene
WDR74,Gene
WDR83,Gene
WDR83OS,Gene
WDR90,Gene
WFDC21P,Gene
WHAMM,Gene
WIF1,Gene
WIPF1,Gene
WIPF2,Gene
WNK1,Gene
WNT11,Gene
WNT3,Gene
WNT5B,Gene
WRAP53,Gene
WRN,Gene
WSB2,Gene
WWC3,Gene
XPA,Gene
XPNPEP1,Gene
XPO6,Gene
XPOT,Gene
XRN2,Gene
YAP1,Gene
YBX3,Gene
YDJC,Gene
YIPF1,Gene
YIPF6,Gene
YPEL3,Gene
YPEL5,Gene
YTHDF2,Gene
YWHAEP1,Gene
YWHAH,Gene
ZAN,Gene
ZBED3,Gene
ZBTB1,Gene
ZBTB20,Gene
ZBTB4,Gene
ZBTB9,Gene
ZC3H11A,Gene
ZCCHC17,Gene
ZCCHC7,Gene
ZDHHC1,Gene
ZDHHC17,Gene
ZDHHC21,Gene
ZDHHC3,Gene
ZDHHC9,Gene
ZEB2,Gene
ZFAND2A,Gene
ZFAND5,Gene
ZFC3H1,Gene
ZFHX4,Gene
ZFP36,Gene
ZFP36L2,Gene
ZFP62,Gene
ZFP91,Gene
ZFR,Gene
ZFTRAF1,Gene
ZFYVE1,Gene
ZFYVE16,Gene
ZFYVE19,Gene
ZFYVE28,Gene
ZGPAT,Gene
ZHX3,Gene
ZMAT5,Gene
ZMIZ1,Gene
ZMYM2,Gene
ZMYM3,Gene
ZMYM6,Gene
ZMYND11,Gene
ZMYND12,Gene
ZMYND8,Gene
ZNF101,Gene
ZNF124,Gene
ZNF148,Gene
ZNF157,Gene
ZNF17,Gene
ZNF189,Gene
ZNF195,Gene
ZNF2,Gene
ZNF225,Gene
ZNF23,Gene
ZNF232,Gene
ZNF248,Gene
ZNF263,Gene
ZNF266,Gene
ZNF267,Gene
ZNF271P,Gene
ZNF273,Gene
ZNF281,Gene
ZNF282,Gene
ZNF287,Gene
ZNF292,Gene
ZNF317,Gene
ZNF32,Gene
ZNF324,Gene
ZNF33A,Gene
ZNF358,Gene
ZNF383,Gene
ZNF384,Gene
ZNF395,Gene
ZNF397,Gene
ZNF410,Gene
ZNF414,Gene
ZNF430,Gene
ZNF436,Gene
ZNF436-AS1,Gene
ZNF439,Gene
ZNF473,Gene
ZNF493,Gene
ZNF518A,Gene
ZNF532,Gene
ZNF542P,Gene
ZNF543,Gene
ZNF544,Gene
ZNF549,Gene
ZNF559,Gene
ZNF562,Gene
ZNF564,Gene
ZNF57,Gene
ZNF572,Gene
ZNF580,Gene
ZNF587,Gene
ZNF589,Gene
ZNF600,Gene
ZNF621,Gene
ZNF624,Gene
ZNF638,Gene
ZNF644,Gene
ZNF652,Gene
ZNF660,Gene
ZNF682,Gene
ZNF688,Gene
ZNF689,Gene
ZNF692,Gene
ZNF70,Gene
ZNF706,Gene
ZNF713,Gene
ZNF721,Gene
ZNF731P,Gene
ZNF738,Gene
ZNF761,Gene
ZNF767P,Gene
ZNF787,Gene
ZNF821,Gene
ZNF823,Gene
ZNF85,Gene
ZNF875,Gene
ZNHIT3,Gene
ZNRF1,Gene
ZNRF3,Gene
ZPR1,Gene
ZRANB3,Gene
ZRSR2P1,Gene
ZSCAN21,Gene
ZSCAN32,Gene
ZSCAN9,Gene
ZSWIM3,Gene
ZSWIM9,Gene
ZUP1,Gene
ZWINT,Gene
ZXDC,Gene
ZZEF1,Gene
PRKN,Gene
TH,Gene
ATP6,Gene
ATP8,Gene
COX1,Gene
COX2,Gene
COX3,Gene
COX5B,Gene
CYTB,Gene
IRS2,Gene
ND3,Gene
ND4,Gene
ND4L,Gene
NDUFA6,Gene
SIRT3,Gene
A4GALT,Gene
AARS1,Gene
AARS2,Gene
ABCC8,Gene
ABHD15,Gene
ABR,Gene
ACKR3,Gene
ACTBL2,Gene
ACTG1P9,Gene
ACTN3,Gene
ACVR2B,Gene
ADA2,Gene
ADAM33,Gene
ADAM8,Gene
ADAM9,Gene
ADCYAP1,Gene
ADGRB2,Gene
ADGRB3,Gene
ADM2,Gene
ADRA2B,Gene
AEBP1,Gene
AKNA,Gene
ALCAM,Gene
AMH,Gene
ANAPC16,Gene
ANKDD1B,Gene
ANKRD10,Gene
ANKRD30BL,Gene
ANKRD9,Gene
ANXA2,Gene
APLN,Gene
APLNR,Gene
AQP9,Gene
ARHGAP26,Gene
ARHGEF26,Gene
ARL4C,Gene
ARL4D,Gene
ARPP21,Gene
ASF1B,Gene
ASPM,Gene
ASS1P7,Gene
ASS1P9,Gene
ASXL3,Gene
ATAD2,Gene
ATF4P4,Gene
ATF5,Gene
ATP13A2,Gene
ATP2B1,Gene
ATP2B2,Gene
ATP4A,Gene
ATP5F1AP1,Gene
ATP5PB,Gene
ATP5PD,Gene
ATP6V0E1,Gene
ATP8B1,Gene
AVPI1,Gene
AXL,Gene
B3GALT2,Gene
B3GAT2,Gene
B4GALNT3,Gene
BACE1-AS,Gene
BAIAP2-DT,Gene
BAK1,Gene
BARHL2,Gene
BBC3,Gene
BCAM,Gene
BCAT1,Gene
BCAT2,Gene
BCOR,Gene
BCS1L,Gene
BLTP3A,Gene
BLVRB,Gene
BMP2,Gene
BMP5,Gene
BOK,Gene
BTF3,Gene
BZW1P1,Gene
C12ORF76,Gene
C17ORF58,Gene
C1ORF115,Gene
C1QBP,Gene
C1QL4,Gene
C20ORF203,Gene
CA4,Gene
CACNG5,Gene
CALD1,Gene
CALM1,Gene
CALM2P3,Gene
CALM2P4,Gene
CALM3,Gene
CAMKK1,Gene
CAP1,Gene
CARD14,Gene
CASP,Gene
CASZ1,Gene
CCDC18-AS1,Gene
CCDC8,Gene
CCDC92,Gene
CD248,Gene
CDC27,Gene
CDC42EP1,Gene
CDC6,Gene
CDCA8,Gene
CDH10,Gene
CDH18,Gene
CDIP1,Gene
CDK16,Gene
CDK3,Gene
CDK5,Gene
CDKN2A,Gene
CDR1,Gene
CDS1,Gene
CEP55,Gene
CFAP61,Gene
CFC1,Gene
CHAC1,Gene
CHAF1A,Gene
CHCHD10,Gene
CHN2,Gene
CHPT1,Gene
CHRND,Gene
CHST1,Gene
CHST3,Gene
CHST8,Gene
CIART,Gene
CIB1,Gene
CLDN4,Gene
CLDN6,Gene
CLEC4G,Gene
CLGN,Gene
CLPTM1L,Gene
CMC4,Gene
CMKLR1,Gene
CMTM4,Gene
CNN2,Gene
CNTFR,Gene
CNTN5,Gene
COL11A1,Gene
COL9A2,Gene
COPA,Gene
COX6B1P1,Gene
CPLX3,Gene
CPNE2,Gene
CPNE9,Gene
CRABP1,Gene
CRB2,Gene
CREB3L1,Gene
CREB5,Gene
CRHR1,Gene
CRYL1,Gene
CSNK1A1,Gene
CSNK1D,Gene
CSNK2A2,Gene
CSRNP3,Gene
CTXN3,Gene
CUX2,Gene
CYBB,Gene
CYP2R1,Gene
DAG1,Gene
DAT,Gene
DAXX,Gene
DBH,Gene
DBH-AS1,Gene
DBN1,Gene
DCLK1,Gene
DDR2,Gene
DDX24,Gene
DEPDC1B,Gene
DIPK2A,Gene
DLGAP5,Gene
DLK1,Gene
DNAJB2,Gene
DNAJC22,Gene
DNAJC3,Gene
DNASE2,Gene
DNER,Gene
DOC2B,Gene
DOCK6,Gene
DRC11,Gene
DRGX,Gene
DSCC1,Gene
DSEL,Gene
DUSP14,Gene
DUSP5P1,Gene
E2F7,Gene
ECEL1,Gene
EDIL3,Gene
EEF1A2,Gene
EFHD1,Gene
EGFL7,Gene
EIF4A3,Gene
ELAVL4,Gene
ELFN2,Gene
ELK1,Gene
EML2,Gene
EMP3,Gene
ENDOD1,Gene
EOMES,Gene
EPC2,Gene
EPDR1,Gene
EPHA1,Gene
EPHA3,Gene
EPHA7,Gene
EPOR,Gene
ETNK1,Gene
EXOC3-AS1,Gene
EXOC3L1,Gene
FABP2,Gene
FABP3,Gene
FAM131C,Gene
FAM13A-AS1,Gene
FAM13C,Gene
FAM149A,Gene
FAM163B,Gene
FAM181B,Gene
FAM85A,Gene
FAT4,Gene
FBLL1,Gene
FBXL8,Gene
FBXO27,Gene
FBXO5,Gene
FBXO6,Gene
FGF11,Gene
FGF17,Gene
FGF19,Gene
FIBIN,Gene
FMC1,Gene
FMNL1,Gene
FNDC10,Gene
FNDC11,Gene
FOXJ1,Gene
FOXO6,Gene
FOXP2,Gene
FOXS1,Gene
FURIN,Gene
FUT1,Gene
FXYD7,Gene
FZD6,Gene
G3BP2,Gene
GABRD,Gene
GAL,Gene
GALK1,Gene
GALR1,Gene
GAPDHP44,Gene
GAPDHP72,Gene
GARIN5B,Gene
GARS1,Gene
GAS2L1,Gene
GATAD2A,Gene
GBE1,Gene
GCNT4,Gene
GIPC3,Gene
GIPR,Gene
GLB1L2,Gene
GM2A,Gene
GMPR,Gene
GNAT3,Gene
GOSR2,Gene
GPR142,Gene
GPR3,Gene
GPR37,Gene
GPR83,Gene
GPRC5C,Gene
GPX8,Gene
GRB10,Gene
GRIA2,Gene
GRIN2D,Gene
GRK3,Gene
GRM7,Gene
GRP,Gene
GRP94,Gene
GRPEL2,Gene
GSDMB,Gene
GSTM2,Gene
GTF2H2B,Gene
GTPBP2,Gene
H1-5,Gene
H2AC11,Gene
H2BC12,Gene
H2BC21,Gene
H2BC8,Gene
H3C6,Gene
HACD3,Gene
HAX1,Gene
HBQ1,Gene
HCFC1R1,Gene
HCK,Gene
HCN2,Gene
HEBP1,Gene
HES3,Gene
HES7,Gene
HLA-A,Gene
HLA-E,Gene
HMMR,Gene
HNRNPDL,Gene
HNRNPM,Gene
HOTAIR,Gene
HRC,Gene
HRK,Gene
HROB,Gene
HS3ST2,Gene
HS3ST3B1,Gene
HSD17B10,Gene
HSD17B14,Gene
HSP90B2P,Gene
HSP90B3P,Gene
IARS1,Gene
ICAM5,Gene
ID4,Gene
IFNB1,Gene
IGF2R,Gene
IGHD,Gene
IGHM,Gene
IGSF21,Gene
IGSF8,Gene
IL13RA1,Gene
ING3,Gene
INHBE,Gene
IRAK1,Gene
IRF2BPL,Gene
IRX1,Gene
ISL1,Gene
ISL2,Gene
ITGA4,Gene
JAKMIP2,Gene
KARS1,Gene
KASH5,Gene
KCND2,Gene
KCNH6,Gene
KCNIP1,Gene
KCNJ11,Gene
KCNJ4,Gene
KCNJ5,Gene
KCNJ6,Gene
KCNK10,Gene
KCNK3,Gene
KCNK6,Gene
KCNQ1,Gene
KCNT1,Gene
KCNT2,Gene
KDELR1,Gene
KDM7A-DT,Gene
KIAA0930,Gene
KIF11,Gene
KIF14,Gene
KIF15,Gene
KIF18B,Gene
KIF19,Gene
KIF20B,Gene
KIFC1,Gene
KISS1,Gene
KLF15,Gene
KLF16,Gene
KLF4,Gene
KLHDC8A,Gene
KLHL4,Gene
KLK1,Gene
KPNA4,Gene
KREMEN1,Gene
KRT33B,Gene
LAMA4,Gene
LARGE1,Gene
LDLRAD4,Gene
LEF1,Gene
LHX9,Gene
LIMK1,Gene
LINC00662,Gene
LINC00943,Gene
LINC00960,Gene
LINC01548,Gene
LINC02249,Gene
LINC02482,Gene
LINC02525,Gene
LIPA,Gene
LLGL2,Gene
LMAN1,Gene
LMNB1,Gene
LNPEP,Gene
LRP11,Gene
LRP1B,Gene
LRRC75B,Gene
LRRK2,Gene
LRRN4CL,Gene
LSAMP,Gene
LSM11,Gene
LY6G5C,Gene
LYPD1,Gene
M6PR,Gene
MACIR,Gene
MAGI2,Gene
MAL,Gene
MAP3K1,Gene
MAP3K4,Gene
MAP4K2,Gene
MAP4K4,Gene
MAPK10,Gene
MAPK15,Gene
MAPK8IP1,Gene
MARCHF1,Gene
MAVS,Gene
MCM10,Gene
MCM4,Gene
MCTS1,Gene
MDH2,Gene
MEG3,Gene
MEOX2,Gene
MFAP2,Gene
MFNG,Gene
MGAT4C,Gene
MIOX,Gene
MIR1277,Gene
MIR134,Gene
MIR135B,Gene
MIR142,Gene
MIR17HG,Gene
MIR200A,Gene
MIR212,Gene
MIR214,Gene
MIR29A,Gene
MIR30B,Gene
MIR326,Gene
MIR590,Gene
MIR599,Gene
MIR671,Gene
MIR6862-1,Gene
MLST8,Gene
MMP16,Gene
MMP17,Gene
MNAT1,Gene
MPST,Gene
MRC2,Gene
MRM1,Gene
MRPL10,Gene
MRPL3,Gene
MT1G,Gene
MTA1,Gene
MTERF3,Gene
MTERF4,Gene
MTHFD2L,Gene
MYD88,Gene
MYL1,Gene
MYORG,Gene
N4BP2L2,Gene
N4BP3,Gene
NAPA,Gene
NBN,Gene
NCAM2,Gene
NCAPG,Gene
NCAPH,Gene
NCOA5,Gene
NCR3LG1,Gene
NDUFA9,Gene
NDUFS3,Gene
NDUFS8,Gene
NEAT1,Gene
NEGR1,Gene
NEIL3,Gene
NELL2,Gene
NEUROD2,Gene
NEUROD4,Gene
NFATC4,Gene
NFIB,Gene
NFKBIE,Gene
NGB,Gene
NHLH1,Gene
NID1,Gene
NINJ1,Gene
NIPSNAP1,Gene
NKAIN2,Gene
NLRP3,Gene
NOVA1,Gene
NPAS1,Gene
NPTX2,Gene
NR5A2,Gene
NRGN,Gene
NRTN,Gene
NSUN2,Gene
NTN4,Gene
NTSR1,Gene
NUDT21,Gene
NUSAP1,Gene
NXPH2,Gene
OGDH,Gene
OGFRL1,Gene
ORC1,Gene
PADI2,Gene
PAK1,Gene
PALM3,Gene
PANK1,Gene
PANX2,Gene
PARK,Gene
PARK7,Gene
PCBD1,Gene
PCDH11X,Gene
PCDH17,Gene
PCDH20,Gene
PCDHB4,Gene
PCYT2,Gene
PDCD2,Gene
PDCD4,Gene
PDE10A,Gene
PDIA2,Gene
PDIA3,Gene
PDLIM3,Gene
PENK,Gene
PGPEP1,Gene
PHB1,Gene
PHYHIP,Gene
PIK3R3,Gene
PIM2,Gene
PIMREG,Gene
PIN1,Gene
PINK1,Gene
PKN1,Gene
PLA2G3,Gene
PLAAT1,Gene
PLCB2,Gene
PLEKHA4,Gene
PLP2,Gene
PLPP7,Gene
PLPPR1,Gene
PLXNA2,Gene
PLXND1,Gene
POTEE,Gene
POTEI,Gene
POU3F2,Gene
PPA2,Gene
PPARGC1B,Gene
PPDPF,Gene
PPIF,Gene
PPP1CC,Gene
PPP2CB,Gene
PRAME,Gene
PRDX5,Gene
PRKAA1,Gene
PRKAA2,Gene
PRKD2,Gene
PROB1,Gene
PRR11,Gene
PRSS56,Gene
PRSS8,Gene
PTCHD4,Gene
PTN,Gene
PTPN21,Gene
PTPN9,Gene
PTPRH,Gene
PTPRM,Gene
PTPRN,Gene
PTPRO,Gene
PYCR1,Gene
QPCT,Gene
RAB11A,Gene
RAB11FIP1,Gene
RAB11FIP4,Gene
RAB30,Gene
RAB32,Gene
RAB39B,Gene
RAB3IP,Gene
RAB4A,Gene
RAB5A,Gene
RAMP2,Gene
RANP6,Gene
RASD2,Gene
RASEF,Gene
RBBP5,Gene
RBBP6,Gene
RBFOX3,Gene
RBM24,Gene
RBPMS2,Gene
RD3,Gene
RELB,Gene
REST,Gene
RFC3,Gene
RFPL4B,Gene
RHEB,Gene
RHOQ,Gene
RHPN1,Gene
RHPN1-AS1,Gene
RHPN2,Gene
RILP,Gene
RIMS3,Gene
RIPK3,Gene
RMI2,Gene
RN7SL1,Gene
RNA18S5,Gene
RNA5-8SP2,Gene
RNF112,Gene
RNF125,Gene
RNF152,Gene
RNF5,Gene
RNF7,Gene
RNR1,Gene
RNR2,Gene
ROBO3,Gene
RPL18P11,Gene
RPL18P13,Gene
RPL23P8,Gene
RPL3P2,Gene
RPLP1,Gene
RPS12P26,Gene
RRAS2,Gene
RREB1,Gene
RUNX1T1,Gene
S1PR3,Gene
SACK1D,Gene
SACK1G,Gene
SALL3,Gene
SARS1,Gene
SBK2,Gene
SCARB2,Gene
SCARF1,Gene
SCCPDH,Gene
SCML4,Gene
SCN4A,Gene
SCPEP1,Gene
SDCBP2-AS1,Gene
SDHAF4,Gene
SDHB,Gene
SEC23A,Gene
SELENOS,Gene
SEMA3D,Gene
SEMA3E,Gene
SEPTIN2,Gene
SEPTIN7,Gene
SERPINB6,Gene
SEZ6,Gene
SFMBT2,Gene
SFPQP1,Gene
SFXN1,Gene
SGO2,Gene
SH3BP4,Gene
SH3RF3,Gene
SHANK3,Gene
SHD,Gene
SHFL,Gene
SHISAL1,Gene
SIAH1,Gene
SIT1,Gene
SIX2,Gene
SIX3,Gene
SLC12A4,Gene
SLC16A3,Gene
SLC16A6,Gene
SLC16A9,Gene
SLC18A1,Gene
SLC19A3,Gene
SLC1A4,Gene
SLC22A1,Gene
SLC22A3,Gene
SLC22A6,Gene
SLC24A3,Gene
SLC24A4,Gene
SLC25A13,Gene
SLC25A14,Gene
SLC25A27,Gene
SLC25A3,Gene
SLC25A5,Gene
SLC25A6,Gene
SLC27A4,Gene
SLC29A1,Gene
SLC29A4,Gene
SLC30A10,Gene
SLC30A2,Gene
SLC32A1,Gene
SLC38A4,Gene
SLC38A6,Gene
SLC39A14,Gene
SLC47A1,Gene
SLC47A2,Gene
SLC6A15,Gene
SLC6A16,Gene
SLC6A3,Gene
SLC7A1,Gene
SLC7A3,Gene
SLC9A5,Gene
SLF1,Gene
SLITRK1,Gene
SLITRK5,Gene
SMAD4,Gene
SMC4,Gene
SMG9,Gene
SMTNL2,Gene
SNAI3,Gene
SNAP23,Gene
SNCB,Gene
SNHG12,Gene
SNRNP70,Gene
SNTA1,Gene
SOS1-IT1,Gene
SOWAHA,Gene
SOX8,Gene
SPOCK2,Gene
SPOCK3,Gene
SPTBN2,Gene
SRCAP,Gene
SREK1,Gene
SRL,Gene
SRSF10,Gene
SRSF3,Gene
SRSF6,Gene
SSC4D,Gene
SST,Gene
SSTR3,Gene
ST6GALNAC5,Gene
ST8SIA4,Gene
STAC2,Gene
STUB1,Gene
STX7,Gene
SUGT1,Gene
SUN1,Gene
SYNCRIP,Gene
SYNGR2,Gene
SYNPR,Gene
SYPL2,Gene
SYT13,Gene
SYT2,Gene
SYT3,Gene
SYT6,Gene
SYT7,Gene
TAFA5,Gene
TBC1D16,Gene
TCF7L2,Gene
TCIM,Gene
TCP10L,Gene
TDRG1,Gene
TENT5C,Gene
TET1,Gene
TFDP1,Gene
TIMP2,Gene
TMEFF2,Gene
TMEM132E,Gene
TMEM161A,Gene
TMEM176A,Gene
TMEM176B,Gene
TMEM178A,Gene
TMEM190,Gene
TMEM240,Gene
TMEM52,Gene
TNFAIP2,Gene
TNFAIP6,Gene
TNFAIP8L1,Gene
TNFRSF10D,Gene
TNFRSF1B,Gene
TNNI1,Gene
TNNI3,Gene
TNS1,Gene
TOMM40,Gene
TP73,Gene
TPPP3,Gene
TRA2A,Gene
TRAF5,Gene
TRH,Gene
TRIM58,Gene
TRIM72,Gene
TRPM2,Gene
TRPM4,Gene
TSHZ3,Gene
TSPAN15,Gene
TTC9,Gene
TTK,Gene
TTYH2,Gene
TUNAR,Gene
TXN2,Gene
UAP1L1,Gene
UBA52,Gene
UBE2C,Gene
UBE2G2,Gene
UBE2QL1,Gene
UBE2S,Gene
UBTD1,Gene
UCA1,Gene
UGDH,Gene
ULBP1,Gene
UNC5B,Gene
UNC5D,Gene
USH1G,Gene
VGF,Gene
VN1R48P,Gene
VPS35,Gene
VSTM2A,Gene
VSTM2B,Gene
WDFY2,Gene
WDR62,Gene
WEE1,Gene
WLS,Gene
WSCD1,Gene
XPO1,Gene
XRCC2,Gene
YWHAB,Gene
ZBED6,Gene
ZBTB10,Gene
ZBTB42,Gene
ZEB1-AS1,Gene
ZNF180,Gene
ZNF204P,Gene
ZNF449,Gene
ZNF702P,Gene
ZNF708,Gene
ZNF804A,Gene
GSTA,Gene
KLF6,Gene
ETV6,Gene
RUNX1,Gene
TDO2,Gene
XDH,Gene
ALKBH2,Gene
MPG,Gene
UGT2B11,Gene
CEACAM3,Gene
NPAS3,Gene
SACK1B,Gene
TMEM132D,Gene
ABCB11,Gene
ABCB4,Gene
ABCC2,Gene
ABCG5,Gene
ABCG8,Gene
ALDH1A1,Gene
APOB,Gene
APOC2,Gene
APOC4,Gene
APOF,Gene
BAAT,Gene
C1QB,Gene
C4BPB,Gene
C9,Gene
CFH,Gene
COL3A1,Gene
COL4A1,Gene
CYP7A1,Gene
CYP8B1,Gene
DHCR7,Gene
EBP,Gene
F2R,Gene
F5,Gene
FBP1,Gene
FDPS,Gene
FETUB,Gene
FNDC4,Gene
GCGR,Gene
GDPD3,Gene
GPT,Gene
GSTK1,Gene
HSPH1,Gene
IDI1,Gene
IRAK2,Gene
ITGB6,Gene
KLKB1,Gene
KNG1,Gene
LSS,Gene
MBL2,Gene
NR0B2,Gene
NR1H3,Gene
PDGFRB,Gene
PPRC1,Gene
PROS1,Gene
SDC1,Gene
SERPINA5,Gene
SERPINF2,Gene
SLC22A7,Gene
SLC51B,Gene
WIPI1,Gene
YY1,Gene
ABCE1,Gene
ADAMTS1,Gene
ADGRG6,Gene
ANG,Gene
APOBEC3C,Gene
ARFIP1,Gene
BMPER,Gene
BRCA1,Gene
C1QTNF2,Gene
C1RL,Gene
C5ORF34,Gene
CA6,Gene
CCDC18,Gene
CCL15,Gene
CCL17,Gene
CCL19,Gene
CCL21,Gene
CCL24,Gene
CCR4,Gene
CCR6,Gene
CCR8,Gene
CD8B1,Gene
CDH13,Gene
CDK17,Gene
CENPB,Gene
CLU,Gene
COMMD3,Gene
CXCL11,Gene
CXCL13,Gene
CXCL6,Gene
CXCR2,Gene
EHHADH,Gene
ESM1,Gene
EXOC5,Gene
FGF5,Gene
GBP2,Gene
GDAP1,Gene
GOLGA4,Gene
GSDMC,Gene
HABP2,Gene
IFNA2,Gene
IL36RN,Gene
IL37,Gene
INPP4B,Gene
KCTD15,Gene
LCOR,Gene
LIG4,Gene
LRRC17,Gene
LTA,Gene
LTB,Gene
LURAP1L,Gene
MAK16,Gene
MAPK6,Gene
MLPH,Gene
MOB4,Gene
MTMR2,Gene
NDUFA1,Gene
NDUFA2,Gene
NDUFS4,Gene
NTN3,Gene
OAS1,Gene
OASL,Gene
OXR1,Gene
PCDHB5,Gene
PIK3C2A,Gene
PLEKHB1,Gene
POLR2E,Gene
PRKCH,Gene
PSMB9,Gene
PSMD5,Gene
PSME4,Gene
PTCD2,Gene
PTPRB,Gene
RAB20,Gene
RAB26,Gene
RAB34,Gene
RANBP6,Gene
RASA2,Gene
RIOX2,Gene
RSC1A1,Gene
SCNN1A,Gene
SECTM1,Gene
SERPINB8,Gene
SH3RF1,Gene
SLMAP,Gene
SMURF2,Gene
SNX14,Gene
SOX21,Gene
TARS1,Gene
TAX1BP1,Gene
TNPO1,Gene
TRIM23,Gene
TRUB1,Gene
UBASH3B,Gene
VIRMA,Gene
WNT2,Gene
XCR1,Gene
ZDHHC11,Gene
ZEB1,Gene
LIPG,Gene
TRPC3,Gene
TRPC5,Gene
TRPM6,Gene
CCR2,Gene
CD68,Gene
OLR1,Gene
PTAFR,Gene
DHRS11,Gene
DHRS2,Gene
TARDBP,Gene
DRD1,Gene
DAGLA,Gene
DGKE,Gene
ACAA1,Gene
DPYD,Gene
DSE,Gene
FHL1,Gene
FUCA1,Gene
GALNT2,Gene
HDGFL3,Gene
IL17RB,Gene
JUND,Gene
LGALS4,Gene
MRE11,Gene
PLCE1,Gene
PTPN13,Gene
PYGB,Gene
RAB31,Gene
SEC14L1,Gene
SMAD5,Gene
TRIM44,Gene
IL6R,Gene
AQP5,Gene
ACE2,Gene
ABCA12,Gene
ABCF2,Gene
ABI1,Gene
ACOT6,Gene
ACOX2,Gene
AFF3,Gene
AKT1S1,Gene
ANKRA2,Gene
ANKRD52,Gene
ARHGAP15,Gene
ARL8B,Gene
ARRDC3,Gene
ATG14,Gene
ATG2B,Gene
ATP8A1,Gene
ATXN3,Gene
AUNIP,Gene
B3GALNT1,Gene
B4GALT2,Gene
BACH1,Gene
BAZ2B,Gene
BCL6,Gene
BLNK,Gene
BOP1,Gene
BRD8,Gene
C11ORF24,Gene
C3ORF70,Gene
C6ORF141,Gene
CACYBP,Gene
CALCOCO1,Gene
CAPN15,Gene
CARF,Gene
CBX2,Gene
CCDC28A,Gene
CCDC86,Gene
CCNQ,Gene
CCNYL1,Gene
CCT6A,Gene
CDC20B,Gene
CDC7,Gene
CDK5R1,Gene
CEP57,Gene
CHAC2,Gene
CHD6,Gene
CHMP4C,Gene
CHORDC1,Gene
CKAP2,Gene
COX17,Gene
CPEB4,Gene
CRBN,Gene
CTPS1,Gene
CTXN1,Gene
DCTN4,Gene
DCTPP1,Gene
DEXI,Gene
DGKD,Gene
DKC1,Gene
DNAJC12,Gene
DNLZ,Gene
DOK7,Gene
DSCAM-AS1,Gene
DTL,Gene
E2F3,Gene
EEF1E1,Gene
EEIG2,Gene
EFCAB3,Gene
EHF,Gene
EIF4B,Gene
EMC8,Gene
ENDOG,Gene
ENPP5,Gene
ERBIN,Gene
EXOC1,Gene
EXOSC4,Gene
F12,Gene
FAM13A,Gene
FAM98A,Gene
FBXO32,Gene
FDX1,Gene
FGFBP3,Gene
FOXN1,Gene
GADD45GIP1,Gene
GALE,Gene
GATAD1,Gene
GATM,Gene
GCC2,Gene
GINS1,Gene
GJC1,Gene
GLCCI1,Gene
GLMP,Gene
GLRX2,Gene
GMNN,Gene
GPR180,Gene
GRAMD1C,Gene
H2AC17,Gene
H2AC25,Gene
H2AJ,Gene
HHEX,Gene
HSPA4L,Gene
ICAM3,Gene
ICE2,Gene
ICMT,Gene
IDH3A,Gene
IMPACT,Gene
IP6K2,Gene
ITPR1,Gene
JMJD1C,Gene
JMJD6,Gene
JPH2,Gene
KAT6B,Gene
KDELR3,Gene
KDM3A,Gene
KDM4B,Gene
KDM6A,Gene
KDM7A,Gene
KLF3,Gene
KLHL24,Gene
KLK10,Gene
KYNU,Gene
LBHD1,Gene
LETM1,Gene
LGALS8,Gene
LINC00173,Gene
LNX1,Gene
LRIG3,Gene
LRP4,Gene
LSM10,Gene
LYAR,Gene
LZTFL1,Gene
MAGI1,Gene
MAN1A1,Gene
MAP2K2,Gene
MAP6D1,Gene
MARF1,Gene
MBTD1,Gene
METTL1,Gene
MFHAS1,Gene
MRPL12,Gene
MRPL14,Gene
MRPL17,Gene
MRPL23,Gene
MRPS12,Gene
MSH6,Gene
N4BP2L1,Gene
NAT10,Gene
NBR1,Gene
NCS1,Gene
NDUFAF4,Gene
NEK6,Gene
NOLC1,Gene
NOP16,Gene
NOP56,Gene
NPHP3,Gene
NR1D2,Gene
NT5DC2,Gene
NTMT1,Gene
NUMA1,Gene
NXT1,Gene
OGT,Gene
OPTN,Gene
P2RY10,Gene
P2RY2,Gene
PA2G4,Gene
PBLD,Gene
PCMTD2,Gene
PDPR,Gene
PGP,Gene
PHC3,Gene
PNISR,Gene
PNN,Gene
PNRC1,Gene
POLE2,Gene
POLR3G,Gene
POLR3K,Gene
POP5,Gene
POU2F3,Gene
PPM1G,Gene
PPM1K,Gene
PRR5,Gene
PSMC3IP,Gene
PSMD12,Gene
PSME3,Gene
PSMG3,Gene
PTGER4,Gene
PTRH2,Gene
PUS1,Gene
PXK,Gene
PYCR3,Gene
RASA4,Gene
RB1CC1,Gene
RBL2,Gene
RBM33,Gene
RHOBTB1,Gene
RHOBTB3,Gene
RICTOR,Gene
RIN2,Gene
RPL39L,Gene
RPP25,Gene
RRP36,Gene
RUNX2,Gene
SASH1,Gene
SAV1,Gene
SCIN,Gene
SCNN1G,Gene
SCO2,Gene
SEMA6A,Gene
SERTAD4-AS1,Gene
SGK3,Gene
SKAP2,Gene
SLC19A1,Gene
SLC1A5,Gene
SLC2A13,Gene
SLC39A4,Gene
SLC52A2,Gene
SLU7,Gene
SMCO3,Gene
SMCO4,Gene
SMPDL3A,Gene
SNX10,Gene
SORBS2,Gene
SP2,Gene
SPAG1,Gene
SPRED1,Gene
SRPRB,Gene
SRSF7,Gene
STAG2,Gene
SYBU,Gene
SYF2,Gene
SYT1,Gene
TCEAL1,Gene
TCF19,Gene
TCOF1,Gene
TENM2,Gene
THEM6,Gene
TIGAR,Gene
TLCD1,Gene
TMEM192,Gene
TOMM5,Gene
TRAF3,Gene
TRIP13,Gene
TSC22D1,Gene
TSPAN12,Gene
TUBA4A,Gene
TUBG1,Gene
TXLNB,Gene
UBR5,Gene
UHRF1,Gene
VAV3,Gene
WDR5,Gene
WDSUB1,Gene
XXYLT1,Gene
ZBTB44,Gene
ZCCHC24,Gene
ZDHHC23,Gene
ZKSCAN1,Gene
ZMYND19,Gene
ZNF277,Gene
ZNF33B,Gene
ZNF750,Gene
ATF2,Gene
CD80,Gene
GATA3,Gene
GZMB,Gene
IKZF3,Gene
IL22,Gene
IL23A,Gene
IL23R,Gene
STAT5,Gene
TBX21,Gene
TGM1,Gene
MCU,Gene
CCKAR,Gene
HLA-G,Gene
HSD3B2,Gene
TTF1,Gene
PSMB8,Gene
TAP1,Gene
DIO1,Gene
CSNK2A1,Gene
NFIX,Gene
EPHA10,Gene
KRT17,Gene
PTX3,Gene
SAA2,Gene
HSD17B1,Gene
HSD3B1,Gene
SLCO1B1,Gene
SLCO1B3,Gene
ABCA6,Gene
ABCA8,Gene
ACP3,Gene
ADAM12,Gene
ADAM22,Gene
ADAMTS15,Gene
ADAMTS8,Gene
ADGRG2,Gene
ADTRP,Gene
AK5,Gene
AKAP5,Gene
ALPK2,Gene
AMOT,Gene
AP1S3,Gene
APELA,Gene
ARHGAP28,Gene
ARHGDIB,Gene
BCL11A,Gene
BEND6,Gene
BMERB1,Gene
BPI,Gene
C18ORF54,Gene
C1QTNF4,Gene
C2ORF40,Gene
CA13,Gene
CADM1,Gene
CALN1,Gene
CAMK2N1,Gene
CAPN6,Gene
CARD16,Gene
CCDC88A,Gene
CCPG1,Gene
CD24,Gene
CD44,Gene
CEACAM1,Gene
CGNL1,Gene
CLDN11,Gene
CLEC2B,Gene
CLIC5,Gene
CLIP4,Gene
CMKLR2,Gene
CMTM7,Gene
CNIH3,Gene
CNTN1,Gene
COL14A1,Gene
COL5A3,Gene
COLEC12,Gene
CRHBP,Gene
CRYAB,Gene
CRYM,Gene
CTSK,Gene
CYTL1,Gene
DCX,Gene
DGKI,Gene
DIEXF,Gene
DIRAS2,Gene
DMP1,Gene
DOCK2,Gene
DTX3L,Gene
ECSCR,Gene
EMCN,Gene
ENPP4,Gene
ERG,Gene
F13A1,Gene
FAM134B,Gene
FBXL16,Gene
FBXL21,Gene
FGF14,Gene
FMN2,Gene
GAP43,Gene
GAS7,Gene
GCH1,Gene
GPR137C,Gene
GPR68,Gene
GRIA1,Gene
GUCY1B3,Gene
GZMA,Gene
HS3ST1,Gene
HS6ST2,Gene
HSPB8,Gene
HTATIP2,Gene
IFIT3,Gene
IL11,Gene
IL20RB,Gene
INSYN2A,Gene
JAM2,Gene
KCNE4,Gene
KCTD16,Gene
KIAA1755,Gene
KIF21A,Gene
L1CAM,Gene
LAMA2,Gene
LAMP5,Gene
LIMS3,Gene
LINC00645,Gene
LINC00968,Gene
LMO2,Gene
LPAR5,Gene
LRRC15,Gene
LRRC3B,Gene
MAP2K6,Gene
MEDAG,Gene
MIA,Gene
MIR155HG,Gene
MIR210HG,Gene
MT1HL1,Gene
MT1X,Gene
MUC5B,Gene
NASP,Gene
NDST3,Gene
NDST4,Gene
NETO1,Gene
NHSL1,Gene
NPAS2,Gene
PAPPA2,Gene
PCDH8,Gene
PDE3A,Gene
PDZRN4,Gene
PLCB4,Gene
PLP1,Gene
PRKCE,Gene
PRR4,Gene
PRSS35,Gene
PTGFR,Gene
RCAN2,Gene
RGL1,Gene
RGS17,Gene
RGS5,Gene
RORA,Gene
RPE65,Gene
SCG5,Gene
SCN2B,Gene
SCN4B,Gene
SLA,Gene
SLAIN1,Gene
SLC12A8,Gene
SLC16A7,Gene
SLC17A5,Gene
SLC1A1,Gene
SLC22A15,Gene
SLC2A11,Gene
SLC37A1,Gene
SLC41A2,Gene
SLC7A14,Gene
SLFN5,Gene
SNTB1,Gene
SOSTDC1,Gene
SQOR,Gene
SSH1,Gene
ST6GAL2,Gene
STEAP4,Gene
STXBP6,Gene
SYNE3,Gene
TAP2,Gene
TCERG1L,Gene
TENM4,Gene
TFAP2B,Gene
TFAP2C,Gene
THBS1,Gene
THBS2,Gene
THEMIS,Gene
TLL2,Gene
TM4SF18,Gene
TMCC3,Gene
TMEM132B,Gene
TNFSF15,Gene
TNN,Gene
TPD52,Gene
TTC29,Gene
TTC39B,Gene
TTC39C,Gene
UNC5C,Gene
UTS2B,Gene
VLDLR,Gene
VMO1,Gene
WFDC1,Gene
SLC8A1,Gene
AAK1,Gene
AAR2,Gene
ABAT,Gene
ABHD14A-ACY1,Gene
ACAD11,Gene
ACAP2,Gene
ACBD3,Gene
ACO2,Gene
ACP1,Gene
ACSBG2,Gene
ACSS1,Gene
ACTL7B,Gene
ACTR10,Gene
ACTRT2,Gene
ADAM21,Gene
ADAMTSL5,Gene
ADAP2,Gene
ADAR,Gene
ADPRH,Gene
ADPRM,Gene
ADSS1,Gene
ADSS2,Gene
AFDN,Gene
AFP,Gene
AHCYL2,Gene
AHSA2P,Gene
AKAP17A,Gene
ALDH8A1,Gene
ALMS1,Gene
AMDHD2,Gene
ANAPC4,Gene
ANK1,Gene
AOC2,Gene
AP1G2,Gene
AP2S1,Gene
APAF1,Gene
APOBEC3A,Gene
APOBEC3B,Gene
APPL2,Gene
AQP11,Gene
AQR,Gene
ARAP1,Gene
ARHGAP11A,Gene
ARHGAP45,Gene
ARHGDIA,Gene
ARHGEF39,Gene
ARHGEF6,Gene
ARHGEF7,Gene
ARID1A,Gene
ARL1,Gene
ARMH4,Gene
ARRB1,Gene
ARSB,Gene
ASAP1,Gene
ASB4,Gene
ASGR2,Gene
ASH2L,Gene
ATAD3,Gene
ATG3,Gene
ATL2,Gene
ATP1A1,Gene
ATP5MF-PTCD1,Gene
ATP6V1C2,Gene
ATP6V1D,Gene
ATPSCKMT,Gene
ATXN10,Gene
AURKA,Gene
BAG3,Gene
BAG6,Gene
BCCIP,Gene
BCKDHA,Gene
BCL9L,Gene
BGN,Gene
BHMT,Gene
BIRC6,Gene
BLOC1S3,Gene
BNIP1,Gene
BRAT1,Gene
BRCC3,Gene
BRI3BP,Gene
BRMS1L,Gene
BTK,Gene
BUD31,Gene
BZW1,Gene
C11ORF87,Gene
C1QL1,Gene
C1QTNF3,Gene
C4BPA,Gene
C7,Gene
C9ORF72,Gene
CABP7,Gene
CACNA1G,Gene
CALU,Gene
CAP2,Gene
CAPN7,Gene
CARD18,Gene
CARHSP1,Gene
CARMIL1,Gene
CARNS1,Gene
CASP8AP2,Gene
CATSPERG,Gene
CBLN1,Gene
CCDC163,Gene
CCDC33,Gene
CCL18,Gene
CCL7,Gene
CCNF,Gene
CCNH,Gene
CCNL1,Gene
CCNO,Gene
CCRL2,Gene
CCT6A2P,Gene
CD109,Gene
CD1D,Gene
CDCA3,Gene
CDH11,Gene
CDKN2B,Gene
CDKN2C,Gene
CDYL,Gene
CENPI,Gene
CERCAM,Gene
CHAT,Gene
CHD3,Gene
CIRBP,Gene
CKAP2L,Gene
CLEC10A,Gene
CLEC4D,Gene
CLEC4E,Gene
CLIC2,Gene
CLIP1,Gene
CLK3,Gene
CLTA,Gene
CMPK1,Gene
CMTR1,Gene
CNGB1,Gene
CNOT12,Gene
CNP,Gene
CNTN2,Gene
COG3,Gene
COG6,Gene
COG7,Gene
COL23A1,Gene
COL2A1,Gene
COL5A1,Gene
COMMD4,Gene
COPB2,Gene
CORO1A,Gene
CORO7,Gene
CPAMD8,Gene
CPB2,Gene
CPSF2,Gene
CPSF6,Gene
CREBZF,Gene
CRH,Gene
CRIP2,Gene
CROT,Gene
CRYBB1,Gene
CTDSPL2,Gene
CTNND1,Gene
CTSG,Gene
CTTN,Gene
CUL3,Gene
CUX1,Gene
CYB5R2,Gene
CYP26A1,Gene
CYP27B1,Gene
D21S2088E,Gene
DAB2,Gene
DBNL,Gene
DCHS1,Gene
DCPS,Gene
DDRGK1,Gene
DDT,Gene
DDX18,Gene
DDX19A,Gene
DDX3X,Gene
DDX3Y,Gene
DDX60,Gene
DENND4B,Gene
DEPDC7,Gene
DHPS,Gene
DHRS9,Gene
DHX15,Gene
DHX36,Gene
DHX8,Gene
DIAPH2,Gene
DICER1,Gene
DIO3,Gene
DIP2B,Gene
DIPK1A,Gene
DIS3,Gene
DLST,Gene
DLX5,Gene
DMGDH,Gene
DNAH17,Gene
DNAJC10,Gene
DNAJC13,Gene
DNM2,Gene
DNM3,Gene
DOCK1,Gene
DOCK5,Gene
DOCK8,Gene
DOCK9,Gene
DOP1B,Gene
DPY19L1,Gene
DRC10,Gene
DRG1,Gene
DTNA,Gene
DYNC1LI1,Gene
DYNC1LI2,Gene
DYNC2H1,Gene
DYNLL1,Gene
ECH1,Gene
EEA1,Gene
EEFSEC,Gene
EFCC1,Gene
EFL1,Gene
EHBP1L1,Gene
EHD4,Gene
EIF1AX,Gene
EIF2B1,Gene
EIF2B4,Gene
EIF2S2,Gene
EIF3G,Gene
EIF3H,Gene
EIF3K,Gene
EIF5A,Gene
EIF5B,Gene
ELMO1,Gene
ELOB,Gene
ELOVL3,Gene
ELP6,Gene
EML1,Gene
EMP1,Gene
EMSY,Gene
ENGASE,Gene
EPM2AIP1,Gene
EPN1,Gene
EPS15,Gene
EPS15L1,Gene
EPS8L1,Gene
EPS8L2,Gene
ERCC1,Gene
ERICH3,Gene
ERVFRD-1,Gene
ESAM,Gene
ESRP1,Gene
ESS2,Gene
ESYT2,Gene
ETFB,Gene
EXOC2,Gene
EXOC4,Gene
EXOC6B,Gene
EYA4,Gene
F13B,Gene
FABP7,Gene
FAM111B,Gene
FAM131B,Gene
FAM76B,Gene
FARSB,Gene
FASTKD5,Gene
FBL,Gene
FBN1,Gene
FBN3,Gene
FBXL18,Gene
FBXO16,Gene
FBXO24,Gene
FBXO45,Gene
FBXO7,Gene
FCER2,Gene
FCN1,Gene
FCN2,Gene
FCN3,Gene
FEM1B,Gene
FFAR2,Gene
FGD3,Gene
FGFBP1,Gene
FHL2,Gene
FICD,Gene
FIS1,Gene
FKBP11,Gene
FLAD1,Gene
FLII,Gene
FMR1,Gene
FN3K,Gene
FNIP2,Gene
FOXM1,Gene
FREQ,Gene
FXR2,Gene
FZD8,Gene
GAD1,Gene
GALNT18,Gene
GALNT4,Gene
GAPT,Gene
GAPVD1,Gene
GDF7,Gene
GEN1,Gene
GET4,Gene
GFPT1,Gene
GGH,Gene
GGTA1,Gene
GH2,Gene
GIMAP4,Gene
GLYR1,Gene
GNB1,Gene
GOLT1B,Gene
GPC3,Gene
GPC4,Gene
GPR107,Gene
GPR158,Gene
GPR183,Gene
GPR22,Gene
GPR34,Gene
GPR61,Gene
GRIN2C,Gene
GRWD1,Gene
GSDME,Gene
GTF2H1,Gene
GTF2H3,Gene
GTF2H5,Gene
GTF3C4,Gene
GUCA1B,Gene
GUSBP1,Gene
H1-4,Gene
H1-6,Gene
H2AC21,Gene
H2BC13,Gene
H3C13,Gene
HACE1,Gene
HADHA,Gene
HAPSTR1,Gene
HBD,Gene
HBM,Gene
HDAC6,Gene
HDGFL2,Gene
HEATR5A,Gene
HEATR5B,Gene
HECTD1,Gene
HERC5,Gene
HERC6,Gene
HKDC1,Gene
HNRNPUL1,Gene
HOXA11-AS,Gene
HOXB7,Gene
HOXB9,Gene
HPGDS,Gene
HSD17B4,Gene
HSD3B7,Gene
HSPA12B,Gene
HSPBAP1,Gene
HTRA1,Gene
IDE,Gene
IDO1,Gene
IFI44,Gene
IFI44L,Gene
IGF2BP2,Gene
IGHA2,Gene
IGHG3,Gene
IGHV3-15,Gene
IGHV3-66,Gene
IGHV5-51,Gene
IGKV1-6,Gene
IGKV1D-33,Gene
IGKV1D-39,Gene
IGKV4-1,Gene
IL12B,Gene
IMPDH2,Gene
INTS9,Gene
IPO11,Gene
IPO4,Gene
IPO8,Gene
ISOC1,Gene
ITGA1,Gene
ITIH3,Gene
ITPA,Gene
ITSN1,Gene
KANK2,Gene
KCMF1,Gene
KCTD1,Gene
KCTD21,Gene
KDELR2,Gene
KHSRP,Gene
KIAA1614,Gene
KIAA1958,Gene
KIF18A,Gene
KIF1B,Gene
KIF20A,Gene
KIF22,Gene
KIF23,Gene
KIF4B,Gene
KLC4,Gene
KLHL28,Gene
KPNA1,Gene
KPNA2,Gene
LAMC3,Gene
LAMTOR1,Gene
LAMTOR2,Gene
LANCL2,Gene
LARP1B,Gene
LARP4B,Gene
LARS1,Gene
LATS2,Gene
LCORL,Gene
LIN28B,Gene
LINCR,Gene
LINGO1,Gene
LPAR4,Gene
LRBA,Gene
LRFN1,Gene
LRP3,Gene
LRRC40,Gene
LRRC41,Gene
LRRC4C,Gene
LSM2,Gene
LTB4R2,Gene
LTN1,Gene
LY6E,Gene
LYPLA1,Gene
LYPLA2,Gene
LYPLAL1,Gene
MAGEA10,Gene
MAGEE1,Gene
MAGOH,Gene
MAN2A1,Gene
MAN2C1,Gene
MAP1S,Gene
MAP2K4,Gene
MAP4K5,Gene
MAPRE2,Gene
MARCO,Gene
MARK2,Gene
MAT1A,Gene
MAT2A,Gene
MBD3,Gene
MBNL2,Gene
MBP,Gene
MC2R,Gene
MCTP2,Gene
MDC1,Gene
MDFI,Gene
MED12L,Gene
MED13,Gene
MEF2D,Gene
MESP1,Gene
MFN2,Gene
MGLL,Gene
MICALL1,Gene
MIR24-1,Gene
MIR635,Gene
MMRN1,Gene
MMS19,Gene
MPHOSPH8,Gene
MPP7,Gene
MRC1,Gene
MREG,Gene
MRI1,Gene
MSC,Gene
MTAP,Gene
MTHFD1,Gene
MTM1,Gene
MTMR10,Gene
MVB12B,Gene
MVD,Gene
MX1,Gene
MX2,Gene
MYBBP1A,Gene
MYEF2,Gene
MYG1,Gene
MYH11,Gene
MYH2,Gene
MYL12B,Gene
MYL6,Gene
MYO1B,Gene
MYO1E,Gene
NAA10,Gene
NAA15,Gene
NADSYN1,Gene
NAE1,Gene
NAGA,Gene
NAGLU,Gene
NAIP,Gene
NALF2,Gene
NAP1L2,Gene
NAXD,Gene
NBEAL2,Gene
NCBP1,Gene
NCKAP1L,Gene
NDP,Gene
NEK2,Gene
NEK7,Gene
NELFB,Gene
NELFCD,Gene
NELFE,Gene
NES,Gene
NF1,Gene
NFIL3,Gene
NHLRC2,Gene
NIT1,Gene
NME8,Gene
NMNAT1,Gene
NNMT,Gene
NOMO2,Gene
NOTCH3,Gene
NOX5,Gene
NPR3,Gene
NTAN1,Gene
NUBP2,Gene
NUDT11,Gene
NUDT16L1,Gene
NUP58,Gene
NXPH3,Gene
OAS2,Gene
OAS3,Gene
OBSCN,Gene
OLFML2B,Gene
OPHN1,Gene
OSBPL11,Gene
OSBPL1A,Gene
OSBPL2,Gene
OSM,Gene
OTUB1,Gene
P2RX7,Gene
P3H2,Gene
P3H4,Gene
P4HA1,Gene
PABPC4,Gene
PACRGL,Gene
PACSIN3,Gene
PANK4,Gene
PAPOLA,Gene
PAPSS2,Gene
PARP14,Gene
PARP9,Gene
PARVA,Gene
PARVB,Gene
PAX6,Gene
PCDH18,Gene
PCDHGA8,Gene
PCNP,Gene
PCOLCE2,Gene
PCSK6,Gene
PCTP,Gene
PDE12,Gene
PDLIM2,Gene
PDLIM5,Gene
PDS5A,Gene
PDS5B,Gene
PDZK1,Gene
PFAS,Gene
PFKM,Gene
PGM2,Gene
PGM2L1,Gene
PGM3,Gene
PGRMC2,Gene
PHF20,Gene
PHIP,Gene
PHPT1,Gene
PHTF1,Gene
PHYHIPL,Gene
PIK3R4,Gene
PKIB,Gene
PLAA,Gene
PLAC4,Gene
PLB1,Gene
PLEKHO2,Gene
PLPP5,Gene
PLS1,Gene
PNP,Gene
POC1B-GALNT4,Gene
POLR1C,Gene
POLR3A,Gene
POLR3C,Gene
POLR3E,Gene
POTEC,Gene
PPA1,Gene
PPBP,Gene
PPIH,Gene
PPP1R8,Gene
PPP2R5C,Gene
PPP2R5D,Gene
PPP2R5E,Gene
PPP4C,Gene
PPP4R2,Gene
PPP4R3A,Gene
PPP4R3B,Gene
PPP6C,Gene
PPP6R1,Gene
PPP6R3,Gene
PPT1,Gene
PREP,Gene
PRG2,Gene
PRKAB1,Gene
PRKAB2,Gene
PRKRA,Gene
PROX1,Gene
PRP4K,Gene
PRPF31,Gene
PRPF38A,Gene
PRPF4,Gene
PRRT3,Gene
PRSS22,Gene
PSG1,Gene
PSG6,Gene
PSMD10,Gene
PSMD4,Gene
PSMD8,Gene
PSORS1C2,Gene
PTCD1,Gene
PTER,Gene
PTGES2,Gene
PTPN12,Gene
PTPN23,Gene
PVALB,Gene
PYGM,Gene
QARS1,Gene
QDPR,Gene
QNG1,Gene
QSOX1,Gene
RAB2B,Gene
RAB3C,Gene
RAB3GAP1,Gene
RAB3IL1,Gene
RABGAP1,Gene
RABGGTB,Gene
RAD50,Gene
RAE1,Gene
RAI14,Gene
RALB,Gene
RALGAPB,Gene
RANBP9,Gene
RBM8A,Gene
RCAN3,Gene
RCC1,Gene
RCN1,Gene
RCN2,Gene
RCOR1,Gene
RDX,Gene
RELN,Gene
RGN,Gene
RGS7,Gene
RIF1,Gene
RIMKLB,Gene
RIN3,Gene
RIPK2,Gene
RMDN3,Gene
RNASE1,Gene
RNASE4,Gene
RNF113A,Gene
RNF20,Gene
RNF207,Gene
RNF213,Gene
RNF40,Gene
RNPEP,Gene
RNY3P8,Gene
RP1,Gene
RP1L1,Gene
RPGRIP1,Gene
RPL10,Gene
RPL14,Gene
RPL18,Gene
RPL24,Gene
RPL3,Gene
RPL31,Gene
RPL4,Gene
RPL5,Gene
RPL7,Gene
RPL7A,Gene
RPN2,Gene
RPS11,Gene
RPS12,Gene
RPS13,Gene
RPS15A,Gene
RPS26,Gene
RPS3A,Gene
RPS4X,Gene
RPS9,Gene
RSAD2,Gene
RSF1,Gene
RTL9,Gene
RTN3,Gene
RTRAF,Gene
RWDD2A,Gene
RXRG,Gene
S100A10,Gene
S100A11,Gene
SAMD9L,Gene
SARNP,Gene
SBDS,Gene
SCAMP5,Gene
SEC13,Gene
SEC24A,Gene
SEC24B,Gene
SEC24D,Gene
SEC31A,Gene
SELENOF,Gene
SEMA6B,Gene
SEPHS1,Gene
SEPTIN10,Gene
SERF1A,Gene
SETMAR,Gene
SF3A2,Gene
SF3B2,Gene
SFTPD,Gene
SFXN3,Gene
SGCG,Gene
SGO1,Gene
SGTA,Gene
SH3BGRL2,Gene
SH3GL1,Gene
SH3GLB1,Gene
SIPA1L2,Gene
SIRT2,Gene
SIX5,Gene
SKIC3,Gene
SLC16A10,Gene
SLC16A2,Gene
SLC1A3,Gene
SLC24A5,Gene
SLC25A25,Gene
SLC26A2,Gene
SLC43A1,Gene
SLC4A8,Gene
SLIT1,Gene
SMARCD2,Gene
SMC1A,Gene
SNHG29,Gene
SNHG3,Gene
SNHG32,Gene
SNHG8,Gene
SNRPA1,Gene
SNRPD3,Gene
SNX1,Gene
SNX17,Gene
SNX18,Gene
SNX8,Gene
SNX9,Gene
SOD3,Gene
SOX1,Gene
SOX30,Gene
SPAG5,Gene
SPINK1,Gene
SPP2,Gene
SPR,Gene
SPRED2,Gene
SPRY2,Gene
SPX,Gene
SRGAP1,Gene
SRP68,Gene
SSRP1,Gene
ST13P5,Gene
STK26,Gene
STK3,Gene
STK38L,Gene
STRN3,Gene
STXBP1,Gene
SULT1A4,Gene
SUMF2,Gene
SUPT16H,Gene
SUPT5H,Gene
SUSD5,Gene
SYK,Gene
SYMPK,Gene
SYNJ1,Gene
SZT2,Gene
TACC3,Gene
TAF1D,Gene
TAGLN3,Gene
TANC2,Gene
TBC1D10A,Gene
TBL2,Gene
TBRG4,Gene
TCF20,Gene
TDH,Gene
TES,Gene
TESC,Gene
TEX13C,Gene
TFG,Gene
TGDS,Gene
THAP2,Gene
THBS4,Gene
TIPRL,Gene
TK2,Gene
TKFC,Gene
TKTL1,Gene
TLR6,Gene
TLR7,Gene
TM4SF19,Gene
TMCC1,Gene
TMEM107,Gene
TMEM183BP,Gene
TMEM19,Gene
TMEM201,Gene
TMEM255A,Gene
TMEM39A,Gene
TMEM51,Gene
TMEM70,Gene
TMPRSS15,Gene
TMT1B,Gene
TNFRSF21,Gene
TNFRSF25,Gene
TNFSF13B,Gene
TNPO2,Gene
TOLLIP,Gene
TOMM40L,Gene
TOR1AIP2,Gene
TRA2B,Gene
TRIM25,Gene
TRIM33,Gene
TRIM39-RPP21,Gene
TRIM56,Gene
TRIP12,Gene
TRMT1L,Gene
TRNAU1AP,Gene
TSC22D4,Gene
TSN,Gene
TTC23,Gene
TTC38,Gene
TTN,Gene
TUB,Gene
TUBE1,Gene
TWF2,Gene
UAP1,Gene
UBA5,Gene
UBA6,Gene
UBAC1,Gene
UBE3C,Gene
UBR4,Gene
UFM1,Gene
UFSP2,Gene
UGGT2,Gene
UMODL1,Gene
UNC13D,Gene
UPF1,Gene
USP5,Gene
USP9X,Gene
VCPIP1,Gene
VPS11,Gene
VPS13C,Gene
VPS16,Gene
VPS18,Gene
VPS33B,Gene
VPS36,Gene
VPS45,Gene
VPS4A,Gene
VRK1,Gene
VSIG4,Gene
VWA5A,Gene
VWA8,Gene
WASHC5,Gene
WASL,Gene
WDFY1,Gene
WDR13,Gene
WDR43,Gene
WDR81,Gene
WDR82,Gene
WDR91,Gene
WHRN,Gene
WNT2B,Gene
WNT8B,Gene
XAF1,Gene
XIRP2,Gene
XPC,Gene
XPO5,Gene
XRCC3,Gene
XYLT1,Gene
YRDC,Gene
ZBTB2,Gene
ZC3H10,Gene
ZC3H12C,Gene
ZC3H4,Gene
ZC3H6,Gene
ZC3HAV1L,Gene
ZDHHC12,Gene
ZFAND1,Gene
ZFPL1,Gene
ZHX1-C8ORF76,Gene
ZIC1,Gene
ZIC3,Gene
ZNF133,Gene
ZNF185,Gene
ZNF24,Gene
ZNF26,Gene
ZNF300,Gene
ZNF341,Gene
ZNF396,Gene
ZNF432,Gene
ZNF445,Gene
ZNF451,Gene
ZNF488,Gene
ZNF550,Gene
ZNF551,Gene
ZNF697,Gene
ZNF780A,Gene
ZNF780B,Gene
ZNF784,Gene
ZNF836,Gene
ZNF91,Gene
ZSCAN18,Gene
JAK3,Gene
REL,Gene
MMP14,Gene
CGAS,Gene
HAVCR1,Gene
MG,Gene
TRIM28,Gene
ACO1,Gene
ALPI,Gene
AQP1,Gene
ARNT,Gene
ATF1,Gene
ATG12,Gene
BACE1,Gene
CBR3,Gene
CCR5,Gene
CD274,Gene
CD38,Gene
CD70,Gene
CDH5,Gene
CX3CL1,Gene
CXCL14,Gene
DCT,Gene
DSPP,Gene
E2F4,Gene
EDN2,Gene
ESRRG,Gene
FCGR1A,Gene
FGF1,Gene
FGF23,Gene
FGF7,Gene
GAST,Gene
HSPA4,Gene
ITGAL,Gene
JUNB,Gene
KLF5,Gene
LCP2,Gene
LORICRIN,Gene
MAP1LC3B2,Gene
MAP2K7,Gene
MCM7,Gene
MIR146A,Gene
MITF,Gene
MKNK1,Gene
MMP12,Gene
MTR,Gene
NCAM1,Gene
NKX3-1,Gene
NUCB2,Gene
NUP153,Gene
NUP88,Gene
PLAC1,Gene
POSTN,Gene
PRF1,Gene
RPS6KA3,Gene
SFTPA1,Gene
SOST,Gene
SP7,Gene
STK39,Gene
TFF2,Gene
TFF3,Gene
TP53AIP1,Gene
TYR,Gene
TYRP1,Gene
APOA2,Gene
HSD17B3,Gene
SLC2A2,Gene
HTR7,Gene
GNPAT,Gene
F10,Gene
CETP,Gene
HSDL2,Gene
MAF,Gene
MSMO1,Gene
MVK,Gene
NR1H2,Gene
NR5A1,Gene
CCN4,Gene
NEUROG1,Gene
ACP5,Gene
ACVR1,Gene
ADCY7,Gene
ATAD5,Gene
ATRX,Gene
BLM,Gene
BMP8B,Gene
C4A,Gene
CDC45,Gene
CDT1,Gene
CSF1,Gene
DBF4,Gene
DNA2,Gene
E2F8,Gene
EME1,Gene
GINS3,Gene
GINS4,Gene
HDAC4,Gene
HSPG2,Gene
IFNGR1,Gene
IL4R,Gene
KDM6B,Gene
MGME1,Gene
MMS22L,Gene
NLRP1,Gene
NR1D1,Gene
NUCKS1,Gene
ORC3,Gene
ORC5,Gene
OSMR,Gene
POLA2,Gene
POLD2,Gene
POLE,Gene
POLE3,Gene
POLQ,Gene
PRIM1,Gene
RBBP8,Gene
RECQL4,Gene
RFC1,Gene
RFC2,Gene
RFC4,Gene
RFC5,Gene
RFWD3,Gene
SBNO2,Gene
THOC1,Gene
TICRR,Gene
TOPBP1,Gene
TRAIP,Gene
TWNK,Gene
TYRO3,Gene
WNK4,Gene
CCS,Gene
NCF4,Gene
CAMK4,Gene
GRIP1,Gene
HLCS,Gene
LYZL1,Gene
SLC6A19,Gene
ZNF804B,Gene
CD1C,Gene
CD34,Gene
FUT4,Gene
MME,Gene
PDE2A,Gene
CYP2W1,Gene
CSE1L,Gene
SCN1B,Gene
ADPRHL1,Gene
AGER,Gene
AK9,Gene
ALDH1A3-AS1,Gene
ALKBH8,Gene
ANKAR,Gene
APOM,Gene
ARHGAP19-SLIT1,Gene
ARRDC3-AS1,Gene
ASIC3,Gene
ATOH8,Gene
ATP1B1,Gene
ATP6V1E2,Gene
BFSP1,Gene
BLOC1S5-TXNDC5,Gene
BMAL2,Gene
BTBD8,Gene
C4ORF33,Gene
C9ORF163,Gene
CA14,Gene
CACNB4,Gene
CAPSL,Gene
CCDC112,Gene
CCDC15,Gene
CCDC198,Gene
CD7,Gene
CDH16,Gene
CDYL2,Gene
CEACAM19,Gene
CEMP1,Gene
CENPH,Gene
CHROMR,Gene
CHURC1-FNTB,Gene
CKLF-CMTM1,Gene
CLN3,Gene
COBLL1,Gene
CRACR2A,Gene
CSMD3,Gene
CXCR5,Gene
CYTH4,Gene
DCUN1D2,Gene
DDX60L,Gene
DLL4,Gene
DRAM1,Gene
EMID1,Gene
ENDOU,Gene
ENTPD3-AS1,Gene
EPHX4,Gene
ESPNL,Gene
ETV7,Gene
EVI5,Gene
FAM110C,Gene
FAM229A,Gene
FAM95C,Gene
FANCB,Gene
FGD5-AS1,Gene
FHIT,Gene
GAL3ST1,Gene
GBP4,Gene
GHET1,Gene
GLMN,Gene
GLS,Gene
GSDMD,Gene
H2AB2,Gene
HCST,Gene
HORMAD1,Gene
HOXA4,Gene
IFITM10,Gene
IGFL2-AS1,Gene
IL17RD,Gene
ITGB8,Gene
KBTBD11-OT1,Gene
KCNJ14,Gene
KCNJ5-AS1,Gene
KIF26B,Gene
KISS1R,Gene
KLHDC7A,Gene
KRT7-AS,Gene
LINC01117,Gene
LINC01465,Gene
LINC01547,Gene
LINC01772,Gene
LINC-PINT,Gene
LIPH,Gene
LONRF3,Gene
LUCAT1,Gene
LYNX1,Gene
MCM3AP-AS1,Gene
METTL4,Gene
MHENCR,Gene
MINCR,Gene
MIR1248,Gene
MIR1249,Gene
MIR1343,Gene
MIR22HG,Gene
MIR3150A,Gene
MIR3661,Gene
MIR4709,Gene
MIR499A,Gene
MIR589,Gene
MIR6514,Gene
MIR7-1,Gene
MOCS2-DT,Gene
MSANTD3-TMEFF1,Gene
NRSN2-AS1,Gene
NUTM2E,Gene
P3R3URF-PIK3R3,Gene
PCDHB11,Gene
PELI1,Gene
PGBD4,Gene
PPAN-P2RY11,Gene
PPME1,Gene
PPP1R14B-AS1,Gene
PRNCR1,Gene
PSG5,Gene
PSG9,Gene
RAB17,Gene
RGMB-AS1,Gene
RIPOR3,Gene
RMRP,Gene
RTN1,Gene
SENP3,Gene
SFR1,Gene
SGK1,Gene
SH2D5,Gene
SHROOM3,Gene
SLC23A3,Gene
SLC5A3,Gene
SLCO4A1-AS1,Gene
SLFNL1-AS1,Gene
SNAPC1,Gene
SP110,Gene
SPMIP1,Gene
SPNS2,Gene
ST3GAL1,Gene
STX16-NPEPL1,Gene
SYT8,Gene
SYTL4,Gene
TBC1D3,Gene
TBC1D3H,Gene
TBC1D3I,Gene
TENT5A,Gene
TLR9,Gene
TNNC1,Gene
TRAM1L1,Gene
TREX1,Gene
TRIM69,Gene
TRIML2,Gene
UBE2F-SCLY,Gene
UCP3,Gene
UQCR11,Gene
VPS33A,Gene
WNT6,Gene
XK,Gene
ZCCHC18,Gene
ZFP37,Gene
ZNF114,Gene
ZNF460,Gene
ZNF710-AS1,Gene
ZNF730,Gene
ZNF747,Gene
ZNF793,Gene
ZNF92,Gene
ABT1,Gene
AHCY,Gene
ANKRD17,Gene
AP2M1,Gene
AP3D1,Gene
API5,Gene
ASAP2,Gene
ATP5PO,Gene
ATXN2L,Gene
CALR,Gene
CAMSAP3,Gene
CAVIN1,Gene
CAVIN3,Gene
CCT7,Gene
CDC5L,Gene
CDC73,Gene
CDK11A,Gene
CDKN2AIP,Gene
CEP170,Gene
CHD1L,Gene
CHERP,Gene
CIT,Gene
CLASP1,Gene
CLPX,Gene
CNOT10,Gene
CNOT3,Gene
COL4A2,Gene
DARS2,Gene
DBT,Gene
DCDC2,Gene
DDX10,Gene
DDX21,Gene
DDX28,Gene
DDX42,Gene
DDX52,Gene
DHX16,Gene
DHX9,Gene
DLAT,Gene
DNAJC2,Gene
ECPAS,Gene
ECSIT,Gene
EIF2AK2,Gene
EIF4G3,Gene
FHDC1,Gene
FRYL,Gene
FSD1,Gene
FXR1,Gene
GALNT7,Gene
GCDH,Gene
GCN1,Gene
GIT2,Gene
GOLGA1,Gene
GPD2,Gene
GRSF1,Gene
GTF3C5,Gene
H1-3,Gene
H2AC12,Gene
HELZ,Gene
HLTF,Gene
HNRNPC,Gene
HNRNPU,Gene
HRNR,Gene
IGKC,Gene
IQGAP1,Gene
KIF2A,Gene
KRT15,Gene
KRT3,Gene
KRT79,Gene
KRT9,Gene
LEMD3,Gene
LSM14B,Gene
LUZP1,Gene
MAP7,Gene
MAP7D3,Gene
MARK3,Gene
MATR3,Gene
MCCC1,Gene
MCCC2,Gene
MORC4,Gene
MRPL1,Gene
MRPL15,Gene
MRPL39,Gene
MRPL45,Gene
MRPS26,Gene
MRPS35,Gene
MRPS9,Gene
MTCL2,Gene
MYO6,Gene
MYO9B,Gene
NAA16,Gene
NAA25,Gene
NARS1,Gene
NDUFS2,Gene
NDUFS7,Gene
NDUFV1,Gene
NEMF,Gene
NHSL3,Gene
NPM1,Gene
NUFIP2,Gene
NUP214,Gene
OTUD4,Gene
PCBP1,Gene
PELP1,Gene
PKN2,Gene
PLEKHA6,Gene
PRKAR2A,Gene
PRPF19,Gene
PRPF3,Gene
PRPF6,Gene
PSIP1,Gene
PTBP1,Gene
PTCD3,Gene
PXDN,Gene
PYM1,Gene
RAB14,Gene
RALY,Gene
RANBP2,Gene
RBM19,Gene
RBM27,Gene
RBM42,Gene
RBMX,Gene
RPL35,Gene
RPRD1A,Gene
RPS15,Gene
SAFB2,Gene
SAMM50,Gene
SBF1,Gene
SCAF8,Gene
SCYL2,Gene
SEC11A,Gene
SLC25A12,Gene
SMG6,Gene
SPATS2,Gene
SPATS2L,Gene
SPCS2,Gene
SPECC1L,Gene
SRGAP2,Gene
TANC1,Gene
TCP1,Gene
TGFBI,Gene
TGM3,Gene
THRAP3,Gene
TIAL1,Gene
TIMM17B,Gene
TIMM23,Gene
TNPO3,Gene
TOMM22,Gene
TPP2,Gene
TRIR,Gene
TRMT10C,Gene
UBTF,Gene
UGP2,Gene
UQCRFS1,Gene
UTP14A,Gene
WARS2,Gene
XRCC5,Gene
TRPC6,Gene
ABHD12,Gene
ACAA2,Gene
ACAT2,Gene
ACLY,Gene
ACOT4,Gene
ACYP1,Gene
ADAT1,Gene
AGR3,Gene
ALG6,Gene
ALG8,Gene
AMMECR1,Gene
ANO6,Gene
ANP32E,Gene
ANXA2P2,Gene
ANXA9,Gene
AP1M1,Gene
APBB2,Gene
ARFGEF3,Gene
ARHGEF37,Gene
ARL3,Gene
ARX,Gene
ATP23,Gene
ATP2C1,Gene
ATP5MC1,Gene
ATXN1,Gene
AXUD1,Gene
BACE2,Gene
BARD1,Gene
BCAR3,Gene
BCL2L12,Gene
BCL9,Gene
BEX2,Gene
BLTP2,Gene
BMF,Gene
BMPR2,Gene
BRWD1,Gene
BSDC1,Gene
C9ORF152,Gene
C9ORF40,Gene
CAST,Gene
CBFB,Gene
CBLB,Gene
CCDC14,Gene
CCDC34,Gene
CDH12,Gene
CDK2AP2,Gene
CDK5RAP2,Gene
CDKN3,Gene
CELSR2,Gene
CENPQ,Gene
CEP78,Gene
CHES1,Gene
CLN6,Gene
CMC2,Gene
CRACD,Gene
CRY1,Gene
CSPG5,Gene
CSRNP2,Gene
CTNNAL1,Gene
CTR9,Gene
DANCR,Gene
DCAF15,Gene
DCAF4,Gene
DCAF5,Gene
DCLRE1A,Gene
DCLRE1B,Gene
DDAH2,Gene
DDB2,Gene
DDIAS,Gene
DDX39B,Gene
DENND11,Gene
DERA,Gene
DHTKD1,Gene
DIP2C,Gene
DMXL1,Gene
DNAJA2,Gene
DNAJC9,Gene
DSN1,Gene
DYNC2I2,Gene
E2F5,Gene
ECT2,Gene
EED,Gene
ELOVL7,Gene
ENC1,Gene
ENOSF1,Gene
ENTREP1,Gene
EPB41L5,Gene
ERCC6L,Gene
ERI2,Gene
ERRFI1,Gene
ESPL1,Gene
EXO1,Gene
EZR,Gene
FAM107B,Gene
FAM110B,Gene
FAM149B1,Gene
FANCG,Gene
FANCL,Gene
FBXO38,Gene
FERMT2,Gene
FIGNL1,Gene
FILIP1L,Gene
FIRRM,Gene
FNBP1L,Gene
FSCN1,Gene
FYCO1,Gene
G2E3,Gene
GABPB2,Gene
GALNT1,Gene
GALNT10,Gene
GANAB,Gene
GAS2L3,Gene
GATA2,Gene
GCHFR,Gene
GEMIN2,Gene
GFRA1,Gene
GGCT,Gene
GLE1,Gene
GMPS,Gene
GOLGA2,Gene
GPSM2,Gene
GRAMD1A,Gene
GRHL3,Gene
GTF2IRD1,Gene
H2AC8,Gene
H2AZ1,Gene
H2BC4,Gene
H3-3B,Gene
HACL2,Gene
HAUS1,Gene
HELZ2,Gene
HERC1,Gene
HES1,Gene
HJURP,Gene
HMGN3,Gene
HOXC6,Gene
ICE1,Gene
ID3,Gene
IDS,Gene
IER2,Gene
IER5,Gene
IFT122,Gene
IFT43,Gene
IGFBP4,Gene
IGFLR1,Gene
IL20,Gene
ILF2,Gene
INCENP,Gene
INO80E,Gene
IQCK,Gene
IQGAP3,Gene
ITGA2,Gene
ITGB3BP,Gene
KDM5A,Gene
KDM5B,Gene
KIAA0513,Gene
KIDINS220,Gene
KIF5C,Gene
KLF12,Gene
KLHDC3,Gene
KLHL5,Gene
KMT2E,Gene
KNSTRN,Gene
KRT80,Gene
L2HGDH,Gene
LAGE3,Gene
LCMT2,Gene
LINC00052,Gene
LRR1,Gene
MAP1B,Gene
MATN3,Gene
MAZ,Gene
MB21D2,Gene
MCUB,Gene
MEF2A,Gene
MELK,Gene
MEPCE,Gene
METAP2,Gene
MIS18BP1,Gene
MLH1,Gene
MOAP1,Gene
MPHOSPH9,Gene
MRM2,Gene
MRPL37,Gene
MRPS27,Gene
MTCP1,Gene
MTFP1,Gene
MTMR4,Gene
MTUS1,Gene
MYCBP,Gene
MYLIP,Gene
MYO5B,Gene
MZT1,Gene
N4BP1,Gene
NAA50,Gene
NBEA,Gene
NBEAL1,Gene
NBPF1,Gene
NCAPG2,Gene
NCOA7,Gene
NDC1,Gene
NDE1,Gene
NEBL,Gene
NFATC2IP,Gene
NMT2,Gene
NOM1,Gene
NPNT,Gene
NR2F6,Gene
NR4A2,Gene
NRM,Gene
NSD2,Gene
NUAK1,Gene
NUP107,Gene
NUP210,Gene
NUP62CL,Gene
OAZ2,Gene
OTUD1,Gene
OXTR,Gene
P4HB,Gene
PARP2,Gene
PBK,Gene
PCMTD1,Gene
PCNT,Gene
PDIA6,Gene
PFKL,Gene
PGRMC1,Gene
PHACTR2,Gene
PHLDB2,Gene
PKMYT1,Gene
PLEKHB2,Gene
PLK1,Gene
PMPCB,Gene
PPAT,Gene
PPP1R10,Gene
PPP2R3A,Gene
PPP3CC,Gene
PRR14,Gene
PRRC2A,Gene
PUS3,Gene
PYROXD1,Gene
QSER1,Gene
RAB2,Gene
RAB8A,Gene
RAD51AP1,Gene
RAD51C,Gene
RAD54L,Gene
RANBP1,Gene
RAPGEFL1,Gene
RASL11B,Gene
RASSF3,Gene
RAVER1,Gene
RBBP9,Gene
RBM15,Gene
RBMS1,Gene
RCCD1,Gene
RDM1,Gene
REEP3,Gene
RGS2,Gene
RHNO1,Gene
RHOT1,Gene
RNASEH2A,Gene
RNF187,Gene
RNF19A,Gene
RPA3,Gene
RSRC1,Gene
RUNDC3B,Gene
SAE1,Gene
SALL4,Gene
SERINC5,Gene
SF3B3,Gene
SKA1,Gene
SKA3,Gene
SLBP,Gene
SLC12A2,Gene
SLC25A11,Gene
SLC25A39,Gene
SLC26A11,Gene
SLC27A2,Gene
SLC35D2,Gene
SLC37A4,Gene
SMC2,Gene
SMYD2,Gene
SNN,Gene
SNORA24,Gene
SNORD52,Gene
SNRNP25,Gene
SNRPB,Gene
SNX24,Gene
SNX29,Gene
SNX6,Gene
SOCS2,Gene
SPATA7,Gene
SPDL1,Gene
SPIN4,Gene
SRD5A3,Gene
SRI,Gene
STIL,Gene
STON2,Gene
SUV39H2,Gene
SWAP70,Gene
SYCE2,Gene
SYDE2,Gene
SYNGR3,Gene
SYTL5,Gene
TAF5,Gene
TARS2,Gene
TBL1X,Gene
TDP1,Gene
TECR,Gene
TEX30,Gene
TGFBR1,Gene
TGIF1,Gene
TGIF2,Gene
TIMELESS,Gene
TMED8,Gene
TMEM237,Gene
TMEM38B,Gene
TMEM45B,Gene
TMEM65,Gene
TMPRSS3,Gene
TMTC2,Gene
TNFAIP1,Gene
TPI1,Gene
TRERF1,Gene
TRIM59,Gene
TUBA2,Gene
TUBB4B,Gene
TUBD1,Gene
TUBGCP4,Gene
TUFT1,Gene
TWIST1,Gene
UBE2B,Gene
UBE2J1,Gene
UBR7,Gene
UCHL5,Gene
UPF3B,Gene
USP1,Gene
USP3,Gene
UST,Gene
WDR76,Gene
WIZ,Gene
ZBTB26,Gene
ZC2HC1A,Gene
ZC3H12A,Gene
ZDHHC7,Gene
ZMYM5,Gene
ZNF160,Gene
ZNF354A,Gene
ZNF367,Gene
ZNF467,Gene
ZNF641,Gene
ZNF703,Gene
ZNF718,Gene
ZWILCH,Gene
ZXDB,Gene
GPR18,Gene
DAP3,Gene
GRB2,Gene
MAPK11,Gene
ACOT2,Gene
ADH6,Gene
ALDH6A1,Gene
ARSL,Gene
CIDEB,Gene
CRYAA,Gene
DUSP13B,Gene
GGCX,Gene
GHITM,Gene
GLA,Gene
GTPBP6,Gene
HNRNPA2B1,Gene
IGSF1,Gene
KRT6A,Gene
NEK4,Gene
PAK3,Gene
PGC,Gene
PGF,Gene
PKP1,Gene
RAD23B,Gene
RUVBL2,Gene
S100A16,Gene
SERPINC1,Gene
SLC1A2,Gene
SNRPA,Gene
SPRR1A,Gene
SPRR1B,Gene
SPRR2D,Gene
TMED2,Gene
TSPAN7,Gene
UBE2V2,Gene
ZW10,Gene
IL5RA,Gene
PLD1,Gene
CC2D2A,Gene
CFAP221,Gene
CFAP70,Gene
CPXM2,Gene
CSF3,Gene
DNAAF1,Gene
DNAH12,Gene
DNAH3,Gene
DNAH6,Gene
DNAI1,Gene
GPX2,Gene
KRT13,Gene
KRT14,Gene
KRT4,Gene
MIR205HG,Gene
SCGB1A1,Gene
SORCS2,Gene
SPAG17,Gene
TEKT1,Gene
CD1A,Gene
CLOCK,Gene
CYP27A1,Gene
IL8,Gene
TUBB2B,Gene
ABLIM3,Gene
ACER3,Gene
ADAMTSL2,Gene
AGPAT5,Gene
AKT3,Gene
ALDH3B2,Gene
AVIL,Gene
BAMBI,Gene
BMP1,Gene
CERS4,Gene
CERS5,Gene
CYP4F11,Gene
DCSTAMP,Gene
DHX40,Gene
DRC2,Gene
DTYMK,Gene
EPGN,Gene
FBXL2,Gene
FCGR2B,Gene
G6PC,Gene
GAB1,Gene
GRM3,Gene
GTPBP8,Gene
GYPE,Gene
HBG1,Gene
HLA-DQA1,Gene
HS6ST1,Gene
IL1R2,Gene
IL1RN,Gene
LRIT1,Gene
MS4A6A,Gene
PEPCK,Gene
PLEKHA8,Gene
POT1,Gene
PRAP1,Gene
PSD3,Gene
PTGER1,Gene
PTGR3,Gene
RHO,Gene
RRM2B,Gene
SGPL1,Gene
SH2D2A,Gene
SIX4,Gene
SLC6A6,Gene
SLC8A3,Gene
SMPD3,Gene
SPTLC2,Gene
SRF,Gene
TCF15,Gene
TENM3,Gene
TERF2,Gene
TMEM229A,Gene
TMEM37,Gene
TNS4,Gene
TRHR,Gene
TSHR,Gene
VAPB,Gene
ZFP36L1,Gene
MIR1537,Gene
FLG,Gene
AOC1,Gene
ARCN1,Gene
ARFGEF2,Gene
ARHGAP4,Gene
ARID1B,Gene
ARPC1A,Gene
BAZ1B,Gene
BIN1,Gene
C1QA,Gene
C1QC,Gene
C8A,Gene
CAPZA2,Gene
CCDC93,Gene
COG1,Gene
COG2,Gene
COL10A1,Gene
COLGALT1,Gene
COMP,Gene
COPG2,Gene
COPS7B,Gene
CPSF3,Gene
CPT2,Gene
CRYBG2,Gene
CRYZ,Gene
CSPG4,Gene
CUL4A,Gene
DCAF1,Gene
DDX46,Gene
DPP4,Gene
DPY30,Gene
EFR3A,Gene
EML3,Gene
FKBP2,Gene
FLT1,Gene
GIT1,Gene
GLRX3,Gene
GNA13,Gene
GPLD1,Gene
HBG2,Gene
HBZ,Gene
HECTD3,Gene
HINT3,Gene
HSPA13,Gene
HTRA4,Gene
IFI16,Gene
IGFALS,Gene
IGHA1,Gene
IGKV1D-12,Gene
IGKV3D-15,Gene
IGLV3-21,Gene
ITGA6,Gene
KHDRBS1,Gene
KPNA3,Gene
LDAH,Gene
LMCD1,Gene
LMOD1,Gene
LRP2,Gene
MPRIP,Gene
NIPBL,Gene
NME2,Gene
NPL,Gene
NUDCD1,Gene
NXN,Gene
OSBP,Gene
OXSR1,Gene
PBDC1,Gene
PCYOX1L,Gene
PEPD,Gene
PGM5,Gene
PIP4K2C,Gene
PNKP,Gene
PPP1R7,Gene
PPP2CA,Gene
PRMT5,Gene
PRPF39,Gene
PSAP,Gene
PSMB10,Gene
PSMC5,Gene
PSME1,Gene
PUF60,Gene
RAB3GAP2,Gene
RBBP7,Gene
RPL11,Gene
RPL27,Gene
RPL30,Gene
RPS16,Gene
SART3,Gene
SEH1L,Gene
SEPTIN3,Gene
SERPINB9,Gene
SLC22A11,Gene
SLC44A2,Gene
SMARCA5,Gene
SMCHD1,Gene
SNRNP200,Gene
SNX5,Gene
ST13,Gene
STBD1,Gene
SULT2B1,Gene
TGFB1I1,Gene
TMEM33,Gene
TOR1B,Gene
TSPAN9,Gene
TTC7B,Gene
TWF1,Gene
TXNL1,Gene
UBE4A,Gene
UMPS,Gene
USP47,Gene
VPS53,Gene
WTAP,Gene
XPO4,Gene
YTHDC1,Gene
YTHDF3,Gene
ZC3HC1,Gene
METTL3,Gene
RXRB,Gene
PROK1,Gene
CYP2S1,Gene
IPCEF1,Gene
MSRA,Gene
OR1A1B,Gene
COX6B1,Gene
ABHD16B,Gene
ADAMTS6,Gene
ADGRG5,Gene
APOLD1,Gene
ASB14,Gene
ATP8B4,Gene
AURKC,Gene
BCAN,Gene
BHLHA15,Gene
BICDL2,Gene
BIRC7,Gene
C19ORF38,Gene
C1ORF162,Gene
C2CD4A,Gene
CACNA1D,Gene
CATSPERH,Gene
CCDC171,Gene
CFAP96,Gene
CISH,Gene
CLTRN,Gene
CNTNAP3C,Gene
COL11A2,Gene
CSDC2,Gene
DCLRE1C,Gene
DISP2,Gene
DRC12,Gene
EPB41L4A,Gene
ERAS,Gene
ETNPPL,Gene
FAM229B,Gene
FER1L5,Gene
FIBCD1,Gene
FSIP2,Gene
FUT7,Gene
GABRR2,Gene
GADD45,Gene
GAPDHS,Gene
GLDN,Gene
GLOD5,Gene
GNAL,Gene
GNRH1,Gene
GUSBP9,Gene
IFI35,Gene
KCNE3,Gene
LEMD1,Gene
LENG9,Gene
LIPT2,Gene
LOXL3,Gene
LPAR6,Gene
LRRC46,Gene
LTBP4,Gene
MAGIX,Gene
MARCHF3,Gene
MBLAC1,Gene
MC5R,Gene
MILIP,Gene
MISFA,Gene
MLNR,Gene
MMACHC,Gene
NDUFV2,Gene
NECAB2,Gene
NKX6-2,Gene
ODAD4,Gene
PARD6A,Gene
PKD1P1,Gene
PKHD1L1,Gene
PTGER3,Gene
PTP4A3,Gene
RAB37,Gene
RAD51B,Gene
RAPGEF4,Gene
RBFADN,Gene
RIBC1,Gene
RIPOR2,Gene
RRAD,Gene
SARM1,Gene
SCNN1D,Gene
SEMA3A,Gene
SFRP4,Gene
SLC17A2,Gene
SLC23A1,Gene
SLC34A3,Gene
SLC4A3,Gene
SLC5A11,Gene
SLC6A12,Gene
SLC9B1,Gene
SMIM10L2B,Gene
SMPDL3B,Gene
SOX18,Gene
SPTSSB,Gene
ST20-MTHFS,Gene
STAMBPL1,Gene
TBC1D2,Gene
TCAP,Gene
TMEM250,Gene
TMEM63C,Gene
TRO,Gene
TSSK3,Gene
TTC23L,Gene
TTC34,Gene
TTLL10,Gene
USP19,Gene
ZNF497,Gene
ZNF517,Gene
ZNF658,Gene
RNGTT,Gene
GLYCAM1,Gene
SLC16A1,Gene
SLC5A6,Gene
SMN1,Gene
ABCC4,Gene
MEOX1,Gene
PAX3,Gene
PAX9,Gene
TBX6,Gene
CYP46A1,Gene
AKT2,Gene
CD247,Gene
CGB1,Gene
DEFA1,Gene
DEFA2,Gene
DPP3,Gene
EPO,Gene
ERVW-1,Gene
FAM168A,Gene
GCM1,Gene
GLI1,Gene
HDC,Gene
HSP27,Gene
IAPP,Gene
ITGAV,Gene
MALT1,Gene
MIR2110,Gene
MT3,Gene
MYCN,Gene
PDX1,Gene
SIRPA,Gene
SLC27A5,Gene
SRR,Gene
ALOX5AP,Gene
AADAC,Gene
ABCA10,Gene
ACADS,Gene
ACTC1,Gene
ACTG2,Gene
ADAMTS14,Gene
ADH1B,Gene
AFAP1L1,Gene
APCDD1L,Gene
APCDD1L-DT,Gene
ATP2A1-AS1,Gene
BBS12,Gene
BCDIN3D-AS1,Gene
BCYRN1,Gene
BOLA1,Gene
C10ORF90,Gene
C16ORF89,Gene
C19ORF33,Gene
CCDC190,Gene
CCNJL,Gene
CD200,Gene
CDH6,Gene
CFI,Gene
CHRDL2,Gene
CLCA2,Gene
CLEC2D,Gene
COCH,Gene
COLQ,Gene
COMTD1,Gene
CPEB3,Gene
CPXM1,Gene
CRLF1,Gene
CSGALNACT1,Gene
CSMD2,Gene
CYP26B1,Gene
CYS1,Gene
DAW1,Gene
DDIT4L,Gene
DLGAP1,Gene
DNM1P51,Gene
DPF3,Gene
DTX4,Gene
DUSP4,Gene
ELN,Gene
FAM167A,Gene
FAM43B,Gene
FARS2,Gene
FAT3,Gene
FER1L6,Gene
FGL2,Gene
FKBP9P1,Gene
FLT4,Gene
FNDC1,Gene
FNDC5,Gene
FOXA3,Gene
FRMD3,Gene
GUCY1A2,Gene
HECW2,Gene
HHAT,Gene
HHIP,Gene
HHIP-AS1,Gene
HOXB6,Gene
HOXB-AS1,Gene
ICK,Gene
IFIH1,Gene
IKBKE,Gene
IL26,Gene
IL34,Gene
IL7,Gene
IMMP2L,Gene
INSYN2B,Gene
KCND3,Gene
KCNIP3,Gene
KCNQ3,Gene
KCNS2,Gene
KIAA0408,Gene
KIF5A,Gene
LDB3,Gene
LDHD,Gene
LINC00106,Gene
LINC01085,Gene
LINC02593,Gene
LINC02604,Gene
LTF,Gene
MACC1,Gene
MAL2,Gene
MAMDC4,Gene
MCOLN3,Gene
MED31,Gene
MEF2B,Gene
METTL18,Gene
METTL24,Gene
MEX3B,Gene
MIAT,Gene
MRAP2,Gene
MYCT1,Gene
MYO16,Gene
NEK8,Gene
NFE2,Gene
NPTXR,Gene
NR3C2,Gene
NSUN5P2,Gene
NXF3,Gene
OPCML,Gene
P4HA3,Gene
PACC1,Gene
PALM,Gene
PAPPA,Gene
PASK,Gene
PAX8,Gene
PC,Gene
PCDH10,Gene
PCDHGA4,Gene
PCDHGB2,Gene
PDE5A,Gene
PDZD7,Gene
PI16,Gene
PIGN,Gene
PKD1P6,Gene
PKNOX2,Gene
PLA2G6,Gene
PLCE1-AS1,Gene
POM121L9P,Gene
PPP1R13B,Gene
PPP1R14C,Gene
PPP1R26-AS1,Gene
PPP4R4,Gene
PSD,Gene
PTPRU,Gene
PTPRZ1,Gene
PVRIG2P,Gene
QRICH2,Gene
RASGRP1,Gene
RASSF2,Gene
RECQL5,Gene
REPS2,Gene
RGS7BP,Gene
RIMS1,Gene
RIMS4,Gene
ROBO4,Gene
RPL17-C18ORF32,Gene
RPL22P1,Gene
SAMD11,Gene
SAMD3,Gene
SAPCD1,Gene
SCAND3,Gene
SDHAP3,Gene
SELPLG,Gene
SEMA3F,Gene
SERTAD4,Gene
SHISA3,Gene
SLC13A4,Gene
SLC25A20,Gene
SLC28A3,Gene
SLC2A12,Gene
SLC7A4,Gene
SLC9A3-AS1,Gene
SMAD6,Gene
SMOX,Gene
SPACA6,Gene
SPACA6-AS1,Gene
SPOPL,Gene
SPTBN5,Gene
STAG3L3,Gene
STEAP1B,Gene
STRA6,Gene
STX1B,Gene
SYT15,Gene
TAF1C,Gene
TDRD9,Gene
TENM3-AS1,Gene
TEPSIN,Gene
TM6SF1,Gene
TMEM119,Gene
TMEM135,Gene
TMEM187,Gene
TMEM220-AS1,Gene
TMEM233,Gene
TMEM92,Gene
TNFRSF11A,Gene
TRHDE,Gene
TRHDE-AS1,Gene
TRIM52,Gene
TRIM62,Gene
TRPM3,Gene
UCN2,Gene
UVSSA,Gene
VASH1,Gene
VAT1L,Gene
WASH4P,Gene
WWC1,Gene
XPNPEP2,Gene
YJEFN3,Gene
ZBTB14,Gene
ZNF154,Gene
ZNF667-AS1,Gene
ZNF671,Gene
ZSWIM7,Gene
CMA1,Gene
ADIPOR1,Gene
GC,Gene
RNASEL,Gene
NEIL1,Gene
AATK,Gene
B9D2,Gene
BCL2L2-PABPN1,Gene
C19ORF73,Gene
ECT2L,Gene
GET1-SH3BGR,Gene
GPR87,Gene
HUS1B,Gene
IGFBPL1,Gene
IKZF2,Gene
IL2RG,Gene
KTI12,Gene
LGI2,Gene
MAPDA,Gene
NUTM2B,Gene
OTOGL,Gene
P2RX5-TAX1BP3,Gene
RBM46,Gene
RGS9,Gene
SENP3-EIF4A1,Gene
SLC35G6,Gene
SLC38A11,Gene
SYS1-DBNDD2,Gene
TIGD4,Gene
TMEM217B,Gene
TRIM55,Gene
VWA2,Gene
ZNF284,Gene
ZNF365,Gene
ADH7,Gene
DLSTP1,Gene
MDH1,Gene
PDHA1,Gene
UBC,Gene
GABBR1,Gene
ACTA1,Gene
ATP1B4,Gene
AVPR1A,Gene
CASQ2,Gene
CAVIN4,Gene
CKM,Gene
DES,Gene
MYH7,Gene
MYL2,Gene
NRAP,Gene
TNNT1,Gene
ALPP,Gene
ERBB4,Gene
SMPD2,Gene
CTSZ,Gene
ABCC10,Gene
TCF4,Gene
SCD1,Gene
ACADM,Gene
ADSL,Gene
ALDH18A1,Gene
ARHGAP1,Gene
ATP6V1B2,Gene
CENPV,Gene
CLTC,Gene
CPNE1,Gene
DCTN1,Gene
EBNA1BP2,Gene
EHD1,Gene
EIF2S3,Gene
EIF5AL1,Gene
GRHPR,Gene
HGD,Gene
HNRNPH2,Gene
IPO5,Gene
MTCH2,Gene
NIFK,Gene
P3H1,Gene
PAK2,Gene
PDHB,Gene
PSMA5,Gene
PSMC2,Gene
PSMC4,Gene
RPL22,Gene
RPS5,Gene
RTN4,Gene
SERPINH1,Gene
SON,Gene
SRP14,Gene
SSR4,Gene
UBE2N,Gene
UGGT1,Gene
POLK,Gene
ATF7IP,Gene
ATL1,Gene
CAB39L,Gene
CD27,Gene
CDH26,Gene
CDK13,Gene
CFHR4,Gene
CXCR3,Gene
DDC,Gene
DNAJB8,Gene
EPS8L3,Gene
G6PC1,Gene
GNAT1,Gene
GNMT,Gene
HBB,Gene
HCCS,Gene
HEMK1,Gene
HNF1B,Gene
HSFX1,Gene
KCTD2,Gene
LCN15,Gene
LRRIQ3,Gene
MIR106B,Gene
MIR27B,Gene
MIR30D,Gene
MIR330,Gene
MIR494,Gene
MIR518C,Gene
MIR612,Gene
MIR615,Gene
MIR638,Gene
MIR654,Gene
NKG7,Gene
NME9,Gene
NOX1,Gene
OAT,Gene
ODF4,Gene
PAQR7,Gene
PDCD1,Gene
POTED,Gene
RAPGEF1,Gene
RBM14,Gene
RNF186,Gene
RNF34,Gene
RNU11,Gene
RPGR,Gene
S100A1,Gene
SLAIN2,Gene
SLC22A8,Gene
SPDYE3,Gene
TAF1,Gene
TDRD10,Gene
TMC8,Gene
TTL,Gene
UGT1A,Gene
ZNF296,Gene
ZNF654,Gene
SLC3A1,Gene
SLC7A9,Gene
ABCC9,Gene
ABCD3,Gene
ARG1,Gene
ATP11B,Gene
C1QTNF7,Gene
CFAP45,Gene
CLYBL,Gene
DAPL1,Gene
DMXL2,Gene
DUOX2,Gene
DUSP16,Gene
ESCO2,Gene
FAM153A,Gene
GABPB1,Gene
GJC3,Gene
GPATCH1,Gene
H6PD,Gene
HIPK3,Gene
IL3RA,Gene
IMPG2,Gene
INPP5D,Gene
KCNV1,Gene
KLF1,Gene
LRRC58,Gene
PIP5KL1,Gene
PRSS21,Gene
S100A2,Gene
SERPINI2,Gene
SLC15A1,Gene
SPDYE1,Gene
TAS2R20,Gene
TBC1D25,Gene
TNFSF9,Gene
TRIM63,Gene
UBE2J2,Gene
UGT1A2,Gene
VAMP1,Gene
VIL1,Gene
ZNF343,Gene
ZNF799,Gene
APRT,Gene
FBXO30,Gene
AOC4P,Gene
REDIC1,Gene
NFKB,Gene
DNAJB6,Gene
HOXC8,Gene
IER5L,Gene
MEX3A,Gene
MRPL18,Gene
NAALAD2,Gene
PARD6G-AS1,Gene
RAPH1,Gene
RP9P,Gene
SNX3,Gene
THSD7A,Gene
UBB,Gene
ZC3HAV1,Gene
ANKRD1,Gene
FAM86B1,Gene
GPSM1,Gene
IFFO1,Gene
LINC00886,Gene
SLC22A10,Gene
SLC6A1,Gene
SOGA3,Gene
TLCD3A,Gene
XAGE1A,Gene
C4B,Gene
BCL10,Gene
IRAK1BP1,Gene
NFKB2,Gene
NKIRAS1,Gene
TAB1,Gene
TLR1,Gene
TNFSF11,Gene
ZNF675,Gene
ABCA13,Gene
ADAM10,Gene
ATAD3C,Gene
AUP1,Gene
BLMH,Gene
BTN2A1,Gene
C12ORF75,Gene
CCDC174,Gene
CD151,Gene
CDC42SE2,Gene
CDK12,Gene
CNST,Gene
COPS3,Gene
CSNK1G3,Gene
CTDSP1,Gene
CTDSP2,Gene
CYB5B,Gene
DCTN2,Gene
DDOST,Gene
DNAJC5,Gene
DOT1L,Gene
DSG1,Gene
EFCAB14,Gene
EIF4A1,Gene
ELOVL1,Gene
EMILIN1,Gene
ENG,Gene
ERGIC1,Gene
ERGIC3,Gene
FAM114A1,Gene
FAM157C,Gene
FAU,Gene
FIP1L1,Gene
FKRP,Gene
FNDC3A,Gene
GDI2,Gene
GNAQ,Gene
GPI,Gene
HBA2,Gene
HRG,Gene
HSF2,Gene
HSP90AB2P,Gene
ITM2C,Gene
KIAA2013,Gene
KNTC1,Gene
KRT83,Gene
LAMB2,Gene
MAB21L4,Gene
MAT2B,Gene
MED27,Gene
MGST1,Gene
MOXD1,Gene
MTDH,Gene
NACA,Gene
NCKAP1,Gene
OXGR1,Gene
PDE6C,Gene
PGD,Gene
PI4K2A,Gene
PI4K2B,Gene
PIEZO1,Gene
PLRG1,Gene
PLSCR3,Gene
PSMB2,Gene
PSMB3,Gene
PSMC1,Gene
PSMD14,Gene
PSMD6,Gene
PTK7,Gene
RAB1A,Gene
RAB2A,Gene
RAP1B,Gene
RAP2B,Gene
RGS19,Gene
RPL39,Gene
RPS27L,Gene
RPS7,Gene
SCAMP1,Gene
SCAMP2,Gene
SCN7A,Gene
SLC35F6,Gene
SLC9A7,Gene
SPI1,Gene
SPRYD7,Gene
STRAP,Gene
THY1,Gene
TM9SF2,Gene
TMED1,Gene
TMEM184C,Gene
TMEM214,Gene
TMEM44,Gene
TMEM87A,Gene
TRIP6,Gene
TSPAN4,Gene
TTYH3,Gene
UBE2L1,Gene
UBE2L3,Gene
UBE2R2,Gene
UTY,Gene
VPS50,Gene
YWHAZ,Gene
ZC3H11D,Gene
ZDHHC18,Gene
ZDHHC5,Gene
ZNF207,Gene
ZNF670,Gene
ZNF808,Gene
AKAP11,Gene
ARMC8,Gene
BPTF,Gene
CARINH,Gene
CCDC9B,Gene
CCL25,Gene
CHMP1B,Gene
CROP,Gene
DEDD2,Gene
DOK3,Gene
DRICH1,Gene
ELK4,Gene
ERVK13-1,Gene
FAM217B,Gene
GCNA,Gene
HTRA3,Gene
IFT54,Gene
IKZF4,Gene
KMT2A,Gene
LPP,Gene
LRRC70,Gene
MIDEAS,Gene
MOB1B,Gene
MRTFB,Gene
NFKBIZ,Gene
OR5T2,Gene
PAG1,Gene
PTPN3,Gene
RAB22A,Gene
RIC1,Gene
RO60,Gene
RPL32P3,Gene
RRP15,Gene
SLC35A3,Gene
SNORD22,Gene
SPAG9,Gene
TENT4A,Gene
TEX19,Gene
TNIK,Gene
USF3,Gene
USP31,Gene
ZBTB24,Gene
ZNF107,Gene
ZNF234,Gene
ZNF783,Gene
ZNF786,Gene
ZNFX1,Gene
CMPK2,Gene
FA2H,Gene
IFNL1,Gene
IFNL2,Gene
RARRES2,Gene
DGAT1,Gene
LIPE,Gene
LTC4S,Gene
ADORA3,Gene
DCK,Gene
CELF2,Gene
POLI,Gene
POLN,Gene
TYMP,Gene
IKZF1,Gene
SLC39A7,Gene
CNPY1,Gene
EXOSC1,Gene
LUC7L3,Gene
MIR15A,Gene
MIR26A1,Gene
MIR29C,Gene
MIR345,Gene
MIR451A,Gene
MIR572,Gene
MIR99B,Gene
MUC20-OT1,Gene
SEC14L4,Gene
SPRY4-AS1,Gene
SVIL-AS1,Gene
TP53I13,Gene
ATP5A1,Gene
ZBP1,Gene
CDX2,Gene
OR5G26,Gene
FLT3,Gene
STAT5A,Gene
CCNT1,Gene
RNF144B,Gene
UGT2B10,Gene
CHST5,Gene
CHST6,Gene
TPMT,Gene
CCL22,Gene
MTNR1A,Gene
MTNR1B,Gene
ODC1,Gene
CO4A1,Gene
ICAM2,Gene
LOX,Gene
LOXL2,Gene
PDGFC,Gene
ARHGEF17,Gene
ABHD17B,Gene
ACOX1,Gene
ADGRF1,Gene
ADM5,Gene
AGAP3,Gene
ANXA7,Gene
APTX,Gene
ARHGAP27P1,Gene
ARMC7,Gene
ARMCX5,Gene
ASPHD1,Gene
ATG9B,Gene
ATP7B,Gene
B4GALNT2,Gene
BCAS1,Gene
BDP1,Gene
BORCS8,Gene
BPGM,Gene
BTG3,Gene
C1ORF122,Gene
C2ORF15,Gene
C8ORF88,Gene
CAB39,Gene
CARD11,Gene
CCDC124,Gene
CCDC186,Gene
CCDC25,Gene
CCDC51,Gene
CCDC90B,Gene
CCT8P1,Gene
CD40LG,Gene
CD74,Gene
CDC14B,Gene
CDPF1,Gene
CDRT4,Gene
CHAMP1,Gene
CHCHD7,Gene
CHKB-DT,Gene
CLCA4,Gene
CLCN5,Gene
CNIH2,Gene
CNNM1,Gene
CNTNAP3B,Gene
CNTNAP5,Gene
COG8,Gene
COMMD5,Gene
CREB3L4,Gene
CTNNA1,Gene
CTRL,Gene
CWH43,Gene
CYP1A,Gene
CYP4F12,Gene
DAAM1,Gene
DEFB4B,Gene
DESI2,Gene
DICER1-AS1,Gene
DNAJB14,Gene
DNAJC7,Gene
DPP10,Gene
DXO,Gene
DYRK3,Gene
EEIG1,Gene
EFNA4,Gene
EHMT1,Gene
EN2,Gene
ENOX2,Gene
ERGIC2,Gene
ERICH5,Gene
ETFDH,Gene
EVI5L,Gene
EXO5,Gene
EXOSC2,Gene
FAHD1,Gene
FAM24B,Gene
FANCA,Gene
FBXL9P,Gene
FECH,Gene
FIMP1,Gene
FRMD5,Gene
FRRS1,Gene
FSD1L,Gene
FUCA2,Gene
GALK2,Gene
GALNT14,Gene
GAREM1,Gene
GAREM2,Gene
GDA,Gene
GFRA2,Gene
GGT8P,Gene
GNPDA2,Gene
GOLGA2P10,Gene
GPATCH2,Gene
GRTP1,Gene
GTPBP3,Gene
H2AC7,Gene
HACL1,Gene
HDHD3,Gene
HEXIM2,Gene
HSD11B1L,Gene
IDH3G,Gene
IFT27,Gene
IFTAP,Gene
IGFL3,Gene
IGHG2,Gene
IGHG4,Gene
IRAK3,Gene
IRF2BP1,Gene
IRX5,Gene
ITPRID2,Gene
JADE3,Gene
KANK1,Gene
KAT7,Gene
KAZN,Gene
KCNK1,Gene
KIF25-AS1,Gene
KLHL15,Gene
KRT8,Gene
LINC00680,Gene
LINC00691,Gene
LINC01512,Gene
LINC01816,Gene
LNX2,Gene
LYPLA2P1,Gene
LYSMD2,Gene
MAX,Gene
MED13L,Gene
MED8,Gene
METTL9,Gene
MIR206,Gene
MIR488,Gene
MNS1,Gene
MSH5,Gene
MSRB3,Gene
MTMR8,Gene
MYEOV,Gene
NAA80,Gene
NADK2,Gene
NLRP2,Gene
NNT,Gene
NOXO1,Gene
NSMF,Gene
NUDT15,Gene
OXNAD1,Gene
P2RY6,Gene
PAF1,Gene
PARP11,Gene
PAXIP1-AS2,Gene
PCDHA4,Gene
PCNX2,Gene
PEDS1-UBE2V1,Gene
PFKFB2,Gene
PGM1,Gene
PHETA1,Gene
PHYKPL,Gene
PIGX,Gene
PNPLA8,Gene
POFUT4,Gene
POLR2F,Gene
PREPL,Gene
PRMT9,Gene
PRRG2,Gene
PTGES3P3,Gene
RAB23,Gene
RAB5IF,Gene
RAD17,Gene
RAPGEF3,Gene
RBM20,Gene
RBMY2FP,Gene
RMND1,Gene
RNASEH2B,Gene
RNF146,Gene
RNF214,Gene
RNF217,Gene
RPPH1,Gene
RPS6KC1,Gene
RSRP1,Gene
RUSC1-AS1,Gene
SBSN,Gene
SENP1,Gene
SEPTIN5,Gene
SETD7,Gene
SLC10A4,Gene
SLC22A4,Gene
SLC39A9,Gene
SLC50A1,Gene
SLCO3A1,Gene
SLIRP,Gene
SMAP2,Gene
SMIM1,Gene
SNAR-A1,Gene
SNORA84,Gene
SNORD15B,Gene
SNORD3D,Gene
SNRPD2,Gene
SP140L,Gene
SPAST,Gene
SRP19,Gene
SRP54,Gene
SRRM5,Gene
SSR1,Gene
SURF2,Gene
TBC1D21,Gene
TBC1D3D,Gene
TDRP,Gene
TEAD4,Gene
TFAMP1,Gene
THAP7,Gene
THAP9-AS1,Gene
TMEM120B,Gene
TMEM156,Gene
TMEM167B,Gene
TMEM168,Gene
TMEM25,Gene
TMEM278,Gene
TMEM98,Gene
TNFSF14,Gene
TOE1,Gene
TOM1L2,Gene
TONSL,Gene
TOX2,Gene
TP53I11,Gene
TRIM3,Gene
TRIM9,Gene
TRK-TTT3-5,Gene
TRMT10B,Gene
TSEN15,Gene
TSFM,Gene
TTLL7,Gene
TXLNGY,Gene
UBE2F,Gene
UBN1,Gene
UBR5-DT,Gene
UCN,Gene
UMAD1,Gene
UQCC3,Gene
USP48,Gene
VASH1-AS1,Gene
VCF2,Gene
VIPR1,Gene
VPS29,Gene
WDR33,Gene
WDR5B,Gene
ZNF221,Gene
ZNF254,Gene
ZNF321P,Gene
ZNF337-AS1,Gene
ZNF484,Gene
ZNF503,Gene
ZNF529-AS1,Gene
ZNF558,Gene
ZNF586,Gene
ZNF611,Gene
ZNF680,Gene
ZNF696,Gene
ZNF705G,Gene
ZNF707,Gene
ZNF714,Gene
ZNF770,Gene
ZNF773,Gene
ZNF777,Gene
ZNF800,Gene
ZNF827,Gene
ZNF83,Gene
ZNG1E,Gene
ZNHIT2,Gene
ZNHIT6,Gene
ZP3,Gene
ZRSR2,Gene
ZSCAN16,Gene
ZSCAN29,Gene
ZZZ3,Gene
AADACP1,Gene
AFDN-DT,Gene
AGL,Gene
AHSA1,Gene
ALOXE3,Gene
ANKRD30B,Gene
ANKRD42,Gene
ANKRD60,Gene
ANKUB1,Gene
AP1B1P1,Gene
ASB5,Gene
ATF7IP2,Gene
ATG4A,Gene
ATP13A3-DT,Gene
BRD2,Gene
BSND,Gene
C1ORF52,Gene
C3ORF52,Gene
CASTOR2,Gene
CCDC62,Gene
CCNA1,Gene
CD300A,Gene
CDK15,Gene
CEP295NL,Gene
CFAP20,Gene
CFAP53,Gene
CFLAR-AS1,Gene
CHORDC1P4,Gene
CHRNA9,Gene
CITED1,Gene
CLDN12,Gene
CLDN22,Gene
CLTCL1,Gene
COQ2,Gene
CPN2,Gene
CSKMT,Gene
CSRNP1,Gene
CZ1P-ASNS,Gene
DBP,Gene
DBR1,Gene
DENND2C,Gene
DLGAP1-AS2,Gene
DLX3,Gene
DNAJB5-DT,Gene
DPH7,Gene
DRAIC,Gene
DSTNP2,Gene
DUSP19,Gene
DUSP2,Gene
DYSF,Gene
EAF1,Gene
EAF2,Gene
EFCAB12,Gene
EFL1P1,Gene
EGR2,Gene
EIF4A2,Gene
ELOA3BP,Gene
ELOA3P,Gene
ELOVL4,Gene
ENTPD7,Gene
ERCC6,Gene
ERO1B,Gene
ETV3,Gene
EVPLL,Gene
F2RL2,Gene
FAM117A,Gene
FAM120AOS,Gene
FAM41C,Gene
FBXO48,Gene
FBXW10,Gene
FCRLA,Gene
FEM1C,Gene
FGFR2,Gene
FLRT3,Gene
FNDC7,Gene
FOSB,Gene
FOXC1,Gene
FOXL1,Gene
FRG2,Gene
FRG2B,Gene
FRG2C,Gene
GARIN4,Gene
GAS6-DT,Gene
GCM2,Gene
GCSHP3,Gene
GDF9,Gene
GEMIN8P4,Gene
GLUD1,Gene
GNG14,Gene
GPR50,Gene
GRHL1,Gene
GRM2,Gene
GXYLT2,Gene
H1-1,Gene
H2AC13,Gene
H2AC14,Gene
H2AC15,Gene
H2AC19,Gene
H2AC4,Gene
H2BC14,Gene
H2BC18,Gene
H2BC3,Gene
H2BP1,Gene
H3C1,Gene
H3C11,Gene
H3C12,Gene
H3C15,Gene
H3C2,Gene
H3C3,Gene
H3C8,Gene
H4C4,Gene
HAND1,Gene
HEXIM1,Gene
HEY1,Gene
HEY2,Gene
HLA-DQB1,Gene
HOMER1,Gene
HOXA1,Gene
HSPA7,Gene
IDI2-AS1,Gene
IL6-AS1,Gene
INTS6L,Gene
KBTBD8,Gene
KCNMB4,Gene
KCNQ1OT1,Gene
KPNA7,Gene
KRTAP21-2,Gene
KRTAP2-3,Gene
KRTAP2-4,Gene
KRTAP3-2,Gene
KRTAP4-12,Gene
KRTAP4-8,Gene
KRTAP9-8,Gene
LCE3D,Gene
LENEP,Gene
LETM2,Gene
LGSN,Gene
LINC00161,Gene
LINC00184,Gene
LINC00294,Gene
LINC00322,Gene
LINC00342,Gene
LINC00431,Gene
LINC00440,Gene
LINC00452,Gene
LINC00460,Gene
LINC00624,Gene
LINC00641,Gene
LINC00689,Gene
LINC00702,Gene
LINC00707,Gene
LINC00862,Gene
LINC00941,Gene
LINC01058,Gene
LINC01179,Gene
LINC01224,Gene
LINC01227,Gene
LINC01238,Gene
LINC01273,Gene
LINC01433,Gene
LINC01605,Gene
LINC01635,Gene
LINC01854,Gene
LINC01907,Gene
LINC01943,Gene
LINC02150,Gene
LINC02878,Gene
LNP1,Gene
LRIF1,Gene
LRRC8B,Gene
LSMEM1,Gene
LUARIS,Gene
LY6G6C,Gene
LYPD3,Gene
MAFA,Gene
MAFA-AS1,Gene
MALINC1,Gene
MAML2,Gene
MAP3K8,Gene
MARVELD3,Gene
MCF2L-AS1,Gene
MCPH1-AS1,Gene
MEG8,Gene
MERTK,Gene
METTL6,Gene
MFAP3,Gene
MGAM,Gene
MGAM2,Gene
MINAR1,Gene
MIR1185-1,Gene
MIR1193,Gene
MIR1206,Gene
MIR154,Gene
MIR2116,Gene
MIR222,Gene
MIR2909,Gene
MIR299,Gene
MIR300,Gene
MIR3122,Gene
MIR3143,Gene
MIR3167,Gene
MIR3198-1,Gene
MIR320D2,Gene
MIR323A,Gene
MIR323B,Gene
MIR329-1,Gene
MIR329-2,Gene
MIR3671,Gene
MIR3689F,Gene
MIR376B,Gene
MIR377,Gene
MIR379,Gene
MIR380,Gene
MIR382,Gene
MIR3911,Gene
MIR3914-1,Gene
MIR411,Gene
MIR425,Gene
MIR4516,Gene
MIR4521,Gene
MIR4525,Gene
MIR4668,Gene
MIR487A,Gene
MIR487B,Gene
MIR495,Gene
MIR520F,Gene
MIR543,Gene
MIR544A,Gene
MIR548Q,Gene
MIR548T,Gene
MIR554,Gene
MIR579,Gene
MIR616,Gene
MIR668,Gene
MIR758,Gene
MIR889,Gene
MIR96,Gene
MORF4L2-AS1,Gene
MTRFR,Gene
MTRNR2L10,Gene
MTRNR2L2,Gene
MYO7A,Gene
NAV3,Gene
NEUROG2,Gene
NEXN-AS1,Gene
NOCT,Gene
NPPC,Gene
NRARP,Gene
NT5DC3,Gene
NUDT12,Gene
NUP210L,Gene
NXT2,Gene
OACYLP,Gene
OPN1LW,Gene
OR2B6,Gene
OR7E14P,Gene
OR7E47P,Gene
OVOL1,Gene
PARD3-DT,Gene
PARP15,Gene
PAXBP1-AS1,Gene
PCDH7,Gene
PCDHB10,Gene
PCDHB13,Gene
PDE1C,Gene
PI3,Gene
PIGZ,Gene
PLA2G10,Gene
PNLDC1,Gene
POLG2,Gene
POU3F1,Gene
PPP1R35-AS1,Gene
PPP1R36,Gene
PPP1R3C,Gene
PRDM1,Gene
PRDM10-DT,Gene
PRDM8,Gene
PSD2-AS1,Gene
RAET1K,Gene
RALY-AS1,Gene
RASSF10,Gene
RBP5,Gene
RDH10,Gene
REXO1L2P,Gene
RFPL4AL1,Gene
RNF122,Gene
RNF225,Gene
RNF227,Gene
RNU5D-1,Gene
RNU6ATAC,Gene
RPL13P5,Gene
RPLP0P2,Gene
RPS6KA2-IT1,Gene
RTL5,Gene
RYBP,Gene
S1PR1,Gene
SACK1C-AS1,Gene
SATB2,Gene
SEPTIN14P20,Gene
SERINC4,Gene
SERPINB10,Gene
SERPINB3,Gene
SERPINB7,Gene
SESN1,Gene
SHC4,Gene
SKIDA1,Gene
SLC22A20P,Gene
SLC25A33,Gene
SLC67A1-AS,Gene
SLC7A5P2,Gene
SLIT2,Gene
SLIT2-IT1,Gene
SMAGP,Gene
SMIM24,Gene
SNAR-B2,Gene
SNAR-C3,Gene
SNAR-C4,Gene
SNAR-D,Gene
SNAR-E,Gene
SNAR-H,Gene
SNHG19,Gene
SNHG5,Gene
SNORA14A,Gene
SNORA14B,Gene
SNORA26,Gene
SNORA31,Gene
SNORA33,Gene
SNORA3B,Gene
SNORA60,Gene
SNORA64,Gene
SNORA70G,Gene
SNORA74A,Gene
SNORA75,Gene
SNORA7B,Gene
SNORD113-1,Gene
SNORD113-6,Gene
SNORD114-10,Gene
SNORD114-11,Gene
SNORD114-12,Gene
SNORD114-13,Gene
SNORD114-14,Gene
SNORD114-15,Gene
SNORD114-16,Gene
SNORD114-17,Gene
SNORD114-19,Gene
SNORD114-2,Gene
SNORD114-20,Gene
SNORD114-21,Gene
SNORD114-22,Gene
SNORD114-23,Gene
SNORD114-24,Gene
SNORD114-25,Gene
SNORD114-26,Gene
SNORD114-27,Gene
SNORD114-28,Gene
SNORD114-29,Gene
SNORD114-30,Gene
SNORD114-31,Gene
SNORD114-5,Gene
SNORD114-6,Gene
SNORD114-7,Gene
SNORD114-9,Gene
SNORD11B,Gene
SNORD13P1,Gene
SNORD14E,Gene
SNORD51,Gene
SNORD6,Gene
SNORD99,Gene
SPACDR,Gene
SPANXA1,Gene
SPANXB1,Gene
SPANXN1,Gene
SPANXN3,Gene
SPATA4,Gene
SPMAP1,Gene
SPMIP10,Gene
STAP2,Gene
STX11,Gene
STYK1,Gene
TAF4B,Gene
TAS2R10,Gene
TAS2R19,Gene
TAS2R30,Gene
TAS2R46,Gene
TAX1BP1-AS1,Gene
TBC1D3E,Gene
TECTA,Gene
TEX14,Gene
THUMPD3-AS1,Gene
TIPARP-AS1,Gene
TMEM100,Gene
TMPRSS2,Gene
TOX,Gene
TRIB2,Gene
TRIM43,Gene
TSC22D2,Gene
TSPAN13,Gene
TXNL4B,Gene
UCKL1-AS1,Gene
ULBP3,Gene
USP17L10,Gene
USP17L11,Gene
USP17L12,Gene
USP17L15,Gene
USP17L17,Gene
USP17L18,Gene
USP17L19,Gene
USP17L20,Gene
USP17L21,Gene
USP17L22,Gene
USP17L25,Gene
USP17L5,Gene
USP17L6P,Gene
USP17L9P,Gene
USP38,Gene
VTRNA1-1,Gene
VTRNA1-2,Gene
VTRNA1-3,Gene
VTRNA2-1,Gene
WDR47,Gene
WHAMMP1,Gene
XIRP1,Gene
YAE1,Gene
YEATS4,Gene
YOD1,Gene
ZCCHC12,Gene
ZFP14,Gene
ZFP90,Gene
ZKSCAN5,Gene
ZNF25,Gene
ZNF334,Gene
ZNF429,Gene
ZNF451-AS1,Gene
ZNF597,Gene
ZNF622,Gene
ZNF658B,Gene
ZNF844,Gene
ZNF865,Gene
ZNF878,Gene
ZNRD2-DT,Gene
ZXDA,Gene
ARIH1,Gene
SULT4A1,Gene
AMHR2,Gene
C5AR1,Gene
CARTPT,Gene
CBL,Gene
CCL16,Gene
CD4,Gene
DEDD,Gene
EDNRA,Gene
ENPEP,Gene
GDF1,Gene
IFNAR1,Gene
IL9,Gene
MST1,Gene
NHERF2,Gene
NPY5R,Gene
OPRK1,Gene
POU2AF1,Gene
PSMB6,Gene
RARG,Gene
RGS1,Gene
RPS25,Gene
SARA,Gene
SMAD9,Gene
SNL,Gene
STAT2,Gene
STK25,Gene
SUPT4H1,Gene
UBE2I,Gene
ALDH3B1,Gene
PTPRA,Gene
PTPRC,Gene
AADACL3,Gene
ABCD1,Gene
ABHD3,Gene
ABHD6,Gene
ACADSB,Gene
ACBD6,Gene
ACOT8,Gene
ACSL6,Gene
ADAM28,Gene
ADAMTS10,Gene
ADAMTS2,Gene
ADAMTS5,Gene
ADCY8,Gene
ADGRL4,Gene
ADPRS,Gene
AGGF1,Gene
AHDC1,Gene
AIF1,Gene
AIRIM,Gene
AK7,Gene
AKAP8,Gene
AKR1B15,Gene
AKR7A3,Gene
ALDH1A2,Gene
ALG1L2,Gene
ANGPTL6,Gene
ANK2,Gene
ANKRD27,Gene
ANKRD30A,Gene
ANKRD44,Gene
ANO2,Gene
ANTKMT,Gene
AP1S1,Gene
APBA1,Gene
APBB1IP,Gene
APH1B,Gene
ARHGAP17,Gene
ARHGEF10,Gene
ARHGEF11,Gene
ARHGEF3,Gene
ARMC6,Gene
ARSH,Gene
ART3,Gene
ASB1,Gene
ASCL2,Gene
ATG16L1,Gene
ATG4B,Gene
ATIC,Gene
ATP10D,Gene
ATP13A5-AS1,Gene
B3GAT1,Gene
B4GALNT4,Gene
B4GALT6,Gene
BAHD1,Gene
BBX,Gene
BCL2L14,Gene
BCL2L15,Gene
BDH1,Gene
BEAN1,Gene
BRD1,Gene
BRINP2,Gene
BRPF1,Gene
BTBD17,Gene
BTBD18,Gene
BTC,Gene
BTN2A3P,Gene
BZW2,Gene
C12ORF42,Gene
C12ORF60,Gene
C14ORF39,Gene
C18ORF63,Gene
C19ORF12,Gene
C1ORF105,Gene
C1ORF35,Gene
C2ORF80,Gene
C3ORF18,Gene
C3ORF62,Gene
C8ORF33,Gene
CALHM6,Gene
CALML3,Gene
CALML6,Gene
CAMKMT,Gene
CARD19,Gene
CCDC13,Gene
CCDC169-SOHLH2,Gene
CCDC172,Gene
CCDC191,Gene
CCHCR1,Gene
CCL8,Gene
CCM2,Gene
CCSAP,Gene
CD19,Gene
CD8B,Gene
CD96,Gene
CDH19,Gene
CDHR5,Gene
CENPK,Gene
CEP128,Gene
CEP20,Gene
CEP43,Gene
CEP76,Gene
CEP85L,Gene
CEP97,Gene
CERKL,Gene
CERS3,Gene
CFAP184,Gene
CFAP20DC,Gene
CFAP210,Gene
CFAP43,Gene
CFAP46,Gene
CFAP54,Gene
CFAP91,Gene
CGREF1,Gene
CHCHD1,Gene
CHIC1,Gene
CHRM3,Gene
CHST11,Gene
CHTOP,Gene
CIP2A,Gene
CLDN2,Gene
CLEC12A,Gene
CLEC1B,Gene
CLEC2A,Gene
CLIC6,Gene
CLK4,Gene
CLN8,Gene
CLUH,Gene
CNMD,Gene
CNRIP1,Gene
CPLANE1,Gene
CRACDL,Gene
CRAMP1,Gene
CRELD2,Gene
CRKL,Gene
CRTAC1,Gene
CRTAM,Gene
CSAG3,Gene
CSN1S1,Gene
CXADR,Gene
CYLC2,Gene
CYP20A1,Gene
CYSLTR2,Gene
DAZ3,Gene
DEFB106A,Gene
DEFB116,Gene
DENND2D,Gene
DENND4A,Gene
DESI1,Gene
DGLUCY,Gene
DHX33,Gene
DIRAS3,Gene
DMC1,Gene
DNAH5,Gene
DNAJC25,Gene
DNMBP,Gene
DOC2A,Gene
DOCK10,Gene
DOHH,Gene
DPH3P1,Gene
DRAXIN,Gene
DRC4,Gene
DRP2,Gene
DUS3L,Gene
DUSP26,Gene
DUSP7,Gene
ECM1,Gene
EDC4,Gene
EDRF1,Gene
EFNA2,Gene
ELK3,Gene
ELMOD3,Gene
EMB,Gene
ENO4,Gene
ENOX1,Gene
EPN3,Gene
ERICH1,Gene
ESCO1,Gene
ETHE1,Gene
ETV4,Gene
EXOSC6,Gene
FAM151B,Gene
FAM174B,Gene
FAM178B,Gene
FAM216A,Gene
FAM227A,Gene
FAM50A,Gene
FAM72B,Gene
FAM72D,Gene
FBRS,Gene
FCER1A,Gene
FFAR3,Gene
FGD2,Gene
FGD6,Gene
FGF16,Gene
FKBPL,Gene
FLNA,Gene
FLYWCH1,Gene
FOXC2,Gene
FOXI2,Gene
FOXN4,Gene
GABRA5,Gene
GABRA6,Gene
GAD2,Gene
GALNT17,Gene
GALNT6,Gene
GALNTL6,Gene
GANC,Gene
GBP3,Gene
GEMIN4,Gene
GGT2P,Gene
GID4,Gene
GJD2,Gene
GJD4,Gene
GLYATL1,Gene
GMNC,Gene
GNAT2,Gene
GNG10,Gene
GOLGA3,Gene
GOLGA6B,Gene
GON7,Gene
GPR137B,Gene
GPR160,Gene
GPR65,Gene
GRK2,Gene
GRK6,Gene
GRM6,Gene
GSG1,Gene
H1-7,Gene
H2BW2,Gene
H4C13,Gene
HABP4,Gene
HAP1,Gene
HASPIN,Gene
HBE1,Gene
HCAR1,Gene
HECW1,Gene
HERC2P3,Gene
HERC3,Gene
HLA-DOA,Gene
HMG20A,Gene
HNF4G,Gene
HNRNPCL4,Gene
HNRNPF,Gene
HOMER3,Gene
HOXC13,Gene
HPCAL1,Gene
HTR1D,Gene
HYOU1,Gene
IFNL3,Gene
IL1RL2,Gene
IL31RA,Gene
IL7R,Gene
IMP4,Gene
INPP5K,Gene
IPPK,Gene
IQCF3,Gene
IRF2,Gene
IZUMO1,Gene
KATNA1,Gene
KCNA2,Gene
KCNA4,Gene
KCNG1,Gene
KCNJ8,Gene
KCNN4,Gene
KCNQ5,Gene
KCTD8,Gene
KERA,Gene
KIF16B,Gene
KIN,Gene
KIRREL2,Gene
KLHL3,Gene
KLHL41,Gene
KLRC2,Gene
KMT2D,Gene
KNCN,Gene
KRABD1,Gene
KRTAP5-AS1,Gene
KRTAP9-4,Gene
KSR2,Gene
L3MBTL4,Gene
LACTB2,Gene
LARGE2,Gene
LAS1L,Gene
LEKR1,Gene
LILRB5,Gene
LIMD1,Gene
LIN9,Gene
LINC00311,Gene
LINC00504,Gene
LINC01270,Gene
LINC01587,Gene
LINC02694,Gene
LINC02915,Gene
LINC03009,Gene
LINC03040,Gene
LINS1,Gene
LIPT1,Gene
LMBR1,Gene
LRRC23,Gene
LRRC3C,Gene
LRRC49,Gene
LRRC8C,Gene
LRRD1,Gene
LSM4,Gene
LSM8,Gene
LTO1,Gene
LY6G6D,Gene
LYSMD3,Gene
LYVE1,Gene
MAB21L3,Gene
MAFK,Gene
MAK,Gene
MAMSTR,Gene
MAN1C1,Gene
MANSC1,Gene
MAP3K3,Gene
MAP4K1,Gene
MBLAC2,Gene
MC4R,Gene
MCF2,Gene
MECOM,Gene
MED29,Gene
MEPE,Gene
MFAP5,Gene
MFSD6,Gene
MGAT5,Gene
MICAL2,Gene
MICB,Gene
MICOS10-NBL1,Gene
MICOS13,Gene
MID1IP1,Gene
MIEF1,Gene
MLLT3,Gene
MLX,Gene
MORN3,Gene
MPHOSPH6,Gene
MPP4,Gene
MRGPRD,Gene
MRPL13,Gene
MRPL44,Gene
MRPL55,Gene
MRPS30,Gene
MRTO4,Gene
MS4A4E,Gene
MSANTD2,Gene
MSANTD3,Gene
MSL2,Gene
MT1L,Gene
MTFR1,Gene
MTMR14,Gene
MUC13,Gene
MUC2,Gene
MUC22,Gene
MUC7,Gene
MYRF,Gene
N4BP2,Gene
NAALADL1,Gene
NAPSA,Gene
NCKAP5,Gene
NDUFB7,Gene
NDUFV3,Gene
NEDD4,Gene
NELL1,Gene
NEUROD6,Gene
NFKBID,Gene
NHSL2,Gene
NIBAN2,Gene
NIPAL1,Gene
NIPAL3,Gene
NLRP10,Gene
NMNAT2,Gene
NMRAL1,Gene
NMS,Gene
NMUR2,Gene
NOC4L,Gene
NOG,Gene
NOL4,Gene
NOP14,Gene
NOPCHAP1,Gene
NOS1,Gene
NOTUM,Gene
NPHP1,Gene
NPIPB6,Gene
NPIPB8,Gene
NPM2,Gene
NPR1,Gene
NRG4,Gene
NRIP3,Gene
NSMAF,Gene
NSUN6,Gene
NT5C,Gene
NTNG1,Gene
NUAK2,Gene
NUDC,Gene
NUF2,Gene
NUP205,Gene
OAF,Gene
OAZ1,Gene
ODAPH,Gene
OGDHL,Gene
OMG,Gene
ONECUT1,Gene
ONECUT3,Gene
OPRL1,Gene
OR10K2,Gene
OR10S1,Gene
OR11H1,Gene
OR2C1,Gene
OR2D2,Gene
OR2J2,Gene
OR2K2,Gene
OR2L13,Gene
OR2T27,Gene
OR2T33,Gene
OR2T5,Gene
OR4A8,Gene
OR4C12,Gene
OR4F17,Gene
OR4Q2,Gene
OR51A2,Gene
OR52E4,Gene
OR52I1,Gene
OR52N1,Gene
OR56A4,Gene
OR5A2,Gene
OR5D13,Gene
OR5D14,Gene
OR5D16,Gene
OR5F1,Gene
OR5J2,Gene
OR5K2,Gene
OR5K4,Gene
OR5M10,Gene
OR6Q1,Gene
OR7E85BP,Gene
OR8B2,Gene
OR8H2,Gene
OR8H3,Gene
OSGEPL1,Gene
OTOR,Gene
OVOL2,Gene
OXCT2P1,Gene
P3H3,Gene
PAQR5,Gene
PARD3B,Gene
PARM1,Gene
PARP12,Gene
PARS2,Gene
PATE3,Gene
PATZ1,Gene
PCDHB6,Gene
PDCD1LG2,Gene
PDE9A,Gene
PDIK1L,Gene
PEBP4,Gene
PGAM4,Gene
PGAP6,Gene
PGS1,Gene
PHF7,Gene
PIERCE1,Gene
PIK3AP1,Gene
PITPNC1,Gene
PKP4,Gene
PLAG1,Gene
PLEKHG4B,Gene
PNMA3,Gene
POC1A,Gene
POLR1G,Gene
POLR2J3,Gene
POTEB,Gene
POU4F1,Gene
PPIE,Gene
PPP1R11,Gene
PRC1,Gene
PRR12,Gene
PRR16,Gene
PRR35,Gene
PRRT2,Gene
PRXL2B,Gene
PSD4,Gene
PSG3,Gene
PSMB8-AS1,Gene
PSMC6,Gene
PSTPIP2,Gene
PTPRR,Gene
PUDP,Gene
PWP2,Gene
QPCTL,Gene
RAB11FIP3,Gene
RAB28,Gene
RAB8B,Gene
RAD21L1,Gene
RAD9A,Gene
RAG1,Gene
RALGPS2,Gene
RAMP3,Gene
RASA3,Gene
RASAL3,Gene
RBMXL3,Gene
RCL1,Gene
RCVRN,Gene
RDH10-AS1,Gene
REM1,Gene
RESF1,Gene
RETREG2,Gene
RFX4,Gene
RGMB,Gene
RGS3,Gene
RGS6,Gene
RHBDL3,Gene
RHEBL1,Gene
RMP24,Gene
RNF111,Gene
RNF128,Gene
ROPN1L,Gene
ROR1-AS1,Gene
RPAP2,Gene
RPL12,Gene
RPP14,Gene
RPP21,Gene
RPS6KA1,Gene
RTTN,Gene
RUFY1,Gene
RXFP3,Gene
S100A5,Gene
SAG,Gene
SALL1,Gene
SDR16C5,Gene
SDR42E1,Gene
SDR42E2,Gene
SELENOI,Gene
SELENOK,Gene
SEPTIN1,Gene
SEPTIN4,Gene
SERPINA9,Gene
SF3B5,Gene
SFTA3,Gene
SH2B1,Gene
SH2D1A,Gene
SH3BP5L,Gene
SHANK2-AS3,Gene
SHOX,Gene
SHROOM2,Gene
SIGLEC11,Gene
SIM2,Gene
SIMC1,Gene
SIPA1L3,Gene
SKOR1,Gene
SLC10A2,Gene
SLC10A5,Gene
SLC11A2,Gene
SLC14A1,Gene
SLC22A16,Gene
SLC25A37,Gene
SLC25A51,Gene
SLC26A4,Gene
SLC2A6,Gene
SLC2A8,Gene
SLC30A5,Gene
SLC36A4,Gene
SLC38A8,Gene
SLC66A1LP,Gene
SLC6A11,Gene
SLC6A13,Gene
SLFN11,Gene
SLIRP-OT1,Gene
SLURP1,Gene
SMC6,Gene
SMIM29,Gene
SNRPC,Gene
SOCS6,Gene
SOFU1,Gene
SORBS3,Gene
SPATA16,Gene
SPDYA,Gene
SPDYE5,Gene
SPEG,Gene
SPIB,Gene
SPINT3,Gene
SPN,Gene
SPRED3,Gene
SPRYD4,Gene
SRGN,Gene
SSH2,Gene
SSNA1,Gene
ST3GAL6,Gene
STAB2,Gene
STEAP2,Gene
STK32C,Gene
STK35,Gene
STXBP5,Gene
STYXL1,Gene
SUFU,Gene
SWSAP1,Gene
SYN3,Gene
SYNDIG1,Gene
SYT4,Gene
TAAR1,Gene
TAAR8,Gene
TADA1,Gene
TAF1A,Gene
TAS2R60,Gene
TAT,Gene
TBC1D24,Gene
TBC1D3C,Gene
TBC1D3K,Gene
TENT5D,Gene
TEX101,Gene
THAP6,Gene
THAP8,Gene
THG1L,Gene
TIGD5,Gene
TIMM8A,Gene
TLL1,Gene
TM2D2,Gene
TMA16,Gene
TMBIM6,Gene
TMC1,Gene
TMCO4,Gene
TMCO5A,Gene
TMEM125,Gene
TMEM154,Gene
TMEM174,Gene
TMEM178B,Gene
TMEM219,Gene
TMEM247,Gene
TMEM26,Gene
TMEM39B,Gene
TMEM53,Gene
TMEM72,Gene
TMIE,Gene
TMIGD1,Gene
TMOD1,Gene
TNXA,Gene
TP53INP2,Gene
TP53TG3B,Gene
TP53TG3C,Gene
TPBG,Gene
TPPP,Gene
TRAPPC4,Gene
TRAT1,Gene
TRIM17,Gene
TRIM49,Gene
TRMT13,Gene
TRMT2A,Gene
TRPC7,Gene
TSPY8,Gene
TSSC4,Gene
TTC32,Gene
TTC36,Gene
TTC5,Gene
TUBGCP3,Gene
TULP2,Gene
UACA,Gene
UBE3A,Gene
UBR3,Gene
ULBP2,Gene
UNC119B,Gene
UNKL,Gene
USB1,Gene
USP17L13,Gene
USP17L23,Gene
USP29,Gene
USP37,Gene
USP51,Gene
UTP3,Gene
UXT-AS1,Gene
VEPH1,Gene
VEZT,Gene
VGLL1,Gene
VN1R10P,Gene
VPREB3,Gene
VPS54,Gene
VPS9D1,Gene
VSTM1,Gene
VWCE,Gene
WASHC4,Gene
WDR18,Gene
WDR86,Gene
WDR86-AS1,Gene
WIPF3,Gene
WNT7B,Gene
XRCC4,Gene
ZBED1,Gene
ZBED8,Gene
ZBTB11,Gene
ZBTB3,Gene
ZBTB38,Gene
ZBTB43,Gene
ZBTB7A,Gene
ZC3H8,Gene
ZCCHC2,Gene
ZCCHC4,Gene
ZDHHC19,Gene
ZFP30,Gene
ZFPM2,Gene
ZKSCAN4,Gene
ZKSCAN7,Gene
ZMIZ2,Gene
ZNF197,Gene
ZNF213,Gene
ZNF229,Gene
ZNF239,Gene
ZNF274,Gene
ZNF345,Gene
ZNF35,Gene
ZNF354B,Gene
ZNF385D,Gene
ZNF446,Gene
ZNF486,Gene
ZNF501,Gene
ZNF502,Gene
ZNF506,Gene
ZNF512,Gene
ZNF514,Gene
ZNF526,Gene
ZNF546,Gene
ZNF573,Gene
ZNF574,Gene
ZNF615,Gene
ZNF618,Gene
ZNF646,Gene
ZNF669,Gene
ZNF681,Gene
ZNF705B,Gene
ZNF71,Gene
ZNF749,Gene
ZNF774,Gene
ZNF785,Gene
ZNF792,Gene
ZNF8,Gene
ZNF835,Gene
ZNF891,Gene
ZSCAN20,Gene
FMO2,Gene
HTR4,Gene
BLID,Gene
LINC00622,Gene
MIRLET7A2,Gene
PSMD6-AS2,Gene
RNU6-1160P,Gene
RNU6-376P,Gene
FTMT,Gene
DSC1,Gene
F7,Gene
KRT10,Gene
B4GALT1,Gene
CREG2,Gene
GABPA,Gene
IL17D,Gene
CHRNA10,Gene
DENND5A,Gene
HIVEP2,Gene
HNRNPLL,Gene
IFNGR2,Gene
RNF149,Gene
ACSL5,Gene
BMP4,Gene
CKMT1B,Gene
EDAR,Gene
ERO1L,Gene
FUT3,Gene
GCNT3,Gene
HOXB8,Gene
IAH1,Gene
KLK5,Gene
KRT7,Gene
MIR100HG,Gene
MSLN,Gene
MT1P3,Gene
OR51B4,Gene
PLAC8,Gene
PRR15L,Gene
PRSS3,Gene
PVRL3,Gene
SLC2A3,Gene
SPARC,Gene
TSPAN8,Gene
VSNL1,Gene
NADK,Gene
SLC22A5,Gene
SLC9A3,Gene
MFN1,Gene
OPA1,Gene
ADRB3,Gene
ABCF3,Gene
ABHD14B,Gene
AGAP2,Gene
AKAP8L,Gene
ASCC1,Gene
ATP6V1E1,Gene
CCAR2,Gene
CCDC50,Gene
CD300E,Gene
CNDP1,Gene
CNOT2,Gene
COMMD9,Gene
CPOX,Gene
CRLF3,Gene
CRTAP,Gene
DCP2,Gene
DLD,Gene
DNPEP,Gene
DPH6,Gene
EPG5,Gene
GPATCH4,Gene
HARS1,Gene
HLA-DMB,Gene
HLA-DRB1,Gene
HNRNPA0,Gene
ILKAP,Gene
IMPA1,Gene
KIFBP,Gene
KMT2C,Gene
MINDY1,Gene
MOCS2,Gene
MPEG1,Gene
NAPRT,Gene
NMI,Gene
NPAT,Gene
NSMCE4A,Gene
OGFOD2,Gene
OLA1,Gene
PACSIN1,Gene
PCF11,Gene
PEF1,Gene
PEX6,Gene
PITHD1,Gene
PLA2G15,Gene
PMVK,Gene
PNPO,Gene
PPP4R1,Gene
PSMD11,Gene
PSME2,Gene
PTDSS2,Gene
PURA,Gene
RAB11B,Gene
RAB1B,Gene
RAB24,Gene
RAB6B,Gene
RABAC1,Gene
RAMAC,Gene
RAP1GDS1,Gene
RARS2,Gene
RBP7,Gene
RDH11,Gene
RGL2,Gene
RINT1,Gene
RNF103-CHMP3,Gene
RNF181,Gene
RPRD2,Gene
RSBN1L,Gene
SELENOH,Gene
SIKE1,Gene
SLC38A10,Gene
SLC9A9,Gene
SPTLC1,Gene
STRN,Gene
SUCLA2,Gene
SURF6,Gene
TAF4,Gene
TEX264,Gene
THOC4,Gene
TMEM128,Gene
TRAFD1,Gene
TRANK1,Gene
TRIM65,Gene
TXNDC9,Gene
UBXN4,Gene
VMAC,Gene
WASHC3,Gene
XPO7,Gene
ZC3H13,Gene
ZC3H15,Gene
ZFYVE26,Gene
SMAD7,Gene
MAP1LC3A,Gene
TACR1,Gene
GYS1,Gene
ACTG1,Gene
BCL2L10,Gene
EEF1G,Gene
MAGEA9,Gene
NUP133,Gene
RNA28SN4,Gene
RPL41,Gene
TMEM121B,Gene
TNFSF8,Gene
IL12RB1,Gene
COP1,Gene
COPS5,Gene
FFAR1,Gene
AQP4,Gene
CCR1,Gene
DTR,Gene
IFT88,Gene
PPP1R12B,Gene
RPL35A,Gene
SOS1,Gene
TBCA,Gene
TNP1,Gene
DRD2,Gene
ADAMTS4,Gene
ADAMTS7,Gene
APOL5,Gene
ARHGEF40,Gene
ATP6V0E2,Gene
CFHR5,Gene
DGKG,Gene
EXPH5,Gene
FCAR,Gene
FGGY,Gene
FOXD4,Gene
FYN,Gene
GATD3,Gene
GOT2,Gene
GPC6,Gene
HAL,Gene
HLA-DPB2,Gene
IL15,Gene
KIR2DL4,Gene
KIR2DL5A,Gene
KL,Gene
MASP1,Gene
ME3,Gene
MS4A4A,Gene
NEFH,Gene
PCSK5,Gene
PLG,Gene
RNF151,Gene
SDS,Gene
SIRPD,Gene
TPRA1,Gene
TRIM15,Gene
TRPV5,Gene
TSP1,Gene
UBE2Q2,Gene
ZG16B,Gene
C2CD4B,Gene
CHSY3,Gene
CSNK1G1,Gene
LIMD1-AS1,Gene
MIR31,Gene
PGM5P2,Gene
SCARNA4,Gene
TIFA,Gene
METAP1,Gene
YWHAG,Gene
ADGRE2,Gene
ATP6V0D2,Gene
C1ORF210,Gene
CEP126,Gene
CFAP263,Gene
CFAP300,Gene
CSTB,Gene
ENTPD3,Gene
FYB1,Gene
GASK1B,Gene
GJB6,Gene
KLHL13,Gene
KLRC3,Gene
KLRG2,Gene
LINC00520,Gene
NT5DC4,Gene
OSTM1,Gene
PGBD5,Gene
PLD5,Gene
PNLIPRP3,Gene
SLC1A6,Gene
SLCO4A1,Gene
SOHLH2,Gene
SUN3,Gene
TAF9B,Gene
TMEM117,Gene
TMEM40,Gene
TPRG1,Gene
TRIM73,Gene
SMUG1,Gene
TRIAP1,Gene
CYCB,Gene
FASTK,Gene
CD46,Gene
AK2,Gene
ARPC2,Gene
ARSA,Gene
ATP5F1B,Gene
ATP5ME,Gene
BANF1,Gene
CAMK2G,Gene
CCT2,Gene
CCT3,Gene
CHCHD2,Gene
COX6C,Gene
COX7A2,Gene
COX7A2L,Gene
COX7C,Gene
EIF3E,Gene
EIF3I,Gene
IMP3,Gene
ITM2B,Gene
KIF3A,Gene
KMT2B,Gene
LSM3,Gene
MEN1,Gene
NDUFS5,Gene
PCBP2,Gene
POLR2G,Gene
PRICKLE4,Gene
PSMA4,Gene
PSMD3,Gene
PSMF1,Gene
PURB,Gene
RBX1,Gene
RPL18A,Gene
RPL29,Gene
RPL36AL,Gene
RPL8,Gene
RPS27A,Gene
SOX11,Gene
SSR2,Gene
TBL1XR1,Gene
TIMM8B,Gene
TMEM14C,Gene
TMSB10,Gene
TMSB4X,Gene
TOMM7,Gene
TPT1,Gene
UBE2M,Gene
UBL5,Gene
UQCRH,Gene
UXT,Gene
VAMP8,Gene
ACKR5,Gene
BRD4,Gene
HDAC9,Gene
NCR1,Gene
SPINK5,Gene
TINF2,Gene
ACTN2,Gene
ASCL1,Gene
ELAVL3,Gene
ESRG,Gene
FGB,Gene
FOXD3,Gene
HES5,Gene
HOXA2,Gene
HOXA5,Gene
HOXD4,Gene
HOXD8,Gene
IGHV3,Gene
MLIP,Gene
MYL4,Gene
NR2F2,Gene
PLN,Gene
SEMA3C,Gene
SERPINA1,Gene
TBX2,Gene
TM4SF4,Gene
UGT2A3,Gene
PRKCG,Gene
IFNA1,Gene
MIR33B,Gene
NLRP12,Gene
NOD1,Gene
SELL,Gene
RBP1,Gene
ACVR2A,Gene
ADNP,Gene
AEN,Gene
AHCTF1,Gene
AKIRIN2,Gene
ALG2,Gene
ALKAL1,Gene
ALKBH1,Gene
AMMECR1L,Gene
ANKRD28,Gene
ANKRD50,Gene
ANXA2R,Gene
APRG1,Gene
ARFRP1,Gene
ARHGAP25,Gene
ARID4B,Gene
ARL11,Gene
ASTE1,Gene
BET1L,Gene
BRF2,Gene
BUD13,Gene
BYSL,Gene
C10ORF88,Gene
C16ORF54,Gene
C21ORF91,Gene
C2ORF42,Gene
C2ORF49,Gene
C2ORF69,Gene
C3AR1,Gene
C5ORF24,Gene
CBLL1,Gene
CCDC142,Gene
CCDC71,Gene
CCDC82,Gene
CCNT2,Gene
CD180,Gene
CDC42EP3,Gene
CDKL4,Gene
CFAP44,Gene
CHRFAM7A,Gene
CMTR2,Gene
CMYA5,Gene
CNEP1R1,Gene
COA7,Gene
COQ10B,Gene
CSPP1,Gene
CUZD1,Gene
CYB561D1,Gene
CYREN,Gene
CYTIP,Gene
DDX20,Gene
DNAH14,Gene
DOK1,Gene
DORIP1,Gene
DYRK1A,Gene
E2F6,Gene
EI24,Gene
ELF2,Gene
ETAA1,Gene
EVI2B,Gene
FANCF,Gene
FASTKD3,Gene
FBXL12,Gene
FBXO28,Gene
FBXO34,Gene
FBXO9,Gene
FDXACB1,Gene
GCC1,Gene
GCNT1,Gene
GFI1,Gene
GGNBP2,Gene
GORAB,Gene
GPR132,Gene
GPR82,Gene
GZF1,Gene
HARBI1,Gene
HAUS3,Gene
HAUS8,Gene
HEATR6,Gene
HECA,Gene
HIBCH,Gene
HIP1,Gene
HIVEP1,Gene
HMGXB4,Gene
HOXA11,Gene
HPS6,Gene
IBA57,Gene
INE1,Gene
INO80D,Gene
JRKL,Gene
KBTBD2,Gene
KBTBD6,Gene
KCTD5,Gene
KCTD6,Gene
KIAA0825,Gene
KIAA1586,Gene
KLHL11,Gene
KLHL20,Gene
KMT5B,Gene
LARP4,Gene
LATS1,Gene
LINC00921,Gene
LIPN,Gene
LONRF1,Gene
LRIG2,Gene
MAD2L1BP,Gene
MAP10,Gene
MAP4K3,Gene
MAPKAPK5-AS1,Gene
MARS2,Gene
MCM9,Gene
MED10,Gene
MED17,Gene
MIDN,Gene
MIER2,Gene
MIER3,Gene
MOCS3,Gene
MRNIP,Gene
MSX2,Gene
MTERF1,Gene
MTFR2,Gene
MTMR3,Gene
MTNAP1,Gene
MYNN,Gene
NANP,Gene
NDEL1,Gene
NDUFB6,Gene
NFYA,Gene
NIFK-AS1,Gene
NKRF,Gene
NOAZFP,Gene
NRBF2,Gene
NRROS,Gene
NSUN3,Gene
NUP160,Gene
OR2AE1,Gene
OR2L8,Gene
OTX1,Gene
P2RY8,Gene
PABIR1,Gene
PALB2,Gene
PCGF1,Gene
PDP1,Gene
PEX12,Gene
PGBD2,Gene
PHF12,Gene
PHF13,Gene
PHF23,Gene
PHLPP1,Gene
PIP4P1,Gene
PLAGL2,Gene
PLEKHF2,Gene
PMM2,Gene
POC5,Gene
PPP1R15B,Gene
PPP1R3D,Gene
PSMA3-AS1,Gene
PTPN22,Gene
PURG,Gene
RAB33B,Gene
RAB9A,Gene
RAPGEF6,Gene
RBAK,Gene
RBM12B,Gene
RBM48,Gene
RBM5,Gene
RBM7,Gene
RBSN,Gene
RELT,Gene
REXO5,Gene
RLF,Gene
RNF103,Gene
RNF139,Gene
RNF168,Gene
RNF25,Gene
RNF8,Gene
RNU4ATAC,Gene
RNU5F-1,Gene
RNVU1-15,Gene
RPL34,Gene
RPP38,Gene
RPUSD2,Gene
RSBN1,Gene
RUBCNL,Gene
RUNDC1,Gene
SCAI,Gene
SCARNA8,Gene
SCYL3,Gene
SDE2,Gene
SKIL,Gene
SLC15A2,Gene
SLC25A38,Gene
SMG8,Gene
SNHG17,Gene
SNORA13,Gene
SNORA16B,Gene
SNORA1B,Gene
SNORA22B,Gene
SNORA38,Gene
SNORA46,Gene
SNORA70I,Gene
SNORD101,Gene
SNORD59A,Gene
SNORD7,Gene
SNORD82,Gene
SNRK,Gene
SPRTN,Gene
SYNGAP1,Gene
TAGAP,Gene
TASL,Gene
TASOR2,Gene
TBC1D20,Gene
TBC1D30,Gene
TBPL1,Gene
TBX20,Gene
TCEANC,Gene
TEC,Gene
TEFM,Gene
THAP9,Gene
TMCO2,Gene
TMEM138,Gene
TMEM186,Gene
TOB1,Gene
TOPORS,Gene
TRAF6,Gene
TRIM11,Gene
TRIM27,Gene
TRIM36,Gene
TRIM68,Gene
TRMO,Gene
TRPS1,Gene
URB2,Gene
URGCP,Gene
UTP23,Gene
VARS1,Gene
WDR53,Gene
WDR89,Gene
ZBED5,Gene
ZBED8L,Gene
ZBTB34,Gene
ZBTB39,Gene
ZBTB41,Gene
ZBTB45,Gene
ZBTB49,Gene
ZBTB5,Gene
ZBTB6,Gene
ZCCHC3,Gene
ZFP3,Gene
ZFP69,Gene
ZFP82,Gene
ZFX,Gene
ZFY,Gene
ZIC2,Gene
ZIC5,Gene
ZKSCAN2,Gene
ZKSCAN8,Gene
ZNF10,Gene
ZNF100,Gene
ZNF12,Gene
ZNF134,Gene
ZNF136,Gene
ZNF14,Gene
ZNF140,Gene
ZNF141,Gene
ZNF155,Gene
ZNF16,Gene
ZNF174,Gene
ZNF175,Gene
ZNF181,Gene
ZNF182,Gene
ZNF184,Gene
ZNF20,Gene
ZNF200,Gene
ZNF202,Gene
ZNF211,Gene
ZNF212,Gene
ZNF217,Gene
ZNF222,Gene
ZNF223,Gene
ZNF224,Gene
ZNF226,Gene
ZNF227,Gene
ZNF230,Gene
ZNF235,Gene
ZNF250,Gene
ZNF253,Gene
ZNF256,Gene
ZNF260,Gene
ZNF264,Gene
ZNF28,Gene
ZNF280B,Gene
ZNF3,Gene
ZNF304,Gene
ZNF319,Gene
ZNF320,Gene
ZNF322,Gene
ZNF347,Gene
ZNF350,Gene
ZNF398,Gene
ZNF408,Gene
ZNF416,Gene
ZNF419,Gene
ZNF420,Gene
ZNF43,Gene
ZNF431,Gene
ZNF438,Gene
ZNF441,Gene
ZNF442,Gene
ZNF443,Gene
ZNF45,Gene
ZNF461,Gene
ZNF468,Gene
ZNF470,Gene
ZNF48,Gene
ZNF485,Gene
ZNF490,Gene
ZNF492,Gene
ZNF507,Gene
ZNF510,Gene
ZNF527,Gene
ZNF529,Gene
ZNF530,Gene
ZNF547,Gene
ZNF555,Gene
ZNF557,Gene
ZNF566,Gene
ZNF567,Gene
ZNF570,Gene
ZNF583,Gene
ZNF584,Gene
ZNF585A,Gene
ZNF594,Gene
ZNF606,Gene
ZNF613,Gene
ZNF614,Gene
ZNF616,Gene
ZNF627,Gene
ZNF629,Gene
ZNF649,Gene
ZNF684,Gene
ZNF687,Gene
ZNF691,Gene
ZNF699,Gene
ZNF7,Gene
ZNF724,Gene
ZNF737,Gene
ZNF75A,Gene
ZNF764,Gene
ZNF766,Gene
ZNF772,Gene
ZNF776,Gene
ZNF79,Gene
ZNF791,Gene
ZNF805,Gene
ZNF813,Gene
ZNF816,Gene
ZNF830,Gene
ZNF841,Gene
ZNF845,Gene
ZNF850,Gene
ZNF879,Gene
ZSCAN12,Gene
ZSCAN22,Gene
ZSCAN25,Gene
ZSCAN26,Gene
ZSWIM1,Gene
MIR126,Gene
DFFA,Gene
GNA14,Gene
IL21,Gene
XCL2,Gene
ALKBH5,Gene
METTL14,Gene
COIL,Gene
DACT3,Gene
JADE2,Gene
KLHL42,Gene
MIR130B,Gene
MIR16-1,Gene
MIR20A,Gene
MIR218-1,Gene
MIR26A2,Gene
MIR27A,Gene
MIR320A,Gene
MIR660,Gene
SWT1,Gene
CPNE7,Gene
CTAG1B,Gene
CTNS,Gene
FGF3,Gene
GPA33,Gene
LRG1,Gene
PDXDC2P-NPIPB14P,Gene
PPP1R1B,Gene
RN7SK,Gene
RNU2-2,Gene
RNVU1-18,Gene
SCGB1D2,Gene
SCGB2A2,Gene
SPON2,Gene
TRIM31,Gene
USP28,Gene
KLK13,Gene
AKR1B10P1,Gene
SLC13A5,Gene
RHCG,Gene
SLC27A1,Gene
SLC29A2,Gene
SLC30A8,Gene
SLC31A1,Gene
SLC35H1,Gene
SLC43A3,Gene
SLC45A2,Gene
SLC45A4,Gene
SLC46A1,Gene
SLC6A18,Gene
SLC7A2,Gene
SLC9A4,Gene
SLC9A6,Gene
SLC9A8,Gene
SLCO1A2,Gene
SLCO5A1,Gene
SLCO6A1,Gene
IDO2,Gene
OPRM1,Gene
COX4,Gene
PML,Gene
NACC1,Gene
SLC9A1,Gene
MBD4,Gene
TDG,Gene
ADGRA2,Gene
ARAP2,Gene
CCBE1,Gene
COL5A2,Gene
DSC2,Gene
FBLN5,Gene
HLA-DPB1,Gene
JCAD,Gene
MYO5C,Gene
PPFIBP2,Gene
SFRP1,Gene
TOM1L1,Gene
P2RY11,Gene
NPSR1,Gene
CEBPE,Gene
CSF3R,Gene
MCP1,Gene
NRL,Gene
HOXB1,Gene
HOXB4,Gene
OTX2,Gene
ATG10,Gene
FANCC,Gene
FANCE,Gene
PPP3CB,Gene
HSPB2,Gene
REN,Gene
AACS,Gene
AATF,Gene
ABCA3,Gene
ABHD17A,Gene
ABHD17AP4,Gene
ABHD17AP6,Gene
ABHD18,Gene
ABRAXAS1,Gene
ACCS,Gene
ACP7,Gene
ACTG1P4,Gene
ADAMTSL4,Gene
ADCK2,Gene
ADISSP,Gene
AGAP6,Gene
AIMP2,Gene
AKTIP,Gene
ALDH7A1,Gene
ALKBH6,Gene
ALPG,Gene
ANAPC15,Gene
ANKDD1A,Gene
ANKRD40,Gene
ANP32A,Gene
ANP32AP1,Gene
AP2B1,Gene
AP4E1,Gene
AP5S1,Gene
APLP2,Gene
ARB2A,Gene
ARHGAP19,Gene
ARHGAP44,Gene
ARHGEF19,Gene
ARID3B,Gene
ARL16,Gene
ARL2,Gene
ARSK,Gene
ASAP3,Gene
ASCC2,Gene
ASTN2-AS1,Gene
ATP8B3,Gene
ATXN7L3,Gene
AVEN,Gene
B3GALT6,Gene
B4GALNT1,Gene
B4GALT4,Gene
B4GAT1,Gene
BARX1,Gene
BASP1,Gene
BBS2,Gene
BBS4,Gene
BCKDK,Gene
BCL7C,Gene
BEGAIN,Gene
BLOC1S6,Gene
BMS1P1,Gene
BPHL,Gene
BRI3,Gene
BSCL2,Gene
BTBD2,Gene
BTNL10P,Gene
BZW1P2,Gene
C1ORF198,Gene
C4ORF46,Gene
CACTIN,Gene
CAPG,Gene
CAPN12,Gene
CAPN5,Gene
CASC3,Gene
CATSPER2,Gene
CCDC102A,Gene
CCDC106,Gene
CCDC125,Gene
CCDC24,Gene
CCDC97,Gene
CCM2L,Gene
CCNG1,Gene
CCNK,Gene
CD99L2,Gene
CDAN1,Gene
CDC42P2,Gene
CDC50A,Gene
CDK19,Gene
CDR2L,Gene
CELSR3,Gene
CEND1,Gene
CEP70,Gene
CFAP119,Gene
CFAP418,Gene
CHD5,Gene
CHLSN,Gene
CHPF,Gene
CHRAC1,Gene
CHTF18,Gene
CIC,Gene
CLEC16A,Gene
CLINT1,Gene
CMTM6,Gene
CNPPD1,Gene
CNTROB,Gene
COXFA4L3,Gene
CPSF1,Gene
CRCP,Gene
CRIP1,Gene
CROCCP2,Gene
CTDNEP1,Gene
CTHRC1,Gene
CTSA,Gene
CUEDC1,Gene
CYB5D1,Gene
DACT2,Gene
DCAF11,Gene
DCAF13,Gene
DCAF7,Gene
DDX51,Gene
DENND5B,Gene
DENND6B,Gene
DHX32,Gene
DIS3L,Gene
DNAJC15,Gene
DNAJC28,Gene
DPH3,Gene
DPYSL4,Gene
DUXAP3,Gene
DUXAP9,Gene
DYNC2I1,Gene
DYRK1B,Gene
EBI3,Gene
EBPL,Gene
ECHDC2,Gene
ECHS1,Gene
ECI1,Gene
EEF1GP5,Gene
EFEMP2,Gene
EFR3B,Gene
EHD2,Gene
EID2B,Gene
EIF2AK4,Gene
EIF4BP7,Gene
ELF4,Gene
ELMOD1,Gene
EMILIN2,Gene
ENKD1,Gene
EPHB4,Gene
EPRS1,Gene
ERCC6L2-AS1,Gene
ERF,Gene
EVA1B,Gene
EVL,Gene
FABP5L2,Gene
FABP5P1,Gene
FAM131A,Gene
FAM174C,Gene
FAM219A,Gene
FAM27E4,Gene
FAM53C,Gene
FEZ2,Gene
FKBP1C,Gene
FKTN,Gene
FN3KRP,Gene
FNTB,Gene
FOXD1,Gene
FOXQ1,Gene
FOXRED1,Gene
FRAT2,Gene
FRMD6-AS1,Gene
FRS3,Gene
FTH1P11,Gene
FTH1P2,Gene
FTH1P20,Gene
FTH1P3,Gene
FTH1P8,Gene
GALNT3,Gene
GAPDHP23,Gene
GARIN5A,Gene
GARRE1,Gene
GATA5,Gene
GATAD2B,Gene
GBF1,Gene
GCA,Gene
GDE1,Gene
GDI1,Gene
GDPD1,Gene
GFOD2,Gene
GGA2,Gene
GLG1,Gene
GMDS,Gene
GNPNAT1,Gene
GNPTG,Gene
GPRIN1,Gene
GRIN3B,Gene
GSE1,Gene
GSTO2,Gene
GTF3C1,Gene
HAGH,Gene
HAUS2,Gene
HDGF,Gene
HES6,Gene
HEXD,Gene
HIC2,Gene
HINT2,Gene
HMCES,Gene
HMG20B,Gene
HMGA1P8,Gene
HMGB3,Gene
HMX2,Gene
HNRNPA1P22,Gene
HNRNPA1P4,Gene
HNRNPCL3,Gene
HOXA9,Gene
HPCAL4,Gene
HS1BP3,Gene
HSD17B7P2,Gene
HYKK,Gene
IGBP1,Gene
INIP,Gene
INPP5A,Gene
INTS1,Gene
INTS13,Gene
INTS15,Gene
IPO7P2,Gene
IPO9,Gene
IRX4,Gene
ITPK1-AS1,Gene
ITPKA,Gene
JOSD2,Gene
KAT6A,Gene
KDM4A-AS1,Gene
KIF1A,Gene
KIF3B,Gene
KIF5B,Gene
KIFAP3,Gene
KIRREL1,Gene
KLHDC2,Gene
KLHL35,Gene
KLK6,Gene
KLK7,Gene
KREMEN2,Gene
KRR1,Gene
KRT18P13,Gene
KRT18P28,Gene
KRT18P59,Gene
KRT8P45,Gene
KRT8P47,Gene
KRT8P9,Gene
LENG8,Gene
LGALSL,Gene
LILRB1,Gene
LILRB3,Gene
LIME1,Gene
LIN7C,Gene
LINC00114,Gene
LINC01018,Gene
LINC01160,Gene
LINC01278,Gene
LLPH,Gene
LRFN3,Gene
LRFN4,Gene
LRP5L,Gene
LRRC14,Gene
LRRC28,Gene
LRRC56,Gene
LSM7,Gene
LTAP1,Gene
MAGEB6B,Gene
MAP3K11,Gene
MAPRE3,Gene
MBD6,Gene
MC1R,Gene
MCMDC2,Gene
MCRIP1,Gene
MCRIP2,Gene
MED16,Gene
METRN,Gene
MEX3D,Gene
MFSD11,Gene
MIGA1,Gene
MIR1228,Gene
MIR130A,Gene
MIR503HG,Gene
MIR600HG,Gene
MIS18A,Gene
MKLN1,Gene
MMP15,Gene
MORN4,Gene
MPP1,Gene
MPV17L,Gene
MRPL2,Gene
MRPL21,Gene
MRPL38,Gene
MRPS2,Gene
MRPS23,Gene
MTHFS,Gene
MTIF3,Gene
MTLN,Gene
MTPAP,Gene
MTPN,Gene
MYDGF,Gene
MYL6B,Gene
NACA4P,Gene
NAT14,Gene
NBPF8,Gene
NCAPD2,Gene
NCLN,Gene
NDUFAF6,Gene
NDUFAF7,Gene
NENF,Gene
NFYC,Gene
NLGN2,Gene
NLRX1,Gene
NOSIP,Gene
NPIPB4,Gene
NPM1P28,Gene
NPM1P34,Gene
NPM1P46,Gene
NREP,Gene
NSUN4,Gene
NUBPL,Gene
NUP188,Gene
OCEL1,Gene
OCIAD1,Gene
OGFR,Gene
OLMALINC,Gene
OPA3,Gene
OR2A9P,Gene
OTULIN,Gene
OXLD1,Gene
PAAF1,Gene
PABPC1P4,Gene
PABPN1,Gene
PACS1,Gene
PAN2,Gene
PARP4,Gene
PATE2,Gene
PAXIP1,Gene
PAXIP1-DT,Gene
PCBP2P2,Gene
PCCB,Gene
PCDHB19P,Gene
PCNX3,Gene
PDIA3P1,Gene
PDSS1,Gene
PEX14,Gene
PEX5,Gene
PGAP2,Gene
PHTF2,Gene
PIAS3,Gene
PIGU,Gene
PIP4K2B,Gene
PLA2G2D,Gene
PLEKHG1,Gene
PLEKHH3,Gene
PLPBP,Gene
PMM1,Gene
PMS2P4,Gene
PNPLA7,Gene
PNPT1,Gene
POFUT1,Gene
POLR1H,Gene
POLR2H,Gene
POM121C,Gene
POMGNT1,Gene
POMZP3,Gene
POTEKP,Gene
POTEM,Gene
PPIAP33,Gene
PPM1F,Gene
PPOX,Gene
PPP1R14BP2,Gene
PPP1R16A,Gene
PPTC7,Gene
PRADC1,Gene
PRCC,Gene
PRR13P3,Gene
PRR13P5,Gene
PSMG1,Gene
PTTG3P,Gene
PWWP3A,Gene
PYCR2,Gene
QPRT,Gene
QRFPR,Gene
RAB13,Gene
RAB42P1,Gene
RABEP1,Gene
RAD23A,Gene
RAMP2-AS1,Gene
RAP1GAP,Gene
RAVER2,Gene
RAX2,Gene
RBMX2,Gene
RCOR2,Gene
RELL2,Gene
REPIN1,Gene
RGPD3,Gene
RHBDL2,Gene
RINL,Gene
RNA18SN4,Gene
RNA5S9,Gene
RNASEK,Gene
RNASET2,Gene
RNF182,Gene
RNF216,Gene
RNF216P1,Gene
RNPS1,Gene
RNU1-1,Gene
RNU1-3,Gene
RNU1-4,Gene
RNU6-1,Gene
RNU6-15P,Gene
RNY1,Gene
RNY3,Gene
RNY4,Gene
RPL10AP6,Gene
RPL19P12,Gene
RPL21P14,Gene
RPL21P45,Gene
RPL21P68,Gene
RPL21P69,Gene
RPL21P87,Gene
RPL23AP44,Gene
RPL23AP61,Gene
RPL23AP87,Gene
RPL26P16,Gene
RPL26P30,Gene
RPL26P33,Gene
RPL26P6,Gene
RPL29P15,Gene
RPL29P6,Gene
RPL31P17,Gene
RPL31P4,Gene
RPL31P49,Gene
RPL32P11,Gene
RPL32P18,Gene
RPL35P1,Gene
RPL36,Gene
RPL36AP8,Gene
RPL36P14,Gene
RPL36P5,Gene
RPL39P20,Gene
RPL6P10,Gene
RPL7P23,Gene
RPL7P32,Gene
RPL7P9,Gene
RPS10P11,Gene
RPS10P13,Gene
RPS13P8,Gene
RPS15AP11,Gene
RPS23P8,Gene
RPS26P15,Gene
RPS26P31,Gene
RPS26P35,Gene
RPS26P47,Gene
RPS26P50,Gene
RPS26P53,Gene
RPS26P54,Gene
RPS26P55,Gene
RPS26P8,Gene
RPS27P1,Gene
RPS27P19,Gene
RPS27P29,Gene
RPS27P7,Gene
RPS28,Gene
RPS29P14,Gene
RPS29P16,Gene
RPS2P5,Gene
RPS2P55,Gene
RPS3AP44,Gene
RPS7P10,Gene
RPS8P10,Gene
RPUSD1,Gene
RRP1B,Gene
RRP9,Gene
RUSF1,Gene
SAFB,Gene
SAMD1,Gene
SAMD4B,Gene
SAPCD2,Gene
SBNO1,Gene
SCAP,Gene
SDCBP,Gene
SDF4,Gene
SDHAP2,Gene
SDSL,Gene
SELENON,Gene
SEMA4C,Gene
SETD1A,Gene
SETD9,Gene
SEZ6L2,Gene
SH3BGRL3,Gene
SHB,Gene
SHISA5,Gene
SHOC2,Gene
SHROOM4,Gene
SIGIRR,Gene
SIL1,Gene
SIRAL2,Gene
SLC12A9,Gene
SLC15A3,Gene
SLC24A1,Gene
SLC25A46,Gene
SLC2A3P1,Gene
SLC33A2,Gene
SLC35B2,Gene
SLC35E3,Gene
SLC35G1,Gene
SLC39A10,Gene
SLC45A1,Gene
SLC4A2,Gene
SLC5A8,Gene
SLC67A1,Gene
SLC75A1,Gene
SLC7A5P1,Gene
SLC8B1,Gene
SLX4IP,Gene
SMARCC1,Gene
SMC3,Gene
SMCR5,Gene
SMG7,Gene
SMIM13,Gene
SMTN,Gene
SND1,Gene
SNHG15,Gene
SNHG9,Gene
SNORA12,Gene
SNORA50C,Gene
SNORA61,Gene
SNORC,Gene
SNORD11,Gene
SNORD114-1,Gene
SNORD25,Gene
SNORD32A,Gene
SNORD36A,Gene
SNORD3A,Gene
SNORD80,Gene
SNRNP35,Gene
SNX29P2,Gene
SNX5P1,Gene
SP3,Gene
SPATA20,Gene
SPDYE6,Gene
SPHK2,Gene
SPINDOC,Gene
SPRYD3,Gene
SPSB3,Gene
SRRM1P1,Gene
SSC5D,Gene
ST13P18,Gene
ST13P4,Gene
ST3GAL3,Gene
STAU2-AS1,Gene
STRIP2,Gene
STX16,Gene
STX1A,Gene
SUMO2P6,Gene
SUPT6H,Gene
SUSD2,Gene
SUSD3,Gene
SYAP1,Gene
SYCP2,Gene
SYDE1,Gene
SYNJ2BP,Gene
SYT11,Gene
TAF15,Gene
TAF2,Gene
TAF6L,Gene
TARBP1,Gene
TBC1D10B,Gene
TCEA3,Gene
TCF3,Gene
TDRD1,Gene
TEAD2,Gene
TEDC1,Gene
TEDC2,Gene
TGFBRAP1,Gene
TGOLN2,Gene
THNSL2,Gene
THOC6,Gene
TJAP1,Gene
TLE5,Gene
TLK2,Gene
TM7SF3,Gene
TMBIM1,Gene
TMEM114,Gene
TMEM120A,Gene
TMEM132A,Gene
TMEM17,Gene
TMEM175,Gene
TMEM184B,Gene
TMEM238,Gene
TMEM248,Gene
TMEM267,Gene
TMEM62,Gene
TMEM63B,Gene
TMEM79,Gene
TMEM8B,Gene
TMEM9,Gene
TMEM91,Gene
TNFRSF14,Gene
TNRC6A,Gene
TOP3B,Gene
TOR3A,Gene
TP53RK,Gene
TPCN2,Gene
TPM3P9,Gene
TRABD,Gene
TRAF3IP2,Gene
TRMT6,Gene
TRRAP,Gene
TSKU,Gene
TSPAN17,Gene
TSPAN18,Gene
TTF2,Gene
TUBAP2,Gene
TUBBP2,Gene
TUBG2,Gene
TXNDC11,Gene
TXNDC12,Gene
TYMSOS,Gene
UBALD1,Gene
UBE2Q1,Gene
UBE2V1P2,Gene
UBE2Z,Gene
UBP1,Gene
UCHL3,Gene
UHMK1,Gene
UIMC1,Gene
UNC119,Gene
UNK,Gene
UPK3BL1,Gene
URM1,Gene
UROS,Gene
USF1,Gene
USF2,Gene
USP49,Gene
UTP18,Gene
VAMP2,Gene
VCP,Gene
VEGFB,Gene
VPS51,Gene
VPS72,Gene
VPS9D1-AS1,Gene
WASH3P,Gene
WASHC1,Gene
WDR41,Gene
WDR70,Gene
WDR72,Gene
WDR77,Gene
WFS1,Gene
WHR1,Gene
XAB2,Gene
XTBD1,Gene
XTBD1P1,Gene
XYLB,Gene
XYLT2,Gene
YJU2,Gene
YJU2B,Gene
ZBTB40,Gene
ZBTB48,Gene
ZBTB8OSP2,Gene
ZCCHC9,Gene
ZDHHC14,Gene
ZNF407-AS1,Gene
ZNF444,Gene
ZNF579,Gene
ZNF653,Gene
ZNF664,Gene
ZNF679,Gene
ZNF69,Gene
ZNF839,Gene
ZNF860,Gene
ZNF876P,Gene
ZNRD2,Gene
ACADL,Gene
AICDA,Gene
SLC4A1,Gene
NFE2L3,Gene
A1BG,Gene
A2M-AS1,Gene
AAGAB,Gene
AARSD1,Gene
AASS,Gene
ABCA5,Gene
ABCB6,Gene
ABCC6P1,Gene
ABHD13,Gene
ABHD14A,Gene
ABTB2,Gene
ABTB3,Gene
ACAP1,Gene
ACKR1,Gene
ACOXL,Gene
ACRBP,Gene
ACSL3,Gene
ACSM3,Gene
ACTL6B,Gene
ACTMAP,Gene
ADAMTS12,Gene
ADAMTS16,Gene
ADAMTS17,Gene
ADAMTS18,Gene
ADAMTS19,Gene
ADAMTS20,Gene
ADAMTS3,Gene
ADAT2,Gene
ADCY10P1,Gene
ADCY2,Gene
ADCYAP1R1,Gene
ADD2,Gene
ADGRL1,Gene
ADGRV1,Gene
ADI1,Gene
ADK,Gene
ADNP2,Gene
AEBP2,Gene
AFAP1L2,Gene
AFF2,Gene
AGAP1,Gene
AGBL1,Gene
AGBL2,Gene
AGBL3,Gene
AGBL5,Gene
AGK,Gene
AGO1,Gene
AGO4,Gene
AGPAT3,Gene
AHI1,Gene
AIMP1,Gene
AJAP1,Gene
AKAP19,Gene
AKR1E2,Gene
ALAD,Gene
ALDH1B1,Gene
ALDH5A1,Gene
ALDH9A1,Gene
ALG10B,Gene
ALG13,Gene
ALKAL2,Gene
ALMS1-IT1,Gene
ALPK3,Gene
ALS2,Gene
ALX1,Gene
AMDHD1,Gene
AMER2,Gene
AMIGO1,Gene
ANKEF1,Gene
ANKH,Gene
ANKHD1,Gene
ANKLE1,Gene
ANKRD18A,Gene
ANKRD22,Gene
ANKRD26,Gene
ANKRD33B,Gene
ANKRD35,Gene
ANKRD6,Gene
ANKS1B,Gene
ANO3,Gene
ANO4,Gene
ANO5,Gene
ANOS1,Gene
ANP32B,Gene
ANXA2P1,Gene
ANXA4,Gene
AOPEP,Gene
AP1M2,Gene
AP2A2,Gene
AP3M1,Gene
AP4S1,Gene
AP5M1,Gene
APBA2,Gene
APOH,Gene
APPBP2,Gene
AQP4-AS1,Gene
ARFGAP3,Gene
ARHGAP18,Gene
ARHGAP24,Gene
ARHGAP42,Gene
ARHGAP6,Gene
ARHGAP9,Gene
ARHGEF25,Gene
ARHGEF4,Gene
ARID3A,Gene
ARK2C,Gene
ARK2N,Gene
ARL10,Gene
ARL5A,Gene
ARL6IP5,Gene
ARL6IP6,Gene
ARL9,Gene
ARMCX3,Gene
ARMCX4,Gene
ARMH1,Gene
ARSD,Gene
ART5,Gene
AS3MT,Gene
ASAH1,Gene
ASAH2B,Gene
ASAP1-IT1,Gene
ASAP1-IT2,Gene
ASB8,Gene
ASB9,Gene
ASH1L,Gene
ASIC1,Gene
ASIC2,Gene
ASMTL,Gene
ASPHD2,Gene
ASTN1,Gene
ASTN2,Gene
ATAD3A,Gene
ATAT1,Gene
ATCAY,Gene
ATOH7,Gene
ATP10B,Gene
ATP13A4,Gene
ATP1B3,Gene
ATP2B1-AS1,Gene
ATP2C2,Gene
ATP5IF1,Gene
ATP5MC3,Gene
ATP6V0A2,Gene
ATP6V0A4,Gene
ATP6V1H,Gene
ATP7A,Gene
ATRNL1,Gene
ATXN7,Gene
AUTS2,Gene
B2M,Gene
B3GLCT,Gene
B3GNT7,Gene
B3GNT8,Gene
B9D1,Gene
BAALC,Gene
BACH2,Gene
BAIAP2L1,Gene
BANK1,Gene
BARHL1,Gene
BATF3,Gene
BAZ1A,Gene
BBS10,Gene
BBS9,Gene
BCAP29,Gene
BCAS2,Gene
BCL11B,Gene
BCL6B,Gene
BCO1,Gene
BEND3,Gene
BEND4,Gene
BEND5,Gene
BEND7,Gene
BEST4,Gene
BEX5,Gene
BICD1,Gene
BICDL1,Gene
BLCAP,Gene
BLK,Gene
BLOC1S5,Gene
BLVRA,Gene
BMPR1B,Gene
BNIPL,Gene
BOC,Gene
BOLA2,Gene
BRACHYURY,Gene
BRD3OS,Gene
BRINP1,Gene
BRIP1,Gene
BRK1,Gene
BRPF3,Gene
BSPRY,Gene
C10ORF143,Gene
C10ORF95,Gene
C11ORF52,Gene
C11ORF98,Gene
C12ORF56,Gene
C14ORF132,Gene
C15ORF61,Gene
C16ORF87,Gene
C17ORF100,Gene
C19ORF47,Gene
C1GALT1,Gene
C1ORF226,Gene
C1ORF53,Gene
C1ORF56,Gene
C1ORF94,Gene
C1QTNF12,Gene
C2CD4C,Gene
C2ORF92,Gene
C5ORF63,Gene
C8ORF34-AS1,Gene
C8ORF76,Gene
CA10,Gene
CA11,Gene
CA8,Gene
CABS1,Gene
CABYR,Gene
CACHD1,Gene
CACNA2D2,Gene
CACNA2D3,Gene
CACNB2,Gene
CADM2,Gene
CADM4,Gene
CADPS,Gene
CADPS2,Gene
CALB1,Gene
CALCB,Gene
CALCRL,Gene
CAMK1D,Gene
CAMK2N2,Gene
CAMKV,Gene
CAND1,Gene
CAND2,Gene
CANX,Gene
CAPZA1,Gene
CAPZB,Gene
CARD8,Gene
CARM1,Gene
CASD1,Gene
CASK,Gene
CASKIN1,Gene
CASTOR3P,Gene
CBLC,Gene
CBX5,Gene
CC2D1B,Gene
CCDC102B,Gene
CCDC126,Gene
CCDC140,Gene
CCDC144NL-AS1,Gene
CCDC152,Gene
CCDC158,Gene
CCDC169,Gene
CCDC181,Gene
CCDC183,Gene
CCDC184,Gene
CCDC3,Gene
CCDC68,Gene
CCDC80,Gene
CCDC91,Gene
CCK,Gene
CCKBR,Gene
CCNY,Gene
CCSER1,Gene
CCZ1B,Gene
CD164,Gene
CD2AP,Gene
CD3D,Gene
CD47,Gene
CD52,Gene
CD58,Gene
CD63,Gene
CD93,Gene
CDA,Gene
CDADC1,Gene
CDC14A,Gene
CDC42BPA,Gene
CDC42EP5,Gene
CDH23,Gene
CDH7,Gene
CDH8,Gene
CDH9,Gene
CDHR1,Gene
CDK8,Gene
CDKL1,Gene
CDX1,Gene
CEBPZ,Gene
CECR2,Gene
CELF2-AS1,Gene
CELF4,Gene
CELF5,Gene
CEP120,Gene
CEP15,Gene
CEP350,Gene
CEP44,Gene
CEP57L1,Gene
CEP68,Gene
CEP89,Gene
CERK,Gene
CFAP69,Gene
CFAP73,Gene
CFAP92,Gene
CFAP95,Gene
CFAP97,Gene
CFDP1,Gene
CGN,Gene
CGRRF1,Gene
CHCHD4,Gene
CHDH,Gene
CHGA,Gene
CHGB,Gene
CHIT1,Gene
CHKA,Gene
CHL1,Gene
CHL1-AS2,Gene
CHM,Gene
CHMP3,Gene
CHN1,Gene
CHODL,Gene
CHP2,Gene
CHST4,Gene
CHST9,Gene
CHSY1,Gene
CILP2,Gene
CIMAP1B,Gene
CIMAP3,Gene
CIMIP2B,Gene
CISD1,Gene
CKMT2-AS1,Gene
CLASP2,Gene
CLCN3,Gene
CLD3,Gene
CLD6,Gene
CLDN10,Gene
CLDN18,Gene
CLDN23,Gene
CLEC11A,Gene
CLEC18A,Gene
CLIP3,Gene
CLN5,Gene
CLNS1A,Gene
CLTB,Gene
CLVS1,Gene
CLXN,Gene
CMTM1,Gene
CMTM5,Gene
CNBD2,Gene
CNFN,Gene
CNKSR2,Gene
CNKSR3,Gene
CNNM2,Gene
CNOT6L,Gene
CNPY2,Gene
CNTFR-AS1,Gene
CNTLN,Gene
CNTN3,Gene
CNTN4,Gene
CNTN6,Gene
CNTNAP2,Gene
CNTNAP3,Gene
CNTNAP3P2,Gene
CNTRL,Gene
COBL,Gene
COL13A1,Gene
COL4A3,Gene
COL4A4,Gene
COL6A2,Gene
COL6A6,Gene
COL9A1,Gene
COL9A3,Gene
COPG2IT1,Gene
COPS2,Gene
COPS4,Gene
COPS6,Gene
COPS8,Gene
COX5A,Gene
COXFA4,Gene
CPEB1,Gene
CPM,Gene
CPNE3,Gene
CPNE4,Gene
CPNE8,Gene
CPQ,Gene
CPSF7,Gene
CPT1C,Gene
CR1L,Gene
CR2,Gene
CRB1,Gene
CRIM1,Gene
CRIP3,Gene
CRISPLD1,Gene
CRYBA1,Gene
CRYBA4,Gene
CRYBG1,Gene
CRYZL1,Gene
CSDE1,Gene
CSH1,Gene
CSH2,Gene
CSNK1G2,Gene
CST1,Gene
CST4,Gene
CSTF2T,Gene
CTBS,Gene
CTC1,Gene
CTCFL,Gene
CTNNBIP1,Gene
CTNND2,Gene
CTPS2,Gene
CTSLP8,Gene
CUL5,Gene
CUTALP,Gene
CWC22,Gene
CXXC4,Gene
CYAT1,Gene
CYB5R4,Gene
CYFIP1,Gene
CYFIP2,Gene
CYLD,Gene
CYP27C1,Gene
CYP39A1,Gene
CYRIA,Gene
CYTH2,Gene
CYTH3,Gene
CYYR1,Gene
CZIB,Gene
DAB1,Gene
DACH1,Gene
DACH2,Gene
DACT3-AS1,Gene
DAPK2,Gene
DAZAP2,Gene
DAZL,Gene
DCAF12L1,Gene
DCAF12L2,Gene
DCAF16,Gene
DCAF17,Gene
DCAF8,Gene
DCBLD1,Gene
DCD,Gene
DCDC1,Gene
DCLK2,Gene
DCTN5,Gene
DCUN1D1,Gene
DDHD1,Gene
DDX25,Gene
DDX27,Gene
DDX47,Gene
DDX54,Gene
DEF6,Gene
DELE1,Gene
DENND1A,Gene
DENR,Gene
DEPDC4,Gene
DGKK,Gene
DGKQ,Gene
DHRS12,Gene
DHRSX,Gene
DHX30,Gene
DIO3OS,Gene
DIPK1C,Gene
DISP1,Gene
DKK2,Gene
DLEU2,Gene
DLG3,Gene
DLGAP1-AS1,Gene
DLL3,Gene
DLX4,Gene
DLX6,Gene
DMAC2L,Gene
DMRT3,Gene
DMRTA2,Gene
DNAAF3,Gene
DNAI3,Gene
DNAJC1,Gene
DNAJC18,Gene
DNAJC24,Gene
DNAJC6,Gene
DNALI1,Gene
DNASE1,Gene
DNASE1L1,Gene
DNPH1,Gene
DNTTIP2,Gene
DOCK3,Gene
DOCK4,Gene
DOK6,Gene
DPEP3,Gene
DPH5,Gene
DPM3,Gene
DPP10-AS1,Gene
DPPA2,Gene
DPPA4,Gene
DPPA5,Gene
DPY19L2,Gene
DPY19L2P2,Gene
DPY19L3,Gene
DPY19L4,Gene
DPYSL5,Gene
DQX1,Gene
DR1,Gene
DRC8,Gene
DSG4,Gene
DSTN,Gene
DSTYK,Gene
DTD1,Gene
DTD2,Gene
DTNBP1,Gene
DTWD1,Gene
DTX1,Gene
DTX3,Gene
DUBR,Gene
DUSP23,Gene
DUSP28,Gene
DUSP3,Gene
DYDC2,Gene
DYNC1I1,Gene
DYNLL2,Gene
DYNLT1,Gene
DYNLT2,Gene
EARS2,Gene
ECE2,Gene
ECHDC3,Gene
ECI2,Gene
ECRG4,Gene
EDN3,Gene
EEF1AKMT2,Gene
EEF1AKMT3,Gene
EEF2K,Gene
EFCAB6,Gene
EFHB,Gene
EFHC1,Gene
EFHC2,Gene
EFNA5,Gene
EGFL6,Gene
EGR4,Gene
EIF3F,Gene
EIF3J-DT,Gene
EIF3M,Gene
EIF4E3,Gene
ELAC2,Gene
ELF1,Gene
ELF3,Gene
ELOA,Gene
ELOC,Gene
EMD,Gene
EME2,Gene
EMILIN3,Gene
EML6,Gene
ENAH,Gene
ENSA,Gene
EOLA1,Gene
EOLA2-DT,Gene
EPB41L2,Gene
EPB41L3,Gene
EPHA6,Gene
EPHA8,Gene
EPHB1,Gene
EPHX3,Gene
EPOP,Gene
EPSTI1,Gene
ERAP1,Gene
ERC2,Gene
ERCC6L2,Gene
ERFE,Gene
ERLEC1P1,Gene
ERMAP,Gene
ERMN,Gene
ERMP1,Gene
ERP44,Gene
ERVH48-1,Gene
ERVMER34-1,Gene
ERVMER61-1,Gene
ESD,Gene
ESRP2,Gene
ESYT3,Gene
ETF1,Gene
ETFBKMT,Gene
ETFRF1,Gene
ETV1,Gene
EVC2,Gene
EXD3,Gene
EXOC6,Gene
EXOSC9,Gene
EYA1,Gene
EYA2,Gene
EZH1,Gene
F11,Gene
F8,Gene
FABP6,Gene
FAF2,Gene
FAM107A,Gene
FAM117B,Gene
FAM124A,Gene
FAM135A,Gene
FAM162B,Gene
FAM169A,Gene
FAM184A,Gene
FAM204A,Gene
FAM20A,Gene
FAM221A,Gene
FAM226B,Gene
FAM227B,Gene
FAM3B,Gene
FAM3C,Gene
FAM89A,Gene
FAM98B,Gene
FANK1,Gene
FAR1,Gene
FAR2P2,Gene
FBF1,Gene
FBLIM1,Gene
FBLN2,Gene
FBLN7,Gene
FBXL13,Gene
FBXL17,Gene
FBXL20,Gene
FBXL21P,Gene
FBXO11,Gene
FBXO2,Gene
FBXO25,Gene
FBXO31,Gene
FBXO43,Gene
FCF1,Gene
FCHSD2,Gene
FDXR,Gene
FER,Gene
FEZF2,Gene
FGD5,Gene
FGF13,Gene
FGF13-AS1,Gene
FGF14-AS2,Gene
FGF8,Gene
FGFR4,Gene
FHIP2A,Gene
FHIP2B,Gene
FHOD3,Gene
FIG4,Gene
FILIP1,Gene
FKBP10,Gene
FKBP8,Gene
FLRT1,Gene
FLVCR1-DT,Gene
FLVCR2,Gene
FOXH1,Gene
FOXK1,Gene
FOXL2,Gene
FOXRED2,Gene
FPGT,Gene
FRA10AC1,Gene
FRAS1,Gene
FRAT1,Gene
FREM1,Gene
FREM2,Gene
FRRS1L,Gene
FRY,Gene
FTH1P5,Gene
FTX,Gene
FUT9,Gene
FXYD6,Gene
FYB2,Gene
FZD10,Gene
FZD3,Gene
GAA,Gene
GABRP,Gene
GALC,Gene
GALNT13,Gene
GALP,Gene
GAMT,Gene
GAR1,Gene
GARIN1B,Gene
GAS2,Gene
GASK1A,Gene
GBA1LP,Gene
GBX2,Gene
GCNT2,Gene
GDAP1L1,Gene
GDF10,Gene
GDPD2,Gene
GFM1,Gene
GFOD3P,Gene
GFRA3,Gene
GGT1,Gene
GHRH,Gene
GJA3,Gene
GK5,Gene
GLB1L3,Gene
GLI3,Gene
GLIS2,Gene
GLO1,Gene
GLRB,Gene
GLS2,Gene
GLT1D1,Gene
GLT8D2,Gene
GLUD2,Gene
GMFG,Gene
GNAI3,Gene
GNAO1,Gene
GNAS-AS1,Gene
GNAZ,Gene
GNB5,Gene
GNG12,Gene
GNG2,Gene
GNG4,Gene
GNG8,Gene
GNGT1,Gene
GNL1,Gene
GNL2,Gene
GNL3LP1,Gene
GNS,Gene
GOLGA8H,Gene
GPATCH2L,Gene
GPC2,Gene
GPC5,Gene
GPHA2,Gene
GPHN,Gene
GPM6A,Gene
GPR143,Gene
GPR153,Gene
GPR161,Gene
GPR173,Gene
GPR176,Gene
GPR19,Gene
GPR27,Gene
GPR39,Gene
GPR63,Gene
GPR85,Gene
GPRASP1,Gene
GPRASP2,Gene
GPRASP3,Gene
GPRC5B,Gene
GPX7,Gene
GREB1L,Gene
GRHL2,Gene
GRIA4,Gene
GRIK3,Gene
GSAP,Gene
GSEC,Gene
GSPT2,Gene
GTPBP1,Gene
GTPBP4,Gene
GTSF1,Gene
GUCA1A,Gene
GUK1,Gene
H2BC12L,Gene
H2BW4P,Gene
HACD1,Gene
HADHB,Gene
HAPLN1,Gene
HAPLN4,Gene
HAUS6,Gene
HCG11,Gene
HDAC5,Gene
HDDC2,Gene
HDHD2,Gene
HEATR1,Gene
HEG1,Gene
HEMK2,Gene
HEPH,Gene
HERPUD2,Gene
HES2,Gene
HESX1,Gene
HEYL,Gene
HFM1,Gene
HHIPL2,Gene
HIBADH,Gene
HINT1,Gene
HLA-C,Gene
HLA-DMA,Gene
HLA-DPA1,Gene
HLA-DRA,Gene
HLA-F,Gene
HMCN1,Gene
HMGCLL1,Gene
HMGN3-AS1,Gene
HMGN5,Gene
HMMR-AS1,Gene
HOPX,Gene
HPS3,Gene
HPS4,Gene
HS3ST3A1,Gene
HS3ST4,Gene
HS3ST5,Gene
HS3ST6,Gene
HS6ST3,Gene
HSBP1,Gene
HSBP1L1,Gene
HSD17B12,Gene
HSD17B8,Gene
HSDL1,Gene
HYMAI,Gene
ICAM4,Gene
ICMT-DT,Gene
IFIT5,Gene
IFT140,Gene
IFT25,Gene
IFT38,Gene
IFT57,Gene
IFT70A,Gene
IGDCC3,Gene
IGDCC4,Gene
IGLON5,Gene
IGSF11,Gene
IGSF3,Gene
IGSF5,Gene
IHH,Gene
IL17RA,Gene
IL1RAPL1,Gene
IL27RA,Gene
IL6ST,Gene
ILDR2,Gene
IMPG1,Gene
INAFM2,Gene
INAVA,Gene
ING4,Gene
INMT,Gene
INPP1,Gene
INPP5F,Gene
INSC,Gene
INSM1,Gene
INTS7,Gene
IP6K3,Gene
IPP,Gene
IPW,Gene
IQCE,Gene
IQCH,Gene
IQGAP2,Gene
IQSEC1,Gene
IRGQ,Gene
IRX2,Gene
ISOC2,Gene
ITFG2,Gene
ITGA8,Gene
ITGA9,Gene
ITIH5,Gene
ITPKB,Gene
IVNS1ABP,Gene
JAKMIP2-AS1,Gene
JKAMP,Gene
JMJD1C-AS1,Gene
JPH1,Gene
JPH3,Gene
JPH4,Gene
JPT1,Gene
JPT2,Gene
KANK3,Gene
KANK4,Gene
KANSL1-AS1,Gene
KAT2B,Gene
KATNAL2,Gene
KATNBL1,Gene
KBTBD4,Gene
KCNA1,Gene
KCNA5,Gene
KCNAB1,Gene
KCNC1,Gene
KCNC3,Gene
KCNE1,Gene
KCNG3,Gene
KCNH5,Gene
KCNH7,Gene
KCNIP4,Gene
KCNJ13,Gene
KCNJ16,Gene
KCNJ3,Gene
KCNK12,Gene
KCNK5,Gene
KCNN2,Gene
KCNS3,Gene
KCP,Gene
KCTD11,Gene
KCTD14,Gene
KDF1,Gene
KDM2B,Gene
KDM4D,Gene
KDM5C,Gene
KDM8,Gene
KDSR,Gene
KHK,Gene
KIAA0040,Gene
KIAA0319,Gene
KIAA1191,Gene
KIAA1549,Gene
KIAA1671,Gene
KICS2,Gene
KIF13A,Gene
KIF21B,Gene
KIF26A,Gene
KIF28P,Gene
KIF6,Gene
KIFC2,Gene
KIFC3,Gene
KIZ,Gene
KLF3-AS1,Gene
KLHDC8B,Gene
KLHL14,Gene
KLHL2,Gene
KLHL23,Gene
KLHL7,Gene
KLK8,Gene
KNDC1,Gene
KRT222,Gene
KRT77,Gene
KRTAP1-5,Gene
KSR1,Gene
KTN1,Gene
KYAT3,Gene
L1TD1,Gene
LACTB,Gene
LAMB2P1,Gene
LANCL1,Gene
LAP3,Gene
LASP1NB,Gene
LAYN,Gene
LCA5,Gene
LCTL,Gene
LDLRAD3,Gene
LEO1,Gene
LEPROT,Gene
LGI1,Gene
LGR5,Gene
LHFPL4,Gene
LHX8,Gene
LIM2,Gene
LIN28A,Gene
LIN7A,Gene
LINC00261,Gene
LINC00304,Gene
LINC00467,Gene
LINC00472,Gene
LINC00491,Gene
LINC00515,Gene
LINC00526,Gene
LINC00537,Gene
LINC00540,Gene
LINC00623,Gene
LINC00632,Gene
LINC00648,Gene
LINC00663,Gene
LINC00664,Gene
LINC00698,Gene
LINC00847,Gene
LINC00900,Gene
LINC00926,Gene
LINC00942,Gene
LINC00992,Gene
LINC00997,Gene
LINC01003,Gene
LINC01088,Gene
LINC01089,Gene
LINC01128,Gene
LINC01138,Gene
LINC01139,Gene
LINC01208,Gene
LINC01234,Gene
LINC01503,Gene
LINC01549,Gene
LINC01560,Gene
LINC01963,Gene
LINC02210,Gene
LINGO2,Gene
LIX1,Gene
LMBRD1,Gene
LMF1,Gene
LMLN,Gene
LMO1,Gene
LMO4,Gene
LMO7,Gene
LMOD2,Gene
LONP2,Gene
LPCAT4,Gene
LRAT,Gene
LRCH1,Gene
LRFN5,Gene
LRP6,Gene
LRRC10B,Gene
LRRC34,Gene
LRRC37A4P,Gene
LRRC4,Gene
LRRC55,Gene
LRRC69,Gene
LRRC8E,Gene
LRRFIP1,Gene
LRRK1,Gene
LRRN1,Gene
LRRTM1,Gene
LRRTM4,Gene
LST1,Gene
LUC7L2,Gene
LY6S-AS1,Gene
LY75,Gene
LYPD6,Gene
LYPD6B,Gene
LYRM2,Gene
LYRM9,Gene
LYST,Gene
LYZL6,Gene
LZTS1,Gene
MAB21L2,Gene
MACROD1,Gene
MACROD2,Gene
MACROH2A2,Gene
MADCAM1,Gene
MAEL,Gene
MAGEL2,Gene
MAGI2-AS3,Gene
MAGI3,Gene
MAGOHB,Gene
MAN2B1,Gene
MANEAL,Gene
MAP3K2,Gene
MAP3K21,Gene
MAP3K9,Gene
MAP6,Gene
MAP7D2,Gene
MAP9,Gene
MARK4,Gene
MARVELD1,Gene
MARVELD2,Gene
MATCAP2,Gene
MATK,Gene
MB,Gene
MBD5,Gene
MBIP,Gene
MBNL1,Gene
MBNL3,Gene
MBOAT1,Gene
MCC,Gene
MCM3AP,Gene
MDFIC,Gene
MDM4,Gene
ME2,Gene
MECP2,Gene
MED14,Gene
MED30,Gene
MED6,Gene
MEGF10,Gene
MEIOB,Gene
MEIOC,Gene
MEIS2,Gene
MELTF,Gene
MELTF-AS1,Gene
MESD,Gene
MESP2,Gene
MEST,Gene
METTL22,Gene
METTL8,Gene
MFAP1,Gene
MFAP3L,Gene
MFSD1,Gene
MGAT4A,Gene
MGAT5B,Gene
MIA3,Gene
MICOS10P1,Gene
MINPP1,Gene
MIR101-1,Gene
MIR124-2HG,Gene
MIR30C2,Gene
MIR31HG,Gene
MIR570HG,Gene
MISO1,Gene
MLLT11,Gene
MLLT6,Gene
MMAA,Gene
MMAB,Gene
MMP25,Gene
MN1,Gene
MND1,Gene
MNX1,Gene
MOV10,Gene
MPC1,Gene
MPC2,Gene
MPI,Gene
MPP2,Gene
MPPED2,Gene
MPZ,Gene
MPZL3,Gene
MRGPRF,Gene
MRO,Gene
MRPL11,Gene
MRPL40,Gene
MRPL49,Gene
MRPL50,Gene
MRPS7,Gene
MRRF,Gene
MRS2,Gene
MSGN1,Gene
MSI1,Gene
MSI2,Gene
MSL1,Gene
MSL3,Gene
MSS51,Gene
MST1L,Gene
MSX1,Gene
MTA3,Gene
MTARC1,Gene
MTBP,Gene
MTCL3,Gene
MTERF2,Gene
MTF2,Gene
MTG1,Gene
MTHFSD,Gene
MTMR11,Gene
MTMR6,Gene
MTRES1,Gene
MTUS2,Gene
MUC15,Gene
MUC19,Gene
MUC3A,Gene
MUSTN1,Gene
MVB12A,Gene
MYADM,Gene
MYBPC2,Gene
MYCL,Gene
MYF5,Gene
MYF6,Gene
MYL10,Gene
MYL7,Gene
MYLK3,Gene
MYO3B,Gene
MYOCD,Gene
MYOZ1,Gene
MYOZ3,Gene
MYRFL,Gene
NAAA,Gene
NAGK,Gene
NALF1,Gene
NANS,Gene
NATD1,Gene
NAXE,Gene
NBDY,Gene
NBR2,Gene
NCALD,Gene
NCAN,Gene
NCBP2,Gene
NDFIP2,Gene
NDRG3,Gene
NDUFAB1,Gene
NDUFAF2,Gene
NEB,Gene
NECAB1,Gene
NECTIN3,Gene
NECTIN4,Gene
NEIL2,Gene
NEO1,Gene
NEUROD1,Gene
NEXMIF,Gene
NFASC,Gene
NFATC1,Gene
NFRKB,Gene
NFX1,Gene
NGDN,Gene
NGEF,Gene
NHLH2,Gene
NHP2,Gene
NHS,Gene
NIP7,Gene
NIPA1,Gene
NIPAL2,Gene
NIT2,Gene
NKAIN1,Gene
NKAIN3,Gene
NKAIN4,Gene
NKAPD1,Gene
NKD1,Gene
NLGN1,Gene
NLGN3,Gene
NLN,Gene
NLRP7,Gene
NME4,Gene
NMRK1,Gene
NMRK2,Gene
NNT-AS1,Gene
NODAL,Gene
NOL3,Gene
NOVA2,Gene
NPAS4,Gene
NPC2,Gene
NPFFR2,Gene
NPHP4,Gene
NPM3,Gene
NPRL3,Gene
NPY,Gene
NPY2R,Gene
NR0B1,Gene
NR2C1,Gene
NR2C2,Gene
NR2E1,Gene
NR2F1-AS1,Gene
NR2F2-AS1,Gene
NRBP1,Gene
NRDC,Gene
NRDE2,Gene
NRG2,Gene
NRG3,Gene
NRK,Gene
NRXN1,Gene
NRXN2,Gene
NRXN3,Gene
NSFL1C,Gene
NSG1,Gene
NSL1,Gene
NSUN7,Gene
NT5C2,Gene
NT5DC1,Gene
NTF4,Gene
NTM,Gene
NTNG2,Gene
NUBP1,Gene
NUCB1,Gene
NUDT5,Gene
NUDT7,Gene
NUFIP1,Gene
NUP35,Gene
NUP62,Gene
NUP93,Gene
NUTF2,Gene
NXPE3,Gene
NYNRIN,Gene
ODAD2,Gene
ODAD3,Gene
OGFOD1,Gene
OLFM3,Gene
OLIG2,Gene
OLIG3,Gene
OMA1,Gene
ONECUT2,Gene
OPLAH,Gene
OPN3,Gene
ORAI2,Gene
ORAI3,Gene
ORMDL2,Gene
OSBPL10,Gene
OSCP1,Gene
OSGIN2,Gene
OSTF1,Gene
OTUD7B,Gene
OTULINL,Gene
OTX2-AS1,Gene
OVOS2P,Gene
P2RX4,Gene
P2RX5,Gene
PABIR2,Gene
PABPC4L,Gene
PABPC5,Gene
PADI3,Gene
PAFAH1B2,Gene
PAFAH1B3,Gene
PAGE4,Gene
PAK5,Gene
PAK6,Gene
PALLD,Gene
PALS1,Gene
PAN3-AS1,Gene
PAPLN,Gene
PAQR8,Gene
PAQR9,Gene
PARP16,Gene
PARP8,Gene
PAX1,Gene
PAX2,Gene
PAX5,Gene
PBRM1,Gene
PBX1,Gene
PBX2,Gene
PBXIP1,Gene
PCAT7,Gene
PCBD2,Gene
PCBP4,Gene
PCCA,Gene
PCDH11Y,Gene
PCDH19,Gene
PCDHA2,Gene
PCDHB14,Gene
PCDHB15,Gene
PCDHB16,Gene
PCDHB2,Gene
PCDHB7,Gene
PCED1A,Gene
PCGF2,Gene
PCGF5,Gene
PCIF1,Gene
PCM1,Gene
PCNX1,Gene
PCP4L1,Gene
PCSK1,Gene
PCYT1B,Gene
PDCD11,Gene
PDCD4-AS1,Gene
PDCD6,Gene
PDCL3,Gene
PDE3B,Gene
PDE6B,Gene
PDE8A,Gene
PDIA5,Gene
PDLIM7,Gene
PDSS2,Gene
PDYN,Gene
PDZD2,Gene
PEAK1,Gene
PELO,Gene
PER3,Gene
PERP,Gene
PEX19,Gene
PEX2,Gene
PEX39,Gene
PFDN1,Gene
PFDN5,Gene
PFKFB1,Gene
PGAM5,Gene
PGAP1,Gene
PGCKA1,Gene
PHAX,Gene
PHC1,Gene
PHF10,Gene
PHF21B,Gene
PHF3,Gene
PHF6,Gene
PHYH,Gene
PHYHD1,Gene
PI15,Gene
PIDD1,Gene
PIERCE2,Gene
PIF1,Gene
PIGL,Gene
PIK3R5,Gene
PINLYP,Gene
PIP4P2,Gene
PIP5K1B,Gene
PIPOX,Gene
PITPNA,Gene
PITPNM2,Gene
PITPNM3,Gene
PITX2,Gene
PIWIL4,Gene
PKIA,Gene
PKP3,Gene
PLA2G12A,Gene
PLAAT5,Gene
PLAC9,Gene
PLBD1,Gene
PLCD1,Gene
PLCH1,Gene
PLCL2,Gene
PLCXD2,Gene
PLCXD3,Gene
PLEKHA3,Gene
PLEKHG6,Gene
PLEKHH1,Gene
PLEKHH2,Gene
PLEKHM3,Gene
PLLP,Gene
PLPP2,Gene
PLPP4,Gene
PLPPR4,Gene
PLPPR5,Gene
PLS3,Gene
PLSCR1,Gene
PLXDC1,Gene
PLXDC2,Gene
PLXNC1,Gene
PM20D2,Gene
PMP2,Gene
PMS2P2,Gene
PNCK,Gene
PNLIPRP2,Gene
PNMA8A,Gene
PODXL2,Gene
POF1B,Gene
POLDIP2,Gene
POLDIP3,Gene
POLR1HASP,Gene
POMT2,Gene
POPDC3,Gene
POU5F1B,Gene
POU5F1P3,Gene
POU5F1P4,Gene
PPFIA3,Gene
PPFIA4,Gene
PPIB,Gene
PPIG,Gene
PPIL1,Gene
PPIL2,Gene
PPIL6,Gene
PPM1A,Gene
PPM1H,Gene
PPM1J,Gene
PPM1L,Gene
PPM1N,Gene
PPP1R14A,Gene
PPP1R17,Gene
PPP1R26,Gene
PPP1R3E,Gene
PPP1R9A,Gene
PPP2R2D,Gene
PPP2R5A,Gene
PPP5D1P,Gene
PRAF2,Gene
PRDM14,Gene
PRDM16-DT,Gene
PRDM5,Gene
PRELID3A,Gene
PRELP,Gene
PREX2,Gene
PRIMA1,Gene
PRKAG2-AS1,Gene
PRKX,Gene
PRKXP1,Gene
PRMT8,Gene
PROC,Gene
PROCA1,Gene
PROK2,Gene
PRORSD1P,Gene
PRPF18,Gene
PRPS2,Gene
PRR14L,Gene
PRR15,Gene
PRRT1,Gene
PRRX1,Gene
PRSS16,Gene
PRSS2,Gene
PRTG,Gene
PRXL2C,Gene
PSEN1,Gene
PSMB7,Gene
PSMG4,Gene
PSTK,Gene
PTAR1,Gene
PTCHD1,Gene
PTGFRN,Gene
PTGIS,Gene
PTP4A2,Gene
PTPDC1,Gene
PTPN5,Gene
PTPRD,Gene
PTPRJ,Gene
PTPRS,Gene
PTRH1,Gene
PURPL,Gene
PVT1,Gene
PWAR5,Gene
PWRN1,Gene
PWWP3B,Gene
PYGL,Gene
PYGO1,Gene
PYROXD2,Gene
PYY,Gene
QKI,Gene
RAB11FIP5,Gene
RAB15,Gene
RAB27A,Gene
RAB33A,Gene
RAB3A,Gene
RAB7A,Gene
RABGAP1L,Gene
RABGEF1,Gene
RABL6,Gene
RAD1,Gene
RADX,Gene
RALGPS1,Gene
RANBP17,Gene
RASGEF1A,Gene
RASGEF1C,Gene
RASL12,Gene
RASSF5,Gene
RASSF6,Gene
RAX,Gene
RB1-DT,Gene
RBFOX1,Gene
RBM11,Gene
RBM22,Gene
RBM26,Gene
RBM34,Gene
RBM43,Gene
RBMS3,Gene
RCC2,Gene
RCN3,Gene
RCSD1,Gene
RDH12,Gene
REC8,Gene
REEP1,Gene
REEP6,Gene
REG1B,Gene
REV1,Gene
REXO2,Gene
REXO6P,Gene
RFLNA,Gene
RFLNB,Gene
RFPL2,Gene
RFPL3,Gene
RFPL3S,Gene
RFTN2,Gene
RFX2,Gene
RFXAP,Gene
RGL3,Gene
RGS10,Gene
RHOBTB2,Gene
RHOF,Gene
RHOJ,Gene
RHOU,Gene
RIMBP2,Gene
RIMS2,Gene
RIPPLY1,Gene
RIPPLY3,Gene
RLIG1,Gene
RLIM,Gene
RLN2,Gene
RMC1,Gene
RMP64,Gene
RMST,Gene
RND2,Gene
RNF135,Gene
RNF157,Gene
RNF175,Gene
RNF2,Gene
RNF32,Gene
RNF32-DT,Gene
RNF43,Gene
RNF44,Gene
RNFT1,Gene
RNPC3,Gene
ROBO1,Gene
ROBO2,Gene
ROR2,Gene
RORB,Gene
RPAIN,Gene
RPAP3,Gene
RPL15,Gene
RPL23A,Gene
RPL27A,Gene
RPL28,Gene
RPL37,Gene
RPL9,Gene
RPP40,Gene
RPRM,Gene
RPRML,Gene
RPS19,Gene
RPS23,Gene
RPS24,Gene
RPS29,Gene
RPS6KA6,Gene
RPUSD3,Gene
RRN3P3,Gene
RSKR,Gene
RSPH9,Gene
RSPO2,Gene
RSPO3,Gene
RTF1,Gene
RTKN2,Gene
RTN4IP1,Gene
RTN4R,Gene
RTP1,Gene
RUBCN,Gene
RUFY2,Gene
RUFY3,Gene
RUNX3,Gene
RYR3,Gene
S100A14,Gene
S100PBP,Gene
S1PR5,Gene
SAMD13,Gene
SAMD4A,Gene
SAMD5,Gene
SAMTOR,Gene
SARS2,Gene
SATB1,Gene
SBF2,Gene
SBK1,Gene
SCAF4,Gene
SCAMP1-AS1,Gene
SCAMP3,Gene
SCAPER,Gene
SCD5,Gene
SCEL,Gene
SCG3,Gene
SCGB3A2,Gene
SCHIP1,Gene
SCLT1,Gene
SCN1A,Gene
SCN9A,Gene
SCOC-AS1,Gene
SCP2,Gene
SCRG1,Gene
SCRN1,Gene
SDC2,Gene
SDCCAG8,Gene
SDK1,Gene
SDK2,Gene
SEC14L2,Gene
SEC14L5,Gene
SEC22C,Gene
SEC24B-AS1,Gene
SEC24C,Gene
SEC61A1,Gene
SEC61A2,Gene
SEC61B,Gene
SEC62,Gene
SELENOM,Gene
SELENOT,Gene
SELENOW,Gene
SEMA4D,Gene
SEMA5A,Gene
SEMA5B,Gene
SEMA6D,Gene
SENP6,Gene
SENP7,Gene
SENP8,Gene
SEPTIN11,Gene
SEPTIN6,Gene
SEPTIN7P2,Gene
SEPTIN8,Gene
SERAC1,Gene
SERBP1,Gene
SERF2,Gene
SERGEF,Gene
SERP2,Gene
SERPINI1,Gene
SESN3,Gene
SESTD1,Gene
SETDB1,Gene
SETDB2,Gene
SEZ6L,Gene
SF3B1,Gene
SF3B6,Gene
SFXN5,Gene
SGCB,Gene
SGK2,Gene
SGPP1,Gene
SGSM3,Gene
SH2D3A,Gene
SH3BGR,Gene
SH3BP2,Gene
SH3GL2,Gene
SH3GL3,Gene
SH3GLB2,Gene
SH3YL1,Gene
SHE,Gene
SHISA6,Gene
SHISA9,Gene
SHLD1,Gene
SHOX2,Gene
SHQ1,Gene
SHTN1,Gene
SIAH2,Gene
SIK2,Gene
SIK3,Gene
SIPA1L1,Gene
SIX3-AS1,Gene
SIX6,Gene
SLA2,Gene
SLC10A7,Gene
SLC12A2-DT,Gene
SLC16A1-AS1,Gene
SLC16A8,Gene
SLC17A7,Gene
SLC18A2,Gene
SLC18B1,Gene
SLC20A2,Gene
SLC25A16,Gene
SLC25A21,Gene
SLC25A21-AS1,Gene
SLC25A23,Gene
SLC25A24,Gene
SLC25A29,Gene
SLC25A30,Gene
SLC25A4,Gene
SLC25A43,Gene
SLC25A53,Gene
SLC27A6,Gene
SLC30A4,Gene
SLC31A2,Gene
SLC35B3,Gene
SLC35D1,Gene
SLC35D3,Gene
SLC35D4,Gene
SLC35E2A,Gene
SLC35F3,Gene
SLC35G2,Gene
SLC39A6,Gene
SLC44A3,Gene
SLC44A5,Gene
SLC49A4,Gene
SLC4A11,Gene
SLC52A3,Gene
SLC5A12,Gene
SLC6A8,Gene
SLC7A10,Gene
SLC7A7,Gene
SLC8A2,Gene
SLC9A3-OT1,Gene
SLC9B2,Gene
SLC9D1,Gene
SLF2,Gene
SLFN12,Gene
SLFN13,Gene
SLITRK3,Gene
SLITRK6,Gene
SLN,Gene
SMARCE1,Gene
SMC5,Gene
SMDT1,Gene
SMG1P5,Gene
SMIM17,Gene
SMIM43,Gene
SMIM8,Gene
SMKR1,Gene
SMO,Gene
SMPX,Gene
SNAP25,Gene
SNAP29,Gene
SNAP91,Gene
SNCAIP,Gene
SNHG10,Gene
SNHG4,Gene
SNORA21,Gene
SNTB2,Gene
SNX25,Gene
SNX33,Gene
SOAT1,Gene
SOCS1,Gene
SORCS1,Gene
SORCS3,Gene
SOX10,Gene
SOX17,Gene
SOX2-OT,Gene
SOX5,Gene
SOX6,Gene
SP2-AS1,Gene
SP5,Gene
SP6,Gene
SP8,Gene
SPA17,Gene
SPAG6,Gene
SPANXC,Gene
SPART,Gene
SPATA6,Gene
SPATA6L,Gene
SPCS3,Gene
SPEF2,Gene
SPIN3,Gene
SPINK2,Gene
SPMIP5,Gene
SPMIP8,Gene
SPMIP9,Gene
SPOP,Gene
SPPL2A,Gene
SPSB4,Gene
SPTLC3,Gene
SRCIN1,Gene
SREK1IP1,Gene
SRGAP3,Gene
SRRM4,Gene
SRSF12,Gene
SRSF4,Gene
SRSF9,Gene
SS18,Gene
SSUH2,Gene
SSX1,Gene
SSX2IP,Gene
ST6GAL1,Gene
ST6GALNAC1,Gene
ST6GALNAC2,Gene
ST6GALNAC3,Gene
ST7,Gene
ST7L,Gene
ST8SIA1,Gene
ST8SIA2,Gene
ST8SIA3,Gene
STAG3L4,Gene
STAM,Gene
STAM2,Gene
STAMBP,Gene
STAT4,Gene
STEAP1,Gene
STK17A,Gene
STK32A,Gene
STK4,Gene
STOM,Gene
STOML2,Gene
STOML3,Gene
STON1,Gene
STOX1,Gene
STRBP,Gene
STT3B,Gene
STX17,Gene
SUCLG1,Gene
SUCLG2,Gene
SULT1C4,Gene
SUMO3,Gene
SUSD6,Gene
SV2A,Gene
SV2C,Gene
SVIL,Gene
SVIP,Gene
SVOPL,Gene
SYN2,Gene
SYNGR1,Gene
SYT14,Gene
SYT17,Gene
SYT9,Gene
TAB2,Gene
TAC3,Gene
TAF1B,Gene
TAF5L,Gene
TAF8,Gene
TAFA4,Gene
TAL2,Gene
TALDO1,Gene
TAPT1,Gene
TAPT1-AS1,Gene
TARS3,Gene
TAS2R14,Gene
TASOR,Gene
TASP1,Gene
TBC1D1,Gene
TBC1D15,Gene
TBC1D4,Gene
TBC1D8B,Gene
TBCB,Gene
TBX15,Gene
TBX4,Gene
TBXT,Gene
TC2N,Gene
TCAIM,Gene
TCEAL2,Gene
TCEAL3,Gene
TCEAL7,Gene
TCEAL9,Gene
TCF24,Gene
TCFL5,Gene
TCIRG1,Gene
TCP11L1,Gene
TDRD12,Gene
TDRD3,Gene
TDRD5,Gene
TDRD6,Gene
TDRKH,Gene
TEF,Gene
TEKT2,Gene
TENM1,Gene
TENT2,Gene
TERF2IP,Gene
TESMIN,Gene
TET2,Gene
TET3,Gene
TEX15,Gene
TEX261,Gene
TEX41,Gene
TEX9,Gene
TFAP2A-AS1,Gene
TFCP2L1,Gene
TFDP2,Gene
TFR2,Gene
THEM4,Gene
THEMIS2,Gene
THNSL1,Gene
THSD7B,Gene
THUMPD1,Gene
THUMPD3,Gene
TIGD1,Gene
TIGD7,Gene
TIMCC,Gene
TIMM10,Gene
TIMM13,Gene
TIMM50,Gene
TINCR,Gene
TLCD5,Gene
TLE4,Gene
TLK1,Gene
TLN2,Gene
TMA7,Gene
TMC7,Gene
TMCO5B,Gene
TMCO6,Gene
TMED4,Gene
TMED5,Gene
TMEFF1,Gene
TMEM106B,Gene
TMEM108,Gene
TMEM139,Gene
TMEM144,Gene
TMEM150C,Gene
TMEM161B-DT,Gene
TMEM163,Gene
TMEM169,Gene
TMEM18,Gene
TMEM182,Gene
TMEM185B,Gene
TMEM200B,Gene
TMEM209,Gene
TMEM220,Gene
TMEM225B,Gene
TMEM231,Gene
TMEM243,Gene
TMEM268,Gene
TMEM31,Gene
TMEM35A,Gene
TMEM47,Gene
TMEM71,Gene
TMEM74,Gene
TMEM94,Gene
TMLHE,Gene
TMOD3,Gene
TMPO-AS1,Gene
TMPRSS11E,Gene
TMPRSS13,Gene
TMX3,Gene
TNFRSF10C,Gene
TNFRSF19,Gene
TNFRSF8,Gene
TNKS2,Gene
TNMD,Gene
TNRC6C,Gene
TOB1-AS1,Gene
TOLLIP-DT,Gene
TOM1,Gene
TOMM6,Gene
TOMM70,Gene
TOX3,Gene
TOX4,Gene
TP53TG1,Gene
TPK1,Gene
TPM2,Gene
TPSG1,Gene
TPST2,Gene
TPT1-AS1,Gene
TPTE2P6,Gene
TRABD2B,Gene
TRAF3IP2-AS1,Gene
TRAPPC11,Gene
TRBC1,Gene
TRDMT1,Gene
TRGC1,Gene
TRIM14,Gene
TRIM22,Gene
TRIM5,Gene
TRIM52-AS1,Gene
TRIM71,Gene
TRMT11,Gene
TRMT9B,Gene
TRNP1,Gene
TRPM8,Gene
TSC22D1-AS1,Gene
TSG101,Gene
TSGA10,Gene
TSHZ1,Gene
TSHZ2,Gene
TSPAN11,Gene
TSPAN2,Gene
TSPAN5,Gene
TSPOAP1,Gene
TSPOAP1-AS1,Gene
TSR1,Gene
TTBK2,Gene
TTC1,Gene
TTC28-AS1,Gene
TTC3,Gene
TTC31,Gene
TTC39A,Gene
TTLL5,Gene
TTLL6,Gene
TTYH1,Gene
TUBA3FP,Gene
TUT4,Gene
TVP23A,Gene
TXLNA,Gene
TXNDC15,Gene
TXNDC16,Gene
UBAP2,Gene
UBE2E2,Gene
UBE2K,Gene
UBE2L6,Gene
UBL3,Gene
UBL7-DT,Gene
UBLCP1,Gene
UBN2,Gene
UBQLN1,Gene
UBQLN2,Gene
UBQLN4,Gene
UBXN1,Gene
UGT2B28,Gene
UGT3A1,Gene
UGT8,Gene
ULK2,Gene
ULK4,Gene
UNC45A,Gene
UNC5A,Gene
UNC79,Gene
UNC80,Gene
UNC93A,Gene
UNCX,Gene
UQCC1,Gene
UQCC2,Gene
UQCC6,Gene
URI1,Gene
USE1,Gene
USP11,Gene
USP2,Gene
USP25,Gene
USP32P2,Gene
USP43,Gene
USP44,Gene
USP6NL,Gene
UTF1,Gene
UTP25,Gene
UTRN,Gene
VAMP5,Gene
VAMP7,Gene
VANGL1,Gene
VANGL2,Gene
VASH2,Gene
VBP1,Gene
VENTX,Gene
VHRT,Gene
VPS26A,Gene
VPS37D,Gene
VRTN,Gene
VSIG10,Gene
VSIG10L,Gene
VSX1,Gene
VTI1B,Gene
VWDE,Gene
WAC,Gene
WASF1,Gene
WASIR2,Gene
WDPCP,Gene
WDR12,Gene
WDR17,Gene
WDR27,Gene
WDR35,Gene
WDR36,Gene
WEE2-AS1,Gene
WFDC2,Gene
WFIKKN1,Gene
WNK3,Gene
WNT10B,Gene
WNT4,Gene
WNT8A,Gene
WRNIP1,Gene
WSB1,Gene
WSCD2,Gene
XAGE2,Gene
XIST,Gene
XKR4,Gene
XKRX,Gene
XPNPEP3,Gene
YBEY,Gene
YKT6,Gene
YLPM1,Gene
YPEL1,Gene
ZBBX,Gene
ZBED11,Gene
ZBTB22,Gene
ZBTB46,Gene
ZBTB47,Gene
ZBTB8B,Gene
ZC3H12B,Gene
ZDBF2,Gene
ZDHHC13,Gene
ZDHHC2,Gene
ZDHHC8BP,Gene
ZFHX3,Gene
ZFHX4-AS1,Gene
ZFP1,Gene
ZFP28,Gene
ZFP41,Gene
ZFP42,Gene
ZFP69B,Gene
ZFR2,Gene
ZGRF1,Gene
ZHX1,Gene
ZHX2,Gene
ZIK1,Gene
ZKSCAN3,Gene
ZMAT1,Gene
ZMAT4,Gene
ZMYM4,Gene
ZNF146,Gene
ZNF165,Gene
ZNF177,Gene
ZNF18,Gene
ZNF214,Gene
ZNF22-AS1,Gene
ZNF233,Gene
ZNF236,Gene
ZNF280A,Gene
ZNF280C,Gene
ZNF286A,Gene
ZNF346,Gene
ZNF362,Gene
ZNF37BP,Gene
ZNF382,Gene
ZNF385B,Gene
ZNF385C,Gene
ZNF391,Gene
ZNF415,Gene
ZNF418,Gene
ZNF423,Gene
ZNF428,Gene
ZNF44,Gene
ZNF462,Gene
ZNF483,Gene
ZNF500,Gene
ZNF503-AS2,Gene
ZNF513,Gene
ZNF518B,Gene
ZNF519,Gene
ZNF521,Gene
ZNF540,Gene
ZNF561,Gene
ZNF569,Gene
ZNF599,Gene
ZNF605,Gene
ZNF608,Gene
ZNF610,Gene
ZNF625,Gene
ZNF628,Gene
ZNF655,Gene
ZNF674-AS1,Gene
ZNF678,Gene
ZNF695,Gene
ZNF704,Gene
ZNF709,Gene
ZNF710,Gene
ZNF717,Gene
ZNF74,Gene
ZNF740,Gene
ZNF763,Gene
ZNF775,Gene
ZNF788P,Gene
ZNF789,Gene
ZNF814,Gene
ZNF826P,Gene
ZNF837,Gene
ZNF84,Gene
ZNF853,Gene
ZNF862,Gene
ZNF880,Gene
ZNF883,Gene
ZNG1A,Gene
ZPLD1,Gene
ZRANB2,Gene
ZSCAN10,Gene
ZSCAN16-AS1,Gene
ZSCAN23,Gene
ZSCAN30,Gene
ZSCAN31,Gene
ZSWIM5,Gene
ZYG11A,Gene
ABHD10,Gene
ANKHD1-EIF4EBP3,Gene
AP5Z1,Gene
ARF4,Gene
ASB3,Gene
ATP6V1G1,Gene
AZIN1,Gene
BLOC1S2,Gene
BNIP2,Gene
CRIPT,Gene
CSGALNACT2,Gene
CT45A2,Gene
DNAJB11,Gene
EIF1B,Gene
EIF4EBP3,Gene
EMC3,Gene
GABARAPL2,Gene
GMPPA,Gene
H2AC18,Gene
HSPA14,Gene
HYAL2,Gene
IGF2-AS,Gene
ING1,Gene
INTS5,Gene
ISCA2,Gene
ISY1,Gene
KHDC4,Gene
LAMTOR3,Gene
MACO1,Gene
METTL13,Gene
MRLC2,Gene
MT1JP,Gene
NMA,Gene
NUDT16L2P,Gene
NUDT9,Gene
PASD1,Gene
PDRG1,Gene
PEX11B,Gene
POGK,Gene
POLRMT,Gene
QRICH1,Gene
RAB21,Gene
RASSF7,Gene
RBM18,Gene
RFPL4A,Gene
RIOK1,Gene
RPF2P1,Gene
RTL6,Gene
SBP2,Gene
SENP5,Gene
SERP1,Gene
SHPK,Gene
SLC30A3,Gene
SLC30A7,Gene
SLC33A1,Gene
TAF7,Gene
TFB2M,Gene
TFIP11,Gene
TMEM203,Gene
TMEM60,Gene
TMUB2,Gene
TPRN,Gene
TSC22,Gene
UQCC4,Gene
USP17L2,Gene
VCX,Gene
VCX2,Gene
VPS37B,Gene
WDR6,Gene
ZNF34,Gene
ZNF417,Gene
ZSWIM6,Gene
ANKRD19P,Gene
KLHDC7B,Gene
LINGO3,Gene
PRDM12,Gene
PRTN3,Gene
SCIMP,Gene
TTTY13,Gene
A1CF,Gene
ABHD12B,Gene
ACSBG1,Gene
ADAT3,Gene
ALKBH4,Gene
ANKRD20A5P,Gene
ANKRD39,Gene
ASB11,Gene
BABAM1,Gene
CBLN4,Gene
CC2D2B,Gene
CCT8,Gene
CDNF,Gene
CELA1,Gene
CENPP,Gene
CNNM4,Gene
CNOT9,Gene
CPNE6,Gene
CRYGN,Gene
CTF1,Gene
CYP3A43,Gene
DARS1,Gene
DDI2,Gene
DHRS1,Gene
DNMT3L,Gene
DPH2,Gene
EEF1AKMT1,Gene
EEF1D,Gene
EFCAB13,Gene
FAM9C,Gene
FERD3L,Gene
FGL1,Gene
GAS8-AS1,Gene
GBP5,Gene
GGA3,Gene
GKN1,Gene
GLTP,Gene
GOPC,Gene
GPKOW,Gene
GPR119,Gene
GSC,Gene
GSTM5,Gene
GSTZ1,Gene
IDNK,Gene
IGHV1-69,Gene
IGKV1-5,Gene
IGL,Gene
IGLV3-25,Gene
IL1F10,Gene
IL36A,Gene
KCTD9,Gene
KLHL32,Gene
KRTAP19-1,Gene
LSM12,Gene
MSH2,Gene
MTFR1L,Gene
NAPB,Gene
NBPF4,Gene
NDOR1,Gene
NTAQ1,Gene
NUDT10,Gene
PCSK7,Gene
PFN4,Gene
PLA2R1,Gene
RABL3,Gene
RBP2,Gene
RNF144A,Gene
RP2,Gene
RUVBL1,Gene
SCLY,Gene
SGTB,Gene
SIRT5,Gene
SMR3A,Gene
SPACA9,Gene
SPDYC,Gene
SPRR2G,Gene
SPRR3,Gene
THOC3,Gene
TMEM130,Gene
TOMM34,Gene
TRIM10,Gene
TYW3,Gene
UBE2D2,Gene
ZNF576,Gene
ZNF81,Gene
ZSCAN2,Gene
KCNA10,Gene
SLC13A2,Gene
MIR302B,Gene
MIR497,Gene
MIR1181,Gene
MIR1183,Gene
MIR1202,Gene
MIR1234,Gene
MIR1238,Gene
MIR1246,Gene
MIR1268A,Gene
MIR1287,Gene
MIR1290,Gene
MIR1305,Gene
MIR17,Gene
MIR18B,Gene
MIR1914,Gene
MIR1915,Gene
MIR1973,Gene
MIR340,Gene
MIR372,Gene
MIR378A,Gene
MIR421,Gene
MIR431,Gene
MIR454,Gene
MIR500A,Gene
MIR545,Gene
MIR575,Gene
MIR630,Gene
MIR663A,Gene
MIR744,Gene
MIR762,Gene
MIR874,Gene
MIR887,Gene
MIR93,Gene
MIR939,Gene
MIR940,Gene
MIRLET7B,Gene
RAD18,Gene
SLC5A2,Gene
SDHC,Gene
GABRA4,Gene
AMER1,Gene
ARHGAP8,Gene
ATMIN,Gene
C1D,Gene
C2CD5,Gene
CPSF4,Gene
FAM72C,Gene
GNB3,Gene
GUCY2C,Gene
H2BC15,Gene
MORN2,Gene
NFATC3,Gene
PCDHA9,Gene
PGA5,Gene
PHKB,Gene
POU4F2,Gene
SLC17A6,Gene
SLC35A5,Gene
SPDEF,Gene
SYTL1,Gene
TCTA,Gene
TCTN1,Gene
TRUB2,Gene
USP14,Gene
ZNG1F,Gene
SLC10A1,Gene
CST,Gene
TAS2R16,Gene
TAS2R38,Gene
CHRM2,Gene
CHRM5,Gene
MAO,Gene
EB1,Gene
ELP1,Gene
MNDA,Gene
NECTIN1,Gene
NF2,Gene
NOS2A,Gene
PCSK2,Gene
RALGDS,Gene
SYP,Gene
TADA3,Gene
TANK,Gene
VKORC1L1,Gene
CD48,Gene
FXYD3,Gene
NNAT,Gene
RPL37A,Gene
LINC-ROR,Gene
NOP14-AS1,Gene
PFKFB3,Gene
CHRM4,Gene
PDPK1,Gene
BET1,Gene
IL21R,Gene
SLC39A5,Gene
UGT2B17,Gene
UGT2B4,Gene
DPP7,Gene
CES3,Gene
CPNE5,Gene
LINC00607,Gene
IL13,Gene
BOLA3,Gene
HCRTR2,Gene
LTB4R,Gene
MIR422A,Gene
MRPL41,Gene
MSH1,Gene
RFX1,Gene
SELENOO,Gene
SOAT2,Gene
B3GNT3,Gene
CSF1R,Gene
EBF2,Gene
FCGR3A,Gene
KCNB2,Gene
OR10H1,Gene
OR2T10,Gene
ROPN1B,Gene
SUOX,Gene
PSCA,Gene
PSG7,Gene
KCNK9,Gene
SLC22A9,Gene
CBX3,Gene
DUSP11,Gene
GBA1,Gene
GDF2,Gene
GRB7,Gene
KRT75,Gene
S100A7,Gene
CNIH4,Gene
CTL2,Gene
DDX55,Gene
EHD3,Gene
HS6ST,Gene
MRPS18C,Gene
PDCD2L,Gene
POLE4,Gene
CCL3L1,Gene
GABARAPL3,Gene
HYAL1,Gene
MRGPRX2,Gene
SI,Gene
SLAMF1,Gene
SPTA1,Gene
TPSB2,Gene
MTHFR,Gene
EML5,Gene
GCFC2,Gene
PALS2,Gene
ZNF630,Gene
ZBTB17,Gene
PON2,Gene
HTRA2,Gene
RAG2,Gene
TRPM5,Gene
H4C1,Gene
MST1R,Gene
PON3,Gene
CLK2,Gene
OLFM4,Gene
REG3A,Gene
BAS,Gene
VIP,Gene
KCNN1,Gene
CTLA4,Gene
ACOT1,Gene
ACOT12,Gene
APOA5,Gene
CYP2C55,Gene
LPIN2,Gene
LPIN3,Gene
MCAT,Gene
ATN1,Gene
BCORL1,Gene
BOLA2B,Gene
CATSPERD,Gene
EDA2R,Gene
FRMPD2,Gene
KMT5A,Gene
NCAM1-AS1,Gene
PCDHGC3,Gene
PCSK1N,Gene
PINCR,Gene
PRR36,Gene
RTL1,Gene
SH3PXD2B,Gene
SPEN,Gene
STAC,Gene
STARD4,Gene
VWA1,Gene
VWA5B2,Gene
GHRL,Gene
SIRT6,Gene
PDE5,Gene
HNF1A,Gene
KLK2,Gene
AFM,Gene
AHSG,Gene
ATP8B5P,Gene
BTBD11,Gene
CPS1,Gene
HPX,Gene
MYOT,Gene
PRKD3,Gene
RDH16,Gene
RTP3,Gene
SLC51A,Gene
TPH1,Gene
WDR78,Gene
SLC22A12,Gene
MIR335,Gene
RBL1,Gene
PGAM1,Gene
MGAT3,Gene
APH1A,Gene
AADAT,Gene
AASDHPPT,Gene
ABCC6,Gene
ACOT13,Gene
ACOT9,Gene
ACTR8,Gene
ACYP2,Gene
ADARB1,Gene
ADGRA3,Gene
ADIPOR2,Gene
AFG2A,Gene
AGFG1,Gene
AGPAT4,Gene
AK4P3,Gene
ALOX15B,Gene
ANGEL2,Gene
ANKIB1,Gene
ANKRD13C,Gene
ANKRD20A12P,Gene
ANKRD29,Gene
ANKRD36,Gene
ANKRD46,Gene
APEX2,Gene
ARHGAP12,Gene
ARHGAP21,Gene
ARHGEF18,Gene
ARL4A,Gene
ARL6IP1,Gene
ARLN,Gene
ARPC4,Gene
ASNSD1,Gene
ATAD2B,Gene
ATP11A,Gene
ATP6V1A,Gene
ATXN1L,Gene
BABAM2,Gene
BAGE,Gene
BANP,Gene
BIN3,Gene
BMS1P2,Gene
BORA,Gene
BTBD9,Gene
C19ORF48P,Gene
C1ORF174,Gene
C2ORF74,Gene
C6ORF62,Gene
C8ORF58,Gene
CARNMT1,Gene
CCDC12,Gene
CCDC81,Gene
CDKAL1,Gene
CENPE,Gene
CEP95,Gene
CERT1,Gene
CHD7,Gene
CHML,Gene
CHP1,Gene
CLCC1,Gene
CLDND1,Gene
CMBL,Gene
CNNM3,Gene
CNOT1,Gene
CNOT7,Gene
COX15,Gene
COX7A1,Gene
CRTC3,Gene
CSTPP1,Gene
CTCF,Gene
CTIF,Gene
CUEDC2,Gene
CUL1,Gene
DALRD3,Gene
DBNDD2,Gene
DCUN1D5,Gene
DDB1,Gene
DENND6A,Gene
DERL1,Gene
DHRS7B,Gene
DHX57,Gene
DIS3L2,Gene
DISC1,Gene
DMD,Gene
DNAJA3,Gene
DNAJC21,Gene
DND1,Gene
DPP8,Gene
DTNB,Gene
EBLN3P,Gene
EIPR1,Gene
ERC1,Gene
ERLEC1,Gene
EVA1C,Gene
EXTL2,Gene
FAAH2,Gene
FAF1,Gene
FAM13B,Gene
FAM161A,Gene
FAM193A,Gene
FAM20B,Gene
FAM86C1P,Gene
FASTKD1,Gene
FBXO21,Gene
FBXW11,Gene
FGF7P3,Gene
FGFR1OP2,Gene
FKSG49,Gene
FLVCR1,Gene
FMN1,Gene
FOXE1,Gene
FOXJ3,Gene
FUBP3,Gene
GAB2,Gene
GDAP2,Gene
GEMIN6,Gene
GIGYF1,Gene
GIGYF2,Gene
GINM1,Gene
GLCE,Gene
GOSR1,Gene
GPBP1,Gene
GPBP1L1,Gene
GPN2,Gene
GRAMD4,Gene
GTF2H2,Gene
GTF3C2,Gene
H2BC11,Gene
H2BC6,Gene
H2BC7,Gene
HACD2,Gene
HOXA3,Gene
HOXC10,Gene
HOXD1,Gene
HPF1,Gene
HPS5,Gene
HS2ST1,Gene
IBTK,Gene
IER3IP1,Gene
INKA2,Gene
INTS2,Gene
ITCH,Gene
JRK,Gene
KALRN,Gene
KATNAL1,Gene
KCNF1,Gene
KCTD20,Gene
KCTD3,Gene
KDM3B,Gene
KLC1,Gene
KLF13,Gene
KLHL12,Gene
KLHL8,Gene
KPNB1,Gene
KRABD4,Gene
KRCC1,Gene
KRIT1,Gene
KRTAP3-1,Gene
LARS2,Gene
LCLAT1,Gene
LIMD2,Gene
LIMS2,Gene
LINC00473,Gene
LRMDA,Gene
LRRC2,Gene
LRRC8D,Gene
LRRTM2,Gene
LSM6,Gene
MAML3,Gene
MAMLD1,Gene
MAP7D1,Gene
MAPK1IP1L,Gene
MAPKAPK5,Gene
MARCHF7,Gene
MARCHF8,Gene
MED22,Gene
MED23,Gene
MEGF9,Gene
MEIS3P1,Gene
MEX3C,Gene
MFSD12,Gene
MGA,Gene
MIB1,Gene
MINK1,Gene
MIR106A,Gene
MIR194-2,Gene
MIR506,Gene
MNT,Gene
MR1,Gene
MRGBP,Gene
MRPL16,Gene
MRPL30,Gene
MRPS10,Gene
MRPS15,Gene
MTX2,Gene
MYH1,Gene
MYOG,Gene
MYOZ2,Gene
NAA38,Gene
NDUFA13,Gene
NECAP2,Gene
NEMP1,Gene
NHEJ1,Gene
NIF3L1,Gene
NME7,Gene
NMNAT3,Gene
NOL4L,Gene
NOL9,Gene
NUMBL,Gene
NUP54,Gene
NUP85,Gene
ODR4,Gene
OR7E37P,Gene
OTUD6B,Gene
PAN3,Gene
PANK2,Gene
PANX1,Gene
PAQR6,Gene
PARG,Gene
PARP10,Gene
PAXBP1,Gene
PCNAP3,Gene
PDP2,Gene
PECR,Gene
PEG3,Gene
PELI2,Gene
PGBD1,Gene
PHETA2,Gene
PHF14,Gene
PHLPP,Gene
PIGK,Gene
PIKFYVE,Gene
PITPNB,Gene
PJA2,Gene
PLPP1,Gene
POLR1B,Gene
POLR1D,Gene
POLR2K,Gene
POLR3B,Gene
POP7,Gene
PPHLN1,Gene
PPID,Gene
PPIL4,Gene
PPIP5K2,Gene
PRDM15,Gene
PRKCI,Gene
PRKG2,Gene
PRMT6,Gene
PROSER1,Gene
PRR3,Gene
PRUNE1,Gene
PSG4,Gene
PSMB4,Gene
PUM1,Gene
PUS10,Gene
PVR,Gene
QTGAL,Gene
QTMAN,Gene
RAB10,Gene
RAB35,Gene
RALGAPA1,Gene
RASAL2,Gene
RASSF8,Gene
RBM13,Gene
RBM23,Gene
RBPJ,Gene
RCC1L,Gene
REEP2,Gene
RER1,Gene
RGS18,Gene
RHBDD2,Gene
RIDA,Gene
RIOK3,Gene
RMND5A,Gene
RNF138,Gene
RNF169,Gene
RNF38,Gene
RNF4,Gene
RPGRIP1L,Gene
RRAGB,Gene
RRN3P2,Gene
RSPH10B2,Gene
RTCA,Gene
RYK,Gene
S100A13,Gene
SAA4,Gene
SAE2,Gene
SAMD12,Gene
SASS6,Gene
SCAF11,Gene
SCAND1,Gene
SCARNA15,Gene
SCARNA2,Gene
SCFD1,Gene
SEC23IP,Gene
SENP2,Gene
SETX,Gene
SGIP1,Gene
SH3GL1P2,Gene
SIN3B,Gene
SLC25A32,Gene
SLC30A6,Gene
SLC35B4,Gene
SLC35F5,Gene
SLC38A12,Gene
SLK,Gene
SMARCAD1,Gene
SMIM19,Gene
SMURF1,Gene
SNORA28,Gene
SNORA78,Gene
SNRNP48,Gene
SNX13,Gene
SNX29P1,Gene
SPIDR,Gene
SRARP,Gene
SRBD1,Gene
SRFBP1,Gene
SRGAP2C,Gene
SRSF8,Gene
SSR3,Gene
STAG1,Gene
STARD3NL,Gene
STK10,Gene
STK24,Gene
STK32B,Gene
STX18,Gene
SUGCT,Gene
SUPT20H,Gene
SUPT3H,Gene
TAB3,Gene
TANGO6,Gene
TBC1D14,Gene
TBC1D8,Gene
TBCCD1,Gene
TECPR2,Gene
TENT4B,Gene
TEP1,Gene
TEX2,Gene
TGS1,Gene
THADA,Gene
THAP10,Gene
TIAM1,Gene
TIMM10B,Gene
TIMM21,Gene
TM4SF20,Gene
TMEM126A,Gene
TMEM131,Gene
TMEM161B,Gene
TMEM165,Gene
TMEM177,Gene
TMEM181,Gene
TMEM222,Gene
TMEM223,Gene
TMEM260,Gene
TMEM68,Gene
TMEM87B,Gene
TMF1,Gene
TMX4,Gene
TRAM1,Gene
TRIM37,Gene
TRMT10A,Gene
TRMT2B,Gene
TSEN2,Gene
TSNARE1,Gene
TTC27,Gene
TTC33,Gene
TTC4,Gene
TTI2,Gene
TUSC3,Gene
TVP23B,Gene
TYW1,Gene
U2SURP,Gene
UBALD2,Gene
UBE2G1,Gene
UBFD1,Gene
UBR2,Gene
UBTD2,Gene
UBXN2B,Gene
UEVLD,Gene
USP32,Gene
UVRAG,Gene
VAMP3,Gene
VAV2,Gene
WBP1L,Gene
WDR20,Gene
WDR3,Gene
WDR37,Gene
WDR45,Gene
WDR48,Gene
WDR7,Gene
WDR75,Gene
WNT16,Gene
WWC2,Gene
WWP1,Gene
YME1L1,Gene
ZBED4,Gene
ZBTB33,Gene
ZBTB35,Gene
ZC3H7A,Gene
ZCCHC14,Gene
ZCCHC8,Gene
ZCRB1,Gene
ZCWPW1,Gene
ZFAT,Gene
ZFP64,Gene
ZMYM1,Gene
ZNF138,Gene
ZNF302,Gene
ZNF326,Gene
ZNF407,Gene
ZNF426,Gene
ZNF469,Gene
ZNF596,Gene
ZSCAN5A,Gene
CDC123,Gene
CDC16,Gene
MAEA,Gene
UBE4B,Gene
FPGS,Gene
OPRD1,Gene
NPC1L1,Gene
DRD5,Gene
SCNN1B,Gene
ANKRD20A2P,Gene
CBR4,Gene
CCDC170,Gene
CCN6,Gene
CD244,Gene
CDH22,Gene
CPO,Gene
CTAGE1,Gene
CTTNBP2,Gene
CYTH1,Gene
DAZ2,Gene
DBIL5P,Gene
DGKB,Gene
DNAJB3P,Gene
DNAJB7,Gene
FGF10,Gene
FOXR1,Gene
GABRG1,Gene
GCSAM,Gene
GIMAP8,Gene
GSTM4,Gene
HLF,Gene
HPCA,Gene
INSM2,Gene
KCNC2,Gene
KLRC1,Gene
MAGEB10,Gene
MILR1,Gene
MPP3,Gene
MYH7B,Gene
NID2,Gene
NLGN4Y,Gene
NTF5,Gene
PBX4,Gene
PHAF1,Gene
PRMT7,Gene
PTS,Gene
PZP,Gene
RFX6,Gene
RHBG,Gene
RNASE8,Gene
RSPO1,Gene
SCGB1C1,Gene
SERPINA11,Gene
SGCD,Gene
SLC26A7,Gene
SLC5A7,Gene
SLCO2A1,Gene
SPATA9,Gene
STARD3,Gene
STX2,Gene
SYT12,Gene
TCF21,Gene
TPH2,Gene
USHBP1,Gene
UTS2,Gene
XLKD1,Gene
ZBTB12,Gene
ZBTB18,Gene
ZBTB32,Gene
ZNF454,Gene
ZNF847P,Gene
CACUL1,Gene
TXNRD2,Gene
TIRAP,Gene
LGALS2,Gene
LPPR1,Gene
RALGAPA2,Gene
SLC19A2,Gene
DDX4,Gene
STMN3,Gene
ADGRB1,Gene
CBR2,Gene
HJV,Gene
CASP5,Gene
MIR361,Gene
PLGLB2,Gene
ANO1,Gene
GCG,Gene
P2RX3,Gene
EFNB3,Gene
IGFL2,Gene
IL12,Gene
A2ML1,Gene
ABCA2,Gene
ABCA9,Gene
ABCB10,Gene
ABCB5,Gene
ABHD1,Gene
ACAP3,Gene
ACSS3,Gene
ACTR5,Gene
ACY3,Gene
ADAD2,Gene
ADAM23,Gene
ADAM32,Gene
ADCK3,Gene
ADCK5,Gene
ADCY10,Gene
ADCY5,Gene
ADGRE1,Gene
ADGRG3,Gene
AFG1L,Gene
AFG2B,Gene
AFMID,Gene
AGAP11,Gene
AGAP9,Gene
AGBL4,Gene
AGFG2,Gene
AGMAT,Gene
AKAP4,Gene
AKNAD1,Gene
ALG1,Gene
ALG10,Gene
ALLC,Gene
ALPPL2,Gene
ALX4,Gene
AMBRA1,Gene
AMN,Gene
AMN1,Gene
ANGPT4,Gene
ANKLE2,Gene
ANKRD13C-DT,Gene
ANKRD13D,Gene
ANKRD18B,Gene
ANKRD33,Gene
ANKRD63,Gene
ANKS4B,Gene
ANKS6,Gene
ANO7,Gene
ANO9,Gene
ANP32CP,Gene
ANXA13,Gene
APBA3,Gene
APBB1,Gene
APIP,Gene
APLF,Gene
APOBR,Gene
APOL1,Gene
APOL2,Gene
APOOL,Gene
AQP6,Gene
ARFIP2,Gene
ARHGAP10,Gene
ARHGAP40,Gene
ARHGEF10L,Gene
ARL13A,Gene
ARL13B,Gene
ARL14,Gene
ARL14EP,Gene
ARL14EPL,Gene
ARL15,Gene
ARL6,Gene
ARMC2,Gene
ARMC5,Gene
ARMCX5-GPRASP2,Gene
ARPIN,Gene
ARRDC1,Gene
ARVCF,Gene
ASB13,Gene
ATAD1,Gene
ATG101,Gene
ATG2A,Gene
ATG4D,Gene
ATP10A,Gene
ATP12A,Gene
ATP13A1,Gene
ATP6AP2,Gene
ATP6V1F,Gene
ATRN,Gene
ATXN1-AS1,Gene
ATXN7L2,Gene
AVL9,Gene
B3GALT5,Gene
B3GNT6,Gene
B4GALT3,Gene
BAHCC1,Gene
BARX2,Gene
BATF,Gene
BATF2,Gene
BCKDHB,Gene
BCO2,Gene
BEST3,Gene
BEX4,Gene
BFAR,Gene
BIN2,Gene
BLTP1,Gene
BLTP3B,Gene
BNIP5,Gene
BOD1,Gene
BPIFC,Gene
BRAP,Gene
BRICD5,Gene
BRSK1,Gene
BRSK2,Gene
BSN,Gene
BTBD10,Gene
BTBD19,Gene
BTBD3,Gene
BTG4,Gene
BTN2A2,Gene
BTN3A2,Gene
BTN3A3,Gene
BTNL9,Gene
C10ORF55,Gene
C11ORF86,Gene
C11ORF91,Gene
C16ORF46,Gene
C19ORF25,Gene
C19ORF53,Gene
C1ORF216,Gene
C1ORF50,Gene
C1ORF74,Gene
C1QL2,Gene
C1QTNF9B,Gene
C2CD2L,Gene
C2ORF72,Gene
C2ORF78,Gene
C2ORF81,Gene
C3ORF80,Gene
C4ORF36,Gene
C5AR2,Gene
C5ORF46,Gene
C6ORF58,Gene
C7ORF57,Gene
C7ORF73,Gene
C8ORF48,Gene
C9ORF78,Gene
CAAP1,Gene
CABLES2,Gene
CACNA1E,Gene
CACNG4,Gene
CACNG7,Gene
CALHM2,Gene
CALHM3,Gene
CAMK1G,Gene
CAPS,Gene
CARD9,Gene
CARMIL3,Gene
CBFA2T3,Gene
CBLN3,Gene
CCDC134,Gene
CCDC138,Gene
CCDC144NL,Gene
CCDC148,Gene
CCDC157,Gene
CCDC22,Gene
CCDC40,Gene
CCDC60,Gene
CCDC74A,Gene
CCDC74B,Gene
CCDC85C,Gene
CCDC9,Gene
CCDC92B,Gene
CCL4L1,Gene
CCNB3,Gene
CCR10,Gene
CCSER2,Gene
CCT6B,Gene
CD101,Gene
CD163L1,Gene
CD177,Gene
CD1E,Gene
CD22,Gene
CD300LB,Gene
CDH15,Gene
CDH24,Gene
CDHR2,Gene
CDHR3,Gene
CDIN1,Gene
CDK20,Gene
CDK2AP1,Gene
CDK5RAP1,Gene
CDKL5,Gene
CELF6,Gene
CELSR1,Gene
CEP152,Gene
CEP162,Gene
CEP72,Gene
CFAP161,Gene
CFAP57,Gene
CFHR1,Gene
CFHR3,Gene
CGB5,Gene
CGB7,Gene
CH507-42P11.6,Gene
CHFR,Gene
CHMP2B,Gene
CHRNA6,Gene
CHRNB1,Gene
CHST10,Gene
CHST12,Gene
CIAO2B,Gene
CIAPIN1,Gene
CIMIP2C,Gene
CIPC,Gene
CIRSR,Gene
CLASRP,Gene
CLCN2,Gene
CLCN4,Gene
CLDN16,Gene
CLEC4M,Gene
CLLU1-AS1,Gene
CLMB,Gene
CLSPN,Gene
CLVS2,Gene
CMAS,Gene
CMTM8,Gene
CNKSR1,Gene
COL22A1,Gene
COLCA1,Gene
COMMD8,Gene
COQ9,Gene
CORO1B,Gene
CPA2,Gene
CPA6,Gene
CPLX2,Gene
CPT1B,Gene
CRB3,Gene
CREB3,Gene
CRIPAK,Gene
CROCC,Gene
CRYBG3,Gene
CSF2RB,Gene
CTSE,Gene
CTU1,Gene
CWF19L2,Gene
CXORF58,Gene
CYB561D2,Gene
CYBC1,Gene
CYP2U1,Gene
DAB2IP,Gene
DAPP1,Gene
DBNDD1,Gene
DCAF10,Gene
DCDC2C,Gene
DCLK3,Gene
DDHD2,Gene
DDX26B,Gene
DDX50,Gene
DDX56,Gene
DEGS1,Gene
DEGS2,Gene
DELEC1,Gene
DEPDC5,Gene
DGCR8,Gene
DGKH,Gene
DGUOK,Gene
DHRS13,Gene
DHRS4,Gene
DHX34,Gene
DHX35,Gene
DIP2A,Gene
DISP3,Gene
DKKL1,Gene
DLGAP3,Gene
DMBT1,Gene
DMBX1,Gene
DMRT1,Gene
DMRTA1,Gene
DMTN,Gene
DMWD,Gene
DNAAF4,Gene
DNAAF8,Gene
DNAI2,Gene
DNAI4,Gene
DNAJC16,Gene
DNAJC17,Gene
DNAJC5B,Gene
DNM1,Gene
DNTTIP1,Gene
DOK4,Gene
DPF1,Gene
DPF2,Gene
DPH1,Gene
DPY19L1P2,Gene
DRC3,Gene
DROSHA,Gene
DUSP12,Gene
DUSP15,Gene
DUSP18,Gene
DUXB,Gene
DYNC2LI1,Gene
DYNLRB1,Gene
DYNLT2B,Gene
DYNLT4,Gene
EBF4,Gene
EBLN1,Gene
ECD,Gene
EDF1,Gene
EEF2KMT,Gene
EEPD1,Gene
EFCAB11,Gene
EIF2AK1,Gene
EIF2B2,Gene
EIF3C,Gene
EIF3CL,Gene
EIF3J,Gene
EIF4E2,Gene
ELAVL2,Gene
ELL,Gene
ELL3,Gene
EMC6,Gene
EMC7,Gene
ENDOV,Gene
ENPP3,Gene
ENPP6,Gene
ENTPD2,Gene
ENTPD5,Gene
ENTREP3,Gene
EOLA2,Gene
EPHA5,Gene
ERG28,Gene
ERLN,Gene
ESF1,Gene
ESPN,Gene
ESRRB,Gene
EVC,Gene
EVPL,Gene
EVX1,Gene
EXD2,Gene
EXOC3L2,Gene
EXTL3,Gene
F8A3,Gene
FAAP24,Gene
FADS6,Gene
FAIM,Gene
FAM120C,Gene
FAM127A,Gene
FAM127C,Gene
FAM157A,Gene
FAM161B,Gene
FAM171A2,Gene
FAM175A,Gene
FAM179B,Gene
FAM186B,Gene
FAM194C,Gene
FAM209B,Gene
FAM26E,Gene
FAM35A,Gene
FAM46B,Gene
FAM46C,Gene
FAM53A,Gene
FAM60A,Gene
FAM65A,Gene
FAM65C,Gene
FAM69A,Gene
FAM69B,Gene
FAM81A,Gene
FAM96B,Gene
FARP2,Gene
FAXC,Gene
FBXL4,Gene
FBXL6,Gene
FBXO10,Gene
FBXO15,Gene
FBXO33,Gene
FBXO36,Gene
FBXW2,Gene
FBXW9,Gene
FCHO1,Gene
FDCSP,Gene
FDX2,Gene
FERRY3,Gene
FFAR4,Gene
FGD1,Gene
FGF20,Gene
FHAD1,Gene
FHL3,Gene
FITM1,Gene
FIZ1,Gene
FKBP6,Gene
FMNL3,Gene
FNTA,Gene
FOXI3,Gene
FOXL2NB,Gene
FREY1,Gene
FRMD1,Gene
FRMD4B,Gene
FRMD7,Gene
FRMPD1,Gene
FRS2,Gene
FTCD,Gene
FZR1,Gene
GAB3,Gene
GABRQ,Gene
GALM,Gene
GALNT5,Gene
GALR2,Gene
GARNL3,Gene
GATS,Gene
GATSL2,Gene
GBGT1,Gene
GBX1,Gene
GCAT,Gene
GCSH,Gene
GDF11,Gene
GDNF-AS1,Gene
GDPGP1,Gene
GFER,Gene
GGN,Gene
GGT5,Gene
GIMAP2,Gene
GIN1,Gene
GJB1,Gene
GJD3,Gene
GLT8D1,Gene
GLTSCR2,Gene
GLYCTK,Gene
GMCL1,Gene
GMEB1,Gene
GMEB2,Gene
GMIP,Gene
GNB4,Gene
GOLGA7B,Gene
GOLGA8N,Gene
GOLM2,Gene
GOLT1A,Gene
GP1BB,Gene
GPATCH3,Gene
GPHRA,Gene
GPR137,Gene
GPR156,Gene
GPR37L1,Gene
GPR45,Gene
GPRIN2,Gene
GPRIN3,Gene
GRAMD1B,Gene
GRID1,Gene
GRIK2,Gene
GRIK5,Gene
GRK4,Gene
GTF2F2,Gene
GVQW3,Gene
H1F0,Gene
H2BC26,Gene
H3F3A,Gene
H3F3B,Gene
H3F3C,Gene
HAO1,Gene
HAVCR2,Gene
HBA1,Gene
HCFC1,Gene
HDGFRP2,Gene
HDX,Gene
HEATR4,Gene
HECTD2,Gene
HELB,Gene
HIPK4,Gene
HIST1H2AC,Gene
HIST1H2BO,Gene
HIST2H3C,Gene
HIST2H4A,Gene
HMCN2,Gene
HMGCL,Gene
HMGXB3,Gene
HOOK1,Gene
HORMAD2,Gene
HOXA10,Gene
HOXA13,Gene
HOXA6,Gene
HOXB13,Gene
HOXC4,Gene
HP1BP3,Gene
HR,Gene
HRCT1,Gene
HSD17B11,Gene
HSD17B13,Gene
HSF2BP,Gene
HSH2D,Gene
HTR1B,Gene
HUNK,Gene
HVCN1,Gene
HYDIN,Gene
HYI,Gene
IFNAR2,Gene
IFT172,Gene
IFT80,Gene
IGFL1,Gene
IGFN1,Gene
IGHMBP2,Gene
IGSF22,Gene
IKBKAP,Gene
IKZF5,Gene
IL15RA,Gene
IL18BP,Gene
IL18R1,Gene
IL22RA1,Gene
IL36B,Gene
IL36G,Gene
IL4I1,Gene
ILRUN,Gene
INAFM1,Gene
INPP4A,Gene
INPP5B,Gene
INSL4,Gene
INTS10,Gene
INTS12,Gene
INTS8,Gene
INTU,Gene
IPMK,Gene
IQCC,Gene
IQSEC2,Gene
IRAK4,Gene
IRF8,Gene
ISY1-RAB43,Gene
ITGAX,Gene
ITIH2,Gene
IVD,Gene
JAKMIP3,Gene
JOSD1,Gene
KANSL1L,Gene
KBTBD12,Gene
KBTBD13,Gene
KCNAB2,Gene
KCNAB3,Gene
KCNC4,Gene
KCNH3,Gene
KCNH8,Gene
KCNJ18,Gene
KCNMB1,Gene
KCNMB3,Gene
KCNU1,Gene
KCTD13,Gene
KDM2A,Gene
KDM5D,Gene
KHDC1,Gene
KHDRBS3,Gene
KHNYN,Gene
KIAA0753,Gene
KIAA2012,Gene
KIF12,Gene
KIF24,Gene
KLF7,Gene
KLHL26,Gene
KLK4,Gene
KRABD2,Gene
KRT10-AS1,Gene
KRT2,Gene
KRT78,Gene
KRT86,Gene
KRTAP4-4,Gene
KRTCAP3,Gene
KY,Gene
LAG3,Gene
LAPTM4A,Gene
LAPTM4B,Gene
LARGE,Gene
LBX2,Gene
LCE1B,Gene
LCE3A,Gene
LDLRAD1,Gene
LGALS9,Gene
LGALS9C,Gene
LGI3,Gene
LHFPL5,Gene
LHX1,Gene
LHX4,Gene
LILRA4,Gene
LIMK2,Gene
LIN37,Gene
LIN52,Gene
LIN7B,Gene
LINC01619,Gene
LINC02870,Gene
LINC02901,Gene
LINS,Gene
LIPJ,Gene
LMBRD2,Gene
LMNTD1,Gene
LMTK3,Gene
LMX1B,Gene
LPA,Gene
LPCAT3,Gene
LRCH2,Gene
LRCH3,Gene
LRCH4,Gene
LRGUK,Gene
LRP5,Gene
LRRC32,Gene
LRRC36,Gene
LRRC37B,Gene
LRRC39,Gene
LRRC45,Gene
LRRC75A,Gene
LRRCC1,Gene
LRRIQ4,Gene
LRRN2,Gene
LSP1,Gene
LVRN,Gene
LYPD5,Gene
LYRM1,Gene
LYSET,Gene
LZTS3,Gene
MAGEA11,Gene
MAGEA12,Gene
MAGEA3,Gene
MAGEA6,Gene
MAGEB17,Gene
MAGED4B,Gene
MALSU1,Gene
MANEA,Gene
MAP3K2-DT,Gene
MAP3K7CL,Gene
MAPK8IP2,Gene
MARCHF10,Gene
MARK1,Gene
MAST2,Gene
MAST3,Gene
MATCAP1,Gene
MAU2,Gene
MBD1,Gene
MBOAT2,Gene
MBOAT4,Gene
MCF2L2,Gene
MCIDAS,Gene
MCOLN2,Gene
MDH1B,Gene
MED15,Gene
MED19,Gene
MEFV,Gene
MEGF8,Gene
MEP1A,Gene
MESDC2,Gene
METAP1D,Gene
METTL25,Gene
METTL25B,Gene
METTL2A,Gene
MFSD2B,Gene
MGEA5,Gene
MGST3,Gene
MICA,Gene
MICAL3,Gene
MIOS,Gene
MIP,Gene
MISP,Gene
MISP3,Gene
MITD1,Gene
MKL1,Gene
MMADHC,Gene
MMRN2,Gene
MOB2,Gene
MORC3,Gene
MORF4L1,Gene
MPND,Gene
MPV17,Gene
MPV17L2,Gene
MRGPRE,Gene
MRGPRX3,Gene
MRM3,Gene
MROH2A,Gene
MRPL46,Gene
MRPL47,Gene
MRPL54,Gene
MRPS18A,Gene
MRPS24,Gene
MSRB1,Gene
MTIF2,Gene
MTMR9,Gene
MTO1,Gene
MTRF1L,Gene
MTX3,Gene
MUC12,Gene
MUS81,Gene
MXD3,Gene
MYBPC3,Gene
MYH15,Gene
MYH3,Gene
MYO18A,Gene
MYO1F,Gene
MYO7B,Gene
MYOM3,Gene
MYPOP,Gene
MYSM1,Gene
NAGPA,Gene
NAIF1,Gene
NARF,Gene
NAT16,Gene
NBPF19,Gene
NBPF20,Gene
NCAPD3,Gene
NCAPH2,Gene
NCCRP1,Gene
NCK2,Gene
NCMAP,Gene
NDNL2,Gene
NDST2,Gene
NDUFAF5,Gene
NECAP1,Gene
NEK10,Gene
NEURL1,Gene
NEURL2,Gene
NEURL4,Gene
NEUROG3,Gene
NFAM1,Gene
NFKBIL1,Gene
NFU1,Gene
NHERF4,Gene
NIPSNAP2,Gene
NIPSNAP3A,Gene
NKPD1,Gene
NKX2-4,Gene
NKX2-8,Gene
NLRP11,Gene
NLRP13,Gene
NLRP4,Gene
NMD3,Gene
NOB1,Gene
NOL12,Gene
NOS1AP,Gene
NOTCH2NLB,Gene
NPHS1,Gene
NPIPA9,Gene
NPIPB9,Gene
NPY4R2,Gene
NR6A1,Gene
NSD1,Gene
NSMCE2,Gene
NSRP1,Gene
NT5C3A,Gene
NT5M,Gene
NTN5,Gene
NTRK3,Gene
NUDT17,Gene
NUS1,Gene
NUTM2A,Gene
NUTM2F,Gene
NVL,Gene
NXPH4,Gene
NYAP1,Gene
OAZ3,Gene
OC90,Gene
OFD1,Gene
OGFOD3,Gene
OLFM2,Gene
OR1F1,Gene
OSBPL5,Gene
OSBPL7,Gene
OSTC,Gene
OTOF,Gene
OTOP2,Gene
OTUD5,Gene
OVGP1,Gene
OVOL3,Gene
OXA1L,Gene
P2RX6,Gene
PABIR3,Gene
PABPN1L,Gene
PACS2,Gene
PADI1,Gene
PAQR3,Gene
PARP6,Gene
PARVG,Gene
PATL2,Gene
PCDH15,Gene
PCDHA13,Gene
PCDHA3,Gene
PCDHAC1,Gene
PCDHAC2,Gene
PCDHB12,Gene
PCDHB8,Gene
PCDHGA1,Gene
PCDHGA6,Gene
PCDHGA7,Gene
PCDHGB1,Gene
PCDHGB3,Gene
PCDHGB4,Gene
PCDHGB5,Gene
PCDHGB7,Gene
PCED1B,Gene
PDE1B,Gene
PDE6A,Gene
PDF,Gene
PDK2,Gene
PDZD4,Gene
PEDS1,Gene
PELATON,Gene
PELI3,Gene
PERM1,Gene
PEX16,Gene
PGAP4,Gene
PGLYRP2,Gene
PGPEP1L,Gene
PHEX,Gene
PHF21A,Gene
PHF24,Gene
PHF8,Gene
PHKA2,Gene
PHKG1,Gene
PHKG2,Gene
PIANP,Gene
PIBF1,Gene
PICK1,Gene
PIGC,Gene
PIGM,Gene
PIGO,Gene
PIGR,Gene
PILRB,Gene
PIM3,Gene
PIN4,Gene
PIP,Gene
PIP5K1A,Gene
PISD,Gene
PIWIL2,Gene
PKD1L1,Gene
PKD1P6-NPIPP1,Gene
PKD2,Gene
PLA2G4D,Gene
PLAAT2,Gene
PLCD4,Gene
PLEKHG2,Gene
PLEKHG7,Gene
PLEKHJ1,Gene
PLEKHM1,Gene
PLEKHO1,Gene
PLEKHS1,Gene
PLPPR3,Gene
PMS2,Gene
PNO1,Gene
POC1B,Gene
POFUT3,Gene
POGLUT3,Gene
POLD4,Gene
POLL,Gene
POLM,Gene
POLR2L,Gene
POLR3D,Gene
POPDC1,Gene
POPDC2,Gene
POU2AF3,Gene
POU2F2,Gene
PPAN,Gene
PPAP2B,Gene
PPCDC,Gene
PPEF1,Gene
PPP1R14D,Gene
PPP1R16B,Gene
PPP1R21,Gene
PPP1R37,Gene
PPP2R3C,Gene
PQBP1,Gene
PRDM10,Gene
PRDM13,Gene
PRELID2,Gene
PRG4,Gene
PRH1,Gene
PRICKLE3,Gene
PRIMPOL,Gene
PRKRIP1,Gene
PRR22,Gene
PRR29,Gene
PRRT1B,Gene
PRRT4,Gene
PRSS27,Gene
PRSS36,Gene
PRTFDC1,Gene
PRX,Gene
PSMD9,Gene
PSPN,Gene
PTCH2,Gene
PTGES3L,Gene
PTK6,Gene
PTPN20,Gene
PTPRG,Gene
PUS7L,Gene
PVRIG,Gene
PVRL1,Gene
QTRT1,Gene
RAB3D,Gene
RAB43,Gene
RABIF,Gene
RAD9B,Gene
RAET1L,Gene
RANBP10,Gene
RAPGEF5,Gene
RASA4B,Gene
RASGEF1B,Gene
RASGRF1,Gene
RASGRP3,Gene
RASL10A,Gene
RASSF9,Gene
RBBP8NL,Gene
RBKS,Gene
RBM28,Gene
RBM38,Gene
RBM4,Gene
RBP3,Gene
RC3H2,Gene
RCE1,Gene
RCHY1,Gene
RDH8,Gene
REEP4,Gene
REP15,Gene
REXO1,Gene
RGP1,Gene
RGPD5,Gene
RGS12,Gene
RGS14,Gene
RHAG,Gene
RHBDD3,Gene
RIBC2,Gene
RIC3,Gene
RIC8B,Gene
RILPL2,Gene
RIMBP3B,Gene
RIMBP3C,Gene
RIMKLA,Gene
RIN1,Gene
RING1,Gene
RNASE7,Gene
RNF10,Gene
RNF121,Gene
RNF123,Gene
RNF17,Gene
RNF208,Gene
RNF223,Gene
RNF6,Gene
RNPEPL1,Gene
ROS1,Gene
RP9,Gene
RPA4,Gene
RPL36A-HNRNPH2,Gene
RPL3L,Gene
RRP1,Gene
RRP8,Gene
RSAD1,Gene
RSPRY1,Gene
RTL10,Gene
RTN4RL2,Gene
RUSC2,Gene
S100A3,Gene
S1PR2,Gene
SACK1E,Gene
SANBR,Gene
SAP25,Gene
SAP30BP,Gene
SARAF,Gene
SARDH,Gene
SART1,Gene
SBK3,Gene
SCGB2B2,Gene
SCN3B,Gene
SCO1,Gene
SCRN3,Gene
SCRT1,Gene
SCRT2,Gene
SCTR,Gene
SCX,Gene
SDC3,Gene
SDR39U1,Gene
SDR9C7,Gene
SEC31B,Gene
SELK,Gene
SELM,Gene
SEMA4A,Gene
SERPINA12,Gene
SERPINA2,Gene
SETSIP,Gene
SGSM1,Gene
SH2B2,Gene
SH2D3C,Gene
SH2D4B,Gene
SH2D7,Gene
SH3BP1,Gene
SH3RF2,Gene
SH3TC2,Gene
SHANK1,Gene
SHC2,Gene
SHISA7,Gene
SIAE,Gene
SIDT1,Gene
SIGLEC9,Gene
SIRPB2,Gene
SIRT7,Gene
SKAP1,Gene
SKOR2,Gene
SLAMF7,Gene
SLC22A17,Gene
SLC22A20,Gene
SLC25A15,Gene
SLC25A35,Gene
SLC25A40,Gene
SLC25A45,Gene
SLC26A9,Gene
SLC2A10,Gene
SLC35E2,Gene
SLC35F1,Gene
SLC38A9,Gene
SLC39A1,Gene
SLC4A1AP,Gene
SLC4A4,Gene
SLC5A1,Gene
SLC5A10,Gene
SLC5A4,Gene
SLC60A1,Gene
SLC61A1,Gene
SLC66A1,Gene
SLC67A2,Gene
SLC6A5,Gene
SLC6A7,Gene
SLC71A2,Gene
SLC7A6OS,Gene
SLC9A2,Gene
SLCO1B7,Gene
SLX9,Gene
SMARCAL1,Gene
SMCO2,Gene
SMNDC1,Gene
SMU1,Gene
SNED1,Gene
SNHG28,Gene
SNPH,Gene
SNRNP27,Gene
SNUPN,Gene
SNX11,Gene
SNX21,Gene
SNX22,Gene
SNX30,Gene
SNX7,Gene
SOHLH1,Gene
SOWAHB,Gene
SP9,Gene
SPAG7,Gene
SPATA12,Gene
SPATA25,Gene
SPATA2L,Gene
SPATA32,Gene
SPATA33,Gene
SPDYE18,Gene
SPIN2B,Gene
SPINK6,Gene
SPMAP2,Gene
SPRN,Gene
SPTSSA,Gene
SRD5A2,Gene
SSBP4,Gene
SSPOP,Gene
SSTR5,Gene
ST18,Gene
ST20,Gene
ST3GAL2,Gene
STAC3,Gene
STARD13,Gene
STARD8,Gene
STARD9,Gene
STIMATE,Gene
STK11IP,Gene
STK16,Gene
STK33,Gene
STK40,Gene
STRADB,Gene
STRIP1,Gene
STRN4,Gene
STX5,Gene
SUGP1,Gene
SUPT7L,Gene
SURF1,Gene
SUSD4,Gene
SV2B,Gene
SYN1,Gene
SYNE4,Gene
SYNGR4,Gene
SYNJ2BP-COX16,Gene
SYNPO2L,Gene
SYPL1,Gene
SYS1,Gene
SYT5,Gene
TAFA3,Gene
TAMALIN,Gene
TBC1D12,Gene
TBC1D3G,Gene
TBC1D3L,Gene
TBX1,Gene
TCEANC2,Gene
TCF12,Gene
TCHH,Gene
TCN1,Gene
TCTN2,Gene
TCTN3,Gene
TECPR1,Gene
TEN1,Gene
TESK2,Gene
TEX22,Gene
TFAP4,Gene
TGM5,Gene
THUMPD2,Gene
TIAM2,Gene
TIMD4,Gene
TIMM23B,Gene
TLCD2,Gene
TLDC1,Gene
TLE6,Gene
TLR5,Gene
TMED7,Gene
TMEM102,Gene
TMEM121,Gene
TMEM123,Gene
TMEM129,Gene
TMEM143,Gene
TMEM145,Gene
TMEM14A,Gene
TMEM184A,Gene
TMEM198,Gene
TMEM206,Gene
TMEM216,Gene
TMEM221,Gene
TMEM229B,Gene
TMEM236,Gene
TMEM265,Gene
TMEM266,Gene
TMEM27,Gene
TMEM52B,Gene
TMEM55A,Gene
TMEM81,Gene
TMEM86B,Gene
TMPPE,Gene
TMPRSS11F,Gene
TMPRSS9,Gene
TMUB1,Gene
TMX1,Gene
TNFRSF4,Gene
TNFSF13,Gene
TNFSF18,Gene
TNIP3,Gene
TNK2,Gene
TNS2,Gene
TOR2A,Gene
TPGS2,Gene
TPRG1L,Gene
TRAPPC14,Gene
TRAPPC6B,Gene
TREX2,Gene
TRIM39,Gene
TRIM41,Gene
TRIM45,Gene
TRIM46,Gene
TRIM67,Gene
TRIM7,Gene
TRIML1,Gene
TRIP4,Gene
TRIT1,Gene
TRMT112,Gene
TRMT44,Gene
TRMU,Gene
TSPAN14,Gene
TSPAN19,Gene
TSPYL4,Gene
TSSK6,Gene
TTBK1,Gene
TTC13,Gene
TTC9B,Gene
TTLL1,Gene
TTPA,Gene
TUBA3E,Gene
TUBAL3,Gene
TUT1,Gene
TYW1B,Gene
UBA7,Gene
UBASH3A,Gene
UBE2D1,Gene
UBE2E3,Gene
UBXN11,Gene
UBXN8,Gene
UFL1,Gene
UNC13A,Gene
UPK1B,Gene
UPK3A,Gene
UPK3B,Gene
UPRT,Gene
USH1C,Gene
USO1,Gene
USP12,Gene
USP17L7,Gene
USP21,Gene
USP30,Gene
USP35,Gene
USP36,Gene
USP54,Gene
UTP6,Gene
VASN,Gene
VAV1,Gene
VCPKMT,Gene
VGLL2,Gene
VMA21,Gene
VNN1,Gene
VNN2,Gene
VPS26B,Gene
VPS37C,Gene
VRK2,Gene
VSIG1,Gene
VXN,Gene
WBP2,Gene
WBP4,Gene
WBSCR27,Gene
WDFY4,Gene
WDR24,Gene
WDR25,Gene
WDR31,Gene
WDR44,Gene
WDR45B,Gene
WDR73,Gene
WHSC1,Gene
WIPI2,Gene
WNK2,Gene
XAGE1B,Gene
XCL1,Gene
XKR3,Gene
XKR6,Gene
XKR8,Gene
XKR9,Gene
XPR1,Gene
XRN1,Gene
YAF2,Gene
YARS2,Gene
YBX2,Gene
YIF1A,Gene
YPEL4,Gene
YY1AP1,Gene
ZACN,Gene
ZBED2,Gene
ZBTB25,Gene
ZBTB7B,Gene
ZC2HC1C,Gene
ZC3H18,Gene
ZC3H3,Gene
ZC3H7B,Gene
ZC4H2,Gene
ZCCHC6,Gene
ZDHHC11B,Gene
ZDHHC8,Gene
ZFAND2B,Gene
ZFAND3,Gene
ZFHX2,Gene
ZFP92,Gene
ZFYVE21,Gene
ZFYVE27,Gene
ZFYVE9,Gene
ZGLP1,Gene
ZMYND10,Gene
ZNF121,Gene
ZNF132,Gene
ZNF143,Gene
ZNF19,Gene
ZNF215,Gene
ZNF251,Gene
ZNF275,Gene
ZNF276,Gene
ZNF285,Gene
ZNF30,Gene
ZNF316,Gene
ZNF329,Gene
ZNF331,Gene
ZNF354C,Gene
ZNF37A,Gene
ZNF385A,Gene
ZNF425,Gene
ZNF460-AS1,Gene
ZNF474,Gene
ZNF516-DT,Gene
ZNF548,Gene
ZNF554,Gene
ZNF556,Gene
ZNF575,Gene
ZNF582,Gene
ZNF587B,Gene
ZNF592,Gene
ZNF593,Gene
ZNF595,Gene
ZNF607,Gene
ZNF609,Gene
ZNF620,Gene
ZNF668,Gene
ZNF674,Gene
ZNF711,Gene
ZNF75D,Gene
ZNF76,Gene
ZNF778,Gene
ZNF80,Gene
ZNF829,Gene
ZNG1B,Gene
ZNG1C,Gene
ZP4,Gene
ZSWIM4,Gene
ZSWIM8,Gene
ABCB8,Gene
MAGEA1,Gene
CHK1,Gene
OVCA2,Gene
SFT2D3,Gene
UBOX5,Gene
AVPR2,Gene
GGPS1,Gene
A3GALT2,Gene
A4GNT,Gene
AADACL4,Gene
AARD,Gene
ABCB7,Gene
ABCC6P2,Gene
ABO,Gene
ACBD4,Gene
ACER2,Gene
ACKR2,Gene
ACMSD,Gene
ACOX3,Gene
ACP6,Gene
ACR,Gene
ACRV1,Gene
ACSM2A,Gene
ACSM2B,Gene
ACSM5,Gene
ACTL8,Gene
ACTR3C,Gene
ACTRT3,Gene
ACVR1B,Gene
ADAM30,Gene
ADAMTSL3,Gene
ADD1,Gene
ADGRE3,Gene
ADGRG4,Gene
AGMO,Gene
AGTPBP1,Gene
AGTRAP,Gene
AGXT,Gene
AGXT2,Gene
AHSP,Gene
AIRE,Gene
AKIP1,Gene
AKR1C6P,Gene
ALG1L1P,Gene
ALX3,Gene
AMFR,Gene
AMY2B,Gene
AMZ2,Gene
ANAPC7,Gene
ANGPTL2,Gene
ANGPTL3,Gene
ANKK1,Gene
ANKRD16,Gene
ANKRD20A11P,Gene
ANKRD30BP3,Gene
ANKRD40CL,Gene
ANKRD54,Gene
ANP32D,Gene
ANXA8L1,Gene
AOX2P,Gene
AP4B1,Gene
APCS,Gene
APLP1,Gene
APOA4,Gene
APOBEC3H,Gene
AQP7P3,Gene
AREL1,Gene
ARHGAP11B,Gene
ARHGAP32,Gene
ARHGAP33,Gene
ARHGEF12,Gene
ARMC12,Gene
ARR3,Gene
ART4,Gene
ASB16-AS1,Gene
ASCL4,Gene
ASGR1,Gene
ASIC5,Gene
ASPG,Gene
ATE1,Gene
ATG16L2,Gene
ATOH1,Gene
ATP5F1C,Gene
ATP5F1E,Gene
ATP5MC2,Gene
ATP5MG,Gene
ATP5S,Gene
ATP6V1B1,Gene
ATP8B2,Gene
ATPAF2,Gene
AUH,Gene
AZGP1P1,Gene
AZU1,Gene
B3GAT3,Gene
BBOX1,Gene
BCLAF3,Gene
BEX3,Gene
BIN3-IT1,Gene
BMX,Gene
BPIFA1,Gene
BPNT1,Gene
BRD7P3,Gene
BRE,Gene
BRINP3,Gene
BRWD3,Gene
BTF3L4,Gene
BTNL8,Gene
BUD23,Gene
C11ORF21,Gene
C15ORF62,Gene
C17ORF67,Gene
C17ORF75,Gene
C1ORF220,Gene
C1QTNF8,Gene
C1QTNF9,Gene
C2,Gene
C22ORF23,Gene
C22ORF46P,Gene
C2CD3,Gene
C3P1,Gene
C6ORF15,Gene
C8B,Gene
C8ORF74,Gene
CA5A,Gene
CA7,Gene
CABP1,Gene
CALCOCO2,Gene
CALHM1,Gene
CAPN11,Gene
CAPN8,Gene
CASKIN2,Gene
CASS4,Gene
CATSPERB,Gene
CBFA2T2,Gene
CBX6,Gene
CCDC141,Gene
CCDC149,Gene
CCDC150,Gene
CCDC53,Gene
CCDC88B,Gene
CCER1,Gene
CCL14,Gene
CCP110,Gene
CD2,Gene
CD300LG,Gene
CD37,Gene
CD3G,Gene
CD79A,Gene
CDC23,Gene
CDC42BPG,Gene
CDH20,Gene
CDK5R2,Gene
CDSN,Gene
CEACAM4,Gene
CELF3,Gene
CEP104,Gene
CEP295,Gene
CES5A,Gene
CETN4P,Gene
CFAP47,Gene
CFAP68,Gene
CFHR2,Gene
CGGBP1,Gene
CHAD,Gene
CHST13,Gene
CIAO2A,Gene
CILK1,Gene
CIMAP2,Gene
CISD3,Gene
CLC,Gene
CLDN8,Gene
CLDN9,Gene
CLEC7A,Gene
CLRN3,Gene
CLSTN3,Gene
CLUHP3,Gene
CMTM2,Gene
CNGA1,Gene
CNGA3,Gene
CNGA4,Gene
CNGB3,Gene
CNTNAP4,Gene
COA4,Gene
COA6,Gene
COG4,Gene
COG5,Gene
COL24A1,Gene
COL28A1,Gene
COL4A5,Gene
COL6A5,Gene
COMMD7,Gene
COQ10A,Gene
COQ3,Gene
COQ4,Gene
COQ8A,Gene
CORIN,Gene
COX10,Gene
COX14,Gene
COX18,Gene
COX4I2,Gene
COX6A2,Gene
COX8A,Gene
CPB1,Gene
CPLANE2,Gene
CPLX1,Gene
CR1,Gene
CREB3L3,Gene
CRIPTO,Gene
CRLS1,Gene
CRMA,Gene
CRNN,Gene
CRYBB2,Gene
CRYZL2P,Gene
CSAG1,Gene
CSN3,Gene
CST7,Gene
CST8,Gene
CSTF2,Gene
CT55,Gene
CTBP1-DT,Gene
CTDP1,Gene
CTSS,Gene
CX3CR1,Gene
CXADRP1,Gene
CXCR6,Gene
CXORF51A,Gene
CYB5RL,Gene
CYC1,Gene
CYCSP6,Gene
CYP21A1P,Gene
CYP2B7P,Gene
CYP4F22,Gene
DAO,Gene
DCAF4L1,Gene
DCP1B,Gene
DDO,Gene
DDTL,Gene
DEFA5,Gene
DEFB115,Gene
DEFB127,Gene
DENND1C,Gene
DENND2B,Gene
DGCR5,Gene
DGKZ,Gene
DHDH,Gene
DHH,Gene
DIPK1B,Gene
DMAC2,Gene
DMPK,Gene
DNAAF10,Gene
DNAAF2,Gene
DNAJC11,Gene
DNASE1L3,Gene
DNM1P41,Gene
DPYS,Gene
DRC1,Gene
DUX3,Gene
DYM,Gene
DYNLT5,Gene
EFCAB10,Gene
EGFL8,Gene
ELP2,Gene
ELP3,Gene
EMX1,Gene
ENKUR,Gene
ENPP7,Gene
ENTR1,Gene
EPM2A,Gene
EPX,Gene
ERAP2,Gene
ERI1,Gene
ETNK2,Gene
EXD1,Gene
EXTL1,Gene
F2RL3,Gene
F9,Gene
FAM106A,Gene
FAM133A,Gene
FAM168B,Gene
FAM215A,Gene
FAM220A,Gene
FAM222B,Gene
FAM223B,Gene
FAM234A,Gene
FAM27E5,Gene
FAM30A,Gene
FAM53B,Gene
FAM78B,Gene
FAM86B3P,Gene
FAM86DP,Gene
FAM86JP,Gene
FAM9A,Gene
FANCM,Gene
FBH1,Gene
FBXO22,Gene
FBXO40,Gene
FBXO42,Gene
FBXO44,Gene
FCAMR,Gene
FCER1G,Gene
FCGR1BP,Gene
FCGR2C,Gene
FCRL4,Gene
FCSK,Gene
FGF7P6,Gene
FOXF1,Gene
FOXO3B,Gene
FOXP4,Gene
FPR1,Gene
FPR3,Gene
FRK,Gene
FRMD8,Gene
FSAF1,Gene
FSTL5,Gene
FTSJ1,Gene
FUNDC1,Gene
FUNDC2,Gene
FUOM,Gene
FUT6,Gene
FXYD1,Gene
FXYD2,Gene
FXYD4,Gene
GABRA3,Gene
GAL3ST4,Gene
GALNT9,Gene
GALT,Gene
GARIN6,Gene
GATB,Gene
GATC,Gene
GBA3,Gene
GCKR,Gene
GCNT7,Gene
GDF3,Gene
GDPD5,Gene
GGT6,Gene
GIPC2,Gene
GJA9,Gene
GJB5,Gene
GK3,Gene
GLB1L,Gene
GLIPR1L1,Gene
GLYAT,Gene
GOLGB1,Gene
GP2,Gene
GPR101,Gene
GPR139,Gene
GPR17,Gene
GPR171,Gene
GPR20,Gene
GPR26,Gene
GPR4,Gene
GPR62,Gene
GPR88,Gene
GRAP,Gene
GSDMA,Gene
GSG1L,Gene
GSKIP,Gene
GSTCD,Gene
GSTT4,Gene
GSX1,Gene
GTF2IRD1P1,Gene
GTF3A,Gene
GTF3C6,Gene
GUF1,Gene
GVINP1,Gene
GYS2,Gene
GZMM,Gene
H1-8,Gene
H2BC17,Gene
H2BC20P,Gene
HAAO,Gene
HAO2,Gene
HAPLN2,Gene
HCLS1,Gene
HCN3,Gene
HDAC11,Gene
HDHD5,Gene
HEBP2,Gene
HEMGN,Gene
HGC6.3,Gene
HHIPL1,Gene
HHLA2,Gene
HIF1AN,Gene
HMGB4,Gene
HNRNPA1L2,Gene
HOXD11,Gene
HOXD12,Gene
HPD,Gene
HPN,Gene
HPR,Gene
HSFY2,Gene
HSP90AA2P,Gene
HTN1,Gene
HTR5A,Gene
HTR7P1,Gene
HULC,Gene
ICOS,Gene
IDH3B,Gene
IFI27L1,Gene
IFNE,Gene
IGHV5-78,Gene
IGSF6,Gene
IL17C,Gene
IL17RE,Gene
IL18RAP,Gene
INE2,Gene
INHA,Gene
INSL3,Gene
IQCB1,Gene
IQSEC3,Gene
IRAG1,Gene
ITLN1,Gene
ITLN2,Gene
IZUMO2,Gene
JTB,Gene
KANSL1,Gene
KC6,Gene
KCNE2,Gene
KCNG4,Gene
KCNK13,Gene
KCTD7,Gene
KDM1B,Gene
KGD4,Gene
KHDRBS2,Gene
KIAA1328,Gene
KIF13B,Gene
KIF27,Gene
KLC3,Gene
KLF8,Gene
KLHDC10,Gene
KLHL25,Gene
KLHL34,Gene
KLHL36,Gene
KLRD1,Gene
KLRF1,Gene
KMT5C,Gene
KRT12,Gene
KRT18P30,Gene
KRTAP4-7,Gene
KRTAP8-1,Gene
KTN1-AS1,Gene
L3HYPDH,Gene
LAIR1,Gene
LAIR2,Gene
LCE1D,Gene
LCE2A,Gene
LCE2C,Gene
LCE3B,Gene
LCMT1,Gene
LCN6,Gene
LDHB,Gene
LDOC1,Gene
LECT2,Gene
LELP1,Gene
LGI4,Gene
LINC00324,Gene
LINC00525,Gene
LINC00528,Gene
LINC00588,Gene
LINC00844,Gene
LINC00852,Gene
LINC01602,Gene
LINC02693,Gene
LINC02899,Gene
LIPF,Gene
LMNTD2,Gene
LPAL2,Gene
LRRC10,Gene
LRRC31,Gene
LRRC37A3,Gene
LRRC61,Gene
LRRC71,Gene
LRRC73,Gene
LRRC74B,Gene
LRRC9,Gene
LRRFIP2,Gene
LUZP4,Gene
LY6D,Gene
LY6G5B,Gene
LYPD8,Gene
LYRM4,Gene
LYSMD4,Gene
LYZL4,Gene
MAGEB4,Gene
MAGEC1,Gene
MAGED1,Gene
MAGEF1,Gene
MAIP1,Gene
MAPKAPK3,Gene
MAPRE1,Gene
MAST1,Gene
MCHR2,Gene
MED21,Gene
MED25,Gene
MED28,Gene
METTL17,Gene
METTL27,Gene
METTL5,Gene
MICOS10,Gene
MIPEPP3,Gene
MIR100,Gene
MIR103A2,Gene
MIR107,Gene
MIR10B,Gene
MIR1203,Gene
MIR1207,Gene
MIR1247,Gene
MIR125B1,Gene
MIR125B2,Gene
MIR1260A,Gene
MIR1260B,Gene
MIR1268B,Gene
MIR1273H,Gene
MIR128-1,Gene
MIR1285-1,Gene
MIR1286,Gene
MIR1291,Gene
MIR1303,Gene
MIR1304,Gene
MIR1306,Gene
MIR1307,Gene
MIR138-1,Gene
MIR139,Gene
MIR143,Gene
MIR1468,Gene
MIR148A,Gene
MIR150,Gene
MIR151A,Gene
MIR151B,Gene
MIR152,Gene
MIR1587,Gene
MIR181D,Gene
MIR185,Gene
MIR188,Gene
MIR1909,Gene
MIR191,Gene
MIR1910,Gene
MIR192,Gene
MIR193A,Gene
MIR193B,Gene
MIR19A,Gene
MIR19B1,Gene
MIR216B,Gene
MIR221,Gene
MIR224,Gene
MIR23A,Gene
MIR23B,Gene
MIR2467,Gene
MIR28,Gene
MIR301A,Gene
MIR3065,Gene
MIR3144,Gene
MIR3191,Gene
MIR328,Gene
MIR342,Gene
MIR3591,Gene
MIR3605,Gene
MIR3613,Gene
MIR3614,Gene
MIR3646,Gene
MIR374A,Gene
MIR378B,Gene
MIR378C,Gene
MIR378E,Gene
MIR378G,Gene
MIR378H,Gene
MIR378I,Gene
MIR412,Gene
MIR4258,Gene
MIR4267,Gene
MIR4302,Gene
MIR4433B,Gene
MIR4448,Gene
MIR4454,Gene
MIR4485,Gene
MIR4492,Gene
MIR449A,Gene
MIR4507,Gene
MIR4524A,Gene
MIR455,Gene
MIR483,Gene
MIR505,Gene
MIR5196,Gene
MIR5588,Gene
MIR592,Gene
MIR605,Gene
MIR625,Gene
MIR627,Gene
MIR631,Gene
MIR651,Gene
MIR6741,Gene
MIR6815,Gene
MIR6852,Gene
MIR766,Gene
MIR7704,Gene
MIR7705,Gene
MIR7974,Gene
MIR7977,Gene
MIR802,Gene
MIR877,Gene
MIR885,Gene
MIR92B,Gene
MIR99A,Gene
MIRLET7C,Gene
MIRLET7D,Gene
MIRLET7G,Gene
MIRLET7I,Gene
MMUT,Gene
MOCS1,Gene
MOGAT2,Gene
MON1A,Gene
MORF4,Gene
MORF4L2,Gene
MOSPD2,Gene
MPHOSPH10,Gene
MROH9,Gene
MRPL20,Gene
MRPL24,Gene
MRPL28,Gene
MRPL35,Gene
MRPL36,Gene
MRPL42,Gene
MRPL43,Gene
MRPL53,Gene
MRPL9,Gene
MRPS16,Gene
MRPS21,Gene
MRPS33,Gene
MRPS34,Gene
MST1P2,Gene
MSX2P1,Gene
MT1B,Gene
MTCH1,Gene
MTCL1,Gene
MTFMT,Gene
MTMR1,Gene
MTRF1,Gene
MTRR,Gene
MUC20,Gene
MUC21,Gene
MUC6,Gene
MUCL3,Gene
MYH8,Gene
MYLK4,Gene
MYRIP,Gene
MZT2A,Gene
NAA11,Gene
NAGS,Gene
NANOS3,Gene
NAPEPLD,Gene
NAPSB,Gene
NARS2,Gene
NAT8,Gene
NCDN,Gene
NCOR1P1,Gene
NCR3,Gene
NDST1,Gene
NDUFA10,Gene
NDUFA12,Gene
NDUFA5,Gene
NDUFA7,Gene
NDUFA8,Gene
NDUFAF1,Gene
NDUFAF3,Gene
NDUFB10,Gene
NDUFB11,Gene
NDUFB3,Gene
NDUFB4,Gene
NDUFC1,Gene
NEK1,Gene
NEK11,Gene
NEK3,Gene
NEMP2,Gene
NEU3,Gene
NGLY1,Gene
NINJ2,Gene
NKX1-2,Gene
NKX6-3,Gene
NLK,Gene
NLRP6,Gene
NME2P1,Gene
NMUR1,Gene
NOA1,Gene
NOL10,Gene
NOTCH4,Gene
NPB,Gene
NPY6RP,Gene
NRSN1,Gene
NTPCR,Gene
NUDT13,Gene
NUDT8,Gene
NXNL2,Gene
NXPE4,Gene
OARD1,Gene
OBP2B,Gene
ODAM,Gene
OFCC1,Gene
OIT3,Gene
OLIG1,Gene
OR10G4,Gene
OR12D3,Gene
OR1J4,Gene
OR1L4,Gene
OR1L8,Gene
OR2B2,Gene
OR2G6,Gene
OR2H2,Gene
OR2J3,Gene
OR2L2,Gene
OR2M7,Gene
OR2T11,Gene
OR2W1,Gene
OR4D1,Gene
OR4F6,Gene
OR4Q3,Gene
OR52N4,Gene
OR5M11,Gene
OR5M3,Gene
OR5P3,Gene
OR8G1,Gene
OR8J1,Gene
OR9K2,Gene
OTC,Gene
OTUD3,Gene
OTUD7A,Gene
OVCH1,Gene
OXSM,Gene
PAFAH2,Gene
PAGE1,Gene
PAGE2,Gene
PAGE2B,Gene
PAGE3,Gene
PAPPA-AS1,Gene
PARL,Gene
PCDH1,Gene
PCDHB1,Gene
PCP2,Gene
PDHX,Gene
PDXDC1,Gene
PDZD11,Gene
PDZK1IP1,Gene
PEMT,Gene
PEX1,Gene
PEX3,Gene
PEX7,Gene
PGLYRP1,Gene
PGLYRP3,Gene
PHACTR1,Gene
PHACTR4,Gene
PHKA1,Gene
PHOX2B,Gene
PIGB,Gene
PIGT,Gene
PIGW,Gene
PIK3C2G,Gene
PKIG,Gene
PKLR,Gene
PKN3,Gene
PKNOX1,Gene
PLA1A,Gene
PLA2G12B,Gene
PLA2G2E,Gene
PLAC8L1,Gene
PLD4,Gene
PLEK,Gene
PLEKHA7,Gene
PLGRKT,Gene
PLVAP,Gene
PLXNA3,Gene
PMCHL2,Gene
PNKD,Gene
PNMA1,Gene
PNMA6A,Gene
POLR2D,Gene
PORCN,Gene
POU3F3,Gene
PPCS,Gene
PPFIA2,Gene
PPM1E,Gene
PPP1R3A,Gene
PPP2R3B,Gene
PPP5C,Gene
PRAMEF10,Gene
PRCD,Gene
PRDM7,Gene
PRELID1,Gene
PRM3,Gene
PRODH2,Gene
PRORP,Gene
PRSS41,Gene
PRY2,Gene
PSMA3,Gene
PSMA6,Gene
PSME3IP1,Gene
PSORS1C3,Gene
PTCHD3P1,Gene
PTH2,Gene
PTPA,Gene
PTPN4,Gene
PTPN7,Gene
PTPRQ,Gene
PWP1,Gene
PXMP2,Gene
PYURF,Gene
QRFP,Gene
QTRT2,Gene
R3HDML,Gene
RAB9B,Gene
RABEPK,Gene
RABGGTA,Gene
RACGAP1P1,Gene
RAET1E,Gene
RALYL,Gene
RBPMS-AS1,Gene
RELCH,Gene
RETREG3,Gene
RGPD1,Gene
RHBDD1,Gene
RIPOR1,Gene
RIPPLY2,Gene
RNASE2,Gene
RNF14,Gene
RNF141,Gene
RNF180,Gene
RNF183,Gene
RPE,Gene
RPL23AP64,Gene
RPL37AP8,Gene
RPP30,Gene
RPS16P5,Gene
RPS4Y2,Gene
RRP7A,Gene
RSPH3,Gene
RSPH6A,Gene
RTEL1,Gene
RTP4,Gene
RUNX1-IT1,Gene
S100A12,Gene
S100G,Gene
S1PR4,Gene
SAGE1,Gene
SAP130,Gene
SAYSD1,Gene
SCARNA9,Gene
SCML2,Gene
SEC22A,Gene
SECISBP2,Gene
SEPTIN14,Gene
SERHL,Gene
SERPINA4,Gene
SERPINB12,Gene
SERPIND1,Gene
SERPINE3,Gene
SH2D6,Gene
SHKBP1,Gene
SHP,Gene
SIGLEC5,Gene
SIRAL1,Gene
SLC10A3,Gene
SLC13A1,Gene
SLC15A4,Gene
SLC17A1,Gene
SLC17A4,Gene
SLC17A8,Gene
SLC17A9,Gene
SLC22A13,Gene
SLC22A14,Gene
SLC25A19,Gene
SLC25A41,Gene
SLC25A42,Gene
SLC25A44,Gene
SLC25A47,Gene
SLC26A1,Gene
SLC28A1,Gene
SLC28A2,Gene
SLC36A1,Gene
SLC38A3,Gene
SLC41A1,Gene
SLC45A3,Gene
SLC4A10,Gene
SLC5A9,Gene
SLC6A20,Gene
SMARCC2,Gene
SMIM20,Gene
SMIM23,Gene
SMLR1,Gene
SMN2,Gene
SMTNL1,Gene
SNAPC2,Gene
SNHG33,Gene
SNORA35,Gene
SNORA50A,Gene
SNORD116-18,Gene
SNORD36B,Gene
SNORD44,Gene
SNORD50A,Gene
SNORD58A,Gene
SNORD74,Gene
SNORD79,Gene
SNORD89,Gene
SNX19,Gene
SNX32,Gene
SNX4,Gene
SOCS4,Gene
SOCS7,Gene
SPAG16,Gene
SPAG8,Gene
SPATA46,Gene
SPG11,Gene
SPICE1,Gene
SQSTM,Gene
SRGAP2D,Gene
ST3GAL5,Gene
STAB1,Gene
STAP1,Gene
STPG1,Gene
STXBP3,Gene
SUCO,Gene
SUSD1,Gene
SWI5,Gene
TAC4,Gene
TACR3,Gene
TAF3,Gene
TAF6,Gene
TAFAZZIN,Gene
TAMM41,Gene
TANGO2,Gene
TAS2R5,Gene
TAS2R8,Gene
TBC1D7,Gene
TBCK,Gene
TBL3,Gene
TBPL2,Gene
TBR1,Gene
TCAF2,Gene
TCL1A,Gene
TDRD7,Gene
TEKT5,Gene
TEX11,Gene
TEX26,Gene
TEX29,Gene
TEX35,Gene
TFAP2E,Gene
TGM7,Gene
THSD1,Gene
TIE1,Gene
TLCD3B,Gene
TM9SF1,Gene
TMEM116,Gene
TMEM150A,Gene
TMEM160,Gene
TMEM59L,Gene
TMEM67,Gene
TMEM69,Gene
TMEM89,Gene
TMEM9B,Gene
TMIGD2,Gene
TMPRSS6,Gene
TNFAIP8L2,Gene
TNNI2,Gene
TNRC18P2,Gene
TPRXL,Gene
TPSD1,Gene
TRAF3IP3,Gene
TREH,Gene
TRIM21,Gene
TRIM48,Gene
TRIM51,Gene
TRIP11,Gene
TRMT61B,Gene
TRNT1,Gene
TSNAXIP1,Gene
TSPAN32,Gene
TSPEAR,Gene
TSPYL3,Gene
TTC21B,Gene
TTC22,Gene
TTC7A,Gene
TTTY6,Gene
TUBA3C,Gene
TUBA3D,Gene
TUBB1,Gene
TULP3,Gene
TWSG1,Gene
TXK,Gene
U2AF1,Gene
UBE2U,Gene
UBE3B,Gene
UBXN10,Gene
UFC1,Gene
UNC45B,Gene
UNC5CL,Gene
UPB1,Gene
UPK1A-AS1,Gene
UPP2,Gene
UQCC5,Gene
UQCRHL,Gene
UROC1,Gene
UROD,Gene
USP4,Gene
USP45,Gene
UTP14C,Gene
UXS1,Gene
VCX3A,Gene
VCX3B,Gene
VESTAR,Gene
VIPR2,Gene
VNN3P,Gene
VPS35L,Gene
WAS,Gene
WBP2NL,Gene
WDR11,Gene
WDTC1,Gene
WEE2,Gene
WWP2,Gene
XAGE3,Gene
YBX1P2,Gene
YTHDC2,Gene
YTHDF1,Gene
ZAP70,Gene
ZBED10P,Gene
ZBTB46-AS1,Gene
ZDHHC16,Gene
ZDHHC6,Gene
ZFAND6,Gene
ZFPM1,Gene
ZFTA,Gene
ZIC4,Gene
ZMYND15,Gene
ZNF106,Gene
ZNF333,Gene
ZNF337,Gene
ZNF433,Gene
ZNF440,Gene
ZNF480,Gene
ZNF496,Gene
ZNF512B,Gene
ZNF552,Gene
ZNF563,Gene
ZNF568,Gene
ZNF571,Gene
ZNF626,Gene
ZNF66,Gene
ZNF746,Gene
ZNF833P,Gene
ZNF90,Gene
ZNF99,Gene
ZNHIT1,Gene
ZNRF2P2,Gene
ZSCAN4,Gene
CA5B,Gene
UMOD,Gene
ELMO1-AS1,Gene
GFRAL,Gene
CHRNA1,Gene
CHRNE,Gene
CHRNG,Gene
CASC9,Gene
ERCC8,Gene
FOXO3A,Gene
GATA1,Gene
GJA4,Gene
MIR144,Gene
MIR182,Gene
NR2E3,Gene
TXN1,Gene
WNT1,Gene
CALML5,Gene
CCT5,Gene
GSTT2B,Gene
HK2P1,Gene
SERPINB4,Gene
TUBBP1,Gene
UBE2D3P1,Gene
MIR92A1,Gene
CYSLTR1,Gene
UQCRBP1,Gene
AASDH,Gene
ANAPC11,Gene
AP1AR,Gene
ARMCX2,Gene
ARPIN-AP3S2,Gene
ATP2A1,Gene
BRF1,Gene
C11ORF58,Gene
CABIN1,Gene
CAPN10,Gene
CHCHD3,Gene
CHCHD6,Gene
CHMP7,Gene
CLPB,Gene
CNTNAP1,Gene
DARS,Gene
DCAF12,Gene
DDX41,Gene
DEFB4,Gene
DET1,Gene
DNAJC9-AS1,Gene
DOP1A,Gene
DUS2,Gene
DUS4L,Gene
EIF2D,Gene
ELP5,Gene
FAM156B,Gene
FAM47E-STBD1,Gene
FBXL19,Gene
FOCAD,Gene
FSBP,Gene
GET3,Gene
GOLGA8B,Gene
GON4L,Gene
GTPBP10,Gene
HBS1L,Gene
HIKESHI,Gene
HMGN1,Gene
HSPE1-MOB4,Gene
IGSF9,Gene
INTS14,Gene
INTS4,Gene
ITGA10,Gene
KRI1,Gene
KXD1,Gene
LETMD1,Gene
LIN54,Gene
LMAN2L,Gene
LSG1,Gene
MFSD8,Gene
MICU1,Gene
MIIP,Gene
MIR198,Gene
MIR296,Gene
MIR370,Gene
MIR373,Gene
MIR601,Gene
MIR622,Gene
MIR623,Gene
MIR629,Gene
MIR636,Gene
MIR765,Gene
MIR98,Gene
MIRLET7A1HG,Gene
MIRLET7E,Gene
MKS1,Gene
MOB3C,Gene
MON2,Gene
MTSS1L,Gene
NBPF26,Gene
NBPF9,Gene
NEDD1,Gene
NIPA2,Gene
NIPBL-DT,Gene
NORAD,Gene
NOTCH2NLC,Gene
NPHP3-ACAD11,Gene
NT5C3B,Gene
OSBPL9,Gene
PAM,Gene
PANK3,Gene
PEG13,Gene
PEX26,Gene
PHRF1,Gene
POMK,Gene
POMT1,Gene
PRR13,Gene
PSMA7,Gene
PSMD1,Gene
RABEP2,Gene
RANBP3,Gene
RHOT2,Gene
RMND5B,Gene
RNASEH2C,Gene
RNF11,Gene
RPAP1,Gene
RPUSD4,Gene
RWDD1,Gene
SEPT2,Gene
SEPT6,Gene
SEPT8,Gene
SERHL2,Gene
SETD6,Gene
SLC37A3,Gene
SLC9A3R1,Gene
SLX1A-SULT1A3,Gene
SMARCD3,Gene
SMG1P3,Gene
SNAP47,Gene
SNHG16,Gene
SNORA73A,Gene
SNORA73B,Gene
SPATA5L1,Gene
SPDYE2,Gene
SRRM1,Gene
STRADA,Gene
TADA2A,Gene
TARS,Gene
TATDN1,Gene
TATDN3,Gene
TBC1D23,Gene
TCERG1,Gene
TCHP,Gene
TMEM14B,Gene
TMEM167A,Gene
TOGARAM1,Gene
TPRKB,Gene
TUBGCP2,Gene
TXNRD3,Gene
USP22,Gene
VCF1,Gene
VPS28,Gene
WASHC2A,Gene
WASHC2C,Gene
YIF1B,Gene
ZDHHC20,Gene
ZMAT2,Gene
ZNF268,Gene
ZNF487,Gene
ZNF667,Gene
ZNF790,Gene
A1BG-AS1,Gene
ABCA7,Gene
ABTB1,Gene
ACTR1B,Gene
ADAM11,Gene
ADAMTS13,Gene
AFTPH-DT,Gene
AGAP5,Gene
AK6,Gene
ALG1L6P,Gene
ALKBH3,Gene
ALOX12-AS1,Gene
AMBN,Gene
AMY2A,Gene
AMZ2P1,Gene
ANAPC1P2,Gene
ANAPC1P4,Gene
ANGEL1,Gene
ANKRD10-IT1,Gene
ANKRD23,Gene
ANKRD34A,Gene
ANKRD61,Gene
AP4M1,Gene
APTR,Gene
ARHGDIG,Gene
ARRDC1-AS1,Gene
ASIP,Gene
ASS1P12,Gene
AZI2,Gene
BAIAP3,Gene
BBS5,Gene
BMS1P4-AGAP5,Gene
BOLA3-DT,Gene
BORCS8-MEF2B,Gene
BRME1,Gene
C10ORF95-AS1,Gene
C12ORF43,Gene
C19ORF81,Gene
C5ORF34-AS1,Gene
C6ORF52,Gene
C8ORF82,Gene
CACFD1,Gene
CALY,Gene
CAMTA2,Gene
CBY3,Gene
CCDC144CP,Gene
CCDC180,Gene
CCDC200,Gene
CCDC57,Gene
CCDC78,Gene
CCNP,Gene
CCT6A3P,Gene
CD160,Gene
CD2BP2-DT,Gene
CD320,Gene
CD99P1,Gene
CDH12P1,Gene
CECR7,Gene
CENPS-CORT,Gene
CERS6-AS1,Gene
CES4A,Gene
CFAP298,Gene
CFAP298-TCP10L,Gene
CFP,Gene
CHMP6,Gene
CHPF2,Gene
CIB2,Gene
CLEC12A-AS1,Gene
COL16A1,Gene
COPS9,Gene
COXFA4L2,Gene
CRACR2B,Gene
CRYBB2P1,Gene
CRYGD,Gene
CRYGS,Gene
CTU2,Gene
CUL7,Gene
CYP2D7,Gene
CYP2F2P,Gene
DARS1-AS1,Gene
DCPH1,Gene
DDX12P,Gene
DEFB107B,Gene
DERL3,Gene
DMAC1,Gene
DNAJC3-DT,Gene
DOC2GP,Gene
DRC5,Gene
EEF1DP4,Gene
EFCAB7,Gene
EID1,Gene
EIF4HP2,Gene
EMC1-AS1,Gene
EOLA1-DT,Gene
EPCAM-DT,Gene
ERICH2,Gene
ERV3-1,Gene
FAHD2A,Gene
FAHD2B,Gene
FAHD2CP,Gene
FAM182A,Gene
FAM27E3,Gene
FAM3C2P,Gene
FAM89B,Gene
FAR2P1,Gene
FAR2P3,Gene
FBXL19-AS1,Gene
FBXO17,Gene
FERMT3,Gene
FEZF1,Gene
FRG1CP,Gene
FSCN3,Gene
FTLP12,Gene
G6PC3,Gene
GABPB1-AS1,Gene
GATD1,Gene
GFM2,Gene
GJC2,Gene
GLI4,Gene
GLIDR,Gene
GLYATL2,Gene
GNRHR2,Gene
GOLGA2P7,Gene
GOLGA7B-DT,Gene
GPHRB,Gene
GPN1,Gene
GRIN2B,Gene
GRIP2,Gene
GTF2A2,Gene
GTF2IP12,Gene
GTF2IRD2B,Gene
GTF3C3,Gene
GUSBP13,Gene
H2BC19P,Gene
H4C14,Gene
HAUS5,Gene
HEIH,Gene
HEXA-AS1,Gene
HGFAC,Gene
HNRNPCP1,Gene
HNRNPD-DT,Gene
HSD17B1-AS1,Gene
HSF4,Gene
HSP40,Gene
IDUA,Gene
IGKV3OR2-268,Gene
INPP5J,Gene
INSIG1-DT,Gene
IPO5P1,Gene
IQANK1,Gene
IZUMO4,Gene
JMJD4,Gene
JSRP1,Gene
KATNB1,Gene
KCND1,Gene
KCNIP2,Gene
KCNQ4,Gene
KDM4A,Gene
KIF17,Gene
KLHL17,Gene
KRTAP5-7,Gene
KYNUP1,Gene
LENG1,Gene
LHX1-DT,Gene
LHX5,Gene
LHX5-AS1,Gene
LIAT1,Gene
LINC00630,Gene
LINC00869,Gene
LINC00877,Gene
LINC00928,Gene
LINC00963,Gene
LINC01001,Gene
LINC01002,Gene
LINC01090,Gene
LINC01301,Gene
LINC01361,Gene
LINC01515,Gene
LINC01786,Gene
LINC01979,Gene
LINC02210-CRHR1,Gene
LINC02340,Gene
LINC02449,Gene
LINC02731,Gene
LINC02887,Gene
LMNTD2-AS1,Gene
LOXL1-AS1,Gene
LRP2BP,Gene
LRP4-AS1,Gene
LTBP2,Gene
LY6H,Gene
MAMDC2-AS1,Gene
MCCC1-AS1,Gene
MCM8-AS1,Gene
METTL26,Gene
MIATNB,Gene
MID2,Gene
MIF-AS1,Gene
MINDY4,Gene
MIR23AHG,Gene
MIR325HG,Gene
MIR34AHG,Gene
MIR3936HG,Gene
MIR4453HG,Gene
MIR9-1HG,Gene
MIR9-2HG,Gene
MIR9-3HG,Gene
MIRLET7BHG,Gene
MKLN1-AS,Gene
MLYCD,Gene
MMP25-AS1,Gene
MRPL20-DT,Gene
MRPL45P2,Gene
MRPL57,Gene
MRPS31P5,Gene
MSH5-SAPCD1,Gene
MTRNR2L1,Gene
MTX1,Gene
MTX1LP,Gene
MYLK-AS1,Gene
MYO15A,Gene
MYOM2,Gene
MZF1-AS1,Gene
NACAD,Gene
NBPF25P,Gene
NECAB3,Gene
NLGN4X,Gene
NLRC4,Gene
NOP9,Gene
NPDC1,Gene
NPIPP1,Gene
NSA2,Gene
NUTM2D,Gene
OCRL,Gene
ODF2L,Gene
OSER1-DT,Gene
PCAT6,Gene
PCDHA1,Gene
PCDHGC4,Gene
PDCL3P4,Gene
PDE4DIPP2,Gene
PDE6B-AS1,Gene
PET100,Gene
PEX10,Gene
PEX5L,Gene
PHC1P1,Gene
PIGP,Gene
PIGV,Gene
PJVK,Gene
PLD5P1,Gene
PLXNB3,Gene
PNMA8B,Gene
POLR2J4,Gene
POMP,Gene
PPP1R35,Gene
PROSER3,Gene
PTENP1-AS,Gene
RAB11FIP2,Gene
RAB36,Gene
RAB39A,Gene
RABL2B,Gene
RAD51D,Gene
RANGRF,Gene
RBAK-RBAKDN,Gene
RFXANK,Gene
RGS11,Gene
RHBDL1,Gene
RN7SL333P,Gene
RNASEK-C17ORF49,Gene
RNF213-AS1,Gene
RNU6-945P,Gene
RPH3A,Gene
RPL11P1,Gene
RPL23AP49,Gene
RPL23AP7,Gene
RPL23AP82,Gene
RPL32P27,Gene
RPS2P46,Gene
RPS6KL1,Gene
RPSAP15,Gene
RSPH10B,Gene
RTEL1-TNFRSF6B,Gene
RTL8B,Gene
RTL8C,Gene
SAMD10,Gene
SAP30-DT,Gene
SAP30L-AS1,Gene
SAXO2,Gene
SAXO4,Gene
SBDSP1,Gene
SCARF2,Gene
SCIRT,Gene
SCN11A,Gene
SEMA6A-AS1,Gene
SEPHS2,Gene
SGF29,Gene
SH3BP5-AS1,Gene
SHARPIN,Gene
SHF,Gene
SHLD2P3,Gene
SLC25A17,Gene
SLC39A13,Gene
SLC60A2,Gene
SLC6A10P,Gene
SMG1P1,Gene
SMG1P2,Gene
SMG1P6,Gene
SMG1P7,Gene
SMYD5,Gene
SNCG,Gene
SNTG2-AS1,Gene
SOCS2-AS1,Gene
SOX9-AS1,Gene
SPECC1L-ADORA2A,Gene
SPPL2B,Gene
SPSB2,Gene
SSBP3-AS1,Gene
ST8SIA5,Gene
STAG3L5P-PVRIG2P-PILRB,Gene
STARD4-AS1,Gene
STK36,Gene
SUGT1P3,Gene
SUGT1P4-STRA6LP-CCDC180,Gene
SYNDIG1L,Gene
TAGAP-AS1,Gene
TBX10,Gene
TCL6,Gene
TCN2,Gene
TDRKH-AS1,Gene
TEKT3,Gene
TEKTIP1,Gene
TEN1-CDK3,Gene
TGIF2-RAB5IF,Gene
THBS3-AS1,Gene
THTPA,Gene
TIGD3,Gene
TMC4,Gene
TMED2-DT,Gene
TMED7-TICAM2,Gene
TMEM101,Gene
TMEM147-AS1,Gene
TMEM179,Gene
TMEM196,Gene
TMEM269,Gene
TMEM80,Gene
TMX2P1,Gene
TNK1,Gene
TOMM40P4,Gene
TPI1P2,Gene
TPTE2P5,Gene
TPTEP2,Gene
TRAPPC13,Gene
TSNAX-DISC1,Gene
TSPY26P,Gene
TSR3,Gene
TSSC2,Gene
TSTD1,Gene
TTC12,Gene
TTC19,Gene
TTLL13,Gene
TUBA5P,Gene
TZMP1,Gene
UBBP4,Gene
UCKL1,Gene
USP27X,Gene
USP32P1,Gene
USP32P3,Gene
VLDLR-AS1,Gene
VPS33B-DT,Gene
WAC-AS1,Gene
WDR87BP,Gene
WNT7A,Gene
ZBTB11-AS1,Gene
ZCCHC10,Gene
ZDHHC24,Gene
ZFAND2A-DT,Gene
ZFP91-CNTF,Gene
ZKSCAN8P1,Gene
ZMPSTE24,Gene
ZNF135,Gene
ZNF137P,Gene
ZNF169,Gene
ZNF230-DT,Gene
ZNF232-AS1,Gene
ZNF236-DT,Gene
ZNF491,Gene
ZNF534,Gene
ZNF56P,Gene
ZNF578,Gene
ZNF594-DT,Gene
ZNF625-ZNF20,Gene
ZNF701,Gene
ZNF726,Gene
ZNF771,Gene
ZNF843,Gene
ZNF888,Gene
ZNF8-DT,Gene
ZNNT1,Gene
ZSCAN1,Gene
HLA-DRB6,Gene
SLPI,Gene
LMAN1L,Gene
MYBPC1,Gene
ORM2,Gene
TBCE,Gene
IL19,Gene
SMAP1,Gene
FOXJ2,Gene
ISG20L2,Gene
LRRC47,Gene
P2RY12,Gene
PF4,Gene
CSNK2B,Gene
FAM66C,Gene
FIBH,Gene
FIB-L,Gene
ITGB1BP2,Gene
KCNJ15,Gene
MIR23,Gene
P2RY13,Gene
P2RY4,Gene
CAV,Gene
CLDN17,Gene
DEFB1,Gene
DUOX1,Gene
KRT76,Gene
BAP1,Gene
CALCR,Gene
DNAAF9,Gene
GOLGA5,Gene
NUTM1,Gene
PEPCK1,Gene
STKLD1,Gene
TAF9,Gene
TSPYL5,Gene
UBA3,Gene
AANAT,Gene
ABCA15P,Gene
ABCA4,Gene
ABCC11,Gene
ABCC12,Gene
ABCC13,Gene
ABCG4,Gene
ABITRAM,Gene
ACER1,Gene
ACNATP,Gene
ACSF3,Gene
ACSM1,Gene
ACTR3B,Gene
ACTRT1,Gene
ACY1,Gene
ADAD1,Gene
ADAM2,Gene
ADAM20,Gene
ADAM21P1,Gene
ADAM29,Gene
ADAM5,Gene
ADGB,Gene
ADGRE5,Gene
ADGRF3,Gene
ADGRF4,Gene
ADGRG7,Gene
ADGRL3-AS1,Gene
ADORA2A-AS1,Gene
AIM1L,Gene
AIPL1,Gene
AK8,Gene
AKAIN1,Gene
ALAS2,Gene
ALDH1L1-AS2,Gene
ALG11,Gene
ALKBH7,Gene
AMPD1,Gene
AMZ1,Gene
ANGPTL5,Gene
ANGPTL7,Gene
ANGPTL8,Gene
ANKFN1,Gene
ANKRD2,Gene
ANKRD20A9P,Gene
ANKRD26P1,Gene
ANKRD26P3,Gene
ANKRD30BP2,Gene
ANKRD31,Gene
ANKRD65,Gene
ANKRD66,Gene
ANKS3,Gene
AOX3P-AOX2P,Gene
APOBEC1,Gene
APOBEC2,Gene
APOBEC3F,Gene
APOC1P1,Gene
AQP7P4,Gene
AQP8,Gene
ARAP1-AS2,Gene
ARHGAP27,Gene
ARHGAP31,Gene
ARHGAP36,Gene
ARHGEF26-AS1,Gene
ARMC10,Gene
ARMC3,Gene
ARMCX6,Gene
ARRDC5,Gene
ARSJ,Gene
ASAH2,Gene
ASB10,Gene
ASB17,Gene
ASB2,Gene
ASPDH,Gene
ATP13A5,Gene
ATP2B2-IT2,Gene
ATP2B3,Gene
ATP6V1G3,Gene
ATRAID,Gene
ATRIP-TREX1,Gene
ATXN8OS,Gene
AWAT2,Gene
BABAM2-AS1,Gene
BAGE2,Gene
BAGE3,Gene
BAGE4,Gene
BAGE5,Gene
BARX1-DT,Gene
BBOX1-AS1,Gene
BDNF-AS,Gene
BFSP2,Gene
BFSP2-AS1,Gene
BHLHE22,Gene
BLACAT1,Gene
BMP3,Gene
BMS1P7,Gene
BNC2-AS1,Gene
BPESC1,Gene
BPIFA2,Gene
BPIFB1,Gene
BPIFB3,Gene
BPY2,Gene
BPY2B,Gene
BPY2C,Gene
BRMS1,Gene
BRS3,Gene
BSX,Gene
BTBD16,Gene
BTNL3,Gene
C10ORF67,Gene
C10ORF71,Gene
C10ORF71-AS1,Gene
C13ORF42,Gene
C14ORF119,Gene
C17ORF99,Gene
C18ORF32,Gene
C1ORF141,Gene
C1ORF186,Gene
C1ORF87,Gene
C20ORF173,Gene
C20ORF202,Gene
C20ORF204,Gene
C20ORF96,Gene
C3ORF22,Gene
C3ORF49,Gene
C4ORF17,Gene
C5ORF22,Gene
C5ORF67,Gene
C6ORF118,Gene
C9ORF153,Gene
C9ORF43,Gene
CA15P1,Gene
CA5BP1,Gene
CABP5,Gene
CACNA1F,Gene
CACNA1S,Gene
CACNB1,Gene
CACNG1,Gene
CACNG2,Gene
CADM2-AS2,Gene
CADM3,Gene
CAND1.11,Gene
CAPN13,Gene
CARD17P,Gene
CARMN,Gene
CASC8,Gene
CASP16P,Gene
CASQ1,Gene
CATIP,Gene
CATSPER1,Gene
CATSPERE,Gene
CATSPERZ,Gene
CAV3,Gene
CCAT2,Gene
CCDC110,Gene
CCDC122,Gene
CCDC144A,Gene
CCDC162P,Gene
CCDC17,Gene
CCDC178,Gene
CCDC196,Gene
CCDC197,Gene
CCDC27,Gene
CCDC30,Gene
CCDC38,Gene
CCDC39,Gene
CCDC42,Gene
CCDC70,Gene
CCDC73,Gene
CCDC89,Gene
CCL28,Gene
CCNDBP1,Gene
CCR9,Gene
CD226,Gene
CD300C,Gene
CD300LD,Gene
CD300LD-AS1,Gene
CD33,Gene
CD3E,Gene
CD5L,Gene
CD79B,Gene
CD81-AS1,Gene
CD84,Gene
CD8A,Gene
CDC14C,Gene
CDH17,Gene
CDH18-AS1,Gene
CDHR4,Gene
CDK11B,Gene
CDKL2,Gene
CDRT15,Gene
CDRT15P1,Gene
CDX4,Gene
CDY1,Gene
CDY1B,Gene
CDY2A,Gene
CDY2B,Gene
CEBPA-DT,Gene
CEBPZOS,Gene
CELA2A,Gene
CELA3B,Gene
CEP170P1,Gene
CFAP100,Gene
CFAP126,Gene
CFAP206,Gene
CFAP299,Gene
CFAP418-AS1,Gene
CFAP52,Gene
CFAP58,Gene
CFAP65,Gene
CFAP74,Gene
CFAP99,Gene
CFC1B,Gene
CHADL,Gene
CHCHD5,Gene
CHIA,Gene
CHKB-CPT1B,Gene
CIB4,Gene
CIBAR1-DT,Gene
CIMAP1C,Gene
CIRBP-AS1,Gene
CIROZ,Gene
CISD2,Gene
CLCNKA,Gene
CLDN20,Gene
CLEC14A,Gene
CLEC17A,Gene
CLEC3A,Gene
CLEC5A,Gene
CLHC1,Gene
CLLU1,Gene
CLPSL1,Gene
CLPSL2,Gene
CLUL1,Gene
CNBD1,Gene
CNPY3-GNMT,Gene
COL18A1-AS2,Gene
COL19A1,Gene
COL20A1,Gene
COL25A1,Gene
COL26A1,Gene
COL6A4P1,Gene
COLEC10,Gene
CPEB2-DT,Gene
CPN1,Gene
CPPED1,Gene
CPSF4L,Gene
CPXCR1,Gene
CRAT37,Gene
CREBL2,Gene
CRELD1,Gene
CRISP2,Gene
CRISP3,Gene
CRX,Gene
CRYGC,Gene
CSMD1,Gene
CSN1S2AP,Gene
CSNK1A1L,Gene
CSRP3,Gene
CST11,Gene
CSTL1,Gene
CTAGE4,Gene
CTNNA3,Gene
CTRB2,Gene
CTRC,Gene
CTXN2,Gene
CUTA,Gene
CXCL17,Gene
CXCR1,Gene
CXXC4-AS1,Gene
CYLC1,Gene
CYMP,Gene
CYP1B1-AS1,Gene
CYP26C1,Gene
CYP2A7,Gene
CYP2A7P1,Gene
CYP4F30P,Gene
CYP4F8,Gene
CYP4Z2P,Gene
DAAM2-AS1,Gene
DAD1P1,Gene
DAOA,Gene
DAOA-AS1,Gene
DAZ1,Gene
DAZ4,Gene
DBX1,Gene
DCAF13P3,Gene
DCAF8L2,Gene
DCDC2B,Gene
DCST1,Gene
DCST2,Gene
DDI1,Gene
DDX31,Gene
DDX49,Gene
DDX59,Gene
DEFA1B,Gene
DEFA3,Gene
DEFB105A,Gene
DEFB105B,Gene
DEFB106B,Gene
DEFB107A,Gene
DEFB113,Gene
DEFB114,Gene
DEFB121,Gene
DEFB122,Gene
DEFB124,Gene
DEFB126,Gene
DEFB133,Gene
DHRS4L1,Gene
DHRS4L2,Gene
DIMT1,Gene
DIPK2B,Gene
DIRC1,Gene
DIRC3,Gene
DKK4,Gene
DLEC1,Gene
DLEU2L,Gene
DLGAP1-AS4,Gene
DLK2,Gene
DLX6-AS1,Gene
DMRTB1,Gene
DMRTC1,Gene
DMRTC1B,Gene
DNAH10,Gene
DNAH8,Gene
DNAH9,Gene
DNAI7,Gene
DNAJB12,Gene
DNAJB13,Gene
DNAJC25-GNG10,Gene
DNAJC27-AS1,Gene
DNAJC30,Gene
DNAJC5G,Gene
DNASE2B,Gene
DNMBP-AS1,Gene
DOCK8-AS1,Gene
DOK2,Gene
DPP6,Gene
DPPA2P3,Gene
DPY19L2P4,Gene
DRD5P2,Gene
DSCAM,Gene
DTHD1,Gene
DTX2,Gene
DUOXA1,Gene
DUSP22,Gene
DUSP29,Gene
DUX4L1,Gene
DUX4L2,Gene
DUX4L3,Gene
DUX4L5,Gene
DUX4L6,Gene
DUX4L7,Gene
DUXA,Gene
DZANK1,Gene
EDDM13,Gene
EDDM3B,Gene
EFCAB8,Gene
EGFEM1P,Gene
EIF1B-AS1,Gene
EIF2B3,Gene
EIF3IP1,Gene
EIF4E1B,Gene
ELAPOR1,Gene
ELOA2,Gene
ELOVL2-AS1,Gene
EMBP1,Gene
EMC2,Gene
EMC4,Gene
EML2-AS1,Gene
ENOPH1,Gene
ENTHD1,Gene
ENTREP2,Gene
EP400P1,Gene
EPB42,Gene
EPPIN,Gene
EPYC,Gene
ERLIN1,Gene
ERV3-1-ZNF117,Gene
ERVK3-1,Gene
ESPNP,Gene
EVX2,Gene
EYS,Gene
FABP12,Gene
FABP5P3,Gene
FAM124B,Gene
FAM135B,Gene
FAM151A,Gene
FAM153CP,Gene
FAM163A,Gene
FAM167A-AS1,Gene
FAM169BP,Gene
FAM170B,Gene
FAM180A,Gene
FAM181A,Gene
FAM181A-AS1,Gene
FAM185A,Gene
FAM186A,Gene
FAM218A,Gene
FAM221B,Gene
FAM228A,Gene
FAM241B,Gene
FAM30C,Gene
FAM3A,Gene
FAM66B,Gene
FAM72A,Gene
FAM81B,Gene
FAM8A1,Gene
FAM90A1,Gene
FAM90A10,Gene
FAT2,Gene
FATE1,Gene
FBRSL1,Gene
FBXL22,Gene
FBXW8,Gene
FCRL1,Gene
FCRL2,Gene
FCRL6,Gene
FCRLB,Gene
FEV,Gene
FIGLA,Gene
FKBP3,Gene
FMR1-AS1,Gene
FNDC9,Gene
FOLH1B,Gene
FOLR2,Gene
FOXB2,Gene
FOXD4L1,Gene
FOXD4L3,Gene
FOXD4L6,Gene
FOXN3-AS2,Gene
FPR2,Gene
FRG1,Gene
FRG1BP,Gene
FRG1-DT,Gene
FRG2DP,Gene
FSHR,Gene
FSTL4,Gene
FTHL17,Gene
FYTTD1P1,Gene
G6PC2,Gene
GABRG3,Gene
GACAT1,Gene
GAGE2E,Gene
GAL3ST2,Gene
GAL3ST3,Gene
GALNT8,Gene
GALR3,Gene
GAN,Gene
GARIN1A,Gene
GARIN2,Gene
GAS1RR,Gene
GAS2L2,Gene
GBP1P1,Gene
GBP7,Gene
GCSAML,Gene
GCSAML-AS1,Gene
GFI1B,Gene
GGTLC2,Gene
GHSR,Gene
GID8,Gene
GIMAP1,Gene
GIMAP5,Gene
GIMAP7,Gene
GIP,Gene
GJA10,Gene
GJA5,Gene
GJA8,Gene
GJB7,Gene
GLDCP1,Gene
GLIS1,Gene
GLRA3,Gene
GLRA4,Gene
GLTPD2,Gene
GMDS-DT,Gene
GNA14-AS1,Gene
GNG12-AS1,Gene
GNGT2,Gene
GNRH2,Gene
GOLGA6A,Gene
GOLGA6L1,Gene
GOT1L1,Gene
GPR149,Gene
GPR150,Gene
GPR158-AS1,Gene
GPR6,Gene
GPR84,Gene
GPX6,Gene
GRAP2,Gene
GRID2,Gene
GRK7,Gene
GRM8,Gene
GS1-279B7.1,Gene
GSTA5,Gene
GSX2,Gene
GTF2E2,Gene
GTF2H2C,Gene
GTF2H2C_2,Gene
GUCA1C,Gene
GUCY2EP,Gene
GUCY2F,Gene
GUCY2GP,Gene
GUSBP15,Gene
GYPB,Gene
H3-5,Gene
HAND2-AS1,Gene
HAS2-AS1,Gene
HAUS7,Gene
HCG26,Gene
HCN1,Gene
HDGFL1,Gene
HECTD2-AS1,Gene
HEPACAM,Gene
HEPACAM2,Gene
HEPN1,Gene
HIGD1A,Gene
HIGD2A,Gene
HIPK1-AS1,Gene
HK3,Gene
HLA-DQB2,Gene
HLA-DRB5,Gene
HLA-F-AS1,Gene
HMP19,Gene
HMX1,Gene
HNF1A-AS1,Gene
HOATZ,Gene
HOGA1,Gene
HOMER2,Gene
HORMAD2-AS1,Gene
HOXB-AS3,Gene
HOXC11,Gene
HOXC12,Gene
HOXD10,Gene
HOXD13,Gene
HOXD3,Gene
HOXD9,Gene
HSD3BP5,Gene
HSFY1,Gene
HSPB9,Gene
HTN3,Gene
HTR3D,Gene
HYAL3,Gene
HYAL6P,Gene
ID2B,Gene
IDI2,Gene
IFITM5,Gene
IFNA10,Gene
IFNA14,Gene
IFNA21,Gene
IFNA4,Gene
IFNA7,Gene
IFNLR1,Gene
IGH,Gene
IGK,Gene
IGLV1-44,Gene
IGSF9B,Gene
IL1RAPL2,Gene
IL20RA,Gene
IL2RB,Gene
INHBA-AS1,Gene
INKA1,Gene
INTS4P1,Gene
IQUB,Gene
IRAG1-AS1,Gene
IRAG2,Gene
ITGAD,Gene
ITGB7,Gene
ITGBL1,Gene
ITPRID1,Gene
JAGN1,Gene
JAML,Gene
JAZF1-AS1,Gene
JHY,Gene
JPX,Gene
KAL1,Gene
KARS1P2,Gene
KATNBL1P6,Gene
KBTBD3,Gene
KCNA3,Gene
KCNG2,Gene
KCNH1,Gene
KCNIP4-IT1,Gene
KCNJ1,Gene
KCNJ9,Gene
KCNK15-AS1,Gene
KCNK16,Gene
KCNK4,Gene
KCNMB2,Gene
KCNQ1-AS1,Gene
KCTD18,Gene
KDM4E,Gene
KIAA1210,Gene
KIF25,Gene
KLF14,Gene
KLHL1,Gene
KLHL33,Gene
KLK14,Gene
KLLN,Gene
KLRC4,Gene
KPLCE,Gene
KPTN,Gene
KRABD3,Gene
KRT20,Gene
KRT24,Gene
KRT25,Gene
KRT27,Gene
KRT33A,Gene
KRT35,Gene
KRT39,Gene
KRT72,Gene
KRT74,Gene
KRT84,Gene
KRT8P25,Gene
KRT8P41,Gene
KRTAP10-6,Gene
KRTAP10-8,Gene
KRTAP1-1,Gene
KRTAP11-1,Gene
KRTAP12-2,Gene
KRTAP12-3,Gene
KRTAP1-3,Gene
KRTAP20-1,Gene
KRTAP2-1,Gene
KRTAP2-2,Gene
KRTAP22-1,Gene
KRTAP24-1,Gene
KRTAP4-1,Gene
KRTAP4-2,Gene
KRTAP4-5,Gene
KRTAP4-9,Gene
KRTAP5-2,Gene
KRTAP5-9,Gene
KRTAP6-1,Gene
KRTAP6-2,Gene
KRTAP9-2,Gene
KRTAP9-3,Gene
KRTAP9-9,Gene
KYAT1,Gene
LANCL1-AS1,Gene
LANCL3,Gene
LAPTM5,Gene
LARGE-AS1,Gene
LAX1,Gene
LBX1,Gene
LBX1-AS1,Gene
LCE1C,Gene
LCE1E,Gene
LCE2B,Gene
LCE2D,Gene
LCE3C,Gene
LCE5A,Gene
LCE6A,Gene
LCN10,Gene
LCN8,Gene
LCT,Gene
LEF1-AS1,Gene
LEFTY1,Gene
LGALS7B,Gene
LHFPL1,Gene
LHFPL3-AS2,Gene
LHFPL7,Gene
LHX6,Gene
LILRA1,Gene
LILRA2,Gene
LILRA3,Gene
LINC00029,Gene
LINC00158,Gene
LINC00189,Gene
LINC00200,Gene
LINC00229,Gene
LINC00237,Gene
LINC00242,Gene
LINC00244,Gene
LINC00254,Gene
LINC00260,Gene
LINC00272,Gene
LINC00301,Gene
LINC00303,Gene
LINC00307,Gene
LINC00310,Gene
LINC00314,Gene
LINC00323,Gene
LINC00326,Gene
LINC00330,Gene
LINC00448,Gene
LINC00457,Gene
LINC00466,Gene
LINC00469,Gene
LINC00470,Gene
LINC00477,Gene
LINC00479,Gene
LINC00482,Gene
LINC00486,Gene
LINC00511,Gene
LINC00519,Gene
LINC00534,Gene
LINC00543,Gene
LINC00574,Gene
LINC00575,Gene
LINC00578,Gene
LINC00587,Gene
LINC00589,Gene
LINC00592,Gene
LINC00598,Gene
LINC00602,Gene
LINC00620,Gene
LINC00628,Gene
LINC00652,Gene
LINC00661,Gene
LINC00671,Gene
LINC00824,Gene
LINC00842,Gene
LINC00938,Gene
LINC00958,Gene
LINC00971,Gene
LINC00972,Gene
LINC00989,Gene
LINC00993,Gene
LINC01012,Gene
LINC01019,Gene
LINC01020,Gene
LINC01029,Gene
LINC01036,Gene
LINC01037,Gene
LINC01039,Gene
LINC01060,Gene
LINC01096,Gene
LINC01098,Gene
LINC01102,Gene
LINC01104,Gene
LINC01119,Gene
LINC01121,Gene
LINC01122,Gene
LINC01134,Gene
LINC01152,Gene
LINC01159,Gene
LINC01169,Gene
LINC01170,Gene
LINC01187,Gene
LINC01189,Gene
LINC01194,Gene
LINC01231,Gene
LINC01235,Gene
LINC01239,Gene
LINC01250,Gene
LINC01305,Gene
LINC01307,Gene
LINC01317,Gene
LINC01324,Gene
LINC01340,Gene
LINC01411,Gene
LINC01456,Gene
LINC01477,Gene
LINC01483,Gene
LINC01484,Gene
LINC01492,Gene
LINC01494,Gene
LINC01505,Gene
LINC01508,Gene
LINC01525,Gene
LINC01531,Gene
LINC01551,Gene
LINC01553,Gene
LINC01555,Gene
LINC01559,Gene
LINC01561,Gene
LINC01563,Gene
LINC01566,Gene
LINC01579,Gene
LINC01581,Gene
LINC01586,Gene
LINC01588,Gene
LINC01597,Gene
LINC01599,Gene
LINC01608,Gene
LINC01615,Gene
LINC01683,Gene
LINC01707,Gene
LINC01720,Gene
LINC01743,Gene
LINC01752,Gene
LINC01753,Gene
LINC01754,Gene
LINC01762,Gene
LINC01841,Gene
LINC01842,Gene
LINC01878,Gene
LINC01883,Gene
LINC01894,Gene
LINC01915,Gene
LINC01924,Gene
LINC01947,Gene
LINC01954,Gene
LINC02008,Gene
LINC02018,Gene
LINC02026,Gene
LINC02042,Gene
LINC02044,Gene
LINC02052,Gene
LINC02092,Gene
LINC02098,Gene
LINC02107,Gene
LINC02133,Gene
LINC02162,Gene
LINC02167,Gene
LINC02177,Gene
LINC02188,Gene
LINC02192,Gene
LINC02198,Gene
LINC02212,Gene
LINC02227,Gene
LINC02236,Gene
LINC02241,Gene
LINC02245,Gene
LINC02267,Gene
LINC02288,Gene
LINC02292,Gene
LINC02314,Gene
LINC02337,Gene
LINC02346,Gene
LINC02351,Gene
LINC02363,Gene
LINC02365,Gene
LINC02376,Gene
LINC02378,Gene
LINC02387,Gene
LINC02388,Gene
LINC02389,Gene
LINC02424,Gene
LINC02443,Gene
LINC02450,Gene
LINC02476,Gene
LINC02487,Gene
LINC02505,Gene
LINC02506,Gene
LINC02511,Gene
LINC02516,Gene
LINC02520,Gene
LINC02523,Gene
LINC02533,Gene
LINC02538,Gene
LINC02567,Gene
LINC02568,Gene
LINC02613,Gene
LINC02627,Gene
LINC02645,Gene
LINC02691,Gene
LINC02762,Gene
LINC02906,Gene
LINC02907,Gene
LINC03042,Gene
LINC03124,Gene
LMNB1-DT,Gene
LOHAN2,Gene
LPO,Gene
LRIG2-DT,Gene
LRIT2,Gene
LRRC25,Gene
LRRC27,Gene
LRRC43,Gene
LRRC52-AS1,Gene
LRRC57,Gene
LRRC66,Gene
LRRC7,Gene
LRRC74A,Gene
LRRC78P,Gene
LRRC8A,Gene
LRRIQ1,Gene
LRRTM3,Gene
LRTM2,Gene
LSP1P4,Gene
LUZP2,Gene
LY6G6E,Gene
LY86,Gene
LY86-AS1,Gene
LYG2,Gene
LYPD2,Gene
LYRM4-AS1,Gene
LYZL2,Gene
MAD2L2,Gene
MAGEA2,Gene
MAGEA2B,Gene
MAGEB1,Gene
MAGEB3,Gene
MAGEB6,Gene
MAGEC2,Gene
MAGEC3,Gene
MAGEE2,Gene
MAJIN,Gene
MALRD1,Gene
MAML1,Gene
MAP3K14-AS1,Gene
MAP3K15,Gene
MAPK4,Gene
MAPT-AS1,Gene
MARCHF9,Gene
MASP2,Gene
MATN1,Gene
MBD3L2,Gene
MBD3L3,Gene
MBD3L4,Gene
MBD3L5,Gene
MCEMP1,Gene
MCHR1,Gene
MCUR1,Gene
MDGA2,Gene
MEF2C-AS1,Gene
MEIOSIN,Gene
METTL15,Gene
METTL16,Gene
METTL21C,Gene
MFF-DT,Gene
MGAT4D,Gene
MIR1185-2,Gene
MIR1-1HG,Gene
MIR1271,Gene
MIR128-2,Gene
MIR153-2,Gene
MIR181A2,Gene
MIR183,Gene
MIR1911,Gene
MIR2052HG,Gene
MIR3194,Gene
MIR3619,Gene
MIR3663HG,Gene
MIR3667HG,Gene
MIR3681HG,Gene
MIR410,Gene
MIR4283-1,Gene
MIR432,Gene
MIR4326,Gene
MIR4435-2HG,Gene
MIR4475,Gene
MIR4500HG,Gene
MIR4686,Gene
MIR4700,Gene
MIR5189,Gene
MIR548F3,Gene
MIR548H2,Gene
MIR548XHG,Gene
MIR5572,Gene
MIR6085,Gene
MIR646HG,Gene
MIR6515,Gene
MIR659,Gene
MIR663AHG,Gene
MIR6771,Gene
MIR6825,Gene
MIR6838,Gene
MIR6864,Gene
MIR6887,Gene
MIR9-2,Gene
MIR924HG,Gene
MIR99AHG,Gene
MIXL1,Gene
MKRN2,Gene
MKX,Gene
MLANA,Gene
MLC1,Gene
MLH3,Gene
MLLT1,Gene
MLN,Gene
MMD2,Gene
MMP20,Gene
MMP24-AS1-EDEM2,Gene
MMP26,Gene
MMP27,Gene
MNMIP1,Gene
MOG,Gene
MON1B,Gene
MORC1,Gene
MOS,Gene
MOV10L1,Gene
MOXD2P,Gene
MRFAP1L1,Gene
MRGPRG,Gene
MRGPRX1,Gene
MROH2B,Gene
MROH5,Gene
MROH6,Gene
MROH7,Gene
MROH8,Gene
MS4A1,Gene
MS4A14,Gene
MS4A15,Gene
MS4A18,Gene
MS4A2,Gene
MS4A5,Gene
MS4A6E,Gene
MS4A7,Gene
MS4A8,Gene
MSC-AS1,Gene
MSL3B,Gene
MSTO2P,Gene
MT1DP,Gene
MT4,Gene
MTCO3P12,Gene
MTMR7,Gene
MUC17,Gene
MYBPHL,Gene
MYCBPAP,Gene
MYCNUT,Gene
MYL12A,Gene
MYO18B,Gene
MYO1A,Gene
MYO1G,Gene
MYO3A,Gene
MYO5BP2,Gene
MYOC,Gene
MYOD1,Gene
MYOM1,Gene
MYT1L,Gene
N4BP2L2-IT2,Gene
NAALADL2,Gene
NACA2,Gene
NALCN,Gene
NAT8B,Gene
NBAS,Gene
NBPF6,Gene
NCBP2L,Gene
NCKAP5L,Gene
NCRUPAR,Gene
NDST1-AS1,Gene
NDUFA6-DT,Gene
NEK5,Gene
NFXL1,Gene
NFYC-AS1,Gene
NIPSNAP3B,Gene
NKAPL,Gene
NKAPP1,Gene
NKX2-2,Gene
NKX2-3,Gene
NKX2-6,Gene
NKX3-2,Gene
NKX6-1,Gene
NLRP8,Gene
NOBOX,Gene
NOL1,Gene
NOL7,Gene
NOP10,Gene
NOP53,Gene
NOVA1-DT,Gene
NOX3,Gene
NPAP1,Gene
NPHP3-AS1,Gene
NPRL2,Gene
NPSR1-AS1,Gene
NR2C2AP,Gene
NRAV,Gene
NT5C1A,Gene
NT5C1B,Gene
NUDT9P1,Gene
NUGGC,Gene
NUPR2,Gene
NUTM2A-AS1,Gene
NWD1,Gene
NXPE1,Gene
NXPE2,Gene
NXPH1,Gene
NYAP2,Gene
OCA2,Gene
ODAD1,Gene
OGFR-AS1,Gene
OOSP2,Gene
OR10A3,Gene
OR10A6,Gene
OR10AD1,Gene
OR10J1,Gene
OR10J3,Gene
OR10Q1,Gene
OR10V1,Gene
OR10X1,Gene
OR10Z1,Gene
OR11A1,Gene
OR11G2,Gene
OR11H12,Gene
OR11L1,Gene
OR13C4,Gene
OR14C36,Gene
OR1C1,Gene
OR1D2,Gene
OR1D4,Gene
OR1G1,Gene
OR1L1,Gene
OR1L6,Gene
OR1N2,Gene
OR1Q1,Gene
OR1S1,Gene
OR1S2,Gene
OR2A4,Gene
OR2A7,Gene
OR2AK2,Gene
OR2AT4,Gene
OR2B11,Gene
OR2C3,Gene
OR2F1,Gene
OR2M3,Gene
OR2T2,Gene
OR2T35,Gene
OR2T4,Gene
OR2W5,Gene
OR4A47,Gene
OR4A5,Gene
OR4C13,Gene
OR4C15,Gene
OR4C16,Gene
OR4C3,Gene
OR4C45,Gene
OR4C46,Gene
OR4C6,Gene
OR4F4,Gene
OR4F5,Gene
OR4K14,Gene
OR4K15,Gene
OR4K2,Gene
OR4K5,Gene
OR4M1,Gene
OR4M2,Gene
OR4P4,Gene
OR4S1,Gene
OR4S2,Gene
OR4X2,Gene
OR51A4,Gene
OR51D1,Gene
OR51E1,Gene
OR51G2,Gene
OR51S1,Gene
OR51V1,Gene
OR52A4P,Gene
OR52D1,Gene
OR52E8,Gene
OR52L1,Gene
OR52M1,Gene
OR52N5,Gene
OR52W1,Gene
OR56A1,Gene
OR56A5,Gene
OR56B1,Gene
OR5AR1,Gene
OR5B17,Gene
OR5C1,Gene
OR5H1,Gene
OR5H6,Gene
OR5K1,Gene
OR5M9,Gene
OR5V1,Gene
OR6A2,Gene
OR6B3,Gene
OR6C1,Gene
OR6C2,Gene
OR6C6,Gene
OR6C74,Gene
OR6C75,Gene
OR6K3,Gene
OR7A17,Gene
OR7E156P,Gene
OR7E24,Gene
OR8B12,Gene
OR8D1,Gene
OR8D2,Gene
OR8G2P,Gene
OR8G5,Gene
OR8I2,Gene
OR8U1,Gene
OR8U8,Gene
OR9G1,Gene
OR9G9,Gene
OR9I1,Gene
OR9Q1,Gene
ORC4,Gene
OSMR-DT,Gene
OTOA,Gene
OTP,Gene
OXCT2,Gene
P2RY14,Gene
PABPC1L2A,Gene
PABPC1L2B,Gene
PACRG,Gene
PACRG-AS1,Gene
PADI4,Gene
PADI6,Gene
PANX3,Gene
PAOX,Gene
PAPD5,Gene
PARGP1,Gene
PARK2,Gene
PAX4,Gene
PAX8-AS1,Gene
PCARE,Gene
PCBP3,Gene
PCDH12,Gene
PCDHA10,Gene
PCDHA12,Gene
PCDHA5,Gene
PCDHA6,Gene
PCDHA7,Gene
PCDHA8,Gene
PCDHB17P,Gene
PCDHB18P,Gene
PCDHB3,Gene
PCDHGA10,Gene
PCDHGA11,Gene
PCDHGA5,Gene
PCDHGA9,Gene
PCDHGB6,Gene
PCGEM1,Gene
PCGF3,Gene
PCNAP1,Gene
PCOLCE-AS1,Gene
PCP4,Gene
PCSK4,Gene
PDAP1,Gene
PDE6D,Gene
PDE6G,Gene
PDE6H,Gene
PER3P1,Gene
PFDN6,Gene
PGA3,Gene
PGM5-AS1,Gene
PIK3R6,Gene
PIN1P1,Gene
PIN4P1,Gene
PISRT1,Gene
PITX1,Gene
PITX1-AS1,Gene
PIWIL1,Gene
PIWIL3,Gene
PJA1,Gene
PKHD1,Gene
PLA2G2C,Gene
PLA2G2F,Gene
PLA2G4E,Gene
PLA2G4F,Gene
PLA2G5,Gene
PLBD1-AS1,Gene
PLCL1,Gene
PLEKHM1P1,Gene
PLGLA,Gene
PLGLB1,Gene
PLSCR5,Gene
PLUT,Gene
PM20D1,Gene
PMCHL1,Gene
PMFBP1,Gene
PNMA5,Gene
PNMA6E,Gene
PNPLA1,Gene
PNPLA4,Gene
POLR1E,Gene
POLR1F,Gene
POM121L2,Gene
POTEG,Gene
POTEH,Gene
POU4F3,Gene
POU6F2,Gene
PP2D1,Gene
PPBPP1,Gene
PPDPFL,Gene
PPEF1-AS1,Gene
PPEF2,Gene
PRAC1,Gene
PRAC2,Gene
PRAME-AS,Gene
PRAMEF11,Gene
PRAMEF2,Gene
PRAMEF7,Gene
PRAMEF8,Gene
PRDM6,Gene
PRH2,Gene
PRLH,Gene
PRND,Gene
PROL1,Gene
PROM2,Gene
PROSER2-AS1,Gene
PRPF40A,Gene
PRR21,Gene
PRR23B,Gene
PRR30,Gene
PRR32,Gene
PRR5-ARHGAP8,Gene
PRSS1,Gene
PRSS30P,Gene
PRSS40A,Gene
PRSS45P,Gene
PRSS58,Gene
PRY,Gene
PSG10P,Gene
PSG11,Gene
PSG2,Gene
PSKH2,Gene
PSTPIP1,Gene
PTCHD1-AS,Gene
PTCHD3,Gene
PTCSC2,Gene
PTDSS1,Gene
PTOV1,Gene
PTRHD1,Gene
PTTG2,Gene
PVALEF,Gene
PWAR1,Gene
PXDNL,Gene
PYDC2-AS1,Gene
PYHIN1,Gene
R3HCC1L,Gene
R3HDM1,Gene
RAB40A,Gene
RAB42,Gene
RAB6C,Gene
RAB6C-AS1,Gene
RAB6D,Gene
RABGAP1L-DT,Gene
RABGEF1P1,Gene
RANBP3L,Gene
RASAL2-AS1,Gene
RBM15-AS1,Gene
RBMXL1,Gene
RBMXL2,Gene
RBMY1A1,Gene
RBMY1B,Gene
RBMY3AP,Gene
REG1A,Gene
REPS1,Gene
RERGL,Gene
RFX8,Gene
RGPD4,Gene
RGPD4-DT,Gene
RGS21,Gene
RGS8,Gene
RGSL1,Gene
RHOG,Gene
RIIAD1,Gene
RIMOC1,Gene
RIT2,Gene
RN7SL396P,Gene
RNASE10,Gene
RNASE11,Gene
RNASE6,Gene
RNASE9,Gene
RNF216-IT1,Gene
RNF217-AS1,Gene
RNF222,Gene
RNU5E-1,Gene
RPF1,Gene
RPS19BP1,Gene
RPTN,Gene
RRN3P1,Gene
RRP7BP,Gene
RSPH14,Gene
RTF2,Gene
RTL4,Gene
RUFY4,Gene
RYR2,Gene
S100A7A,Gene
SAA3P,Gene
SACK1C,Gene
SACK1F,Gene
SAMD7,Gene
SAMD8,Gene
SAMSN1,Gene
SAXO1,Gene
SBF2-AS1,Gene
SCARNA12,Gene
SCARNA5,Gene
SCART1,Gene
SCGB1D1,Gene
SCGB1D4,Gene
SCGB2A1,Gene
SCGB3A1,Gene
SCN10A,Gene
SCUBE1,Gene
SDHAF2,Gene
SEC14L1P1,Gene
SEC14L6,Gene
SEMA6C,Gene
SEMG1,Gene
SEPTIN7P9,Gene
SERF1B,Gene
SERTAD4BP,Gene
SFT2D1,Gene
SGCZ,Gene
SH2D1B,Gene
SHISA4,Gene
SHISAL2A,Gene
SHLD2P1,Gene
SIAH3,Gene
SILC1,Gene
SIM1,Gene
SIRPB1,Gene
SIRPG,Gene
SKINT1L,Gene
SKIV2L2,Gene
SLC10A6,Gene
SLC12A1,Gene
SLC12A3,Gene
SLC12A6,Gene
SLC13A3,Gene
SLC14A2,Gene
SLC19A4P,Gene
SLC22A31,Gene
SLC24A2,Gene
SLC25A26,Gene
SLC25A48,Gene
SLC25A51P1,Gene
SLC25A5-AS1,Gene
SLC26A10P,Gene
SLC26A3,Gene
SLC26A4-AS1,Gene
SLC26A5,Gene
SLC2A7,Gene
SLC35F4,Gene
SLC36A2,Gene
SLC37A2,Gene
SLC39A2,Gene
SLC52A1,Gene
SLC60A1-AS1,Gene
SLC66A2,Gene
SLC7A13,Gene
SLC9C1,Gene
SLFN12L,Gene
SLX1B,Gene
SMAD5-AS1,Gene
SMC1B,Gene
SMIM10,Gene
SMIM2,Gene
SMPD4,Gene
SMR3B,Gene
SNHG6,Gene
SNORA17B,Gene
SNORA20,Gene
SNORA22,Gene
SNORA36A,Gene
SNORA36C,Gene
SNORA38B,Gene
SNORA59A,Gene
SNORA59B,Gene
SNORA70,Gene
SNORA77,Gene
SNORA92,Gene
SNORD103A,Gene
SNORD108,Gene
SNORD113-2,Gene
SNORD115-10,Gene
SNORD115-12,Gene
SNORD115-15,Gene
SNORD115-21,Gene
SNORD115-34,Gene
SNORD115-35,Gene
SNORD115-38,Gene
SNORD115-39,Gene
SNORD115-5,Gene
SNORD115-6,Gene
SNORD115-7,Gene
SNORD115-8,Gene
SNORD115-9,Gene
SNORD116-2,Gene
SNORD116-3,Gene
SNORD116-9,Gene
SNORD121A,Gene
SNORD26,Gene
SNORD27,Gene
SNORD28,Gene
SNORD29,Gene
SNORD30,Gene
SNORD31,Gene
SNORD50B,Gene
SNORD66,Gene
SNORD73A,Gene
SNORD87,Gene
SNORD9,Gene
SNORD90,Gene
SNORD91A,Gene
SNORD91B,Gene
SNORD96B,Gene
SNTG1,Gene
SNTG2,Gene
SNX31,Gene
SOD2-OT1,Gene
SOX14,Gene
SOX1-OT,Gene
SOX2OT,Gene
SPACA5,Gene
SPANXD,Gene
SPATA1,Gene
SPATA17,Gene
SPATA22,Gene
SPATA24,Gene
SPATA31C2,Gene
SPATA31D5P,Gene
SPATA31G1,Gene
SPATA31H1,Gene
SPATA31J1,Gene
SPATA45,Gene
SPATA8,Gene
SPATC1L,Gene
SPEF1,Gene
SPHKAP,Gene
SPIN2A,Gene
SPINK7,Gene
SPMIP3,Gene
SPO11,Gene
SPRING1,Gene
SPRR2A,Gene
SPRR2B,Gene
SPRY3,Gene
SPTB,Gene
SPTBN4,Gene
SPZ1,Gene
SRMS,Gene
SSR4P1,Gene
SSTR5-AS1,Gene
SSX9P,Gene
ST7-AS1,Gene
ST7-OT3,Gene
ST7-OT4,Gene
ST8SIA6,Gene
STARD6,Gene
STARD7-AS1,Gene
STK31,Gene
STON1-GTF2A1L,Gene
STPG4,Gene
STRA8,Gene
STUM,Gene
STX18-AS1,Gene
STXBP5-AS1,Gene
SUCLG2-DT,Gene
SUCNR1,Gene
SUDS3,Gene
SUGT1P1,Gene
SULT6B1,Gene
SUMO1P1,Gene
SUMO4,Gene
SUZ12P1,Gene
SVIL2P,Gene
SYCE1L,Gene
SYCP2L,Gene
SYNPO2,Gene
SYT14P1,Gene
SYTL3,Gene
TAAR2,Gene
TAAR3P,Gene
TAL1,Gene
TAS2R1,Gene
TAS2R42,Gene
TAS2R9,Gene
TBC1D10C,Gene
TBC1D19,Gene
TBC1D29P,Gene
TBC1D3B,Gene
TBC1D3F,Gene
TBX22,Gene
TBX5,Gene
TCAM1P,Gene
TCEA1,Gene
TCEAL4,Gene
TCHHL1,Gene
TDP2,Gene
TECTB,Gene
TEKT4,Gene
TEKT4P2,Gene
TERB2,Gene
TESC-AS1,Gene
TESPA1,Gene
TEX12,Gene
TEX13B,Gene
TEX26-AS1,Gene
TEX47,Gene
TEX55,Gene
TFAP2D,Gene
TGIF2LY,Gene
TGM4,Gene
TGM6,Gene
THAP4,Gene
THAP5,Gene
THSD1P1,Gene
TIGIT,Gene
TINAG,Gene
TKTL2,Gene
TLCD4,Gene
TLR8,Gene
TLX1,Gene
TM4SF1-AS1,Gene
TM6SF2,Gene
TMBIM7P,Gene
TMC2,Gene
TMC3,Gene
TMED6,Gene
TMEM105,Gene
TMEM141,Gene
TMEM147,Gene
TMEM14EP,Gene
TMEM212,Gene
TMEM215,Gene
TMEM270,Gene
TMEM35B,Gene
TMEM43,Gene
TMEM51-AS1,Gene
TMEM61,Gene
TMEM72-AS1,Gene
TMEM95,Gene
TMOD4,Gene
TMPRSS11BNL,Gene
TMSB15B,Gene
TNFRSF13B,Gene
TNNI3K,Gene
TNP2,Gene
TNR,Gene
TOB2P1,Gene
TOGARAM2,Gene
TOMM70A,Gene
TOP6BL,Gene
TOPAZ1,Gene
TP53TG3,Gene
TP53TG5,Gene
TPSAB1,Gene
TPTE2,Gene
TRA,Gene
TRBV5-4,Gene
TRDN,Gene
TREM2,Gene
TRIM42,Gene
TRIM54,Gene
TRIM6-TRIM34,Gene
TRIM77,Gene
TRMT5,Gene
TRPM1,Gene
TSEN34,Gene
TSPAN1,Gene
TTC24,Gene
TTC41P,Gene
TTC6,Gene
TTLL2,Gene
TTLL8,Gene
TTTY1,Gene
TTTY15,Gene
TTTY1B,Gene
TTTY20,Gene
TTTY6B,Gene
TTTY8,Gene
TTTY8B,Gene
TTTY9A,Gene
TTTY9B,Gene
TUBB2BP1,Gene
TUBBP6,Gene
TXNDC2,Gene
TXNDC8,Gene
UBL4B,Gene
UBQLNL,Gene
UBXN2A,Gene
UCHL1-DT,Gene
ULK4P1,Gene
ULK4P2,Gene
ULK4P3,Gene
UMODL1-AS1,Gene
UNC13C,Gene
UNC5B-AS1,Gene
USH2A,Gene
USP12-AS1,Gene
USP2-AS1,Gene
USP46,Gene
USP9Y,Gene
UTS2R,Gene
VAV3-AS1,Gene
VPS26C,Gene
VSIG2,Gene
VSTM5,Gene
VWA3B,Gene
VWC2L,Gene
WBP11P1,Gene
WBSCR17,Gene
WDR38,Gene
WDR49,Gene
WDR64,Gene
WDR88,Gene
WDR93,Gene
WDR97,Gene
WFDC6,Gene
WFIKKN2,Gene
WNT9B,Gene
WT1-AS,Gene
WTIP,Gene
WWC2-AS2,Gene
XACT,Gene
XAGE5,Gene
XKR5,Gene
XKR7,Gene
YEATS2,Gene
YIPF7,Gene
ZBED3-AS1,Gene
ZBTB7C,Gene
ZBTB8A,Gene
ZC3H14,Gene
ZCWPW2,Gene
ZDHHC15,Gene
ZER1,Gene
ZFAT-AS1,Gene
ZIM2,Gene
ZMIZ1-AS1,Gene
ZNF142,Gene
ZNF280D,Gene
ZNF322P1,Gene
ZNF341-AS1,Gene
ZNF426-DT,Gene
ZNF471,Gene
ZNF524,Gene
ZNF528,Gene
ZNF536,Gene
ZNF541,Gene
ZNF560,Gene
ZNF571-AS1,Gene
ZNF577,Gene
ZNF581,Gene
ZNF619,Gene
ZNF623,Gene
ZNF664-RFLNA,Gene
ZNF676,Gene
ZNF700,Gene
ZNF727,Gene
ZNF831,Gene
ZNRF2,Gene
ZNRF2P1,Gene
ZRANB2-AS1,Gene
ZRANB2-DT,Gene
ZSCAN5B,Gene
ACTR3-AS1,Gene
AKAP14,Gene
AKAP6,Gene
AMER3,Gene
ANAPC1P1,Gene
ANKRD20A19P,Gene
ANO8,Gene
ANTXRL,Gene
AP4B1-AS1,Gene
APOBEC3D,Gene
AQP12B,Gene
ASB18,Gene
ASMER1,Gene
ASTL,Gene
ATP11AUN,Gene
ATP1A4,Gene
ATP4B,Gene
AXDND1,Gene
B4GALT4-AS1,Gene
BASP1-AS1,Gene
BHLHE40-AS1,Gene
BICRA,Gene
BMP7-AS1,Gene
BOK-AS1,Gene
BSN-DT,Gene
C16ORF86,Gene
C16ORF96,Gene
C19ORF84,Gene
C22ORF42,Gene
CACNA1C-IT3,Gene
CAPN14,Gene
CARMIL2,Gene
CD300H,Gene
CD6,Gene
CECR3,Gene
CFAP276,Gene
CIMIP7,Gene
CLCNKB,Gene
CLRN2,Gene
CPA1,Gene
CPA5,Gene
CRTC3-AS1,Gene
CRYZL2P-SEC16B,Gene
CTRB1,Gene
DECR2,Gene
DHRS7C,Gene
DISC1FP1,Gene
DNAAF6,Gene
DNAH7,Gene
EGOT,Gene
EHHADH-AS1,Gene
ELOF1,Gene
EPN2,Gene
FAM120A2P,Gene
FAM222A-AS1,Gene
FAM230G,Gene
FAM230I,Gene
FAM85B,Gene
FAM90A2P,Gene
FMR1NB,Gene
FOXI1,Gene
FRMPD3,Gene
GJB4,Gene
GPR179,Gene
GPRC5D-AS1,Gene
GRK1,Gene
HMGA2-AS1,Gene
HTR3E,Gene
IGLL1,Gene
IL12RB2,Gene
IL17B,Gene
IL21-AS1,Gene
IQCH-AS1,Gene
IRGC,Gene
ISM2,Gene
JAKMIP1,Gene
KCNA6,Gene
KIF26B-AS1,Gene
KIF9,Gene
KLHL40,Gene
KRT71,Gene
LBHD2,Gene
LDLRAD4-AS1,Gene
LILRA5,Gene
LINC00111,Gene
LINC00210,Gene
LINC00299,Gene
LINC00423,Gene
LINC00454,Gene
LINC00471,Gene
LINC00523,Gene
LINC00536,Gene
LINC00681,Gene
LINC00693,Gene
LINC00840,Gene
LINC00856,Gene
LINC00865,Gene
LINC00870,Gene
LINC00955,Gene
LINC01115,Gene
LINC01141,Gene
LINC01162,Gene
LINC01182,Gene
LINC01266,Gene
LINC01280,Gene
LINC01285,Gene
LINC01322,Gene
LINC01331,Gene
LINC01443,Gene
LINC01470,Gene
LINC01476,Gene
LINC01511,Gene
LINC01558,Gene
LINC01592,Gene
LINC01606,Gene
LINC01609,Gene
LINC01622,Gene
LINC01639,Gene
LINC01716,Gene
LINC01725,Gene
LINC01798,Gene
LINC01807,Gene
LINC01821,Gene
LINC01876,Gene
LINC01880,Gene
LINC01933,Gene
LINC01968,Gene
LINC01975,Gene
LINC01992,Gene
LINC02022,Gene
LINC02147,Gene
LINC02171,Gene
LINC02259,Gene
LINC02558,Gene
LINC02611,Gene
LINC02652,Gene
LINC02664,Gene
LNCBRM,Gene
LNCOG,Gene
LRCOL1,Gene
LRRC4B,Gene
MAILR,Gene
MCHR2-AS1,Gene
MED9,Gene
MEF2C-AS2,Gene
MEGF11,Gene
MINDY4B,Gene
MIR1227,Gene
MIR149,Gene
MIR199B,Gene
MIR3150BHG,Gene
MIR3158-1,Gene
MIR3196,Gene
MIR3202-1,Gene
MIR3923,Gene
MIR3944,Gene
MIR3976HG,Gene
MIR4749,Gene
MIR4758,Gene
MIR517A,Gene
MIR548H3,Gene
MIR551A,Gene
MIR6127,Gene
MIR8083,Gene
MKNK1-AS1,Gene
MPL,Gene
MPPED1,Gene
MRLN,Gene
MYHAS,Gene
NAALADL2-AS2,Gene
NFIA-AS2,Gene
NLRC3,Gene
NLRP9,Gene
OCSTAMP,Gene
OPN4,Gene
OVCH1-AS1,Gene
PCAT18,Gene
PCAT29,Gene
PDILT,Gene
PIK3CD-AS2,Gene
PKDREJ,Gene
PLEKHA8P1,Gene
PLIN4,Gene
POC1B-AS1,Gene
PPP4R1L,Gene
PRR25,Gene
PRSS57,Gene
PTCRA,Gene
PWAR4,Gene
RAP2C-AS1,Gene
RBMS2,Gene
RNF212B,Gene
SCHLAP1,Gene
SEL1L2,Gene
SIGLEC10,Gene
SIGLEC14,Gene
SMIM31,Gene
SNAP25-AS1,Gene
SNORA11,Gene
SNORA119,Gene
SNORA56,Gene
SNORD116-22,Gene
SNX20,Gene
SOGA2,Gene
SPATA31A3,Gene
SPDYE4,Gene
SPMAP2L,Gene
SPMIP11,Gene
STK24-AS1,Gene
STPG2,Gene
TAFA1,Gene
TARM1,Gene
TBC1D27P,Gene
TBC1D3JP,Gene
TBX2-AS1,Gene
TGIF2LX,Gene
TLX1NB,Gene
TM4SF5,Gene
TMC3-AS1,Gene
TMEM213,Gene
TMEM238L,Gene
TMEM255B,Gene
TRG-AS1,Gene
TSBP1,Gene
TUB-AS1,Gene
VWA3A,Gene
WASHC2EP,Gene
ZC2HC1B,Gene
ZNF257,Gene
ZNF295-AS1,Gene
ZNF516,Gene
BIVM-ERCC5,Gene
BUB1B-PAK6,Gene
CAPN10-DT,Gene
HOOK3,Gene
IFT56,Gene
IFT81,Gene
LRRC19,Gene
MIPOL1,Gene
NDUFC2-KCTD14,Gene
NPIPA8,Gene
SMARCA5-AS1,Gene
TFEC,Gene
ZNF404,Gene
ZNF639,Gene
TRAPPC3L,Gene
ATAD3B,Gene
ATP6V1G2,Gene
H2AC16,Gene
HAPLN3,Gene
HDHD5-AS1,Gene
KRTAP19-5,Gene
LINC02076,Gene
PCNXL2,Gene
RARRES3,Gene
TSPAN10,Gene
PR,Gene
ABHD8,Gene
ACAD10,Gene
ACBD3-AS1,Gene
ACTL6A,Gene
ACVR2B-AS1,Gene
ADCK1,Gene
ADGRA1,Gene
ADGRL1-AS1,Gene
AJM1,Gene
ALG12,Gene
ALG5,Gene
ALG9,Gene
ANKMY1,Gene
ANKRD20A1,Gene
ANKRD44-AS1,Gene
ANKRD44-IT1,Gene
ANKRD45,Gene
APOBEC4,Gene
ARHGAP30,Gene
ARMC1,Gene
ARNTL2,Gene
ARSF,Gene
ASB16,Gene
ASCL3,Gene
ATP1A1-AS1,Gene
ATP1A3,Gene
ATP5MK,Gene
ATP6AP1-DT,Gene
ATP8B1-AS1,Gene
ATXN2-AS,Gene
AURKAIP1,Gene
BHLHB9,Gene
BICRA-AS2,Gene
BIN2P1,Gene
BLOC1S4,Gene
BMP8A,Gene
BMT2,Gene
BORCS7,Gene
BRDT,Gene
BTBD1,Gene
C11ORF16,Gene
C11ORF97,Gene
C12ORF29,Gene
C12ORF65,Gene
C12ORF73,Gene
C15ORF40,Gene
C17ORF107,Gene
C17ORF64,Gene
C1ORF131,Gene
C1ORF232,Gene
C1RA,Gene
C1S1,Gene
C22ORF15,Gene
C6ORF120,Gene
C7ORF25,Gene
C8ORF37,Gene
CABCOCO1,Gene
CALML3-AS1,Gene
CAMLG,Gene
CAPN1-AS1,Gene
CARD8-AS1,Gene
CASTOR1,Gene
CBY1,Gene
CCDC105,Gene
CCDC154,Gene
CCDC159,Gene
CCDC15-DT,Gene
CCDC175,Gene
CCDC183-AS1,Gene
CCDC185,Gene
CD109-AS1,Gene
CD164L2,Gene
CD72,Gene
CDC20P1,Gene
CDC37L1-DT,Gene
CDCP2,Gene
CDH13-AS2,Gene
CEBPB-AS1,Gene
CENPBD1,Gene
CENPBD2P,Gene
CENPC1,Gene
CERS1,Gene
CFAP107,Gene
CFAP141,Gene
CFAP144,Gene
CFAP157,Gene
CFAP36,Gene
CFAP90,Gene
CFAP97D2,Gene
CHD9NB,Gene
CHIAP2,Gene
CHMP5,Gene
CIBAR2,Gene
CIMIP1,Gene
CIMIP5,Gene
CIMIP6,Gene
CLCA1,Gene
CLEC18C,Gene
CMC1,Gene
CNIH1,Gene
CNOT6,Gene
COPB2-DT,Gene
COPRS,Gene
CORO7-PAM16,Gene
COX10-DT,Gene
CRIM1-DT,Gene
CRLF2,Gene
CRNKL1,Gene
CROCCP3,Gene
CRYBA2,Gene
CRYBB3,Gene
CSRP1-AS1,Gene
CTAG2,Gene
CXCR2P1,Gene
CYHR1,Gene
CYP4F35P,Gene
DCST1-AS1,Gene
DCTN3,Gene
DCTN6,Gene
DDX11L10,Gene
DDX59-AS1,Gene
DEAF1,Gene
DEFB103B,Gene
DHDDS,Gene
DLG5-AS1,Gene
DNAAF3-AS1,Gene
DNAAF4-CCPG1,Gene
DNAJC8,Gene
DNM1P46,Gene
DPCD,Gene
DPEP2,Gene
DPH5-DT,Gene
DPM1,Gene
DPY19L3-DT,Gene
DRC7,Gene
DSCR8,Gene
DUOXA2,Gene
DYNLRB2,Gene
DZIP1,Gene
DZIP1L,Gene
EDIL3-DT,Gene
EEF1B2P3,Gene
EIF1AY,Gene
EMC10,Gene
EQTN,Gene
ETV2,Gene
EXOC3L4,Gene
F8A2,Gene
FAM102B,Gene
FAM104A,Gene
FAM111A-DT,Gene
FAM177A1,Gene
FAM187A,Gene
FAM214A,Gene
FAM216B,Gene
FAM228B,Gene
FAM238B,Gene
FAM238C,Gene
FAM27C,Gene
FAM74A3,Gene
FAM88F,Gene
FBXW10B,Gene
FCGR3B,Gene
FCHSD1,Gene
FLACC1,Gene
FOLR3,Gene
FOPNL,Gene
FOXB1,Gene
FOXD2-AS1,Gene
FRG1JP,Gene
FSCN2,Gene
FTLP8,Gene
GATA3-AS1,Gene
GCAWKR,Gene
GGTLC1,Gene
GIHCG,Gene
GNAO1-AS1,Gene
GNG13,Gene
GP9,Gene
GPANK1,Gene
GPIHBP1,Gene
GPN3,Gene
GPR141,Gene
GPR174,Gene
GPR25,Gene
GPR52,Gene
GPR75,Gene
GPR78,Gene
GRAMD2A,Gene
GRAPL,Gene
GREP1,Gene
GRIK1-AS2,Gene
GUCY1B2,Gene
H2AP,Gene
H3Y1,Gene
H4C7,Gene
HCFC1-AS1,Gene
HCG14,Gene
HCG27,Gene
HCRT,Gene
HID1,Gene
HIST2H3A,Gene
HK2-DT,Gene
HMGB1P31,Gene
HMGN4,Gene
HSPB11,Gene
HYOU1-AS1,Gene
IFI27L2,Gene
IFNA17,Gene
IFT22,Gene
IFT52,Gene
IGBP1P1,Gene
IGLC2,Gene
IGLC3,Gene
INSRR,Gene
INTS6-AS1,Gene
IQCF6,Gene
IQCJ-SCHIP1,Gene
ITGB8-AS1,Gene
JARID2-AS1,Gene
JCHAIN,Gene
KAAG1,Gene
KAT8,Gene
KCNE5,Gene
KCNJ2-AS1,Gene
KCNK7,Gene
KCNMB2-AS1,Gene
KCNQ1DN,Gene
KCNRG,Gene
KDG4,Gene
KIF1C,Gene
KIF26A-DT,Gene
KIRREL3-AS3,Gene
KLF18,Gene
KLHL6,Gene
KLK12,Gene
KLRK1-AS1,Gene
KRT26,Gene
KRT38,Gene
KRT81,Gene
L3MBTL4-AS1,Gene
LAMB4,Gene
LAMTOR4,Gene
LBX2-AS1,Gene
LCAL1,Gene
LCN12,Gene
LDHAL6B,Gene
LGALS16,Gene
LIF-AS2,Gene
LINC00028,Gene
LINC00113,Gene
LINC00336,Gene
LINC00494,Gene
LINC00563,Gene
LINC00571,Gene
LINC00642,Gene
LINC00857,Gene
LINC00885,Gene
LINC00895,Gene
LINC00937,Gene
LINC00954,Gene
LINC00964,Gene
LINC01013,Gene
LINC01014,Gene
LINC01023,Gene
LINC01070,Gene
LINC01094,Gene
LINC01116,Gene
LINC01133,Gene
LINC01220,Gene
LINC01347,Gene
LINC01350,Gene
LINC01564,Gene
LINC01569,Gene
LINC01607,Gene
LINC01629,Gene
LINC01686,Gene
LINC01687,Gene
LINC01730,Gene
LINC01741,Gene
LINC01765,Gene
LINC01800,Gene
LINC01843,Gene
LINC01858,Gene
LINC01874,Gene
LINC01940,Gene
LINC02035,Gene
LINC02037,Gene
LINC02099,Gene
LINC02151,Gene
LINC02166,Gene
LINC02178,Gene
LINC02265,Gene
LINC02289,Gene
LINC02300,Gene
LINC02321,Gene
LINC02323,Gene
LINC02331,Gene
LINC02345,Gene
LINC02381,Gene
LINC02609,Gene
LINC02742,Gene
LINC02772,Gene
LINC02837,Gene
LINC02889,Gene
LINC02908,Gene
LINC02918,Gene
LINC02958,Gene
LINC02984,Gene
LINC03029,Gene
LINC03063,Gene
LINC03078,Gene
LINC03086,Gene
LKAAEAR1,Gene
LMTK2,Gene
LNC-LBCS,Gene
LNCOC1,Gene
LPP-AS2,Gene
LRRC18,Gene
LRRC26,Gene
LRRC37A6P,Gene
LRRC51,Gene
LRRC52,Gene
LURAP1L-AS1,Gene
LY6G6F,Gene
LYNX1-SLURP2,Gene
MAP3K19,Gene
MARS,Gene
MATN4,Gene
MEMO1,Gene
METTL2B,Gene
MICU2,Gene
MINDY2,Gene
MIR1-1,Gene
MIR12136,Gene
MIR1224,Gene
MIR125A,Gene
MIR1296,Gene
MIR1323,Gene
MIR135A1,Gene
MIR16-2,Gene
MIR181A2HG,Gene
MIR186,Gene
MIR195,Gene
MIR197,Gene
MIR2115,Gene
MIR23C,Gene
MIR2861,Gene
MIR3127,Gene
MIR34BHG,Gene
MIR3612,Gene
MIR3654,Gene
MIR3682,Gene
MIR374B,Gene
MIR3929,Gene
MIR424,Gene
MIR4322,Gene
MIR466,Gene
MIR4675,Gene
MIR4755,Gene
MIR503,Gene
MIR5093,Gene
MIR518D,Gene
MIR518E,Gene
MIR521-2,Gene
MIR524,Gene
MIR573,Gene
MIR6722,Gene
MIR9-1,Gene
MLLT10P1,Gene
MMP28,Gene
MORN5,Gene
MPDU1-AS1,Gene
MPLKIP,Gene
MSH4,Gene
MTATP6P1,Gene
MT-CO1,Gene
MTND3P10,Gene
MTND3P19,Gene
MUC12-AS1,Gene
MYCNOS,Gene
MZB1,Gene
NAA60,Gene
NAF1,Gene
NBAT1,Gene
NBEAP1,Gene
NEK2-DT,Gene
NEPRO,Gene
NEU2,Gene
NFIB-AS1,Gene
NHLRC4,Gene
NINJ2-AS1,Gene
NKAP,Gene
NKX2-1-AS1,Gene
NME1-NME2,Gene
NME5,Gene
NOSTRIN,Gene
NPBWR1,Gene
NPEPPSP1,Gene
NPIPB12,Gene
NPM1P30,Gene
NPW,Gene
NSMCE3,Gene
NUDT18,Gene
NUDT2,Gene
NUP50-DT,Gene
ODF3B,Gene
OLAH,Gene
OR10C1,Gene
OR10G2,Gene
OR13C8,Gene
OR2T1,Gene
OR3A1,Gene
OR4D11,Gene
OR4D5,Gene
OR4F29,Gene
OR4K1,Gene
OR51L1,Gene
OR52I2,Gene
OR52K1,Gene
OR52K2,Gene
OR5AP2,Gene
OR5I1,Gene
OR8J3,Gene
OR9A2,Gene
OR9Q2,Gene
OSCAR,Gene
OTUD6A,Gene
OTUD6B-AS1,Gene
PAM16,Gene
PAPOLA-DT,Gene
PARLP2,Gene
PCAT2,Gene
PCED1B-AS1,Gene
PCNX4,Gene
PCOTH,Gene
PET117,Gene
PF4V1,Gene
PGAM2,Gene
PHOSPHO1,Gene
PHOX2A,Gene
PIH1D2,Gene
PKN2-AS1,Gene
PMCH,Gene
PMS2P1,Gene
PMS2P3,Gene
PODNL1,Gene
POLR1A,Gene
POLR3F,Gene
POP4,Gene
POU1F1,Gene
POU5F2,Gene
PPP1R12C,Gene
PPP1R42,Gene
PRAM1,Gene
PRB1,Gene
PRB3,Gene
PRB4,Gene
PRKAR1B-AS1,Gene
PRKCQ-AS1,Gene
PRKCZ-AS1,Gene
PRPF4B,Gene
PRR19,Gene
PRSS33,Gene
PRSS48,Gene
PSENEN,Gene
PSMB5,Gene
PTMAP11,Gene
PTPN2,Gene
PTPRT-AS1,Gene
PTTG1IP,Gene
PXN-AS1,Gene
PYDC1,Gene
PYY2,Gene
RAB35-AS1,Gene
RAB4B-EGLN2,Gene
RAET1G,Gene
RANBP3-DT,Gene
RAPSN,Gene
RARA-AS1,Gene
RARS,Gene
RARS1,Gene
RBM26-AS1,Gene
RELA-DT,Gene
RENO1,Gene
REXO1L1P,Gene
RGS22,Gene
RN7SL2,Gene
RNF166,Gene
RNU2-22P,Gene
RNU5B-1,Gene
RNVU1-4,Gene
RPL12P20,Gene
RPL23AP53,Gene
RPL37A-DT,Gene
RPS11P5,Gene
RPS15P4,Gene
RPS24P6,Gene
RPS4Y1,Gene
RRAGA,Gene
RSPH4A,Gene
RSPO4,Gene
RWDD2B,Gene
SAAL1,Gene
SAMD15,Gene
SCARNA20,Gene
SCARNA21,Gene
SCARNA22,Gene
SCARNA23,Gene
SCARNA9L,Gene
SEC61G,Gene
SERPINB13,Gene
SFTA2,Gene
SGCA,Gene
SHISA8,Gene
SHOC1,Gene
SIGLEC8,Gene
SKIV2L,Gene
SLC11A1,Gene
SLC12A5,Gene
SLC16A11,Gene
SLC18A3,Gene
SLC30A9,Gene
SLC34A2,Gene
SLC35B1,Gene
SLC49A3,Gene
SLC71A1,Gene
SLC9A3R2,Gene
SLURP2,Gene
SMIM10L3,Gene
SMIM12,Gene
SMIM15,Gene
SMIM22,Gene
SMIM32,Gene
SMIM41,Gene
SMIM5,Gene
SMPD5,Gene
SNAPIN,Gene
SNHG11,Gene
SNHG26,Gene
SNORA104,Gene
SNORA109,Gene
SNORA23,Gene
SNORA37,Gene
SNORA3A,Gene
SNORA52,Gene
SNORA57,Gene
SNORA65,Gene
SNORA71B,Gene
SNORA71D,Gene
SNORA74D,Gene
SNORA79,Gene
SNORA80E,Gene
SNORD113-3,Gene
SNORD114-3,Gene
SNORD115-11,Gene
SNORD116-28,Gene
SNORD35B,Gene
SNORD8,Gene
SNTN,Gene
SOS2,Gene
SOWAHD,Gene
SP140,Gene
SPATS1,Gene
SPG21,Gene
SPMIP4,Gene
SRGAP2B,Gene
SRGAP3-AS2,Gene
SRP14-DT,Gene
SRPK3,Gene
SRRD,Gene
SRSF3P2,Gene
SSPO,Gene
STIMATE-MUSTN1,Gene
STMND1,Gene
STMP1,Gene
STX10,Gene
SYNRG,Gene
TAS2R13,Gene
TAS2R3,Gene
TAS2R50,Gene
TBATA,Gene
TBC1D8-AS1,Gene
TBKBP1,Gene
TCL1B,Gene
TCTE3,Gene
TEX13A,Gene
TEX53,Gene
TFIP11-DT,Gene
TFPT,Gene
TGFB2-OT1,Gene
THAP12,Gene
THSD8,Gene
TIFAB,Gene
TIMM29,Gene
TIRAP-AS1,Gene
TLDC2,Gene
TLE7,Gene
TLX2,Gene
TM2D3,Gene
TMCO1,Gene
TMDD1,Gene
TMED10P1,Gene
TMEM202,Gene
TMEM232,Gene
TMEM244,Gene
TMEM263,Gene
TMEM8A,Gene
TMEM9B-AS1,Gene
TMPRSS4,Gene
TMSB4Y,Gene
TMX2,Gene
TNFRSF10A-DT,Gene
TNFRSF13C,Gene
TNFRSF18,Gene
TONSL-AS1,Gene
TRAF7,Gene
TRAPPC8,Gene
TRAV12-3,Gene
TRE-CTC1-1,Gene
TREM1,Gene
TREML1,Gene
TRIDDENT,Gene
TRIM67-AS1,Gene
TRK-CTT1-2,Gene
TRNC,Gene
TRND,Gene
TRNE,Gene
TRNF,Gene
TRNG,Gene
TRNH,Gene
TRNI,Gene
TRNL1,Gene
TRNL2,Gene
TRNM,Gene
TRNP,Gene
TRNQ,Gene
TRNR,Gene
TRNS2,Gene
TRNT,Gene
TRNV,Gene
TRNY,Gene
TRPM2-AS,Gene
TRP-TGG3-3,Gene
TRR-TCG2-1,Gene
TRS-TGA1-1,Gene
TRU-TCA1-1,Gene
TSSK1B,Gene
TTC37,Gene
TTC8,Gene
TULP1,Gene
TXNDC17,Gene
TXNL4A,Gene
U2AF2,Gene
UBA6-DT,Gene
UBAC2-AS1,Gene
UBE2E2-DT,Gene
UBQLN1-AS1,Gene
UCN3,Gene
USP16,Gene
VIM-AS1,Gene
VSIG8,Gene
VWA7,Gene
WDR61,Gene
WDR92,Gene
WFDC3,Gene
WHAMMP2,Gene
WISP1,Gene
YBX3P1,Gene
ZBED5-AS1,Gene
ZC3H18-DT,Gene
ZFAND4,Gene
ZFP57,Gene
ZG16,Gene
ZNF112,Gene
ZNF205,Gene
ZNF271,Gene
ZNF311,Gene
ZNF433-AS1,Gene
ZNF479,Gene
ZNF528-AS1,Gene
ZNF585B,Gene
ZNF662,Gene
ZNF677,Gene
ZNF683,Gene
ZNF765,Gene
ZNF768,Gene
ZNF852,Gene
AIM2,Gene
ANKRD20A8P,Gene
ARV1,Gene
BEND2,Gene
CCDC56,Gene
CD200R1,Gene
CXORF65,Gene
DDX11L2,Gene
ITK,Gene
LDHC,Gene
LILRB4,Gene
LINC02913,Gene
MANBAL,Gene
MED11,Gene
MFSD7,Gene
MIR10A,Gene
MIR1243,Gene
MIR137,Gene
MIR196B,Gene
MIR208B,Gene
MIR2114,Gene
MIR25,Gene
MIR302A,Gene
MIR302F,Gene
MIR423,Gene
MIR484,Gene
MIR501,Gene
MIR518F,Gene
MIR520A,Gene
MIR532,Gene
MIR559,Gene
MIR600,Gene
MIR642A,Gene
MIR647,Gene
MIR648,Gene
MIR652,Gene
MIR937,Gene
OR52K3P,Gene
PRSS53,Gene
SASH3,Gene
SERPINB9P1,Gene
SLAMF6,Gene
SNORD75,Gene
ST13P7,Gene
TLR10,Gene
TNFRSF17,Gene
ZNF252P,Gene
ZNF815P,Gene
PRSS50,Gene
ANKRD34B,Gene
ANKRD55,Gene
CAGE1,Gene
CCDC160,Gene
CSAG2,Gene
CT45A1,Gene
CT45A5,Gene
EPB41L4A-DT,Gene
ERICH4,Gene
FAM25A,Gene
GAGE7,Gene
GKN2,Gene
GLYATL3,Gene
H1-9P,Gene
HLA-DOB,Gene
HMGB3P1,Gene
HMGB3P30,Gene
KLKP1,Gene
KRT19P2,Gene
KRTDAP,Gene
LINC00839,Gene
LINC02874,Gene
LRRC3,Gene
NIM1K,Gene
NRAD1,Gene
PKD1L1-AS1,Gene
PRPH,Gene
RNF212,Gene
SHISAL2B,Gene
TMEM151A,Gene
TMPRSS7,Gene
VWA5B1,Gene
ZDHHC22,Gene
NLG-1,Gene
NRX-1,Gene
VPREB1,Gene
MIR148B,Gene
AGRP,Gene
CD1B,Gene
CEACAM8,Gene
CNTD1,Gene
HHLA1,Gene
HLA-DRB3,Gene
MIR132,Gene
MIR324,Gene
MIR331,Gene
MIR551B,Gene
NPIPA3,Gene
OXER1,Gene
PGLYRP4,Gene
RNASE3,Gene
SERPINB11,Gene
SIGLEC1,Gene
SIGLEC6,Gene
SSX4,Gene
STATH,Gene
TMEM173,Gene
TMPRSS11A,Gene
WDR55,Gene
ZNF41,Gene
ZNF648,Gene
TAS2R43,Gene
CYP2B2,Gene
DDX11L1,Gene
DDX11L9,Gene
LINC00665,Gene
ZNF890P,Gene
BMP10,Gene
OR51E2,Gene
ADAM18,Gene
ADAM3,Gene
BRP16,Gene
CD59A,Gene
CLEC4N,Gene
CRISP1,Gene
CYP51,Gene
FTL1,Gene
FTL2,Gene
FTL2-PS,Gene
GZME,Gene
H1F2,Gene
IRGM2,Gene
LY6C1,Gene
LY6C2,Gene
MIR375,Gene
MS4A3,Gene
OAS1A,Gene
OAS1B,Gene
RBM12B2,Gene
RPS23RG1,Gene
SELENBP2,Gene
SGO2A,Gene
SLFN4,Gene
SNHG20,Gene
SNORA3,Gene
SNORA44,Gene
SNORA7A,Gene
SNORD34,Gene
SNORD47,Gene
SNORD68,Gene
SNORD95,Gene
SNORD96A,Gene
STFA1,Gene
TRIM30A,Gene
TRY10,Gene
TSTD3P,Gene
VMN2R111,Gene
ZFP260,Gene
ZFP346,Gene
ZFP719,Gene
ZFP882,Gene
MIR181A1,Gene
MIR181B1,Gene
CDKN1BA,Gene
PCA3,Gene
MIR125B-1,Gene
MIR4654,Gene
MIR4715,Gene
MIR6720,Gene
CAPZA1P1,Gene
CHRNB3,Gene
RPL34P2,Gene
TPT1P8,Gene
CD300LF,Gene
SIGLEC17P,Gene
SSMEM1,Gene
GSTD2,Gene
GLP1R,Gene
BOLL,Gene
EFCAB5,Gene
FCRL3,Gene
ISX,Gene
KIR2DL5B,Gene
LACRT,Gene
MMP23A,Gene
MYLK2,Gene
NLF2,Gene
OCM,Gene
OR14I1,Gene
OR52N2,Gene
OR6T1,Gene
PGK2,Gene
TRIM61,Gene
RTN,Gene
CGB,Gene
ELF2A,Gene
FAM88E,Gene
NPIPA7,Gene
HEPHL1,Gene
CEACAM21,Gene
CMAHP,Gene
DDR1-DT,Gene
ERV3-2,Gene
FCGR1CP,Gene
GFRA4,Gene
HSPB3,Gene
INO80B,Gene
KLRB1,Gene
LALBA,Gene
MIR1180,Gene
MIR1275,Gene
MIR138,Gene
MIR181C,Gene
MIR2277,Gene
MIR3141,Gene
MIR3153,Gene
MIR3197,Gene
MIR320C2,Gene
MIR320E,Gene
MIR4298,Gene
PART1,Gene
PTPRT,Gene
RHD,Gene
RPS10P2,Gene
TMEM151B,Gene
TRAV10,Gene
TSSK2,Gene
TTTY2,Gene
TTTY2B,Gene
BPIFB2,Gene
ATG13,Gene
NF-E2,Gene
APRIN,Gene
RNY5,Gene
MIR205,Gene
SULT1C3,Gene
CST2,Gene
PFK,Gene
PK,Gene
ANKRD20A13P,Gene
NUS1P3,Gene
RPL13AP5,Gene
AADACL2,Gene
ABP1,Gene
ACKR4,Gene
ADAMDEC1,Gene
ADIRF-AS1,Gene
AFAP1-AS1,Gene
ANKRD20A4P,Gene
ANKRD7,Gene
ATP6V0E2-AS1,Gene
BMS1P20,Gene
BTF3P11,Gene
BTLA,Gene
C10ORF62,Gene
C1RL-AS1,Gene
C21ORF91-OT1,Gene
C6ORF163,Gene
CATSPERT,Gene
CCL23,Gene
CD5,Gene
CD53,Gene
CIB3,Gene
CLEC12B,Gene
CLNK,Gene
CMAH,Gene
COQ7,Gene
CRHR2,Gene
CRYGEP,Gene
CSPG4P4Y,Gene
CYCSP19,Gene
DCANP1,Gene
DDX53,Gene
DEFB132,Gene
DEUP1,Gene
DIMT1L,Gene
DLGAP2-AS1,Gene
DNAJC2P1,Gene
DUXAP10,Gene
ELP1P,Gene
EXOG,Gene
FAM225A,Gene
FAM95B1,Gene
FAM9B,Gene
FHL5,Gene
FOXD2,Gene
GP5,Gene
GPSM3,Gene
GUSBP3,Gene
GZMH,Gene
GZMK,Gene
HAGLR,Gene
HIGD1B,Gene
HLA-DPA2,Gene
HLA-DRB4,Gene
HLA-J,Gene
HMGN2P46,Gene
IFNK,Gene
IGHV3OR16-6,Gene
IL10RB-DT,Gene
ITGB2-AS1,Gene
JUB,Gene
KIR3DL2,Gene
KLRK1,Gene
KRT32,Gene
KRT8P12,Gene
LEFTY2,Gene
LGALS13,Gene
LGTN,Gene
LHFPL3-AS1,Gene
LILRA6,Gene
LILRB2,Gene
LINC00102,Gene
LINC00112,Gene
LINC00667,Gene
LINC00685,Gene
LINC00868,Gene
LINC00899,Gene
LINC01091,Gene
LINC01504,Gene
LINC02603,Gene
LINC02875,Gene
LMO7DN,Gene
LRRC37A7P,Gene
LY9,Gene
MARCHF11,Gene
MIR4720,Gene
MIR770,Gene
NCF1C,Gene
NK4,Gene
NUDT22,Gene
OR10H2,Gene
OR1E3,Gene
OR51B6,Gene
OR5L2,Gene
PCBP1-AS1,Gene
PCGF6,Gene
PLSCR2,Gene
POU6F1,Gene
PPYR1,Gene
PRELID3B,Gene
PRR20E,Gene
PRR34,Gene
PRR34-AS1,Gene
PTOV1-AS1,Gene
PTPRCAP,Gene
RAB28P5,Gene
RNASE2CP,Gene
RPS11P6,Gene
RPSAP20,Gene
SEC1,Gene
SGCE,Gene
SIGLEC16,Gene
SIGLEC7,Gene
SLAMF8,Gene
SLC2A1-DT,Gene
SLC39A12,Gene
SLC8A1-AS1,Gene
SMARCE1P2,Gene
SMCP,Gene
SMIM21,Gene
SPACA1,Gene
SPANXA2-OT1,Gene
SPATA31F2P,Gene
SPINK13,Gene
SR140,Gene
STL,Gene
TMEM127,Gene
TMPRSS11D,Gene
TPD52L3,Gene
TRAC,Gene
TRBC2,Gene
TRBV7-3,Gene
TRDV2,Gene
TREML3P,Gene
TREML5P,Gene
TRIM50,Gene
TSR2,Gene
TTLL9,Gene
TTN-AS1,Gene
UCK1,Gene
WFDC10A,Gene
WFDC10B,Gene
WFDC8,Gene
XG,Gene
ZFP106,Gene
ZNF208,Gene
ZNF781,Gene
ZNF861P,Gene
ZRANB1,Gene
PDGFBB,Gene
IFNA16,Gene
IFNA5,Gene
LHX3,Gene
ADAM7,Gene
AMTN,Gene
CLEC4C,Gene
ERC2-IT1,Gene
FAM3D,Gene
FANCD2OS,Gene
LGALS14,Gene
LILRP2,Gene
NEU4,Gene
NOXRED1,Gene
PRR18,Gene
PSMD13,Gene
SFRP5,Gene
SLC25A2,Gene
ZP2,Gene
ZP1,Gene
MIR1225,Gene
MIR136,Gene
GAGE1,Gene
ABCD4,Gene
ABRA,Gene
ACTA2-AS1,Gene
ACTBP14,Gene
ACTL10,Gene
ACTL7A,Gene
ADAMTS9-AS1,Gene
ADAMTS9-AS2,Gene
ADAMTSL4-AS1,Gene
ADGRF2P,Gene
ADPRHL2,Gene
AK4P1,Gene
AKR7L,Gene
ALOX12P1,Gene
ANKRD18EP,Gene
ANO10,Gene
AP3B1,Gene
APOBEC3B-AS1,Gene
ARF4-AS1,Gene
ARF4P2,Gene
ARHGAP27P1-BPTFP1-KPNA2P3,Gene
ARHGAP31-AS1,Gene
ARHGEF2-AS1,Gene
ARMH2,Gene
ARMH3,Gene
ARMS2,Gene
ART1,Gene
ASB6,Gene
ASIC4,Gene
ASMT,Gene
ASS1P5,Gene
ATP2C2-AS1,Gene
ATP5MC1P4,Gene
B3GALT1,Gene
BAALC-AS1,Gene
BAK1P1,Gene
BCAR4,Gene
BCRP3,Gene
BICD1P1,Gene
BLZF2P,Gene
BNIP3P1,Gene
BPIFB9P,Gene
C11ORF42,Gene
C12ORF75-AS1,Gene
C13ORF46,Gene
C16ORF90,Gene
C1GALT1P1,Gene
C2-AS1,Gene
C2CD4D,Gene
CASC4,Gene
CATSPERQ,Gene
CBLIF,Gene
CBLN2,Gene
CBX1P1,Gene
CCDC188,Gene
CCDC194,Gene
CCDC32,Gene
CCNYL2,Gene
CD27-AS1,Gene
CDC42P4,Gene
CERNA2,Gene
CES1P1,Gene
CHD1-DT,Gene
CHMP2A,Gene
CHP1P2,Gene
CHURC1,Gene
CICP14,Gene
CICP16,Gene
CICP5,Gene
CIMIP2A,Gene
CIROP,Gene
CLN8-AS1,Gene
CNN2P1,Gene
CNN3-DT,Gene
CORT,Gene
COX20P1,Gene
CPNE8-AS1,Gene
CRAT,Gene
CSNK1A1P1,Gene
CSNK1G2-AS1,Gene
CSNK2A3,Gene
CTBP2P2,Gene
CTBP2P7,Gene
CTC-338M12.4,Gene
CTSW,Gene
CTXND1,Gene
CYCSP34,Gene
CYP4A22,Gene
CYP4A22-AS1,Gene
CYP4F26P,Gene
CYP4F60P,Gene
DAZAP2P1,Gene
DDX11-AS1,Gene
DDX43,Gene
DGAT2L7P,Gene
DHRSX-IT1,Gene
DNASE1L2,Gene
DND1P1,Gene
DPY19L2P1,Gene
DRC11L,Gene
DSCR9,Gene
EEF1A1P5,Gene
EEF1A1P6,Gene
EFCAB13-DT,Gene
EFCAB9,Gene
EIF1AXP1,Gene
EIF1P6,Gene
EIF2S2P4,Gene
EIF4BP3,Gene
EIF5AP3,Gene
ELDR,Gene
EMSLR,Gene
EPCIP-AS1,Gene
ERICD,Gene
ERN2,Gene
ERVH-1,Gene
ESAM-AS1,Gene
EXOSC10,Gene
FAM129A,Gene
FAM133DP,Gene
FAM157B,Gene
FAM167B,Gene
FAM180B,Gene
FAM201B,Gene
FAM206A,Gene
FAM208A,Gene
FAM208B,Gene
FAM209A,Gene
FAM230C,Gene
FAM238A,Gene
FAM242C,Gene
FAM45A,Gene
FAM49A,Gene
FAM49B,Gene
FAM84B,Gene
FAM86EP,Gene
FAM86HP,Gene
FAM90A25P,Gene
FAM92A,Gene
FDPSP8,Gene
FEM1AP2,Gene
FLYWCH2,Gene
FNBP1P1,Gene
FNDC8,Gene
FOXD4L4,Gene
FOXD4L5,Gene
FSD2,Gene
FTH1P7,Gene
GAPDHP1,Gene
GAPDHP52,Gene
GAPLINC,Gene
GASAL1,Gene
GGNBP1,Gene
GGT4P,Gene
GJD2-DT,Gene
GLRX5,Gene
GPR15,Gene
GRASP,Gene
GTF2IP1,Gene
GTF2IP13,Gene
GTF2IP14,Gene
GTF2IP20,Gene
H2AC10P,Gene
H2AZ2P1,Gene
H3-7,Gene
H3P4,Gene
HAUS6P1,Gene
HAVCR1P1,Gene
HEATR9,Gene
HELLPAR,Gene
HERC2P10,Gene
HIF1A-AS2,Gene
HIST1H2AI,Gene
HIST1H2BG,Gene
HIST1H3B,Gene
HKR1,Gene
HLA-L,Gene
HLA-U,Gene
HM13-AS1,Gene
HMGB1P5,Gene
HMGB1P6,Gene
HMGB2P1,Gene
HNRNPA1L3,Gene
HNRNPA1P16,Gene
HNRNPA1P35,Gene
HNRNPCP7,Gene
HNRNPLP2,Gene
HOXA10-AS,Gene
HOXB-AS2,Gene
HS1BP3-IT1,Gene
HSD17B1P1,Gene
HSPA8P11,Gene
HSPD1P1,Gene
HSPE1P2,Gene
HYDIN2,Gene
IFIT1B,Gene
IGBP1P4,Gene
IGFL4,Gene
IGLV1-50,Gene
IGLV1-51,Gene
IL31,Gene
IMPAD1,Gene
IMPDH1P5,Gene
INCA1,Gene
IQCA1-AS1,Gene
ISL1-DT,Gene
ISPD,Gene
ITGB1-DT,Gene
KCNS1,Gene
KCNV2,Gene
KCTD19,Gene
KDELC2,Gene
KEL,Gene
KIAA1614-AS1,Gene
KIF1BP,Gene
KIF23-AS1,Gene
KIF9-AS1,Gene
KLF7-IT1,Gene
KLHL2P1,Gene
KLHL30-AS1,Gene
KRR1P1,Gene
KRT18P34,Gene
KRT18P4,Gene
KRT18P63,Gene
KRT87P,Gene
KRT8P29,Gene
KRT8P3,Gene
KRT8P39,Gene
LACTB2-AS1,Gene
LDHAP3,Gene
LDHAP4,Gene
LDLRAD2,Gene
LGALS9B,Gene
LINC00163,Gene
LINC00235,Gene
LINC00334,Gene
LINC00345,Gene
LINC00513,Gene
LINC00562,Gene
LINC00863,Gene
LINC00994,Gene
LINC01004,Gene
LINC01030,Gene
LINC01145,Gene
LINC01191,Gene
LINC01204,Gene
LINC01269,Gene
LINC01303,Gene
LINC01341,Gene
LINC01348,Gene
LINC01356,Gene
LINC01358,Gene
LINC01389,Gene
LINC01422,Gene
LINC01460,Gene
LINC01778,Gene
LINC01781,Gene
LINC01909,Gene
LINC01934,Gene
LINC01971,Gene
LINC02043,Gene
LINC02065,Gene
LINC02145,Gene
LINC02274,Gene
LINC02356,Gene
LINC02362,Gene
LINC02535,Gene
LINC02547,Gene
LINC02560,Gene
LINC02585,Gene
LINC02626,Gene
LINC02701,Gene
LINC02902,Gene
LNCSRLR,Gene
LRIT3,Gene
LRRC37A9P,Gene
LRTM3,Gene
LSMEM2,Gene
LTK,Gene
LTV1,Gene
LYL1,Gene
LZTR1,Gene
MAG,Gene
MAGOH3P,Gene
MANSC4,Gene
MAP2K4P1,Gene
MAP4K3-DT,Gene
MARK2P9,Gene
MATN1-AS1,Gene
MEI4,Gene
MEMO1P1,Gene
METTL21EP,Gene
MICD,Gene
MINOS1,Gene
MIR181A1HG,Gene
MIR193BHG,Gene
MIR222HG,Gene
MIR3142HG,Gene
MIR3648-1,Gene
MIR3649,Gene
MIR4496,Gene
MIR4645,Gene
MIR548A1HG,Gene
MIR570,Gene
MIR602,Gene
MMP21,Gene
MMP24OS,Gene
MPDU1,Gene
MPP6,Gene
MROCKI,Gene
MRPL40P1,Gene
MSANTD1,Gene
MSNP1,Gene
MT1XP1,Gene
MTCO1P12,Gene
MTCO2P12,Gene
MTDHP1,Gene
MTDHP4,Gene
MTND2P28,Gene
MTND5P15,Gene
MTND5P42,Gene
MUC20P1,Gene
MYOCOS,Gene
NAA35,Gene
NAMPTP1,Gene
NAP1L1P3,Gene
NBPF12,Gene
NCBP2AS2,Gene
NCKAP5-AS2,Gene
NCOA4P2,Gene
NDUFB4P11,Gene
NDUFB4P8,Gene
NIBAN3,Gene
NLRP3P1,Gene
NOP56P3,Gene
NOS2P2,Gene
NOS2P3,Gene
NPM1P27,Gene
NRADDP,Gene
NRIP2,Gene
NSFP1,Gene
NTRAS,Gene
NUP153-AS1,Gene
NUTM2B-AS1,Gene
NUTM2G,Gene
NYX,Gene
ODCP,Gene
OOEP,Gene
OPN1SW,Gene
OR10B1P,Gene
OR55B1P,Gene
OR5AC2,Gene
OR7D2,Gene
OTOAP1,Gene
P4HA2-AS1,Gene
PAICSP1,Gene
PANO1,Gene
PCAT1,Gene
PCDH10-DT,Gene
PEAK3,Gene
PEBP1P2,Gene
PFN1P1,Gene
PGAM5P1,Gene
PHKA1P1,Gene
PI4KAP2,Gene
PICART1,Gene
PIGBOS1,Gene
PINK1-AS,Gene
PIP5K1P1,Gene
PITRM1-AS1,Gene
PIWIL2-DT,Gene
PKD1L3,Gene
PKD1P5,Gene
PKMP3,Gene
PLA2G16,Gene
PMS2CL,Gene
PMS2P10,Gene
PPIAP16,Gene
PPIAP72,Gene
PPP1R26P1,Gene
PPP1R27,Gene
PQLC2,Gene
PRADC1P1,Gene
PRDX3P2,Gene
PROX2,Gene
PROZ,Gene
PRPH2,Gene
PRXL2AP2,Gene
PTMAP5,Gene
PUSL1,Gene
QRSL1,Gene
RAB41,Gene
RAB44,Gene
RANP4,Gene
RASA4CP,Gene
RBAKDN,Gene
RBM15B,Gene
RBMS1P1,Gene
RBPJL,Gene
RCC2P6,Gene
RCC2P7,Gene
REELD1,Gene
RN7SKP271,Gene
RN7SKP80,Gene
RN7SL165P,Gene
RN7SL336P,Gene
RN7SL689P,Gene
RNA5-8SN2,Gene
RNA5SP67,Gene
RNF219,Gene
RNU5A-1,Gene
RNU6-1085P,Gene
RNU6-1266P,Gene
RNU6-26P,Gene
RNU6-322P,Gene
RNU6-529P,Gene
RNVU1-31,Gene
RNY4P37,Gene
RPL12P14,Gene
RPL12P38,Gene
RPL13AP20,Gene
RPL13AP25,Gene
RPL21P110,Gene
RPL21P12,Gene
RPL21P13,Gene
RPL21P44,Gene
RPL23AP52,Gene
RPL27AP,Gene
RPL3P4,Gene
RPL5P30,Gene
RPL7P4,Gene
RPL7P50,Gene
RPP38-DT,Gene
RPS10P7,Gene
RPS4XP1,Gene
RPS4XP16,Gene
RPSA2,Gene
RRH,Gene
RUFY1-AS1,Gene
RUNDC3A-AS1,Gene
RYR3-DT,Gene
SALRNA2,Gene
SCARNA1,Gene
SCAT1,Gene
SCG5-AS1,Gene
SCNM1,Gene
SEPTIN7P3,Gene
SETP14,Gene
SETP17,Gene
SETP20,Gene
SH3GL1P1,Gene
SLC25A1P1,Gene
SLC25A25-AS1,Gene
SLC25A36P1,Gene
SLC35G5,Gene
SLC9A3P3,Gene
SMIM10L1,Gene
SMIM45,Gene
SMPD4BP,Gene
SMURF2P1,Gene
SNHG30,Gene
SNORD100,Gene
SNORD118,Gene
SNORD3F,Gene
SNRPEP4,Gene
SNRPFP2,Gene
SNRPGP19,Gene
SNX18P13,Gene
SOCS5P4,Gene
SPACA4,Gene
SPAG5-AS1,Gene
SPEM3,Gene
ST6GALNAC4P1,Gene
STIM1-AS1,Gene
STUB1-DT,Gene
SUMO2P18,Gene
SWINGN,Gene
SYCE1,Gene
TACR2,Gene
TAF10,Gene
TAF1A-AS1,Gene
TAS2R4,Gene
TAS2R6P,Gene
TBC1D3P6,Gene
TCAF1P1,Gene
TCEAL5,Gene
TERB1,Gene
TEX52,Gene
TGFB2-AS1,Gene
TGIF2P1,Gene
THEM5,Gene
TMEM191B,Gene
TMEM191C,Gene
TMPRSS5,Gene
TPBGL,Gene
TPGS1,Gene
TPM1-AS,Gene
TPRX1,Gene
TRAM2-AS1,Gene
TRAPPC5,Gene
TRIM60P18,Gene
TRIM74,Gene
TRNN,Gene
TRPC7-AS1,Gene
TSGA10IP,Gene
TSSK4,Gene
TSSK5P,Gene
TTC21B-AS1,Gene
TTC9C,Gene
TUBB4AP1,Gene
TUBB7P,Gene
UBA52P8,Gene
UBE2FP3,Gene
UBE2SP1,Gene
USP20,Gene
USP46-DT,Gene
VAMP9P,Gene
VCAN-AS1,Gene
VDAC1P8,Gene
VHLL,Gene
VILL,Gene
WAKMAR2,Gene
WARS2-AS1,Gene
WASH2P,Gene
WASH6P,Gene
WASH8P,Gene
WHAMMP3,Gene
WNT5A-AS1,Gene
XPOTP1,Gene
YAP1P1,Gene
YIPF2,Gene
ZBTB37,Gene
ZDHHC4,Gene
ZFPM2-AS1,Gene
ZIM2-AS1,Gene
ZNF101P2,Gene
ZNF670-ZNF695,Gene
ZNF790-AS1,Gene
ZNF84-DT,Gene
ZSCAN12P1,Gene
MIR365A,Gene
DSG1A,Gene
IRS4,Gene
UGT2B5,Gene
AACSP1,Gene
ABCB1A,Gene
AKR7A2P1,Gene
ARID3C,Gene
ATP5F1EP2,Gene
BOLA2-SMG1P6,Gene
BORCS7-ASMT,Gene
BSPH1,Gene
BTN1A1,Gene
C10ORF53,Gene
C12ORF54,Gene
C14ORF180,Gene
C17ORF50,Gene
C5ORF47,Gene
C5ORF52,Gene
CACYBPP2,Gene
CATSPER2P1,Gene
CBY2,Gene
CCDC43,Gene
CCDC83,Gene
CCT8L2,Gene
CER1,Gene
CHCT1,Gene
CIBAR1,Gene
CIBAR1P2,Gene
COL6A4P2,Gene
COX4I1P1,Gene
CPSF3L,Gene
CST13P,Gene
CST9,Gene
CYP3A11,Gene
CYP3A16,Gene
CYP3A41A,Gene
CYP4A10,Gene
DAND5,Gene
DEFB123,Gene
DNM1P35,Gene
DNMT1A,Gene
EXOSC7,Gene
FABP5P2,Gene
FABP5P9,Gene
FAM110D,Gene
FAM134A,Gene
FAM177B,Gene
FAM25EP,Gene
FBXW12,Gene
FLG2,Gene
FSIP1,Gene
FTH1P16,Gene
FTLP2,Gene
GJB3,Gene
GOLGA6L3P,Gene
GOLGA8K,Gene
GPR148,Gene
GPR15LG,Gene
GRXCR1,Gene
H2BC1,Gene
H3C14,Gene
HCG18,Gene
HERC2P4,Gene
HLA-DQA2,Gene
HMX3,Gene
HSPB1P1,Gene
HSPD1P7,Gene
INSL6,Gene
IQCF2,Gene
KCNA7,Gene
KCNJ10,Gene
KCNK15,Gene
KCNK17,Gene
KCNK18,Gene
KIR2DL1,Gene
KIR2DL2,Gene
KIR2DL3,Gene
KIR2DS1,Gene
KIR2DS5,Gene
KIR3DL1,Gene
KIR3DL3,Gene
KLF17,Gene
KLHDC1,Gene
KLK15,Gene
KLK9,Gene
KPRP,Gene
KRT36,Gene
KRT37,Gene
LCE1A,Gene
LCE1F,Gene
LCE3E,Gene
LCE4A,Gene
LINC00240,Gene
LINC00305,Gene
LINC00410,Gene
LINC00837,Gene
LINC01881,Gene
LINC02881,Gene
LINC02910,Gene
LINC02914,Gene
LIPK,Gene
LIPM,Gene
LURAP1,Gene
MAGEB2,Gene
MAS1,Gene
MAS1LP1,Gene
MBD3L1,Gene
MDS2,Gene
MFRP,Gene
MIR1205,Gene
MIR1256,Gene
MIR1282,Gene
MIR1283-1,Gene
MIR129,Gene
MIR138-2,Gene
MIR184,Gene
MIR2052,Gene
MIR320B1,Gene
MIR320C1,Gene
MIR381,Gene
MIR433,Gene
MIR4530,Gene
MIR489,Gene
MIR499,Gene
MIR5087,Gene
MIR519A1,Gene
MIR525,Gene
MIR527,Gene
MIR548B,Gene
MIR548H4,Gene
MIR548N,Gene
MIR576,Gene
MIR580,Gene
MIR619,Gene
MIR9-3,Gene
MMEL1,Gene
MSL3L2,Gene
MSTN,Gene
MTRNR2L6,Gene
MUCL1,Gene
MYH13,Gene
MYL11,Gene
NAA20,Gene
NUDCD3,Gene
OMP,Gene
OPN5,Gene
OR10G7,Gene
OR1A2,Gene
OR1M1,Gene
OR2A12,Gene
OR2L3,Gene
OR4D6,Gene
OR52B2,Gene
OR52H1,Gene
OR5W2,Gene
OR6F1,Gene
OR6P1,Gene
OR7A10,Gene
OR8H1,Gene
OTOP1,Gene
OTX2OS1,Gene
PANDAR,Gene
PEX11G,Gene
PGCP,Gene
PI4KAP1,Gene
PLK5,Gene
PMF1,Gene
POU2AF2,Gene
PPIAP26,Gene
PRAMEF20,Gene
PRAMEF22,Gene
PSAPL1,Gene
PSORS1C1,Gene
PTH2R,Gene
PTX4,Gene
RBM44,Gene
REG1CP,Gene
REG4,Gene
RGPD2,Gene
RHOXF1,Gene
RNASE13,Gene
RNF5P1,Gene
RPEL1,Gene
RPL29P2,Gene
RPL41P2,Gene
RPLP0P1,Gene
RPS15AP10,Gene
S100Z,Gene
SCARNA6,Gene
SEPTIN12,Gene
SLC25A52,Gene
SLFNL1,Gene
SMIM2-AS1,Gene
SNORA2A,Gene
SNORA69,Gene
SNORA70B,Gene
SNORA71E,Gene
SNORD109B,Gene
SNORD41,Gene
SNORD43,Gene
SNORD49A,Gene
SNORD56,Gene
SPDYE16,Gene
SPIC,Gene
SPMIP7,Gene
SPRR2C,Gene
SPRR2E,Gene
SPRR2F,Gene
SPRR4,Gene
STX19,Gene
SYCP3,Gene
TAF1L,Gene
TAS1R1,Gene
TFDP3,Gene
TMEM218,Gene
TMEM273,Gene
TP53COR1,Gene
TPPP2,Gene
TRIM40,Gene
TRIM60,Gene
TSPAN16,Gene
TUBB5,Gene
UGT2B35,Gene
UTS2D,Gene
VAX2,Gene
VENTXP7,Gene
WDR52,Gene
WDR87,Gene
WFDC11,Gene
WFDC12,Gene
WFDC5,Gene
XRRA1,Gene
ZNF324B,Gene
ZNF366,Gene
ZNF665,Gene
ZNF728,Gene
ZNF782,Gene
ZNRF4,Gene
ZSWIM2,Gene
ARSLP1,Gene
CRCT1,Gene
FENDRR,Gene
JMJD7,Gene
NXF2,Gene
OR8S1,Gene
PCDHGC5,Gene
SEC14L3,Gene
TARID,Gene
FAM115C,Gene
KRTAP5-10,Gene
LINC00273,Gene
MIR302C,Gene
MIR3198-2,Gene
MIR4430,Gene
MIR4665,Gene
MIR4739,Gene
MIR4788,Gene
MIR6124,Gene
MIR190A,Gene
AKAP3,Gene
ARP5,Gene
BCL2A1A,Gene
C5ORF58,Gene
CAR2,Gene
CATSPER4,Gene
CIAO1,Gene
CRIPTOP5,Gene
DEFA4,Gene
DIPA,Gene
DNM3OS,Gene
EIF2S3B,Gene
EIF4A2P4,Gene
ESX1,Gene
FASL,Gene
FCRL5,Gene
FTH1P1,Gene
GLT6D1,Gene
H4C6,Gene
HLA-H,Gene
HNRNPA1P7,Gene
IFRG15,Gene
IGHG1,Gene
KIAA0087,Gene
KIS,Gene
KRT18P44,Gene
KRT18P50,Gene
KRT85,Gene
MEAK7,Gene
MIR133B,Gene
MIR215,Gene
MIR32,Gene
MIR34C,Gene
MIR363,Gene
MIR376A1,Gene
MIR491,Gene
MIR520H,Gene
MIR539,Gene
MTF,Gene
MUC3B,Gene
NMES1,Gene
OPALIN,Gene
OR10A5,Gene
OR2M1P,Gene
PINX1,Gene
PRAMEF13,Gene
PRG3,Gene
RNF126P1,Gene
S6K,Gene
SEPT5-GP1BB,Gene
SERTM1,Gene
SPPL2C,Gene
SSX8P,Gene
USP17L27,Gene
USP17L28,Gene
ZNF283,Gene
ZNF525,Gene
ACOD1,Gene
AMELY,Gene
ATH13,Gene
BHLHE23,Gene
BMS1P4,Gene
CART1,Gene
CHASERR,Gene
CLEC9A,Gene
CYORF15A,Gene
DBX2,Gene
EIF3S10,Gene
EPCIP,Gene
EZHIP,Gene
FBXO39,Gene
FOXG1B,Gene
H2ACP1,Gene
HELT,Gene
INDO,Gene
KMT2E-AS1,Gene
LINC00499,Gene
LINC01111,Gene
LINC01118,Gene
LINC01441,Gene
LINC01446,Gene
LINC02315,Gene
MIR103A1,Gene
MIR124-1,Gene
MIR124-2,Gene
MIR1252,Gene
MIR1299,Gene
MIR135A2,Gene
MIR196A2,Gene
MIR325,Gene
MIR339,Gene
MIR33A,Gene
MIR346,Gene
MIR493,Gene
MIR508,Gene
MIR542,Gene
MIR549A,Gene
MIR585,Gene
MIR617,Gene
MIR640,Gene
MIR761,Gene
MIR890,Gene
MIR892B,Gene
MIR934,Gene
MSMP,Gene
OR1L3,Gene
OR2A14,Gene
OR5P2,Gene
OTOP3,Gene
PIGY,Gene
PIH1D1,Gene
PNOC,Gene
POU3F4,Gene
PRLHR,Gene
PROKR2,Gene
PTF1A,Gene
RBMY1F,Gene
RNF133,Gene
SAS10,Gene
SKIP,Gene
SLITRK2,Gene
SMIM26,Gene
SNORD117,Gene
SRY,Gene
STAM-DT,Gene
STK4-DT,Gene
TAF7L,Gene
TAS2R40,Gene
TITF1,Gene
TLX3,Gene
VMA22,Gene
VSX2,Gene
ZNF846,Gene
ZPBP,Gene
MIR202,Gene
MUSK,Gene
FOXE3,Gene
GSC2,Gene
IRX6,Gene
NOTO,Gene
VAX1,Gene
CYCSP55,Gene
FAM133CP,Gene
GOLGA6L6,Gene
IGLL5,Gene
INS-IGF2,Gene
KCTD4,Gene
KRTAP4-11,Gene
KSR,Gene
LINC01567,Gene
MIR1908,Gene
MIR409,Gene
MIR548F5,Gene
MIR568,Gene
MRPS25,Gene
NPIPB13,Gene
OR10A4,Gene
OR10K1,Gene
OR12D2,Gene
OR14J1,Gene
OR1E1,Gene
OR1E2,Gene
OR1F2P,Gene
OR1I1,Gene
OR1J1,Gene
OR1J2,Gene
OR2B3,Gene
OR2H1,Gene
OR2M4,Gene
OR2S2,Gene
OR3A2,Gene
OR4D2,Gene
OR4N4,Gene
OR51B2,Gene
OR51I1,Gene
OR51I2,Gene
OR51M1,Gene
OR52A1,Gene
OR6B1,Gene
OR6W1P,Gene
OR7C1,Gene
OR7C2,Gene
PPIAL4G,Gene
PRR9,Gene
RGPD8,Gene
RPS10-NUDT3,Gene
SMURF2P1-LRRC37BP1,Gene
SNORD83B,Gene
TAS2R39,Gene
TAS2R41,Gene
TAS2R45,Gene
TAS2R7,Gene
ZNF286B,Gene
CCDC66,Gene
GOLGA8F,Gene
LINC03156,Gene
MIR129-2,Gene
MIR548G,Gene
OCM2,Gene
RNVU1-7,Gene
SIGLECL1,Gene
SNORD13,Gene
SNORD3C,Gene
SNORD78,Gene
BGLAP2,Gene
BGLAP3,Gene
PSA,Gene
SULT1C1,Gene
SYN,Gene
IL27,Gene
MIR10400,Gene
MIR11987,Gene
MIR1260,Gene
MIR1273C,Gene
MIR1292,Gene
MIR2137,Gene
MIR2478,Gene
MIR29B2,Gene
MIR3173,Gene
MIR3187,Gene
MIR320C,Gene
MIR3535,Gene
MIR3665,Gene
MIR3940,Gene
MIR3960,Gene
MIR3968,Gene
MIR4332,Gene
MIR4508,Gene
MIR5008,Gene
MIR500B,Gene
MIR5100,Gene
MIR5126,Gene
MIR7108,Gene
MIR767,Gene
MIR7706,Gene
MIR7976,Gene
CMET,Gene
GNLY,Gene
SNORA49,Gene
CYP3A51P,Gene
AGAP4,Gene
AQP12A,Gene
BPIFA4P,Gene
CCDC63,Gene
CETN1,Gene
COX8C,Gene
DSCR10,Gene
ELSPBP1,Gene
FIGNL2,Gene
GDPD4,Gene
GUCA2A,Gene
KIAA0586,Gene
KRT73,Gene
KRTAP10-11,Gene
KRTAP13-4,Gene
KRTAP5-1,Gene
LINC00268,Gene
LINC01600,Gene
MIR3907,Gene
MIR653,Gene
NCBP3,Gene
NUP42,Gene
OR1N1,Gene
OR2A42,Gene
OR2A5,Gene
OR2D3,Gene
OR9A4,Gene
OSTCP1,Gene
POLR2J,Gene
POM121L12,Gene
RLN1,Gene
RXFP1,Gene
SERPINA1E,Gene
SLC25A31,Gene
TEDDM1,Gene
TEX44,Gene
TMEM11,Gene
TMEM207,Gene
TSPYL6,Gene
VN1R5,Gene
ZNF705A,Gene
CYP2C,Gene
AATBC,Gene
CLDN19,Gene
ENTPD1-AS1,Gene
EP300-AS1,Gene
HCG4,Gene
LINC02064,Gene
LINC02493,Gene
NOMO3,Gene
SNHG22,Gene
THORLNC,Gene
ZNF117,Gene
ZNF300P1,Gene
ZNF818P,Gene
EIF3LP3,Gene
KIR2DS4,Gene
OCN,Gene
RPL5P29,Gene
RPSAP12,Gene
RPSAP28,Gene
RPSAP3,Gene
RPSAP31,Gene
TMED3,Gene
OR55B4,Gene
CYP21A1,Gene
TACE,Gene
MIR3195,Gene
MIR3663,Gene
MIR4443,Gene
MIR4497,Gene
MIR4674,Gene
NKILA,Gene
LDH,Gene
SLCO1A1,Gene
DRP1,Gene
GNG3,Gene
TMEM252,Gene
C10ORF88B,Gene
MTRNR2L8,Gene
POTEJ,Gene
CLRN1,Gene
GRIK1,Gene
HOXA-AS2,Gene
LINC00545,Gene
WNT10,Gene
GBA,Gene
MIR1301,Gene
MIR658,Gene
HIF1A-AS3,Gene
IGKV1D-27,Gene
MIR4279,Gene
MIR548AC,Gene
MIR548C,Gene
MIR891A,Gene
RNU2-63P,Gene
RNU6-454P,Gene
RNU6-643P,Gene
SDIM1,Gene
SNORD115-45,Gene
ABL,Gene
MOR,Gene
ARHB,Gene
GCL,Gene
MMP24,Gene
TCRB,Gene
RNA5SP232,Gene
RNA5SP234,Gene
RNU4-79P,Gene
RNU6-1014P,Gene
RNU6-490P,Gene
RNU6-767P,Gene
AAA1,Gene
ABRAXAS2,Gene
ACCSL,Gene
ACSM4,Gene
ACSM6,Gene
ACTBP2,Gene
ACTG1P1,Gene
ACTL9,Gene
ACTN1-DT,Gene
ADAM3A,Gene
ADAM6,Gene
ADGRD2,Gene
ADGRE4P,Gene
ADIG,Gene
AGAP2-AS1,Gene
AIM1,Gene
AKR1C8,Gene
ALOX12P2,Gene
AMAC1,Gene
ANKRD18CP,Gene
ANKRD34C,Gene
ANKRD34C-AS1,Gene
ANTXRLP1,Gene
AP-1SIGMA,Gene
APOA1-AS,Gene
APOOP5,Gene
AQP2,Gene
AQP7P1,Gene
ARGFX,Gene
ARHGAP27P2,Gene
ARHGEF15,Gene
ARHGEF33,Gene
ARHGEF35,Gene
ARHGEF38,Gene
ARL5C,Gene
ASB12,Gene
ASZ1,Gene
ATF7,Gene
ATXN3L,Gene
ATXN7L3B,Gene
AWAT1,Gene
AZGP1P2,Gene
BAALC-AS2,Gene
BANF1P2,Gene
BANF2,Gene
BAT1,Gene
BCMO1,Gene
BET1P1,Gene
BHLHA9,Gene
BIRC8,Gene
BMP15,Gene
BNIP3P4,Gene
BPIFA3,Gene
BPIFB4,Gene
BPIFB6,Gene
BRK,Gene
C10ORF105,Gene
C10ORF120,Gene
C11ORF40,Gene
C12ORF71,Gene
C15ORF32,Gene
C16ORF78,Gene
C16ORF82,Gene
C19ORF44,Gene
C1ORF146,Gene
C1ORF185,Gene
C1ORF21-DT,Gene
C1ORF228,Gene
C20ORF141,Gene
C22ORF31,Gene
C2CD4D-AS1,Gene
C3ORF85,Gene
C4ORF50,Gene
C4ORF51,Gene
C7ORF33,Gene
CA5AP1,Gene
CABP2,Gene
CAPN9,Gene
CAPZA3,Gene
CASC19,Gene
CBLL2,Gene
CCDC129,Gene
CCDC13-AS2,Gene
CCDC155,Gene
CCDC162,Gene
CCDC166,Gene
CCDC26,Gene
CCDC41,Gene
CCDC54,Gene
CCDC87,Gene
CCDST,Gene
CCER2,Gene
CCL15-CCL14,Gene
CCL4L2,Gene
CCNI2,Gene
CCNQP1,Gene
CCZ1,Gene
CD207,Gene
CD8B2,Gene
CDC50CP,Gene
CDRT15P3,Gene
CEACAM16,Gene
CEACAM18,Gene
CECR1,Gene
CECR5,Gene
CECR6,Gene
CELA3A,Gene
CELF2-DT,Gene
CELP,Gene
CGB2,Gene
CGB8,Gene
CHP,Gene
CIMAP1A,Gene
CIMIP4,Gene
CLCA3P,Gene
CLEC19A,Gene
CLEC1A,Gene
CLEC2L,Gene
CLEC4F,Gene
CLEC4GP1,Gene
CLECL1,Gene
CNGA2,Gene
CNN2P3,Gene
CNO,Gene
COX5BP6,Gene
COX7B2,Gene
CPB2-AS1,Gene
CPLX4,Gene
CPS1-IT1,Gene
CRIPTO3,Gene
CROCC2,Gene
CRPPA,Gene
CRSP8P,Gene
CRYGB,Gene
CSHL1,Gene
CSN2,Gene
CST9L,Gene
CT45A6,Gene
CT47B1,Gene
CT62,Gene
CT83,Gene
CTAG1A,Gene
CTAGE10P,Gene
CTAGE11P,Gene
CTAGE15,Gene
CTAGE3P,Gene
CTAGE6,Gene
CUBN,Gene
CXADRP2,Gene
CXADRP3,Gene
CXCR7,Gene
CYP4F29P,Gene
DARC,Gene
DCAF4L2,Gene
DCAF8L1,Gene
DCI,Gene
DCXR-DT,Gene
DDX39,Gene
DEFA10P,Gene
DEFA6,Gene
DEFB104A,Gene
DEFB119,Gene
DEFB125,Gene
DEFB128,Gene
DEFB129,Gene
DEFB134,Gene
DEFB135,Gene
DEFB136,Gene
DGAT2L6,Gene
DLEU7,Gene
DLG1-AS1,Gene
DM1-AS,Gene
DMBT1L1,Gene
DNAH10OS,Gene
DNAJB8-AS1,Gene
DNM3-IT1,Gene
DNTT,Gene
DOPEY2,Gene
DPEP1,Gene
DPP4-DT,Gene
DPPA3,Gene
DPRX,Gene
DPRXP4,Gene
DRD5P1,Gene
DSCAS,Gene
DTX2P1-UPK3BP1-PMS2P11,Gene
DULLARD,Gene
DUSP21,Gene
DUX4L19,Gene
DUX4L26,Gene
DYDC1,Gene
DYNAP,Gene
DYRK3-AS1,Gene
DYTN,Gene
ECEL1P2,Gene
EFCAB4B,Gene
EIF2S2P2,Gene
ELK2AP,Gene
ELOA-AS1,Gene
ELTD1,Gene
EMR3,Gene
ENAM,Gene
ENTPD8,Gene
EPM2A-DT,Gene
ERBB2IP,Gene
ERICH6B,Gene
ETV3L,Gene
EXOC1L,Gene
EXOC3L,Gene
FABP9,Gene
FAM103A1,Gene
FAM105A,Gene
FAM105B,Gene
FAM109A,Gene
FAM109B,Gene
FAM129B,Gene
FAM132A,Gene
FAM138D,Gene
FAM150A,Gene
FAM150B,Gene
FAM166B,Gene
FAM170A,Gene
FAM179A,Gene
FAM184B,Gene
FAM187B,Gene
FAM197Y2,Gene
FAM198A,Gene
FAM198B,Gene
FAM224A,Gene
FAM224B,Gene
FAM225B,Gene
FAM237A,Gene
FAM26D,Gene
FAM26F,Gene
FAM46D,Gene
FAM47B,Gene
FAM47C,Gene
FAM55A,Gene
FAM64A,Gene
FAM69C,Gene
FAM84A,Gene
FAM86B2,Gene
FAM86FP,Gene
FAM90A13,Gene
FAM90A20,Gene
FBN1-DT,Gene
FBXO47,Gene
FER1L6-AS1,Gene
FGFBP2,Gene
FILNC1,Gene
FIRRE,Gene
FMO6P,Gene
FMO9P,Gene
FPGT-TNNI3K,Gene
FREM3,Gene
FRMPD2B,Gene
FSCB,Gene
FTCDNL1,Gene
FTLP10,Gene
FUNDC2P2,Gene
FUT2,Gene
FUT5,Gene
GAB4,Gene
GABRR3,Gene
GADL1,Gene
GAGE10,Gene
GAGE12F,Gene
GAGE12G,Gene
GAGE12J,Gene
GALNTL5,Gene
GARIN3,Gene
GEMIN7,Gene
GHRHR,Gene
GK2,Gene
GLRA2,Gene
GML,Gene
GOLGA2P6,Gene
GOLGA6D,Gene
GOLGA8DP,Gene
GOLGA8M,Gene
GPER,Gene
GPHB5,Gene
GPR12,Gene
GPR151,Gene
GPR152,Gene
GPR31,Gene
GPR98,Gene
GRXCR2,Gene
GSTA7P,Gene
GSTTP2,Gene
GTF2A1L,Gene
GTSF1L,Gene
GUCY2G,Gene
GULOP,Gene
GUSBP10,Gene
GUSBP5,Gene
H2BW1,Gene
H3P44,Gene
HAR1A,Gene
HBBP1,Gene
HCG22,Gene
HCG4B,Gene
HHATL,Gene
HISLA,Gene
HIST1H2AL,Gene
HIST1H4A,Gene
HIST1H4L,Gene
HLX-AS1,Gene
HMGN2P47,Gene
HMHB1,Gene
HNF4A-AS1,Gene
HNRNPA1P33,Gene
HNRNPA3P1,Gene
HNRNPCL2,Gene
HPN-AS1,Gene
HPVC1,Gene
HPYR1,Gene
HRASLS,Gene
HSD11B1-AS1,Gene
HSD52,Gene
HSF5,Gene
HSFX2,Gene
HTR1E,Gene
HTR1F,Gene
HTR3C,Gene
HYAL4,Gene
IFNW1,Gene
IGHV1-24,Gene
IGHV1OR15-6,Gene
IGKV1OR-2,Gene
IGSF23,Gene
IHO1,Gene
IL17F,Gene
IL17REL,Gene
IL29,Gene
IL9R,Gene
IMPDH1P10,Gene
INPP5E,Gene
INSL5,Gene
INSYN1,Gene
IQCF5,Gene
IQCJ,Gene
IRX2-DT,Gene
ISCA1P1,Gene
ITGB1BP3,Gene
ITIH6,Gene
ITPRIPL1,Gene
IZUMO1R,Gene
JMJD5,Gene
KCNH4,Gene
KCNMA1-AS2,Gene
KHDC1L,Gene
KHDC3L,Gene
KIF2B,Gene
KIR3DP1,Gene
KLC1-AS1,Gene
KLHL38,Gene
KLK11,Gene
KRT18P23,Gene
KRT18P33,Gene
KRT18P41,Gene
KRT18P68,Gene
KRT28,Gene
KRT40,Gene
KRT82,Gene
KRT8P36,Gene
KRTAP10-1,Gene
KRTAP10-10,Gene
KRTAP10-12,Gene
KRTAP10-2,Gene
KRTAP10-3,Gene
KRTAP10-4,Gene
KRTAP10-7,Gene
KRTAP10-9,Gene
KRTAP12-1,Gene
KRTAP12-4,Gene
KRTAP13-1,Gene
KRTAP13-2,Gene
KRTAP13-3,Gene
KRTAP15-1,Gene
KRTAP17-1,Gene
KRTAP19-2,Gene
KRTAP19-3,Gene
KRTAP19-4,Gene
KRTAP19-6,Gene
KRTAP19-7,Gene
KRTAP20-3,Gene
KRTAP21-1,Gene
KRTAP22-2,Gene
KRTAP23-1,Gene
KRTAP25-1,Gene
KRTAP26-1,Gene
KRTAP27-1,Gene
KRTAP3-3,Gene
KRTAP4-3,Gene
KRTAP5-11,Gene
KRTAP5-4,Gene
KRTAP5-5,Gene
KRTAP5-8,Gene
KRTAP6-3,Gene
KRTAP7-1,Gene
LASS2,Gene
LASS6,Gene
LCN9,Gene
LCNL1,Gene
LDHAL6A,Gene
LECT1,Gene
LEUTX,Gene
LGALS17A,Gene
LINC00051,Gene
LINC00092,Gene
LINC00115,Gene
LINC00159,Gene
LINC00160,Gene
LINC00205,Gene
LINC00239,Gene
LINC00298,Gene
LINC00313,Gene
LINC00320,Gene
LINC00348,Gene
LINC00475,Gene
LINC00484,Gene
LINC00488,Gene
LINC00593,Gene
LINC00606,Gene
LINC00626,Gene
LINC00636,Gene
LINC00654,Gene
LINC00696,Gene
LINC00703,Gene
LINC00710,Gene
LINC00836,Gene
LINC00853,Gene
LINC00880,Gene
LINC00887,Gene
LINC00906,Gene
LINC00908,Gene
LINC00917,Gene
LINC00922,Gene
LINC00923,Gene
LINC00930,Gene
LINC00934,Gene
LINC00940,Gene
LINC00987,Gene
LINC01011,Gene
LINC01056,Gene
LINC01081,Gene
LINC01093,Gene
LINC01107,Gene
LINC01124,Gene
LINC01142,Gene
LINC01166,Gene
LINC01173,Gene
LINC01226,Gene
LINC01257,Gene
LINC01300,Gene
LINC01312,Gene
LINC01366,Gene
LINC01419,Gene
LINC01474,Gene
LINC01480,Gene
LINC01509,Gene
LINC01514,Gene
LINC01520,Gene
LINC01524,Gene
LINC01533,Gene
LINC01550,Gene
LINC01565,Gene
LINC01591,Gene
LINC01630,Gene
LINC01634,Gene
LINC01697,Gene
LINC01749,Gene
LINC01750,Gene
LINC01777,Gene
LINC01783,Gene
LINC01787,Gene
LINC01822,Gene
LINC01831,Gene
LINC01845,Gene
LINC01910,Gene
LINC01928,Gene
LINC01973,Gene
LINC01978,Gene
LINC02006,Gene
LINC02009,Gene
LINC02015,Gene
LINC02027,Gene
LINC02057,Gene
LINC02091,Gene
LINC02141,Gene
LINC02159,Gene
LINC02169,Gene
LINC02209,Gene
LINC02226,Gene
LINC02269,Gene
LINC02325,Gene
LINC02347,Gene
LINC02402,Gene
LINC02418,Gene
LINC02447,Gene
LINC02478,Gene
LINC02499,Gene
LINC02532,Gene
LINC02541,Gene
LINC02542,Gene
LINC02550,Gene
LINC02591,Gene
LINC02610,Gene
LINC02685,Gene
LINC02692,Gene
LINC02735,Gene
LINC02802,Gene
LINC02817,Gene
LINC02843,Gene
LINC02860,Gene
LINC02872,Gene
LINC02877,Gene
LINC02880,Gene
LINC02897,Gene
LINC02903,Gene
LINC02909,Gene
LINC03015,Gene
LINC03098,Gene
LINC03122,Gene
LINC03147,Gene
LINGO4,Gene
LIPI,Gene
LMOD3,Gene
LNCEGFL7OS,Gene
LPHN2,Gene
LRFN2,Gene
LRRC24,Gene
LRRC2-AS1,Gene
LRRC30,Gene
LRRC37A11P,Gene
LRRC37A16P,Gene
LRTM1,Gene
LSP1P5,Gene
LUNAR1,Gene
LYPD4,Gene
M1AP,Gene
MAGEA4,Gene
MAGEA5P,Gene
MAGEA8,Gene
MAGEB16,Gene
MAGEB18,Gene
MAGOH-DT,Gene
MANCR,Gene
MANEA-DT,Gene
MAS1L,Gene
MBL1P,Gene
MC3R,Gene
MCCD1,Gene
MEIG1,Gene
MEP1B,Gene
MESDC1,Gene
METTL8P1,Gene
MFSD6L,Gene
MIEF2,Gene
MIGA2,Gene
MIR105-2,Gene
MIR1179,Gene
MIR1182,Gene
MIR1197,Gene
MIR1200,Gene
MIR1208,Gene
MIR124-1HG,Gene
MIR124-3,Gene
MIR1250,Gene
MIR1253,Gene
MIR1265,Gene
MIR1266,Gene
MIR127,Gene
MIR1283-2,Gene
MIR129-1,Gene
MIR1295,Gene
MIR1297,Gene
MIR1322,Gene
MIR1469,Gene
MIR147,Gene
MIR1470,Gene
MIR1471,Gene
MIR187,Gene
MIR190B,Gene
MIR196A1,Gene
MIR203,Gene
MIR211,Gene
MIR2117,Gene
MIR216A,Gene
MIR219B,Gene
MIR2278,Gene
MIR24-2,Gene
MIR298,Gene
MIR302D,Gene
MIR3074,Gene
MIR3189,Gene
MIR34B,Gene
MIR365-1,Gene
MIR383,Gene
MIR4251,Gene
MIR4290HG,Gene
MIR4432HG,Gene
MIR449B,Gene
MIR4506,Gene
MIR450A1,Gene
MIR453,Gene
MIR4649,Gene
MIR4664,Gene
MIR485,Gene
MIR492,Gene
MIR496,Gene
MIR498,Gene
MIR502,Gene
MIR507,Gene
MIR509-3,Gene
MIR512-1,Gene
MIR515-2,Gene
MIR516A2,Gene
MIR516B1,Gene
MIR516B2,Gene
MIR517B,Gene
MIR518B,Gene
MIR519A2,Gene
MIR519B,Gene
MIR519C,Gene
MIR519E,Gene
MIR520G,Gene
MIR522,Gene
MIR523,Gene
MIR526A1,Gene
MIR526A2,Gene
MIR526B,Gene
MIR541,Gene
MIR548F1,Gene
MIR548I1,Gene
MIR548I2,Gene
MIR548I3,Gene
MIR548I4,Gene
MIR549,Gene
MIR550-2,Gene
MIR557,Gene
MIR5581,Gene
MIR563,Gene
MIR564,Gene
MIR591,Gene
MIR596,Gene
MIR609,Gene
MIR618,Gene
MIR620,Gene
MIR637,Gene
MIR641,Gene
MIR642,Gene
MIR655,Gene
MIR656,Gene
MIR657,Gene
MIR665,Gene
MIR670,Gene
MIR6797,Gene
MIR7161,Gene
MIR7-2,Gene
MIR7-3,Gene
MIR759,Gene
MIR888,Gene
MIR891B,Gene
MIR892A,Gene
MIR921,Gene
MIR941-1,Gene
MKL2,Gene
MKRN3,Gene
MMADHC-DT,Gene
MMP23B,Gene
MOBKL3,Gene
MOBP,Gene
MOGAT3,Gene
MORG1,Gene
MPC1L,Gene
MRE11A,Gene
MRGPRG-AS1,Gene
MRGPRX4,Gene
MRPL23-AS1,Gene
MS4A10,Gene
MS4A12,Gene
MS4A13,Gene
MSANTD2-AS1,Gene
MSLNL,Gene
MUM1L1,Gene
MUTED,Gene
MYADML,Gene
MYADML2,Gene
MYH16,Gene
MYL3,Gene
MYO1H,Gene
MYOSLID,Gene
MYST2,Gene
MZT2B,Gene
NANOGNB,Gene
NANOS2,Gene
NARF-AS2,Gene
NBPF13P,Gene
NBPF22P,Gene
NBPF7P,Gene
NCR2,Gene
NDUFV2-AS1,Gene
NF1P1,Gene
NHEG1,Gene
NHLRC1,Gene
NLRP14,Gene
NLRP5,Gene
NPBWR2,Gene
NPFFR1,Gene
NPM1P9,Gene
NPS,Gene
NPVF,Gene
NRN1L,Gene
NSG2,Gene
NT5C3,Gene
NTMT2,Gene
NTSR2,Gene
NXF4,Gene
NXF5,Gene
NXNL1,Gene
ODF1,Gene
OPN1MW2,Gene
OPRPN,Gene
OPTC,Gene
OR10A2,Gene
OR10A7,Gene
OR10AG1,Gene
OR10G3,Gene
OR10G8,Gene
OR10G9,Gene
OR10H3,Gene
OR10H4,Gene
OR10H5,Gene
OR10J6P,Gene
OR10R2,Gene
OR10W1,Gene
OR11H4,Gene
OR11H6,Gene
OR13A1,Gene
OR13F1,Gene
OR13J1,Gene
OR14A16,Gene
OR1A1,Gene
OR1B1,Gene
OR2A2,Gene
OR2AG1,Gene
OR2AG2,Gene
OR2G2,Gene
OR2G3,Gene
OR2M2,Gene
OR2M5,Gene
OR2T3,Gene
OR2T6,Gene
OR2T8,Gene
OR2V2,Gene
OR2Y1,Gene
OR2Z1,Gene
OR3A4P,Gene
OR4A15,Gene
OR4A16,Gene
OR4B1,Gene
OR4D9,Gene
OR4E2,Gene
OR4F15,Gene
OR4K13,Gene
OR4K17,Gene
OR4L1,Gene
OR4N3P,Gene
OR4N5,Gene
OR4X1,Gene
OR51A7,Gene
OR51B5,Gene
OR51F2,Gene
OR51G1,Gene
OR51Q1,Gene
OR51T1,Gene
OR52B4,Gene
OR52B6,Gene
OR52E2,Gene
OR52E6,Gene
OR52J3,Gene
OR52R1,Gene
OR5A1,Gene
OR5AK2,Gene
OR5AS1,Gene
OR5AU1,Gene
OR5B12,Gene
OR5B2,Gene
OR5B21,Gene
OR5B3,Gene
OR5BH1P,Gene
OR5D18,Gene
OR5E1P,Gene
OR5H14,Gene
OR5H15,Gene
OR5H2,Gene
OR5K3,Gene
OR5M1,Gene
OR5T1,Gene
OR5T3,Gene
OR6B2,Gene
OR6C3,Gene
OR6C4,Gene
OR6C65,Gene
OR6C68,Gene
OR6K2,Gene
OR6K6,Gene
OR6M1,Gene
OR6N1,Gene
OR6N2,Gene
OR6S1,Gene
OR6V1,Gene
OR6X1,Gene
OR6Y1,Gene
OR7A5,Gene
OR7G1,Gene
OR7G2,Gene
OR7G3,Gene
OR8A1,Gene
OR8B3,Gene
OR8B4,Gene
OR8D4,Gene
OR8K1,Gene
OR8K3,Gene
OR8K5,Gene
OR9G4,Gene
ORAOV1,Gene
OSGEPL1-AS1,Gene
OSTM1-AS1,Gene
OTOG,Gene
OTOL1,Gene
OTOS,Gene
OVCH2,Gene
OXT,Gene
P2RX6P,Gene
PAGE5,Gene
PANTR1,Gene
PAPOLB,Gene
PAQR9-AS1,Gene
PAR1,Gene
PATE1,Gene
PATE4,Gene
PBOV1,Gene
PBP,Gene
PCAT4,Gene
PCDHB17,Gene
PCDHB18,Gene
PCDHB9,Gene
PCNX,Gene
PDC,Gene
PDCL2,Gene
PDE4DIPP1,Gene
PDHA2,Gene
PDZD9,Gene
PDZK1P1,Gene
PFN3,Gene
PGBP,Gene
PHF2P1,Gene
PHGR1,Gene
PHKA2-AS1,Gene
PHOSPHO2-KLHL23,Gene
PICSAR,Gene
PIK3CD-AS1,Gene
PIRT,Gene
PITX3,Gene
PKD2L2,Gene
PKIA-AS1,Gene
PLAC9P1,Gene
PLCZ1,Gene
PLEKHD1,Gene
PLET1,Gene
PNLIPRP1,Gene
PNMT,Gene
PNPLA5,Gene
POLRMTP1,Gene
POM121L1P,Gene
POTEA,Gene
PP12613,Gene
PPBPP2,Gene
PPIAP80,Gene
PPP1R2C,Gene
PPP1R2P1,Gene
PPP1R3G,Gene
PPP2R5CP,Gene
PPP3R2,Gene
PPP4R3C,Gene
PPY2P,Gene
PRAMEF1,Gene
PRAMEF12,Gene
PRAMEF4,Gene
PRAMENP,Gene
PRB2,Gene
PRDM9,Gene
PRG1,Gene
PRKAG3,Gene
PRKCDBP,Gene
PRM2,Gene
PRNT,Gene
PROKR1,Gene
PROP1,Gene
PROX1-AS1,Gene
PRR23A,Gene
PRR23C,Gene
PRR7-AS1,Gene
PRSS37,Gene
PRSS38,Gene
PRSS55,Gene
PSD2,Gene
PSLNR,Gene
PSMA8,Gene
PSMB11,Gene
PSMD10P2,Gene
PSPHP1,Gene
PTENP1,Gene
PTGER4P2-CDK2AP2P2,Gene
PTPRG-AS1,Gene
PTRF,Gene
PWARSN,Gene
PXT1,Gene
PYDC2,Gene
R3HCC1,Gene
RAB11B-AS1,Gene
RAB12,Gene
RAB19,Gene
RAB39,Gene
RAB40AL,Gene
RAB9BP1,Gene
RAD51AP2,Gene
RBM12B-AS1,Gene
RBMY1J,Gene
RDUR,Gene
REC114,Gene
REG3G,Gene
RFPL1S,Gene
RFWD2,Gene
RGL4,Gene
RGR,Gene
RGS13,Gene
RGS9BP,Gene
RHCE,Gene
RHEX,Gene
RHOXF1-AS1,Gene
RLBP1,Gene
RLN3,Gene
RLTPR,Gene
RN7SL128P,Gene
RNASE12,Gene
RNF113B,Gene
RNU1-70P,Gene
RNU6-2,Gene
RNU6-8,Gene
ROCK1P1,Gene
ROPN1,Gene
RPL10L,Gene
RPL13AP17,Gene
RPL13AP3,Gene
RPL31P11,Gene
RPL39P40,Gene
RPL5P12,Gene
RPL7AP10,Gene
RPL7AP34,Gene
RPL7L1P3,Gene
RPL9P11,Gene
RPS2P37,Gene
RPS6P25,Gene
RPSAP9,Gene
RRS1-DT,Gene
RS1,Gene
RSU1P2,Gene
RTBDN,Gene
RTL3,Gene
RTP5,Gene
RXFP2,Gene
RXFP4,Gene
S100A7L2,Gene
SAMD12-AS1,Gene
SATB1-AS1,Gene
SATB2-AS1,Gene
SATL1,Gene
SAXO5,Gene
SBF1P1,Gene
SCARNA11,Gene
SCARNA16,Gene
SCGB1B2P,Gene
SCP2D1,Gene
SCTR-AS1,Gene
SDR16C6,Gene
SELENOV,Gene
SELT,Gene
SEMG2,Gene
SEPHS1P1,Gene
SEPSECS-DT,Gene
SEPX1,Gene
SERPINA13P,Gene
SFRS1,Gene
SGMS1-AS1,Gene
SH3RF3-AS1,Gene
SHCBP1L,Gene
SHFM1,Gene
SIGLEC12,Gene
SIGLEC15,Gene
SLAMF9,Gene
SLC15A5,Gene
SLC17A3,Gene
SLC22A24,Gene
SLC22A25,Gene
SLC25A48-AS1,Gene
SLC25A51P4,Gene
SLC26A8,Gene
SLC36A3,Gene
SLC44A3-AS1,Gene
SLC46A2,Gene
SLC4A9,Gene
SLC7A11-AS1,Gene
SLC9C2,Gene
SLCO1C1,Gene
SLED1,Gene
SLFN14,Gene
SMCO1,Gene
SMILR,Gene
SMIM9,Gene
SMYD1,Gene
SNAR-A14,Gene
SNAR-B1,Gene
SNAR-F,Gene
SNAR-G1,Gene
SNAR-G2,Gene
SNAR-I,Gene
SNORA1,Gene
SNORA10,Gene
SNORA27,Gene
SNORA29,Gene
SNORA40,Gene
SNORA47,Gene
SNORA63,Gene
SNORA74B,Gene
SNORA80B,Gene
SNORD105,Gene
SNORD113-5,Gene
SNORD113-9,Gene
SNORD114-4,Gene
SNORD114-8,Gene
SNORD115-1,Gene
SNORD115-13,Gene
SNORD115-14,Gene
SNORD115-16,Gene
SNORD115-17,Gene
SNORD115-19,Gene
SNORD115-2,Gene
SNORD115-29,Gene
SNORD115-3,Gene
SNORD115-4,Gene
SNORD115-40,Gene
SNORD115-41,Gene
SNORD115-42,Gene
SNORD115-48,Gene
SNORD116-1,Gene
SNORD116-10,Gene
SNORD116-11,Gene
SNORD116-12,Gene
SNORD116-13,Gene
SNORD116-14,Gene
SNORD116-15,Gene
SNORD116-17,Gene
SNORD116-20,Gene
SNORD116-21,Gene
SNORD116-23,Gene
SNORD116-24,Gene
SNORD116-25,Gene
SNORD116-26,Gene
SNORD116-29,Gene
SNORD116-4,Gene
SNORD116-5,Gene
SNORD116-6,Gene
SNORD116-7,Gene
SNORD116-8,Gene
SNORD119,Gene
SNORD12B,Gene
SNORD17,Gene
SNORD18C,Gene
SNORD1A,Gene
SNORD20,Gene
SNORD32B,Gene
SNORD35A,Gene
SNORD36C,Gene
SNORD37,Gene
SNORD38A,Gene
SNORD38B,Gene
SNORD42A,Gene
SNORD46,Gene
SNORD55,Gene
SNORD56B,Gene
SNORD57,Gene
SNORD58C,Gene
SNORD71,Gene
SNORD83A,Gene
SNORD93,Gene
SNX18P7,Gene
SORD2P,Gene
SPAAR,Gene
SPACA3,Gene
SPACA7,Gene
SPAM1,Gene
SPANXN2,Gene
SPANXN4,Gene
SPATA19,Gene
SPATA3,Gene
SPATA31A6,Gene
SPATA31D1,Gene
SPATA41,Gene
SPATC1,Gene
SPCS2P4,Gene
SPDYE11,Gene
SPEM1,Gene
SPERT,Gene
SPINK8,Gene
SPINT4,Gene
SPMIP2,Gene
SSTR4,Gene
SSX3,Gene
SSX4B,Gene
SSX5,Gene
SSX6P,Gene
SSX7,Gene
ST5,Gene
STPG3,Gene
STRIT1,Gene
STYXL2,Gene
SUN5,Gene
SUPT20HL2,Gene
SVOP,Gene
SYCE3,Gene
SYCN,Gene
SYT10,Gene
SYT16,Gene
T,Gene
TAAR3,Gene
TAAR5,Gene
TAAR6,Gene
TAAR9,Gene
TBC1D26,Gene
TBC1D28,Gene
TBC1D3P1-DHX40P1,Gene
TBILA,Gene
TBX5-AS1,Gene
TCEA1P2,Gene
TCEAL6,Gene
TCF23,Gene
TCP11,Gene
TEKTL1,Gene
TEX36,Gene
TEX36-AS1,Gene
TMCO7,Gene
TMEM132D-AS1,Gene
TMEM132E-DT,Gene
TMEM136,Gene
TMEM150B,Gene
TMEM155,Gene
TMEM178,Gene
TMEM183A,Gene
TMEM210,Gene
TMEM225,Gene
TMEM235,Gene
TMEM239,Gene
TMEM254-AS1,Gene
TMEM272,Gene
TMEM82,Gene
TMPRSS12,Gene
TMSB4XP8,Gene
TNS2-AS1,Gene
TOMM20L,Gene
TOP1P1,Gene
TOP1P2,Gene
TPM3P6,Gene
TPTE,Gene
TPTEP1,Gene
TRAV13-2,Gene
TRAV8-5,Gene
TRBV19,Gene
TREML2,Gene
TREML4,Gene
TRGV2,Gene
TRIM43B,Gene
TRIM64B,Gene
TRIM75,Gene
TSACC,Gene
TSGA13,Gene
TSIX,Gene
TSPEAR-AS1,Gene
TSPO2,Gene
TSPY1,Gene
TSPY2,Gene
TSPY3,Gene
TTLL4,Gene
TTTY10,Gene
TTTY16,Gene
TTTY18,Gene
TTTY19,Gene
TTTY23B,Gene
TTTY4B,Gene
TUBAP13,Gene
TUSC4,Gene
TUSC5,Gene
UBQLN3,Gene
UBTFL1,Gene
UCMA,Gene
UFSP1,Gene
UGT1A2P,Gene
UGT3A2,Gene
UPK2,Gene
URAD,Gene
URAHP,Gene
USP17L1,Gene
USP26,Gene
USP27X-DT,Gene
USP50,Gene
VENTXP1,Gene
VIPR1-AS1,Gene
VN1R2,Gene
VWC2,Gene
WFDC13,Gene
WFDC9,Gene
WHSC1L1,Gene
WISP2,Gene
WISP3,Gene
WRB,Gene
WTAPP1,Gene
XRCC6P5,Gene
YWHAH-AS1,Gene
ZAR1,Gene
ZAR1L,Gene
ZCCHC13,Gene
ZFHX3-AS1,Gene
ZFP112,Gene
ZIM3,Gene
ZNF205-AS1,Gene
ZNF238,Gene
ZNF32-AS3,Gene
ZNF565,Gene
ZNF716,Gene
ZNF732,Gene
ZNF733P,Gene
ZNF735,Gene
ZNF736,Gene
ZNF767,Gene
ZNF793-AS1,Gene
ZPBP2,Gene
ACOXL-AS1,Gene
C14ORF166B,Gene
CLRN1-AS1,Gene
CMKLR2-AS,Gene
GRID2IP,Gene
HIGD2B,Gene
IL12A-AS1,Gene
ISM1-AS1,Gene
LCMT1-AS1,Gene
LIFR-AS1,Gene
LINC00269,Gene
LINC00518,Gene
LINC00670,Gene
LINC01016,Gene
LINC01100,Gene
LINC01163,Gene
LINC01276,Gene
LINC01455,Gene
LINC01486,Gene
LINC01703,Gene
LINC01790,Gene
LINC01806,Gene
LINC01840,Gene
LINC01927,Gene
LINC02102,Gene
LINC02103,Gene
LINC02202,Gene
LINC02237,Gene
LINC02492,Gene
LINC02529,Gene
LINC02575,Gene
LINC02614,Gene
LINC02653,Gene
LINP1,Gene
LIPC-AS1,Gene
LY6E-DT,Gene
LZTS1-AS1,Gene
MIR4297,Gene
NALCN-AS1,Gene
NALF1-IT1,Gene
NREP-AS1,Gene
NRG1-IT1,Gene
PNMA6F,Gene
RORB-AS1,Gene
RPL34-DT,Gene
SMASR,Gene
SNORD102,Gene
SNORD167,Gene
TBC1D3P5,Gene
TRIM51HP,Gene
MAGEA9B,Gene
LINC02108,Gene
MIR1226,Gene
MIR3182,Gene
MIR3200,Gene
MIR3529,Gene
MIR369,Gene
MIR4482,Gene
MIR4511,Gene
MIR504,Gene
MIR5582,Gene
MIRLET7A-3,Gene
RBM14-RBM4,Gene
IL4RA,Gene
APOPT1,Gene
ARNTL,Gene
ATP6V1B1-AS1,Gene
ATP6V1E1P1,Gene
C16ORF95,Gene
C17ORF80,Gene
C19ORF70,Gene
C3ORF14,Gene
CAMTA1-DT,Gene
CASTOR3,Gene
CBR3-AS1,Gene
CCDC189,Gene
CCDC58,Gene
CCDC84,Gene
CCT7P2,Gene
CDH12P2,Gene
CDH12P3,Gene
COL4A2-AS2,Gene
CTGF,Gene
DUSP13,Gene
FAM173A,Gene
FAM192A,Gene
FAM214B,Gene
FAM57A,Gene
FAM96A,Gene
FLNB-AS1,Gene
FTH1P10,Gene
FTH1P23,Gene
FTLP14,Gene
GARS,Gene
GPR1,Gene
GTF2IP4,Gene
HARS,Gene
HILS1,Gene
HIST1H2AH,Gene
IARS,Gene
IER3-AS1,Gene
IGFL1P1,Gene
IKBKGP1,Gene
ITGA9-AS1,Gene
KDELC1,Gene
KIAA0895,Gene
KIAA1522,Gene
LARS,Gene
LENG8-AS1,Gene
LINC00365,Gene
LINC00524,Gene
LINC00705,Gene
LINC00973,Gene
LINC01315,Gene
LINC01345,Gene
LINC01431,Gene
LINC01485,Gene
LINC01836,Gene
LINC01942,Gene
LINC01948,Gene
LINC02405,Gene
LINC02413,Gene
LINC02454,Gene
METTL7A,Gene
MTATP8P1,Gene
NDUFB8P2,Gene
NTF6B,Gene
NUDT4P2,Gene
OR2A1-AS1,Gene
PAPD4,Gene
PAPD7,Gene
PPT2-EGFL8,Gene
PTGES3L-AARSD1,Gene
QARS,Gene
RAB11FIP1P1,Gene
RASSF1-AS1,Gene
RN7SKP106,Gene
RN7SKP269,Gene
RNF41,Gene
RNU1-16P,Gene
RPL13AP7,Gene
RPL15P18,Gene
RPL18AP7,Gene
RPL29P14,Gene
RPL34P22,Gene
RPS3AP46,Gene
SEPT7,Gene
TMEM256-PLSCR3,Gene
TMPOP2,Gene
TTC26,Gene
VAC14-AS1,Gene
VN1R83P,Gene
WDR34,Gene
WDR60,Gene
WDYHV1,Gene
ZBTB45P1,Gene
ZBTB45P2,Gene
ZSWIM8-AS1,Gene
AMY1A,Gene
DEFB103A,Gene
SIL,Gene
LY6A,Gene
PIRA1,Gene
SERPINB1A,Gene
SPEER4B,Gene
ZFP207,Gene
ZFP53,Gene
MT2,Gene
MIR1270,Gene
MIR1302-1,Gene
MIR1302-10,Gene
MIR1302-11,Gene
MIR1302-2,Gene
MIR1302-3,Gene
MIR1302-4,Gene
MIR1302-5,Gene
MIR1302-6,Gene
MIR1302-7,Gene
MIR1302-8,Gene
MIR1302-9,Gene
MIR217,Gene
MIR577,Gene
MIR875,Gene
STX5A,Gene
TSC,Gene
AAED1,Gene
ACTG1P17,Gene
AGAP10P,Gene
AHCTF1P1,Gene
APOBEC3A_B,Gene
ARPC4-TTLL3,Gene
BALR6,Gene
BNIP3P17,Gene
BTF3P12,Gene
C14ORF2,Gene
C19ORF43,Gene
C3ORF67,Gene
C5ORF51,Gene
CALHM4,Gene
CALR3,Gene
CASC16,Gene
CCAT1,Gene
CCZ1P-OR7E38P,Gene
CD46P1,Gene
CD63-AS1,Gene
CDYLP1,Gene
CIR,Gene
CLPS,Gene
CPEB1-AS1,Gene
CYP2T1P,Gene
DBIL5P2,Gene
DDIT4-AS1,Gene
DGCR11,Gene
DIAPH2-AS1,Gene
DMRTC2,Gene
DPH6-DT,Gene
DSCR4,Gene
DSEL-AS1,Gene
ECEL1P1,Gene
EEF1DP3,Gene
FKBP1A-SDCBP2,Gene
FTH1P15,Gene
FTH1P4,Gene
FTHL18P,Gene
FZD10-AS1,Gene
GACAT3,Gene
GAGE8,Gene
GIMAP1-GIMAP5,Gene
GLIS3-AS1,Gene
GNB1-DT,Gene
GOLGA6L4,Gene
GOLGA8R,Gene
GS1-24F4.2,Gene
GSTM3P1,Gene
H1-10-AS1,Gene
H2BC27P,Gene
H3P36,Gene
H3P6,Gene
HCG17,Gene
HERPUD2-AS1,Gene
HNRNPA1P10,Gene
HNRNPA1P6,Gene
HNRNPUL2-BSCL2,Gene
HOTAIRM1,Gene
HOXA-AS3,Gene
IDA,Gene
IDSP1,Gene
IGES,Gene
IGKV1D-13,Gene
IGKV3-20,Gene
IPO9-AS1,Gene
IQCF1,Gene
JAKMIP1-DT,Gene
KLHL31,Gene
KLHL7-DT,Gene
KLRA1P,Gene
KLRC4-KLRK1,Gene
KRTAP19-8,Gene
KRTAP20-2,Gene
KRTAP20-4,Gene
LCDR,Gene
LERFS,Gene
LETR1,Gene
LHX4-AS1,Gene
LIN28B-AS1,Gene
LINC00208,Gene
LINC00293,Gene
LINC00327,Gene
LINC00359,Gene
LINC00379,Gene
LINC00381,Gene
LINC00397,Gene
LINC00433,Gene
LINC00443,Gene
LINC00502,Gene
LINC00595,Gene
LINC00608,Gene
LINC00615,Gene
LINC00616,Gene
LINC00640,Gene
LINC00692,Gene
LINC00871,Gene
LINC00907,Gene
LINC00911,Gene
LINC00924,Gene
LINC00929,Gene
LINC00933,Gene
LINC00977,Gene
LINC00996,Gene
LINC01148,Gene
LINC01164,Gene
LINC01203,Gene
LINC01260,Gene
LINC01277,Gene
LINC01311,Gene
LINC01363,Gene
LINC01473,Gene
LINC01501,Gene
LINC01518,Gene
LINC01532,Gene
LINC01556,Gene
LINC01618,Gene
LINC01623,Gene
LINC01711,Gene
LINC01776,Gene
LINC01929,Gene
LINC01951,Gene
LINC02072,Gene
LINC02112,Gene
LINC02153,Gene
LINC02291,Gene
LINC02473,Gene
LINC02740,Gene
LINC02774,Gene
LINC02882,Gene
LNCAROD,Gene
LNX1-AS2,Gene
LRRC77P,Gene
LRRC8C-DT,Gene
LUZP6,Gene
MAGOH2P,Gene
MAP3K20-AS1,Gene
MARCH1,Gene
MEG9,Gene
MIR1244-1,Gene
MIR1244-2,Gene
MIR137HG,Gene
MIR2276,Gene
MIR3155A,Gene
MIR3184,Gene
MIR3610,Gene
MIR3615,Gene
MIR365B,Gene
MIR3692,Gene
MIR376C,Gene
MIR3934,Gene
MIR4294,Gene
MIR4315-1,Gene
MIR4319,Gene
MIR4442,Gene
MIR4514,Gene
MIR4673,Gene
MIR4687,Gene
MIR4726,Gene
MIR4737,Gene
MIR4763,Gene
MIR548AI,Gene
MIR548AN,Gene
MIR5680,Gene
MIR597,Gene
MIR608,Gene
MIR643,Gene
MIR661,Gene
MIR6795,Gene
MIR6806,Gene
MIR6879,Gene
MIR922,Gene
MKRN7P,Gene
MTHFD2P7,Gene
MT-RNR1,Gene
MTRNR2L12,Gene
MYB-AS1,Gene
MYCLP1,Gene
MYH4,Gene
MYL12BP3,Gene
MYZAP,Gene
NADK2-AS1,Gene
NAP1L6P,Gene
NT5C1B-RDH14,Gene
OBI1-AS1,Gene
OR2T12,Gene
OR2T34,Gene
OR4G2P,Gene
OR5AN1,Gene
OR6C76,Gene
OR7A19P,Gene
OR7E121P,Gene
PABPC1P2,Gene
PCAT19,Gene
PDGFAA,Gene
PDGFA-DT,Gene
PKD1P4,Gene
PLS3-AS1,Gene
PNPT1P1,Gene
PRICKLE2-AS3,Gene
PRM1,Gene
PROS2P,Gene
PRSS54,Gene
PSME2P2,Gene
PTPRN2-AS1,Gene
RAD51L3-RFFL,Gene
RAET1E-AS1,Gene
RANP1,Gene
REREP3,Gene
RN7SL181P,Gene
RNASEH2B-AS1,Gene
RNF224,Gene
RNU4-2,Gene
RNU6-4P,Gene
RNU6-6P,Gene
RPL10P15,Gene
RPL21P28,Gene
RPL23AP92,Gene
RPL34P34,Gene
RPL41P1,Gene
RPL7AP6,Gene
RPS15AP1,Gene
RPS17-PS14,Gene
RPS18P9,Gene
RPS3AP47,Gene
RPS4XP21,Gene
RPS7P1,Gene
RPSAP19,Gene
SAA2-SAA4,Gene
SCARNA10,Gene
SCDP1,Gene
SEPTIN7P14,Gene
SERTM2,Gene
SLC6A10PB,Gene
SMC5-DT,Gene
SMG1P4,Gene
SMIM35,Gene
SNAI,Gene
SNORA16A,Gene
SNORA17,Gene
SNORA18,Gene
SNORA25,Gene
SNORA34,Gene
SNORA4,Gene
SNORA41,Gene
SNORA43,Gene
SNORA48,Gene
SNORA5A,Gene
SNORA66,Gene
SNORA67,Gene
SNORA68,Gene
SNORA71A,Gene
SNORA71C,Gene
SNORA72,Gene
SNORA9B,Gene
SNORD10,Gene
SNORD103B,Gene
SNORD115-37,Gene
SNORD115-47,Gene
SNORD12C,Gene
SNORD16,Gene
SNORD21,Gene
SNORD3B-2,Gene
SNORD42B,Gene
SNORD45A,Gene
SNORD53,Gene
SNORD59B,Gene
SNORD60,Gene
SNORD65,Gene
SNORD97,Gene
SNRPEP2,Gene
SPINK4,Gene
SRD5A3-AS1,Gene
STX17-DT,Gene
SUCLA2-AS1,Gene
SUPT20HL1,Gene
TBCEL-TECTA,Gene
TCAF2P1,Gene
TM4SF19-AS1,Gene
TMEM133,Gene
TPI1P3,Gene
TPTE2P3,Gene
TPTEP2-CSNK1E,Gene
TRNW,Gene
TRP63,Gene
UBBP2,Gene
UBE2MP1,Gene
UPK3BL2,Gene
VSTM2B-DT,Gene
WWTR1-AS1,Gene
YTHDF3-DT,Gene
YWHAZP2,Gene
ZNF566-AS1,Gene
EEF1E1-BLOC1S5,Gene
GATD3B,Gene
SCARNA13,Gene
SMAP,Gene
MAGED4,Gene
PRH1-PRR4,Gene
RNA45S5,Gene
ASNSP3,Gene
CFAP97D1,Gene
CLEC6A,Gene
CXXC1P1,Gene
CYP51A1P1,Gene
HCG25,Gene
HTT-AS,Gene
IMMTP1,Gene
LINC02649,Gene
MESTIT1,Gene
OR2W1-AS1,Gene
PPP1R13B-DT,Gene
RN7SL569P,Gene
RNU6-1045P,Gene
RNU7-24P,Gene
RPSAP61,Gene
ADD3-AS1,Gene
ARLNC1,Gene
BCRP2,Gene
CASP4LP,Gene
CDKN2A-AS1,Gene
CFAP144P1,Gene
FAM90A27P,Gene
HTR5BP,Gene
ITFG2-AS1,Gene
LINC00309,Gene
LINC00426,Gene
LINC00446,Gene
LINC00474,Gene
LINC00487,Gene
LINC00570,Gene
LINC00612,Gene
LINC00649,Gene
LINC00882,Gene
LINC00927,Gene
LINC01015,Gene
LINC01206,Gene
LINC01249,Gene
LINC01342,Gene
LINC01346,Gene
LINC01535,Gene
LINC01583,Gene
LINC01692,Gene
LINC01814,Gene
LINC02068,Gene
LINC02911,Gene
LINC03043,Gene
LRRC38,Gene
MIR1237,Gene
MIR3190,Gene
MIR3202-2,Gene
MIR3659,Gene
MIR4268,Gene
MIR5191,Gene
MIR5696,Gene
OR10P1,Gene
OR52L2P,Gene
PPIAP3,Gene
RPL7AP11,Gene
SPAG16-DT,Gene
SPATA31F1,Gene
SPRNP1,Gene
TGFBR3L,Gene
TMEM44-AS1,Gene
TTC3P1,Gene
RORA-AS1,Gene
NOLA3,Gene
KIR2DS3,Gene
KIR3DS1,Gene
CYP3A7-CYP3A51P,Gene
CDKN2B-AS1,Gene
DUXAP8,Gene
EFCAB2,Gene
FAM102A,Gene
ID2-AS1,Gene
LINC00319,Gene
LRRC29,Gene
PPP1R12A-AS1,Gene
RDM1P5,Gene
SNHG14,Gene
TAZ,Gene
ATG16,Gene
CYCT,Gene
NR1I2.L,Gene
NR1I2.S,Gene
PPAR,Gene
KU-MEL-3,Gene
MIR675,Gene
MYOD,Gene
SNHG25,Gene
TDGF1,Gene
AFG3L1,Gene
AHI1-DT,Gene
ALDOAP2,Gene
BOD1L2,Gene
BTG2-DT,Gene
C1DP3,Gene
C8ORF89,Gene
C9ORF57,Gene
CASC11,Gene
CASC2,Gene
CBX3P2,Gene
CCDC7,Gene
CENPVL1,Gene
CICP3,Gene
CSAG4,Gene
CT47A11,Gene
CYP4F24P,Gene
DEFB109B,Gene
DEFB131A,Gene
DIP2C-AS1,Gene
DLGAP1-AS3,Gene
DUX4,Gene
EEF1A1P32,Gene
ELP2P,Gene
EWSAT1,Gene
EXTL3-AS1,Gene
FAM201A,Gene
FAM99A,Gene
FOXL3-OT1,Gene
GJA9-MYCBP,Gene
GUCY2E,Gene
HMGB3P24,Gene
HMGB3P27,Gene
HMGN1P7,Gene
KCNIP2-AS1,Gene
KCTD9P6,Gene
KIR3DX1,Gene
KLRA1,Gene
LAMB2L,Gene
LINC00999,Gene
LINC01061,Gene
LINC03103,Gene
LMCD1-AS1,Gene
MAN1B1-DT,Gene
METTL11A,Gene
MIR3152,Gene
MIR4281,Gene
MIR4299,Gene
MIR583,Gene
MTND4P12,Gene
NP,Gene
OR51F1,Gene
PRAMEF15,Gene
PRAMEF5,Gene
PTGES2-DT,Gene
RPL36AP33,Gene
RPS2P45,Gene
SERPINA7P1,Gene
SLC29A4P1,Gene
SLC39A12-AS1,Gene
SMCR6,Gene
SNORA62,Gene
SNORD3B-1,Gene
SNRPD2P2,Gene
SSU72P1,Gene
TADA2B,Gene
TCAM1,Gene
TECRL,Gene
TEX38,Gene
THRB-AS1,Gene
TMEM204,Gene
TTTY5,Gene
TUSC8,Gene
TYRO3P,Gene
UBE2E4P,Gene
VCY,Gene
ZNF582-DT,Gene
AMELX,Gene
ANKRD20A3P,Gene
ANKRD62,Gene
BEAN1-AS1,Gene
BTF3P9,Gene
C11ORF65,Gene
C1QL3,Gene
C20ORF144,Gene
COMMD3-BMI1,Gene
CT45A3,Gene
CYP2A12,Gene
CYP2A4,Gene
CYP2A5,Gene
CYP2B9,Gene
CYP2C38,Gene
CYP2D9,Gene
CYP2G1,Gene
CYP2J12,Gene
CYP2J6,Gene
CYP3A13,Gene
DEFB108B,Gene
DEFB118,Gene
DUSP27,Gene
DUX4L4,Gene
ERVV-1,Gene
FABP,Gene
FAM106C,Gene
FAM138A,Gene
FAM138B,Gene
FARSA-AS1,Gene
GAGE12B,Gene
GAGE12I,Gene
GOLGA6L10,Gene
GOLGA6L22,Gene
GPR21,Gene
GRX1,Gene
GSTM2P1,Gene
HLA-V,Gene
IFNA13,Gene
IFNA6,Gene
IFNA8,Gene
IGLJ3,Gene
IQCF4P,Gene
KIR2DS2,Gene
KRTAP21-3,Gene
KRTAP4-6,Gene
KRTAP9-1,Gene
KRTAP9-6,Gene
KRTAP9-7,Gene
LINC00243,Gene
LINC00674,Gene
LINC00892,Gene
LINC01429,Gene
LINC01620,Gene
LINC02436,Gene
LINC02868,Gene
LINC02912,Gene
LY75-CD302,Gene
MAFIP,Gene
MALT1-AS1,Gene
MIR101A,Gene
MIR1233-1,Gene
MIR151,Gene
MIR19B2,Gene
MIR509-1,Gene
MIR6769B,Gene
NLRP2B,Gene
NPIPA5,Gene
OBSCN-AS1,Gene
OR13C9,Gene
OR1D5,Gene
OR2F2,Gene
OR3A3,Gene
OR4F16,Gene
OR4F21,Gene
OR52Z1,Gene
OR5AK3P,Gene
OR7E125P,Gene
OR7E87P,Gene
OSTN,Gene
PACRG-AS3,Gene
PRAMEF14,Gene
PRC1-AS1,Gene
PRR20A,Gene
PRSS59P,Gene
REXO1L11P,Gene
RIPOR3-AS1,Gene
RNU2-1,Gene
RNVU1-14,Gene
RPL13AP6,Gene
RPL9P7,Gene
SLCO1A4,Gene
SMIM18,Gene
SNORA58,Gene
SNORD115-20,Gene
SNORD115-26,Gene
SNORD115-30,Gene
SPATA31A5,Gene
SPDYE7P,Gene
SSX2,Gene
STPG3-AS1,Gene
TBC1D3P2,Gene
TEX50,Gene
TRIM64C,Gene
USP17L24,Gene
USP17L26,Gene
XKRYP7,Gene
XRCC6P1,Gene
ABITRAMP1,Gene
ACTBP11,Gene
ADNP-AS1,Gene
AHCYP7,Gene
AIRN,Gene
ALDH1A7,Gene
ALG1L15P,Gene
ANK2-AS1,Gene
ANKRD18DP,Gene
ARL6IP1P2,Gene
ASK1,Gene
ASS1P10,Gene
ASS1P4,Gene
ATE1OSP,Gene
ATP13A4-AS1,Gene
ATP6V1G1P3,Gene
BICDL3P,Gene
BISPR,Gene
BLACE,Gene
BOLA3P4,Gene
BRWD1-AS2,Gene
C16ORF72,Gene
C17ORF78,Gene
C18ORF15,Gene
C21ORF62,Gene
C4ORF48,Gene
C7ORF26,Gene
CARS,Gene
CAVIN2-AS1,Gene
CBWD1,Gene
CCDC187,Gene
CCNT2-AS1,Gene
CCR5AS,Gene
CDC27P1,Gene
CDCA4P4,Gene
CDRT1,Gene
CENPNP1,Gene
CES1P2,Gene
CFAP58-DT,Gene
CHRM3-AS2,Gene
CLYBL-AS2,Gene
COX20P2,Gene
CSPG4P13,Gene
CTBP1-AS,Gene
CTSLP2,Gene
CYCSP28,Gene
CYP4F23P,Gene
CYP4F25P,Gene
CYP51A1P2,Gene
DERPC,Gene
DNAH17-AS1,Gene
DPEP2NB,Gene
DPP9-AS1,Gene
EEF1A1P4,Gene
EFCAB1,Gene
EFCAB14P1,Gene
EGFR-AS1,Gene
EHMT2-AS1,Gene
EIF5AP4,Gene
EPHA1-AS1,Gene
ERICH6-AS1,Gene
ETF1P1,Gene
FAM122B,Gene
FAM126A,Gene
FAM155B,Gene
FAM160A1,Gene
FAM166A,Gene
FAM182B,Gene
FAM27B,Gene
FAUP1,Gene
FGD5P1,Gene
FGFR3P6,Gene
FOCAD-AS1,Gene
FOXO,Gene
FOXP4-AS1,Gene
FRG2EP,Gene
FRG2FP,Gene
FTH1P12,Gene
FTLP3,Gene
GARS1-DT,Gene
GGT3P,Gene
GLIS2-AS1,Gene
GOLGA6C,Gene
GPHRP1,Gene
GRAMD2,Gene
H2AC9P,Gene
HAGLROS,Gene
HCG23,Gene
HIF1A-AS1,Gene
HIGD1C,Gene
HIST2H2BF,Gene
HMGB1P10,Gene
HMGN1P36,Gene
HMGN2P10,Gene
HMGN2P11,Gene
HMGN2P13,Gene
HMGN2P18,Gene
HMGN2P19,Gene
HMGN2P20,Gene
HMGN2P23,Gene
HMGN2P24,Gene
HMGN2P26,Gene
HMGN2P27,Gene
HMGN2P34,Gene
HMGN2P35,Gene
HMGN2P7,Gene
HMGN2P9,Gene
HMT-1,Gene
HSP90AB4P,Gene
HSPA5P1,Gene
HSPA8P1,Gene
HSPE1P27,Gene
HSPE1P3,Gene
HTR1DP1,Gene
IFITM3P2,Gene
IL1,Gene
INKA2-AS1,Gene
KANTR,Gene
KHSRPP1,Gene
KIAA0355,Gene
KIAA1211L,Gene
KIAA1257,Gene
KRT16P5,Gene
KRT42P,Gene
KRT8P46,Gene
LCEP4,Gene
LGALS8-AS1,Gene
LINC00393,Gene
LINC00605,Gene
LINC00910,Gene
LINC01063,Gene
LINC01186,Gene
LINC01229,Gene
LINC01252,Gene
LINC01265,Gene
LINC01372,Gene
LINC01376,Gene
LINC01409,Gene
LINC01471,Gene
LINC01482,Gene
LINC01647,Gene
LINC01705,Gene
LINC01744,Gene
LINC01792,Gene
LINC01796,Gene
LINC01828,Gene
LINC01829,Gene
LINC01873,Gene
LINC01950,Gene
LINC01962,Gene
LINC01993,Gene
LINC02000,Gene
LINC02016,Gene
LINC02223,Gene
LINC02240,Gene
LINC02257,Gene
LINC02296,Gene
LINC02310,Gene
LINC02434,Gene
LINC02518,Gene
LINC02562,Gene
LINC02595,Gene
LINC02757,Gene
LINC02765,Gene
LINC02773,Gene
LINC02777,Gene
LINC02812,Gene
LINC02842,Gene
LRRC34P2,Gene
LYPLAL1-AS1,Gene
LYPLAL1-DT,Gene
MAATS1,Gene
MAPRE3-AS1,Gene
MEF2AP1,Gene
MGAT4EP,Gene
MIR101,Gene
MIR30C1,Gene
MIR3677,Gene
MIR4458HG,Gene
MIR5689HG,Gene
MIR582,Gene
MIR603,Gene
MIR650,Gene
MIR92A2,Gene
MKK4,Gene
MKRN2OS,Gene
MPTX1,Gene
MRPL20-AS1,Gene
MRPL53P1,Gene
MT2P1,Gene
MTCO1P4,Gene
MTCYBP3,Gene
MTND1P23,Gene
MTND4P23,Gene
MTND5P11,Gene
MT-RNR2,Gene
MUC8,Gene
MYLK-AS2,Gene
NBPF15,Gene
NDUFA9P1,Gene
NF1P2,Gene
NF1P6,Gene
NF1P8,Gene
NPM1P13,Gene
OGFRP1,Gene
OR13Z2P,Gene
OR5B15P,Gene
OR6D1P,Gene
OR7E106P,Gene
PABPC1P10,Gene
PAK6-AS1,Gene
PDDC1,Gene
PFN1P3,Gene
PGAM1P2,Gene
PGAM1P5,Gene
PGM5P4-AS1,Gene
PLA2G12AP1,Gene
POPDC1-AS1,Gene
PPIAP11,Gene
PPIAP14,Gene
PPP1R32,Gene
PQLC2L,Gene
PRDX2P1,Gene
PRRC2CP1,Gene
PRSS45,Gene
PTGES3P1,Gene
PTPRVP,Gene
RAD23BP1,Gene
RALGAPA1P1,Gene
RBM22P2,Gene
RBMS3-AS3,Gene
RBMX2P3,Gene
RCN1P2,Gene
RITA1,Gene
RN7SKP65,Gene
RN7SL200P,Gene
RN7SL364P,Gene
RN7SL832P,Gene
RNA28S5,Gene
RNA5-8S5,Gene
RNF152P1,Gene
RNF157-AS1,Gene
RNU1-138P,Gene
RNU2-10P,Gene
RNU2-28P,Gene
RNU2-51P,Gene
RNU6-45P,Gene
RPL12P4,Gene
RPL13P12,Gene
RPL23AP46,Gene
RPL24P2,Gene
RPL26P28,Gene
RPL29P19,Gene
RPL30P4,Gene
RPL31P47,Gene
RPL41P5,Gene
RPL5P3,Gene
RPL7AP25,Gene
RPL7AP65,Gene
RPS20P33,Gene
RPS24P8,Gene
RPS26P6,Gene
RPS28P7,Gene
RPS2P52,Gene
RPS3AP26,Gene
RPS7P11,Gene
RPS7P3,Gene
RPSAP18,Gene
RPSAP38,Gene
SACK1A-AS1,Gene
SBF1P2,Gene
SDCBP2P1,Gene
SEMA3B-AS1,Gene
SEPTIN14P23,Gene
SEPTIN7P1,Gene
SEPTIN7P5,Gene
SETP15,Gene
SH3TC2-DT,Gene
SLC25A15P5,Gene
SLC31A1P1,Gene
SLMO1,Gene
SNAR-A3,Gene
SNORA2B,Gene
SNORA30,Gene
SNORA51,Gene
SNORA55,Gene
SNORD105B,Gene
SNORD107,Gene
SNORD15A,Gene
SNORD1B,Gene
SNORD67,Gene
SNORD76,Gene
SNORD85,Gene
SNORD92,Gene
SNRPGP2,Gene
SNX18P2,Gene
SNX18P8,Gene
SOD1P1,Gene
SPESP1,Gene
SPINK14,Gene
SPINT1-AS1,Gene
SPRR5,Gene
ST13P12,Gene
TCTEX1D2,Gene
TEX49,Gene
THUMPD1P1,Gene
TIAF1,Gene
TMEM159,Gene
TMEM189,Gene
TOPORSLP,Gene
TPSP2,Gene
TRBV26,Gene
TRIM77BP,Gene
TSTA3,Gene
TVP23C-CDRT4,Gene
UBE2SP2,Gene
UPF3AP2,Gene
URB1-DT,Gene
VN1R20P,Gene
VTI1BP4,Gene
VWA8-AS1,Gene
WDR66,Gene
WDR95P,Gene
YWHAEP5,Gene
ZADH2,Gene
ZAK,Gene
ZNF32-AS2,Gene
ZNF812P,Gene
ZNRD1,Gene
ZNRF3-AS1,Gene
IGLC6,Gene
LINC00308,Gene
OR4E1,Gene
PPIAL4F,Gene
RHPN2P1,Gene
ARL8,Gene
DUX4L17,Gene
DUX4L9,Gene
IL17R,Gene
LNK,Gene
MIR29B,Gene
RFPL1,Gene
RPL10P8,Gene
SCD4,Gene
VDRA,Gene
VDRALPHA,Gene
VDRB,Gene
C4ORF47,Gene
FAM212A,Gene
GRAMD3,Gene
ODF3L1,Gene
SEPT4,Gene
SSSCA1,Gene
WDR63,Gene
AGTR2,Gene
CREG,Gene
RIG,Gene
ACE1,Gene
BCL-2,Gene
MIR1972-2,Gene
MIRLET7A1,Gene
MYHC,Gene
PA2G4P4,Gene
GATD3A,Gene
IGHV1-3,Gene
IGHV4-4,Gene
IGHV5-10-1,Gene
SULT1A,Gene
RPL10AP3,Gene
RPL21P131,Gene
RPS17P10,Gene
MRCL3,Gene
MSF,Gene
ANKRD20A20P,Gene
COL25A1-DT,Gene
ERV18-1,Gene
GFY,Gene
KRTAP10-5,Gene
LINC00596,Gene
LINC00700,Gene
LINC01165,Gene
POLR2M,Gene
POM121L10P,Gene
PRR27,Gene
SPATA42,Gene
SRRM2-AS1,Gene
TTC35,Gene
VN1R3,Gene
ZSCAN5C,Gene
HBB-LCR,Gene
IFNA3,Gene
MIR378D1,Gene
MIR4661,Gene
RNA5SP295,Gene
RNU6-1062P,Gene
RNU6-1278P,Gene
RNU6-334P,Gene
RNU6-367P,Gene
RNU6-494P,Gene
RNU6-612P,Gene
RNU7-136P,Gene
UBE2E3-DT,Gene
ACPL2,Gene
ACSM2,Gene
ASB15,Gene
ASCIZ,Gene
ATP5MGL,Gene
CART,Gene
CATSPER3,Gene
CENTD2,Gene
CRYGA,Gene
DDEFL1,Gene
DEFB130,Gene
DHFRP1,Gene
DOC1,Gene
EDDM3A,Gene
ELA3B,Gene
ERV3,Gene
FAM47A,Gene
GCRG224,Gene
GCS1,Gene
GGT2,Gene
GJA7,Gene
GVIN1,Gene
H2AB1,Gene
HDAC7A,Gene
HHCM,Gene
HLX1,Gene
HOP,Gene
HRES1,Gene
IGHV7-81,Gene
KRTAP5-6,Gene
MINA,Gene
MIST,Gene
MTM,Gene
MULK,Gene
NANOGP1,Gene
NAT5,Gene
NBPF5P,Gene
NGFB,Gene
NLF1,Gene
NULP1,Gene
OR13C3,Gene
OR13C5,Gene
OR13D1,Gene
OR13G1,Gene
OR13H1,Gene
OR1K1,Gene
OR2T29,Gene
OR3A4,Gene
OR4D10,Gene
OR4N2,Gene
OR52A5,Gene
OR52E5,Gene
OR56A3,Gene
OR5L1,Gene
OR5M8,Gene
PB1,Gene
PIPSL,Gene
PLDN,Gene
PRP2,Gene
PWP2H,Gene
RTP2,Gene
SBP1,Gene
SDCCAG3,Gene
SELS,Gene
SIP1,Gene
SND1-IT1,Gene
SPIN,Gene
SPINK9,Gene
STRC,Gene
TCEB3,Gene
TMEM5,Gene
TRBV3-1,Gene
TRGV9,Gene
TRIM64,Gene
TTTY12,Gene
TWISTNB,Gene
VCY1B,Gene
VN1R1,Gene
WAPAL,Gene
ZNF643,Gene
PIAS,Gene
MIR2355,Gene
MIR3651,Gene
MIR451B,Gene
MIR486-1,Gene
MIR486-2,Gene
MIR552,Gene
MIR5590,Gene
MIR6503,Gene
SNORD138,Gene
SFTPA,Gene
RIAN,Gene
CAP1P2,Gene
CHCHD2P6,Gene
CHCHD2P8,Gene
EEF1A1P12,Gene
EEF1A1P24,Gene
EEF1A1P35,Gene
EEF1A1P9,Gene
EEF1B2P6,Gene
EIF4A1P4,Gene
HMGN1P30,Gene
HNRNPA1P12,Gene
HNRNPA1P2,Gene
HNRNPA1P58,Gene
HNRNPA1P59,Gene
HNRNPA1P63,Gene
HNRPM,Gene
HSPA8P5,Gene
HSPD1P4,Gene
KRT18P31,Gene
LSM3P3,Gene
NPM1P25,Gene
OSTCP2,Gene
PGAM1P8,Gene
POLD2P1,Gene
PPIAP29,Gene
PPIAP31,Gene
PPIAP8,Gene
PTMAP8,Gene
RNA28SN5,Gene
RPL10P13,Gene
RPL10P16,Gene
RPL10P6,Gene
RPL12P32,Gene
RPL13AP16,Gene
RPL14P1,Gene
RPL15P3,Gene
RPL15P5,Gene
RPL17P18,Gene
RPL17P22,Gene
RPL17P34,Gene
RPL17P36,Gene
RPL17P39,Gene
RPL17P7,Gene
RPL17P8,Gene
RPL17P9,Gene
RPL18AP16,Gene
RPL18AP6,Gene
RPL21P105,Gene
RPL21P119,Gene
RPL21P125,Gene
RPL21P16,Gene
RPL21P20,Gene
RPL21P29,Gene
RPL21P37,Gene
RPL21P39,Gene
RPL21P46,Gene
RPL21P53,Gene
RPL21P61,Gene
RPL21P80,Gene
RPL21P98,Gene
RPL23AP21,Gene
RPL23AP24,Gene
RPL23AP42,Gene
RPL23AP43,Gene
RPL23AP57,Gene
RPL23AP63,Gene
RPL23AP65,Gene
RPL23AP74,Gene
RPL26P12,Gene
RPL26P19,Gene
RPL27AP6,Gene
RPL28P5,Gene
RPL29P11,Gene
RPL29P12,Gene
RPL29P9,Gene
RPL35P2,Gene
RPL36AP49,Gene
RPL39P32,Gene
RPL3P7,Gene
RPL4P2,Gene
RPL4P5,Gene
RPL6P19,Gene
RPL6P20,Gene
RPL6P27,Gene
RPL7AP26,Gene
RPL7AP30,Gene
RPL7AP62,Gene
RPL7AP66,Gene
RPL7AP70,Gene
RPL9P18,Gene
RPL9P25,Gene
RPL9P32,Gene
RPLP0P6,Gene
RPLP1P4,Gene
RPLP2P3,Gene
RPS10P14,Gene
RPS10P9,Gene
RPS12P23,Gene
RPS12P29,Gene
RPS12P4,Gene
RPS13P2,Gene
RPS15AP17,Gene
RPS15AP19,Gene
RPS15AP24,Gene
RPS15P1,Gene
RPS15P5,Gene
RPS16P1,Gene
RPS16P10,Gene
RPS18P12,Gene
RPS25P6,Gene
RPS25P8,Gene
RPS26L,Gene
RPS26P11,Gene
RPS26P2,Gene
RPS26P25,Gene
RPS27AP11,Gene
RPS27AP12,Gene
RPS27P13,Gene
RPS27P21,Gene
RPS27P23,Gene
RPS27P6,Gene
RPS28P4,Gene
RPS28P6,Gene
RPS29P10,Gene
RPS29P11,Gene
RPS29P17,Gene
RPS29P18,Gene
RPS29P3,Gene
RPS2P11,Gene
RPS2P17,Gene
RPS2P21,Gene
RPS2P29,Gene
RPS2P35,Gene
RPS2P40,Gene
RPS2P48,Gene
RPS2P51,Gene
RPS2P8,Gene
RPS3AP13,Gene
RPS3P3,Gene
RPS4XP6,Gene
RPS6P1,Gene
RPS8P8,Gene
RPS9P4,Gene
RPSAP29,Gene
RPSAP39,Gene
RPSAP46,Gene
RPSAP49,Gene
RPSAP56,Gene
SRP14P1,Gene
TMEM14DP,Gene
TPT1P4,Gene
TPT1P9,Gene
UQCRHP2,Gene
SDC,Gene
BMS1P10,Gene
IGHV3-30,Gene
MIR1231,Gene
MIR1261,Gene
MIR1276,Gene
MIR1281,Gene
MIR1285-2,Gene
MIR1288,Gene
MIR1293,Gene
MIR1538,Gene
MIR1913,Gene
MIR194-1,Gene
MIR218-2,Gene
MIR2681,Gene
MIR3118-1,Gene
MIR3118-2,Gene
MIR3118-3,Gene
MIR3118-4,Gene
MIR3125,Gene
MIR3129,Gene
MIR3133,Gene
MIR3135A,Gene
MIR3139,Gene
MIR3142,Gene
MIR3157,Gene
MIR3174,Gene
MIR3193,Gene
MIR3616,Gene
MIR3655,Gene
MIR3657,Gene
MIR3662,Gene
MIR3672,Gene
MIR3916,Gene
MIR3920,Gene
MIR4284,Gene
MIR4289,Gene
MIR4429,Gene
MIR4436B1,Gene
MIR4436B2,Gene
MIR4439,Gene
MIR4440,Gene
MIR4446,Gene
MIR4449,Gene
MIR4451,Gene
MIR4472-2,Gene
MIR4479,Gene
MIR4522,Gene
MIR4642,Gene
MIR4653,Gene
MIR4676,Gene
MIR4682,Gene
MIR4694,Gene
MIR4695,Gene
MIR4699,Gene
MIR4705,Gene
MIR4706,Gene
MIR4723,Gene
MIR4740,Gene
MIR4741,Gene
MIR4746,Gene
MIR4762,Gene
MIR4791,Gene
MIR4802,Gene
MIR5004,Gene
MIR512-2,Gene
MIR5188,Gene
MIR520B,Gene
MIR521-1,Gene
MIR544B,Gene
MIR548A3,Gene
MIR548AA2,Gene
MIR548AM,Gene
MIR548AQ,Gene
MIR548AS,Gene
MIR548D2,Gene
MIR548F2,Gene
MIR548H1,Gene
MIR548O2,Gene
MIR548X,Gene
MIR5579,Gene
MIR5585,Gene
MIR586,Gene
MIR607,Gene
MIR6089,Gene
MIR6501,Gene
MIR6512,Gene
MIR6732,Gene
MIR6733,Gene
MIR6734,Gene
MIR6781,Gene
MIR6789,Gene
MIR6807,Gene
MIR6824,Gene
MIR6826,Gene
MIR6827,Gene
MIR6850,Gene
MIR6880,Gene
MIR6881,Gene
MIR6882,Gene
MIR7109,Gene
MIR7114,Gene
MIR760,Gene
MIR7846,Gene
MIR8052,Gene
MIR933,Gene
MIR944,Gene
NPIPA2,Gene
RPL32P29,Gene
SMBD1P,Gene
SNORD5,Gene
SNORD64,Gene
TLCD4-RWDD3,Gene
TRBV12-4,Gene
NCAM,Gene
GPAT2,Gene
ADPGK-AS1,Gene
ALMS1P1,Gene
ATP1A1OS,Gene
BEND3P3,Gene
BETA-SPEC,Gene
C1GALT1C1L,Gene
C1QTNF1-AS1,Gene
CLIP1-AS1,Gene
DEFB109A,Gene
DENND10P1,Gene
DPY19L2P3,Gene
DSG2-AS1,Gene
ENO1-AS1,Gene
EPHA5-AS1,Gene
ERVK-6,Gene
FAM66A,Gene
FAM86C2P,Gene
GAL3,Gene
GAS5-AS1,Gene
GJE1,Gene
HAR1B,Gene
HLA-DPA3,Gene
IGFBP7-AS1,Gene
INO80B-WBP1,Gene
KIAA1919,Gene
LINC00858,Gene
LINC01193,Gene
MCTS2,Gene
MIR1204,Gene
MIR297,Gene
MIR3936,Gene
MIR4273,Gene
MIR4321,Gene
MKI67IP,Gene
MNX1-AS1,Gene
MRP1,Gene
MRP5,Gene
MTRNR2L3,Gene
NAPA-AS1,Gene
NCF1B,Gene
NEBL-AS1,Gene
PARTICL,Gene
PCNA-AS1,Gene
PDL1,Gene
PMF1-BGLAP,Gene
RAB7L1,Gene
RNU12,Gene
SEBOX,Gene
SERF2-C15ORF63,Gene
SMG7-AS1,Gene
SNORA53,Gene
SNORA54,Gene
SNORA6,Gene
SNORA9,Gene
SNORD12,Gene
SNORD124,Gene
SNORD139,Gene
SNORD1C,Gene
SNORD4A,Gene
SNORD4B,Gene
SNORD54,Gene
SNORD63,Gene
SNORD84,Gene
SNORD94,Gene
TCEB1,Gene
TM4SF19-DYNLT2B,Gene
TMCC1-DT,Gene
TMSB4XP6,Gene
TRPC2,Gene
UFD1L,Gene
UGDH-AS1,Gene
URGCP-MRPS24,Gene
USP3-AS1,Gene
YY1P2,Gene
ZNF559-ZNF177,Gene
ZNF561-AS1,Gene
TRDV1,Gene
BIP,Gene
MIR1,Gene
MIR449C,Gene
MIR548BA,Gene
OR6E1,Gene
CYP19,Gene
ECOP,Gene
CYP4A6,Gene
ARL2-SNX15,Gene
C21ORF140,Gene
CDRT15L2,Gene
CYP2C1,Gene
TCP10L2,Gene
XRCC6BP1,Gene
CXORF49,Gene
ATP6V0E,Gene
BLES03,Gene
H41,Gene
LYRIC,Gene
MAN1,Gene
MTB,Gene
NOLA2,Gene
PSME3IP1P1,Gene
PTMAP7,Gene
RHOXF2,Gene
RHOXF2B,Gene
SFRS16,Gene
SPG4,Gene
SYBL1,Gene
UBXD2,Gene
VPS26,Gene
FH1,Gene
MOP,Gene
GLO2,Gene
C4B_2,Gene
GRIN1A,Gene
ABCB10P4,Gene
ACTG1P12,Gene
ACTG1P3,Gene
ACTN4P2,Gene
ADAM20P1,Gene
ADAMTS7P1,Gene
AGAP12P,Gene
AGKP1,Gene
ALDH7A1P1,Gene
ANAPC10P1,Gene
ARNILA,Gene
ATF4P3,Gene
BACH1-AS1,Gene
BRAFP1,Gene
BTF3P3,Gene
C1QTNF3-AMACR,Gene
CAP2P1,Gene
CASC17,Gene
CD44-AS1,Gene
CENPCP1,Gene
CKAP2LP1,Gene
CLDN25,Gene
CLDN34,Gene
CNN2P8,Gene
CNN2P9,Gene
CTBP2P8,Gene
CUL1P1,Gene
CYB5AP2,Gene
CYCSP24,Gene
DAPK1-IT1,Gene
DDX10P1,Gene
DEPDC1P1,Gene
DEPDC1P2,Gene
DISC1-IT1,Gene
DNM1P34,Gene
DPPA2P4,Gene
DPRXP3,Gene
EAF1-AS1,Gene
EEF1A1P28,Gene
EEF1A1P3,Gene
EEF1A1P30,Gene
EEF1DP2,Gene
EIF3KP1,Gene
ELF2P1,Gene
ERVE-1,Gene
ERVFRD-3,Gene
FAM138E,Gene
FAM197Y9,Gene
FAM223A,Gene
FAM230H,Gene
FAM90A24,Gene
FBXW4P1,Gene
FGF12-AS2,Gene
FHAD1-AS1,Gene
GAPDHP43,Gene
GAU1,Gene
GPC5-IT1,Gene
GYG2P1,Gene
HCP5B,Gene
HDAC1P1,Gene
HMGB1P24,Gene
HNRNPA1P54,Gene
HNRNPA1P68,Gene
HNRNPH1P1,Gene
HRAT17,Gene
HSPD1P13,Gene
IPO8P1,Gene
JADRR,Gene
KDM5C-IT1,Gene
KPNB1P1,Gene
KRT17P4,Gene
KRT18P14,Gene
KRT18P22,Gene
KRT18P5,Gene
KRT18P61,Gene
KRT8P15,Gene
LCMT1-AS2,Gene
LINC00507,Gene
LINC00538,Gene
LINC00547,Gene
LINC00561,Gene
LINC01087,Gene
LINC01202,Gene
LINC01247,Gene
LINC01287,Gene
LINC01344,Gene
LINC01359,Gene
LINC01414,Gene
LINC01440,Gene
LINC01500,Gene
LINC01517,Gene
LINC01544,Gene
LINC01616,Gene
LINC01624,Gene
LINC01721,Gene
LINC01722,Gene
LINC01748,Gene
LINC01755,Gene
LINC01785,Gene
LINC01811,Gene
LINC01819,Gene
LINC01902,Gene
LINC01903,Gene
LINC01908,Gene
LINC01949,Gene
LINC01965,Gene
LINC01967,Gene
LINC02032,Gene
LINC02053,Gene
LINC02054,Gene
LINC02067,Gene
LINC02156,Gene
LINC02235,Gene
LINC02251,Gene
LINC02263,Gene
LINC02284,Gene
LINC02316,Gene
LINC02359,Gene
LINC02371,Gene
LINC02429,Gene
LINC02452,Gene
LINC02471,Gene
LINC02503,Gene
LINC02540,Gene
LINC02556,Gene
LINC02580,Gene
LINC02605,Gene
LINC02607,Gene
LINC02660,Gene
LINC02714,Gene
LINC02720,Gene
LINC02754,Gene
LINC02780,Gene
LINC02785,Gene
LINC02795,Gene
LINC02801,Gene
LINC02808,Gene
LINC02814,Gene
LINC02822,Gene
MAGI1-IT1,Gene
MAP3K4-AS1,Gene
MESTP4,Gene
MIPEPP1,Gene
MIR122HG,Gene
MIR1302-9HG,Gene
MIR4422HG,Gene
MKRN5P,Gene
MROH7-TTC4,Gene
MT1,Gene
MTATP6P11,Gene
MTATP6P19,Gene
MTCO1P11,Gene
MTCO1P42,Gene
MTCO2P11,Gene
MTCO3P11,Gene
MTCYBP5,Gene
MTND1P14,Gene
MTND1P24,Gene
MTND2P12,Gene
MTND4P16,Gene
MTND4P34,Gene
MTRNR2L4,Gene
MXRA5Y,Gene
MYO5BP1,Gene
MYT1L-AS1,Gene
NAMA,Gene
NANOGP4,Gene
NANOGP8,Gene
NAV2-AS5,Gene
NAV2-IT1,Gene
NDUFV1-DT,Gene
NDUFV2P1,Gene
NLRP9P1,Gene
NPM1P3,Gene
NRIR,Gene
NSRP1P1,Gene
NT5C3AP2,Gene
NUDCP1,Gene
OLA1P3,Gene
OR12D1,Gene
OR2AP1,Gene
OR2L5,Gene
OR51B3P,Gene
OR52P1P,Gene
OR6U2P,Gene
OR7E115P,Gene
OR7E11P,Gene
OR7E25P,Gene
OR9M1P,Gene
OTUD4P1,Gene
PAQR5-DT,Gene
PCAT14,Gene
PCDHGB9P,Gene
PDCL3P2,Gene
PDCL3P6,Gene
PGK1P1,Gene
PHACTR2P1,Gene
PHB1P19,Gene
POGLUT2P1,Gene
POTEB3,Gene
POU5F1P5,Gene
PSG8-AS1,Gene
PSME2P5,Gene
PTPN20CP,Gene
RBMS2P1,Gene
RBMS3-AS2,Gene
RGS17P1,Gene
RGS5-AS1,Gene
RN7SKP151,Gene
RN7SKP96,Gene
RN7SL605P,Gene
RNU5E-6P,Gene
RPL23AP34,Gene
RPL23AP81,Gene
RPL5P14,Gene
RPL5P18,Gene
RPL5P4,Gene
RPL7P46,Gene
RPL7P7,Gene
RPS26P20,Gene
RPS2P1,Gene
RPS2P44,Gene
RPS3AP14,Gene
RPS3AP19,Gene
RPS3AP29,Gene
RPS3AP37,Gene
RPSAP21,Gene
RPSAP36,Gene
RPSAP53,Gene
RPSAP69,Gene
SAR1AP4,Gene
SDAD1-AS1,Gene
SEC61G-DT,Gene
SH3PXD2A-AS1,Gene
SIRPB3P,Gene
SLC2A3P2,Gene
SLC47A1P1,Gene
SMARCE1P1,Gene
SMARCE1P5,Gene
SNORA35B,Gene
SNRPD2P1,Gene
SNX18P10,Gene
SNX18P12,Gene
SNX5P2,Gene
SPATA31B1P,Gene
SPTLC1P1,Gene
SSBL3P,Gene
ST7-AS2,Gene
STK32A-AS1,Gene
SUDS3P1,Gene
SUGT1P2,Gene
TFDP1P2,Gene
THAP12P7,Gene
THCAT155,Gene
THSD4-AS1,Gene
TLK2P2,Gene
TRIM36-IT1,Gene
TRIM49D1,Gene
TUBAP7,Gene
TWF1P1,Gene
TXN2P1,Gene
UNGP1,Gene
USP17L16P,Gene
USP17L30,Gene
VPS26AP1,Gene
WDR45P1,Gene
XIAPP2,Gene
YBX2P2,Gene
YES1P1,Gene
YWHAZP10,Gene
ZFP423,Gene
ZNF33BP1,Gene
ZNF497-AS1,Gene
ZNF663P,Gene
ZNRF3-IT1,Gene
CTSLP6,Gene
FAM215B,Gene
HSP90AA4P,Gene
INGX,Gene
SPDYE2B,Gene
IGLV2-11,Gene
FOXD3-AS1,Gene
LINC01213,Gene
DDX11L8,Gene
DEFB110,Gene
GGTLC3,Gene
MRT4,Gene
VPS24,Gene
WDR79,Gene
AKR1C7P,Gene
CYYR1-AS1,Gene
STAU,Gene
RAP1BL,Gene
TROVE2,Gene
ABCB1B,Gene
CXCL15,Gene
MIR338,Gene
RPS10P5,Gene
TAS2R105,Gene
CCIN,Gene
API5P1,Gene
C3ORF36,Gene
CD24P4,Gene
GATA6-AS1,Gene
ILF3-DT,Gene
LINC02806,Gene
MIR3937,Gene
MIR3945,Gene
MIR4257,Gene
MIR4291,Gene
MIR4462,Gene
MIR4465,Gene
MIR4481,Gene
MIR4534,Gene
MIR4655,Gene
MIR4656,Gene
MIR4659A,Gene
MIR4734,Gene
MIR4778,Gene
MIR520E,Gene
MIR5703,Gene
MIR5787,Gene
MIR6129,Gene
MIR95,Gene
PITPNA-AS1,Gene
PRSS3P2,Gene
PSAT1P1,Gene
PWAR6,Gene
PWRN2,Gene
SPATA31D4,Gene
TCP10L3,Gene
TMEM167,Gene
TMEM170,Gene
WASH7P,Gene
GAPDH1,Gene
KRT18P12,Gene
KRT18P16,Gene
KRT18P21,Gene
KRT18P29,Gene
KRT18P32,Gene
KRT18P42,Gene
KRT18P45,Gene
KRT18P58,Gene
KRT18P6,Gene
PRPF38AP1,Gene
QRSL1P1,Gene
RNASEH1-DT,Gene
CDK11,Gene
MIR621,Gene
TTC40,Gene
BSP,Gene
PSME2P3,Gene
DYNLL1P4,Gene
ELOBP2,Gene
GAPDHP60,Gene
KRT18P18,Gene
MTRNR2L9,Gene
PFN1P9,Gene
RNA5SP191,Gene
RNA5SP202,Gene
RNA5SP336,Gene
RNA5SP481,Gene
RPL10AP2,Gene
SNORA15,Gene
SNORA5C,Gene
SNORA80A,Gene
SNORD113-4,Gene
SNORD126,Gene
SNORD48,Gene
TMSB10P1,Gene
TRI-TAT2-2,Gene
MIR10395,Gene
MIR10398,Gene
MIR10401,Gene
MIR10524,Gene
MIR1229,Gene
MIR1267,Gene
MIR219A1,Gene
MIR2392,Gene
MIR3151,Gene
MIR3162,Gene
MIR3166,Gene
MIR4254,Gene
MIR4305,Gene
MIR4317,Gene
MIR4329,Gene
MIR4428,Gene
MIR4438,Gene
MIR4445,Gene
MIR4468,Gene
MIR4483,Gene
MIR4518,Gene
MIR4519,Gene
MIR4640,Gene
MIR4644,Gene
MIR4697,Gene
MIR4712,Gene
MIR4713,Gene
MIR4725,Gene
MIR4785,Gene
MIR4787,Gene
MIR4793,Gene
MIR4800,Gene
MIR5002,Gene
MIR5003,Gene
MIR5089,Gene
MIR548AL,Gene
MIR548AY,Gene
MIR548J,Gene
MIR548M,Gene
MIR550A1,Gene
MIR5571,Gene
MIR5681A,Gene
MIR6130,Gene
MIR614,Gene
MIR632,Gene
MIR642B,Gene
MIR6505,Gene
MIR6516,Gene
MIR6716,Gene
MIR6747,Gene
MIR6754,Gene
MIR6755,Gene
MIR6780A,Gene
MIR6780B,Gene
MIR6784,Gene
MIR6790,Gene
MIR6800,Gene
MIR6809,Gene
MIR6810,Gene
MIR6849,Gene
MIR6858,Gene
MIR6859-1,Gene
MIR6865,Gene
MIR6870,Gene
MIR6875,Gene
MIR6883,Gene
MIR6884,Gene
MIR6886,Gene
MIR6890,Gene
MIR6893,Gene
MIR7152,Gene
MIR764,Gene
MIR7702,Gene
GAGE4,Gene
H2AB3,Gene
MKP3,Gene
SLUG,Gene
TTC7,Gene
YY2,Gene
ADAM1A,Gene
AFF1-AS1,Gene
ALG1L9P,Gene
CEACAM22P,Gene
FAM245A,Gene
FRG1HP,Gene
GLUD1P3,Gene
GOLGA8S,Gene
GOLGA8T,Gene
GUSBP17,Gene
HERC2P7,Gene
HTATSF1P2,Gene
LINC00939,Gene
LINC01126,Gene
LINC01426,Gene
LINC01530,Gene
NDUFB2-AS1,Gene
PRICKLE2-AS1,Gene
PTCSC3,Gene
TLR8-AS1,Gene
MUC,Gene
RHEBP1,Gene
C7ORF50,Gene
HNF4,Gene
ACTG1P20,Gene
FAM87B,Gene
LILRB4A,Gene
LINC01589,Gene
TTC16,Gene
ACAA1A,Gene
CYP2AB1P,Gene
PYK,Gene
RUVBL1-AS1,Gene
ATP6V1FNB,Gene
B4GALT1-AS1,Gene
BTG3-AS1,Gene
C12ORF45,Gene
DEPDC1-AS1,Gene
DOCK9-DT,Gene
EEF1AKMT4,Gene
EXOSC10-AS1,Gene
HMGA1P4,Gene
HMGN2P3,Gene
IGF2BP2-AS1,Gene
IRS3P,Gene
LINC02012,Gene
LINC02361,Gene
LINC02582,Gene
LINC02725,Gene
MPRIP-AS1,Gene
PACERR,Gene
PIFO,Gene
RASSF8-AS1,Gene
RN7SL535P,Gene
RNU5A-8P,Gene
RPL34P6,Gene
RPL4P6,Gene
UBE2D3-AS1,Gene
KIAA1656,Gene
LINC00668,Gene
SMEK2,Gene
SNORD23,Gene
FGF,Gene
KIRREL3-AS2,Gene
LASTR,Gene
LINC02561,Gene
MIR4742,Gene
RNA5SP385,Gene
RNU6-301P,Gene
RNU6-659P,Gene
SPART-AS1,Gene
YAE1D1,Gene
MIR3188,Gene
RNVU1-20,Gene
ATP5G2,Gene
C9ORF84,Gene
EPRS,Gene
KIRREL,Gene
LINC02656,Gene
MINAR2,Gene
MIR125B,Gene
MIR199A,Gene
MIR30C,Gene
MIR4262,Gene
MIR4277,Gene
MIR769,Gene
OR14K1,Gene
RNF148,Gene
SSFA2,Gene
CLN9,Gene
C8ORF44-SGK3,Gene
IGHV3OR16-13,Gene
LINC00867,Gene
RPS26P57,Gene
LINC01537,Gene
ARAP1-AS1,Gene
CATIP-AS1,Gene
COL4A2-AS1,Gene
CORO1A-AS1,Gene
CSRP3-AS1,Gene
DNMT3L-AS1,Gene
FBXW7-AS1,Gene
FLNC-AS1,Gene
FOXC2-AS1,Gene
GCC2-AS1,Gene
GK-AS1,Gene
GK-IT1,Gene
GSN-AS1,Gene
HOXB-AS4,Gene
HOXC13-AS,Gene
LIF-AS1,Gene
LINC01391,Gene
LINC01679,Gene
LINC01996,Gene
LINC02019,Gene
LINC02481,Gene
LRRC8D-DT,Gene
MID1IP1-AS1,Gene
MMEL1-AS1,Gene
NGFR-AS1,Gene
NR4A1AS,Gene
NUCB1-AS1,Gene
PLA2G4E-AS1,Gene
PLCL2-AS1,Gene
POLH-AS1,Gene
SKAP1-AS1,Gene
SLC25A34-AS1,Gene
SYP-AS1,Gene
TAB3-AS1,Gene
TAB3-AS2,Gene
THY1-AS1,Gene
TNFRSF10A-AS1,Gene
TNRC6B-DT,Gene
TTC23L-AS1,Gene
ZNF114-AS1,Gene
DUS4L-BCAP29,Gene
FMC1-LUC7L2,Gene
ACPP,Gene
ADSS,Gene
AES,Gene
C12ORF10,Gene
C12ORF49,Gene
C19ORF24,Gene
C6ORF203,Gene
C8ORF59,Gene
CCDC130,Gene
COL4A3BP,Gene
DIRC2,Gene
FAM173B,Gene
H2AFY2,Gene
HEXDC,Gene
HIST2H2AC,Gene
KIAA0100,Gene
KIAA1551,Gene
KIAA1841,Gene
LEXM,Gene
LRRC6,Gene
MPP5,Gene
MUT,Gene
OR2A1,Gene
PQLC3,Gene
PRR33,Gene
TARSL2,Gene
UHRF1BP1L,Gene
VNN3,Gene
GSTP2,Gene
HSP90AB3P,Gene
LINC02273,Gene
MIR3135B,Gene
TNFRSF14-AS1,Gene
LINC02615,Gene
ATP6V1G2-DDX39B,Gene
BANCR,Gene
DENND5B-AS1,Gene
FAM230B,Gene
LIMS4,Gene
LINC00881,Gene
LINC01719,Gene
LINC01844,Gene
LRRC37A,Gene
MIR133A1HG,Gene
MIR4423,Gene
MIR4667,Gene
MIR4669,Gene
MIR4688,Gene
MIR4732,Gene
MIR4750,Gene
MIR584,Gene
MIR664A,Gene
MIR873,Gene
NPTN-IT1,Gene
PABPC5-AS1,Gene
RN7SL3,Gene
RNA5-8SN1,Gene
RNA5-8SN3,Gene
RNU1-2,Gene
RNU4-1,Gene
RNU6-9,Gene
SCARNA7,Gene
SLX1B-SULT1A4,Gene
SNORA10B,Gene
SNORA17A,Gene
SNORA2C,Gene
SNORA31B,Gene
SNORD115-32,Gene
ZC3H11B,Gene
DCTN6-DT,Gene
GPRC6A,Gene
MURC,Gene
EIF4G,Gene
AK6P1,Gene
ARPC3P3,Gene
BOD1L,Gene
ENTR1P2,Gene
FMNL1-DT,Gene
GRAPL-AS1,Gene
GSG1L2,Gene
KCTD9P4,Gene
LINC00376,Gene
LINC00544,Gene
LINC01310,Gene
LINC01387,Gene
LINC01546,Gene
LINC02090,Gene
LINC02667,Gene
LINC02929,Gene
MLLT4,Gene
MRS2P2,Gene
MSL3P3,Gene
OR2U1P,Gene
OR5BS1,Gene
OR7A2P,Gene
OR7D4,Gene
OR7E18P,Gene
RAP1BP1,Gene
RN7SL736P,Gene
RPL9P30,Gene
RSG1,Gene
SEPT3,Gene
SLCO5A1-AS1,Gene
SMG1-DT,Gene
SNRPGP13,Gene
TAF5LP1,Gene
TMEM246-AS1,Gene
TRAV12-1,Gene
TRAV6,Gene
VN1R17P,Gene
VN1R33P,Gene
ZNF252,Gene
CYP11A,Gene
UBE2R2-AS1,Gene
EPIST,Gene
ERVH-4,Gene
ERVH-6,Gene
IDH1-AS1,Gene
LINC00458,Gene
,Gene
RAPGEF4-AS1,Gene
SNORD123,Gene
SOX21-AS1,Gene
ZNF503-AS1,Gene
P76,Gene
PRO2268,Gene
RAB1C,Gene
SNORD13P2,Gene
SNORD45C,Gene
SNORD49B,Gene
SNORD77,Gene
TUBB8B,Gene
DHFRP2,Gene
HMGB1P37,Gene
HMGN2P41,Gene
KRT16P1,Gene
RBBP4P1,Gene
RNA18SN5,Gene
RPL7P22,Gene
S100A11P1,Gene
ST8SIA6-AS1,Gene
UBE2HP1,Gene
B3GALT9,Gene
AQP5-AS1,Gene
BAZ2B-AS1,Gene
BIC,Gene
BZW1-AS1,Gene
CAHM,Gene
COL18A1-AS1,Gene
DLX,Gene
FAM87A,Gene
GAJ,Gene
GHRLOS,Gene
HMGA1P7,Gene
HSF,Gene
HSP90AB5P,Gene
IGKV1OR15-118,Gene
IL6RA,Gene
KRT16P6,Gene
L1CAM-AS1,Gene
LINC00559,Gene
LINC01523,Gene
LINC02728,Gene
MIR3178,Gene
MIR3620,Gene
MIR3679,Gene
MIR4280,Gene
MIR4324,Gene
MIR4488,Gene
MIR4505,Gene
MIR4701,Gene
MIR519D,Gene
MIR520C,Gene
MIR595,Gene
MIR624,Gene
MIR6753,Gene
MIR6765,Gene
MIR6769A,Gene
MIR6779,Gene
MIR6820,Gene
MIR7843,Gene
MIR876,Gene
OXCT1-AS1,Gene
PGR-AS1,Gene
PRANCR,Gene
PZP2P,Gene
RNU6-807P,Gene
RSL24D1P3,Gene
SNHG18,Gene
SNORA81,Gene
SNORD110,Gene
SNORD2,Gene
SNORD81,Gene
SNORD88B,Gene
SNORD88C,Gene
SPAG11A,Gene
THRIL,Gene
TRAV17,Gene
TRAV21,Gene
TRAV23DV6,Gene
TRAV26-2,Gene
TRAV8-6,Gene
TRGC2,Gene
ZDHHC12-DT,Gene
ZNF213-AS1,Gene
GPX1P1,Gene
IGHV1OR21-1,Gene
MIR606,Gene
MIR936,Gene
RNU4-15P,Gene
RNU6-384P,Gene
RNU6-548P,Gene
RPL36AP37,Gene
TRDV3,Gene
C19ORF85,Gene
CPSF1P1,Gene
CTSLP3,Gene
DUX4L50,Gene
ERVV-2,Gene
KRT19P1,Gene
METTL15P1,Gene
NOC2LP1,Gene
NPIPB10P,Gene
PPIAP22,Gene
RPS27P25,Gene
SLC2A3P4,Gene
SMIM38,Gene
SNX18P3,Gene
TRIM51BP,Gene
UPK3BP1,Gene
PVF1,Gene
NSP,Gene
POLG1,Gene
CLCA3,Gene
FKBP6P2,Gene
MDH,Gene
HSFX3,Gene
IGLV5-52,Gene
LINC01502,Gene
NDUFA4,Gene
ABT1P1,Gene
ARGFXP2,Gene
ARL4AP3,Gene
ATOSBP1,Gene
BNIP3P11,Gene
BTBD6P1,Gene
C4ORF46P3,Gene
CENPUP2,Gene
CLCN3P1,Gene
CORO1CP1,Gene
CYP4F59P,Gene
FNTAP2,Gene
FTOP1,Gene
GLULP4,Gene
GPR79P,Gene
HMGB1P51,Gene
KARS1P3,Gene
MOB4P1,Gene
MTND4P9,Gene
PDCD6-AHRR,Gene
PRELID3BP4,Gene
QRSL1P3,Gene
RPL26P36,Gene
RPL7AP2,Gene
RPL7P14,Gene
RPS12P27,Gene
RPS3AP49,Gene
RPS4XP3,Gene
RSL24D1P1,Gene
SCOCP1,Gene
SKP1P1,Gene
TEX54,Gene
TUBBP10,Gene
YBX2P1,Gene
ZDHHC4P1,Gene
CNK,Gene
HEXO1,Gene
HMG1,Gene
PLK,Gene
RPL21P4,Gene
RPL23AP1,Gene
SAH,Gene
CCND,Gene
IGLV6-57,Gene
KRT8P35,Gene
LINC02431,Gene
MFSD2,Gene
OPN1MW,Gene
OR52B5P,Gene
PPIAP35,Gene
SPATA8-AS1,Gene
ZNF252P-AS1,Gene
ZPR1P1,Gene
CADM3-AS1,Gene
CYP51A1-AS1,Gene
FAM27D1,Gene
KIZ-AS1,Gene
LEMD1-AS1,Gene
LINC00226,Gene
LINC00572,Gene
LINC00919,Gene
LINC01242,Gene
LINC01527,Gene
LINC01922,Gene
LINC01970,Gene
LINC02114,Gene
LINC02232,Gene
LINC02352,Gene
LINC02683,Gene
MIR301,Gene
MIR509,Gene
MIR550,Gene
MIRLET7F,Gene
MSL-1,Gene
PRO1804,Gene
PTOV1-AS2,Gene
RNA45SN4,Gene
BAP18,Gene
FAM217A,Gene
OR10AC1,Gene
SPATA31E1,Gene
TEX28,Gene
UQCRFS1P1,Gene
APOC4-APOC2,Gene
INMT-MINDY4,Gene
LINC01289,Gene
MEIS1-AS3,Gene
MIA2-AS1,Gene
RD3L,Gene
SLC25A3P1,Gene
H2BK1,Gene
MIR3175,Gene
TAF11L4,Gene
DEFB131B,Gene
GOLGA8O,Gene
TMX2-CTNND1,Gene
H3P16,Gene
NDUFB4P12,Gene
RPL15P20,Gene
SRP9P1,Gene
TPM3P8,Gene
MIR578,Gene
RPL23AP37,Gene
EIF4BP1,Gene
BECN2,Gene
MIR133A1,Gene
MIR146,Gene
MIR3185,Gene
MIR4433A,Gene
MIR4689,Gene
MIR4707,Gene
MIR664B,Gene
MIR7110,Gene
RNA5-8SN4,Gene
RNU1-27P,Gene
SPESP1-NOX5,Gene
UGT1A6A,Gene
HIP14,Gene
RN7SKP56,Gene
RNA5SP303,Gene
RNU4-38P,Gene
RNU4-60P,Gene
RNU6-1004P,Gene
RNU6-1024P,Gene
RNU6-1258P,Gene
RNU6-306P,Gene
RNU6-611P,Gene
RNU6-667P,Gene
RNU6-998P,Gene
RNU7-113P,Gene
RNU7-134P,Gene
RNU7-141P,Gene
RNU7-172P,Gene
AP1G2-AS1,Gene
ARHGEF17-AS1,Gene
BTBD3-AS1,Gene
CAMSAP1-DT,Gene
DDX3ILA1,Gene
EHBP1-AS1,Gene
FOXO6-AS1,Gene
FZD4-DT,Gene
GATD1-DT,Gene
GRM3-AS1,Gene
GRTP1-AS1,Gene
JPT1P1,Gene
LARP4B-DT,Gene
LINC01176,Gene
LINC01355,Gene
LINC01397,Gene
LINC01436,Gene
LINC01475,Gene
LINC01526,Gene
LINC02243,Gene
LINC02687,Gene
LINC02690,Gene
LINGO1-AS1,Gene
LMX1A-AS1,Gene
LNROP,Gene
MAFTRR,Gene
MAP3K5-AS1,Gene
MED4-AS1,Gene
MRPS30-DT,Gene
MTVR2,Gene
NFE2L1-DT,Gene
NHS-AS1,Gene
NSMCE1-DT,Gene
P3H2-AS1,Gene
PALLD-AS1,Gene
PDPR2P,Gene
PIRAT1,Gene
PRKD3-DT,Gene
SAMD4A-AS1,Gene
SBNO1-AS1,Gene
SCEL-AS1,Gene
SETBP1-DT,Gene
SGO1-AS1,Gene
SLC25A30-AS1,Gene
SLC38A2-AS1,Gene
SLIT3-AS1,Gene
STEAP1B-AS1,Gene
TCERG1L-AS1,Gene
TMEM139-AS1,Gene
VPS13A-AS1,Gene
WARS2-IT1,Gene
ZKSCAN7-AS1,Gene
FCGR3,Gene
CO3,Gene
GDN,Gene
PR38A,Gene
RABX5,Gene
ACAP2-IT1,Gene
AOAH-IT1,Gene
CHMP4BP1,Gene
DGUOK-AS1,Gene
EIF3EP1,Gene
EIF3FP3,Gene
EIF4BP6,Gene
HCG4P7,Gene
HMGB3P32,Gene
IGHV1OR15-3,Gene
IGHV3-23,Gene
IGHV4OR15-8,Gene
LRRC37A17P,Gene
LRRFIP1P1,Gene
LSM12P1,Gene
MIR4489,Gene
MTND6P4,Gene
NPPA-AS1,Gene
OR7E128P,Gene
OR7E38P,Gene
PA2G4P1,Gene
PLEKHA3P1,Gene
PTGES3P2,Gene
RAB30-DT,Gene
RASA3-IT1,Gene
RN7SL280P,Gene
RNU5B-2P,Gene
RNU6-510P,Gene
SMPD4P1,Gene
SUMO2P17,Gene
TAGLN2P1,Gene
TRBJ2-3,Gene
TRBJ2-6,Gene
TRDC,Gene
TRDJ3,Gene
TRDJ4,Gene
TRGJP1,Gene
TRGV10,Gene
TRGV5P,Gene
TRGV7,Gene
TRGVA,Gene
YEATS2-AS1,Gene
RNU7-65P,Gene
ATG1,Gene
OR51A5,Gene
LINC00354,Gene
LINC01044,Gene
LINC02182,Gene
MAST4-AS1,Gene
MIR3140,Gene
MIR4256,Gene
MIR548A2,Gene
RNA5SP498,Gene
RNU4-40P,Gene
RNU6-177P,Gene
RNU6-388P,Gene
RNU6-853P,Gene
RNU6-893P,Gene
RNU6ATAC18P,Gene
SYN2A,Gene
SYN2B,Gene
FAM41AY1,Gene
RPL37P6,Gene
ACF,Gene
APPL,Gene
BF,Gene
DRB1,Gene
IGKV2-24,Gene
INOS,Gene
MCP,Gene
MIR153,Gene
MIR3131,Gene
MIR337,Gene
MIR3714,Gene
MIR4263,Gene
MIR4300,Gene
MIR4301,Gene
MIR490,Gene
MIR514A1,Gene
MIR628,Gene
MIR662,Gene
MIRLET7F2,Gene
OR10D3,Gene
RNA5SP444,Gene
RNU2-7P,Gene
RNU6-125P,Gene
RNU6-789P,Gene
RNU6-90P,Gene
TCFL1,Gene
TRX,Gene
EDRF1-DT,Gene
HOXD-AS2,Gene
LINC00328,Gene
RB,Gene
RPLP2P1,Gene
RPS4XP9,Gene
ASB9P1,Gene
BRDTP1,Gene
CAMTA1-AS3,Gene
DEFB117,Gene
GOLGA8J,Gene
HLA-DQB1-AS1,Gene
LINC01099,Gene
LINC01149,Gene
LINC01442,Gene
LINC01740,Gene
LINC01766,Gene
LINC01788,Gene
LINC02031,Gene
LINC02104,Gene
LINC02161,Gene
LINC02783,Gene
LINC02825,Gene
LINC02862,Gene
LYPLA2P2,Gene
MIR1255B1,Gene
MIR301B,Gene
MIR3119-1,Gene
MIR3134,Gene
MIR3913-2,Gene
MIR3974,Gene
MIR4293,Gene
MIR4295,Gene
MIR4306,Gene
MIR4436A,Gene
MIR4477A,Gene
MIR4490,Gene
MIR450A2,Gene
MIR4520-2,Gene
MIR4643,Gene
MIR4692,Gene
MIR4718,Gene
MIR4765,Gene
MIR4774,Gene
MIR4803,Gene
MIR517C,Gene
MIR548AG2,Gene
MIR548AK,Gene
MIR548X2,Gene
OR5AK4P,Gene
OR7E12P,Gene
RNVU1-19,Gene
SCARNA14,Gene
SCARNA27,Gene
SCARNA3,Gene
SNHG27,Gene
SNORA36B,Gene
SNORA63C,Gene
SNORD116-27,Gene
SNORD28B,Gene
SNORD62A,Gene
SNORD88A,Gene
SORBS2-AS1,Gene
SPAG11B,Gene
TRAJ17,Gene
MOD2,Gene
KIP1,Gene
IGLC1,Gene
AGTR1A,Gene
AK2P2,Gene
ALG1L7P,Gene
CBX3P9,Gene
CLIC4P1,Gene
GMPSP1,Gene
HNRNPA1P36,Gene
IMMP1LP1,Gene
KRT16P3,Gene
KRT18P48,Gene
LAGE3P1,Gene
PRR13P1,Gene
PSMC1P4,Gene
PSMC1P9,Gene
RHOQP3,Gene
RPL35P5,Gene
RPL36AP44,Gene
RPL5P1,Gene
RPL7AP53,Gene
RPL7L1P9,Gene
RPS15AP34,Gene
RPS27AP16,Gene
RPS27P9,Gene
RPS2P9,Gene
RPS3AP39,Gene
RPS4XP11,Gene
SNORA32,Gene
SNORD14C,Gene
SNORD33,Gene
TLE1P1,Gene
TPI1P1,Gene
TPM3P5,Gene
UNC93B4,Gene
INFG,Gene
GE,Gene
MYMK,Gene
PCDH11,Gene
SCXA,Gene
BTR175,Gene
MIR19B-1,Gene
MIR4455,Gene
MIR4531,Gene
ARF1P1,Gene
CD3Z,Gene
CIA30,Gene
CKMT1,Gene
COX7BP1,Gene
DP1,Gene
EXO70,Gene
GAGE5,Gene
GK6P,Gene
P24B,Gene
SHC1P1,Gene
UK114,Gene
ARHGEF34P,Gene
IGKV1-13,Gene
OR5D3,Gene
PBR,Gene
RPL18P4,Gene
RPL39P5,Gene
SPATA31C1,Gene
TRBV7-4,Gene
FAM24B-CUZD1,Gene
FKBP1AP1,Gene
MIR3652,Gene
MIR4523,Gene
NUDT4B,Gene
SNORD24,Gene
SNORD58B,Gene
SNORD86,Gene
TAG,Gene
ARSD-AS1,Gene
FAM220CP,Gene
GRASLND,Gene
H3P31,Gene
HMGN1P8,Gene
HOXA10-HOXA9,Gene
IGKV1OR2-118,Gene
IKBKE-AS1,Gene
KCNH1-IT1,Gene
KCNQ5-IT1,Gene
LINC00701,Gene
LINC00861,Gene
LINC01123,Gene
LINC01132,Gene
LINC01780,Gene
LINC02348,Gene
LINC02675,Gene
LINC03064,Gene
MIR199A1,Gene
MIR3160-1,Gene
MIR92A,Gene
MTUS1-DT,Gene
PDPK2P,Gene
PRRT3-AS1,Gene
RM2,Gene
RN7SKP4,Gene
RNA5SP139,Gene
RNA5SP221,Gene
RNU6-890P,Gene
RNU7-1,Gene
RNVU1-2,Gene
RNVU1-3,Gene
RNVU1-30,Gene
SNORD13P3,Gene
SNORD14A,Gene
SPATA3-AS1,Gene
TNFB,Gene
TRAJ23,Gene
TRBV20-1,Gene
TUBBP5,Gene
UICLM,Gene
WDR35-DT,Gene
ZNF567-DT,Gene
ZNF778-DT,Gene
BXDC5,Gene
CCDC44,Gene
GLTPP1,Gene
CYP3A2,Gene
PTX1,Gene
TIE,Gene
ALOX5A,Gene
ARHGAP26-AS1,Gene
ARHGAP26-IT1,Gene
ATP11A-AS1,Gene
BACH1-IT2,Gene
CA3-AS1,Gene
CASC21,Gene
CDC42-IT1,Gene
CDIPTOSP,Gene
CERS3-AS1,Gene
CLDN24,Gene
CLK2P1,Gene
DOCK9-AS1,Gene
EPN2-AS1,Gene
EPN2-IT1,Gene
ERVH-7,Gene
FALEC,Gene
FAM138F,Gene
FAM53B-AS1,Gene
FAS-AS1,Gene
FHIP1A-DT,Gene
FKSG29,Gene
FOXP1-IT1,Gene
GLUD1P2,Gene
GRPEL2-AS1,Gene
GTF3C2-AS1,Gene
KIAA1468,Gene
KRTAP5-3,Gene
LINC00278,Gene
LINC00302,Gene
LINC00492,Gene
LINC00566,Gene
LINC00621,Gene
LINC00678,Gene
LINC01068,Gene
LINC01106,Gene
LINC01150,Gene
LINC01181,Gene
LINC01214,Gene
LINC01357,Gene
LINC01364,Gene
LINC01451,Gene
LINC01590,Gene
LINC01610,Gene
LINC01770,Gene
LINC01820,Gene
LINC01920,Gene
LINC02004,Gene
LINC02025,Gene
LINC02280,Gene
LINC02527,Gene
LNX1-AS1,Gene
MAL2-AS1,Gene
MEIS1-AS2,Gene
MIR101-2,Gene
MIR103B2,Gene
MIR1972-1,Gene
MIR2113,Gene
MIR3124,Gene
MIR3179-2,Gene
MIR320D1,Gene
MIR3689A,Gene
MIR3689B,Gene
MIR3689D2,Gene
MIR3689E,Gene
MIR378D2,Gene
MIR3975,Gene
MIR4427,Gene
MIR4472-1,Gene
MIR4638,Gene
MIR4677,Gene
MIR4748,Gene
MIR4756,Gene
MIR4804,Gene
MIR548L,Gene
MIR548V,Gene
MIR548Y,Gene
MIR550B1,Gene
MIR553,Gene
MIR558,Gene
MIR567,Gene
MIR571,Gene
MIR604,Gene
MIR892C,Gene
MTOR-AS1,Gene
MYCBP2-AS1,Gene
OVOL1-AS1,Gene
PBX2P1,Gene
PCSK6-AS1,Gene
PLCXD2-AS1,Gene
PRAMEF18,Gene
PRKX-AS1,Gene
RBM5-AS1,Gene
RGS2-AS1,Gene
SCGB2B3P,Gene
SMIM34,Gene
SNORA70C,Gene
SNORD103C,Gene
SNORD127,Gene
SNORD18A,Gene
SNORD69,Gene
SPDYE14,Gene
SRGAP2-AS1,Gene
SYNJ2-IT1,Gene
TET2-AS1,Gene
TGFA-IT1,Gene
TMEM51-AS2,Gene
TNK2-AS1,Gene
UBE2CP5,Gene
UBE2Q2P16,Gene
VWC2L-IT1,Gene
ZBTB20-AS4,Gene
CEROX1,Gene
ERICH6,Gene
H3-3A-DT,Gene
OR2L1P,Gene
PGA4,Gene
RNVU1-28,Gene
SEP15,Gene
BCLAF1P2,Gene
BRD7P2,Gene
CDC25,Gene
CDC42P6,Gene
COX6A1P2,Gene
DGKZP1,Gene
DVL,Gene
DYNC1I2P1,Gene
EIF4A1P2,Gene
EIF4EP2,Gene
EIF4HP1,Gene
ENSAP2,Gene
GCSHP5,Gene
HMGN2P5,Gene
HNRNPA3P6,Gene
HNRNPCP2,Gene
HNRNPKP4,Gene
ITGB1P1,Gene
NPM1P24,Gene
NUS1P1,Gene
OLA1P1,Gene
PPP1R14BP3,Gene
PSMC1P1,Gene
PTMAP2,Gene
RAC1P2,Gene
RPL24P4,Gene
RPL24P8,Gene
RPL39P3,Gene
RPL4P4,Gene
RPL7P1,Gene
RPS3AP6,Gene
SERBP1P5,Gene
SPDYE9,Gene
ST13P6,Gene
SUCLG2P2,Gene
XRCC6P2,Gene
YBX1P1,Gene
YWHAZP3,Gene
BMS1P17,Gene
BMS1P22,Gene
CYP4F62P,Gene
DIAPH3-AS1,Gene
LINC00635,Gene
LINC00967,Gene
LINC01381,Gene
LINC02119,Gene
MIR593,Gene
SNORD121B,Gene
TENM2-AS1,Gene
TMIGD3,Gene
LTB4R1,Gene
MARCOL,Gene
MIR219A2,Gene
MIR3609,Gene
MIR4286,Gene
MIR548U,Gene
ZNF8-ERVK3-1,Gene
CD1,Gene
ABCC5-AS1,Gene
ABHD17AP5,Gene
ADGRF5P1,Gene
ADH5P4,Gene
ADORA2BP1,Gene
AGGF1P2,Gene
ALG1L,Gene
ARHGAP15-AS1,Gene
ARHGAP23P1,Gene
ARMC2-AS1,Gene
B3GALNT2P1,Gene
BCL2L1-AS1,Gene
BCORP1,Gene
BEND3P2,Gene
BNIP3P2,Gene
C17ORF113,Gene
C4ORF54,Gene
CALR4P,Gene
CARS1P2,Gene
CD74A,Gene
CDK2AP2P2,Gene
CERNA1,Gene
CFAP95-DT,Gene
CKS1BP1,Gene
CNIH3-AS2,Gene
CT75,Gene
CUBNP2,Gene
CYP51A1P3,Gene
DNAJC19P5,Gene
E2F3P1,Gene
ECE1-AS1,Gene
EIF4A1P10,Gene
ELF3-AS1,Gene
ELL2P1,Gene
ELN-AS1,Gene
EPS15P1,Gene
ETV7-AS1,Gene
FABP5P7,Gene
FGF10-AS1,Gene
FKBP1BP1,Gene
FOSL1P1,Gene
FUNDC2P4,Gene
GAPDHP22,Gene
GAPDHP36,Gene
GAPDHP75,Gene
GGTA2P,Gene
GKN3P,Gene
GOLGA2P11,Gene
GPR176-DT,Gene
GTF2IP7,Gene
H2BP2,Gene
H2BW3P,Gene
HCG20,Gene
HIGD1AP4,Gene
HMGA1P3,Gene
HMGB1P3,Gene
HMGN1P26,Gene
HNRNPA1P27,Gene
HNRNPCP4,Gene
HSPA8P14,Gene
HSPA8P4,Gene
HYI-AS1,Gene
IFIT1P1,Gene
IGKV1OR9-2,Gene
INO80-AS1,Gene
ITPR1-DT,Gene
KCNIP1-OT1,Gene
KCTD21-AS1,Gene
KNOP1P1,Gene
KNOP1P3,Gene
KRT16P2,Gene
KRT17P1,Gene
KRT17P2,Gene
KRT17P6,Gene
KRT8P31,Gene
LCT-AS1,Gene
LILRP1,Gene
LINC00333,Gene
LINC00355,Gene
LINC00398,Gene
LINC00412,Gene
LINC00462,Gene
LINC00604,Gene
LINC00629,Gene
LINC00659,Gene
LINC00677,Gene
LINC00683,Gene
LINC00896,Gene
LINC00920,Gene
LINC01035,Gene
LINC01077,Gene
LINC01127,Gene
LINC01198,Gene
LINC01215,Gene
LINC01232,Gene
LINC01275,Gene
LINC01283,Gene
LINC01410,Gene
LINC01424,Gene
LINC01539,Gene
LINC01585,Gene
LINC01632,Gene
LINC01633,Gene
LINC01701,Gene
LINC01736,Gene
LINC01768,Gene
LINC01852,Gene
LINC01857,Gene
LINC01888,Gene
LINC01991,Gene
LINC02005,Gene
LINC02021,Gene
LINC02132,Gene
LINC02139,Gene
LINC02154,Gene
LINC02185,Gene
LINC02234,Gene
LINC02254,Gene
LINC02290,Gene
LINC02328,Gene
LINC02357,Gene
LINC02384,Gene
LINC02392,Gene
LINC02416,Gene
LINC02427,Gene
LINC02432,Gene
LINC02453,Gene
LINC02569,Gene
LINC02599,Gene
LINC02600,Gene
LINC02606,Gene
LINC02608,Gene
LINC02612,Gene
LINC02621,Gene
LINC02724,Gene
LINC02733,Gene
LINC02752,Gene
LINC02848,Gene
LINC02865,Gene
LINC02898,Gene
LINC-ADAIN,Gene
LPP-AS1,Gene
LRP1-AS,Gene
LRRC37A5P,Gene
LRRC3-DT,Gene
LRRC53,Gene
LRRK2-DT,Gene
MBNL1-AS1,Gene
METTL14-DT,Gene
MIR3176,Gene
MIR3685,Gene
MIR3945HG,Gene
MIR4477B,Gene
MIR6730,Gene
MIR7111,Gene
MKRN4P,Gene
MMP2-AS1,Gene
MRPS15P1,Gene
MTND1P11,Gene
MYRF-AS1,Gene
NAP1L4P1,Gene
NBPF17P,Gene
NCK1-DT,Gene
NDUFA5P11,Gene
NFE4,Gene
NLGN4Y-AS1,Gene
NRBF2P3,Gene
OLFM5P,Gene
OR2S1P,Gene
OR6R1P,Gene
OVAAL,Gene
PARAL1,Gene
PCNPP3,Gene
PPIAP46,Gene
PRAL,Gene
PRKACB-DT,Gene
PRR20G,Gene
PTCHD3P2,Gene
PTCHD3P3,Gene
PYCARD-AS1,Gene
RAP2CP1,Gene
RHOT1P1,Gene
RN7SKP203,Gene
RN7SKP26,Gene
RN7SKP276,Gene
RN7SL124P,Gene
RN7SL138P,Gene
RN7SL326P,Gene
RN7SL32P,Gene
RN7SL470P,Gene
RN7SL559P,Gene
RN7SL751P,Gene
RNA5SP268,Gene
RNA5SP82,Gene
RNU6-1316P,Gene
RNU6-173P,Gene
RNU6-37P,Gene
RNU6-403P,Gene
RNU6-638P,Gene
RNU6-63P,Gene
RNU6-925P,Gene
RNU6ATAC16P,Gene
RNU7-40P,Gene
RNU7-45P,Gene
RNVU1-32,Gene
RPL10P7,Gene
RPL12P27,Gene
RPL23AP93,Gene
RPL35AP26,Gene
RPL7P24,Gene
RPL7P38,Gene
RPLP1P6,Gene
RPS20P14,Gene
RPS26P21,Gene
RPS2P36,Gene
RPS7P12,Gene
RTCA-AS1,Gene
SAPCD1-AS1,Gene
SCAT8,Gene
SEPTIN9-DT,Gene
SIGLEC18P,Gene
SLC7A14-AS1,Gene
SLC9A7P1,Gene
SMC2-DT,Gene
SNAP23P1,Gene
SNORD19C,Gene
SNORD61,Gene
SNORD62B,Gene
SNORD72,Gene
SPATA13-AS1,Gene
SPECC1P1,Gene
ST3GAL5-AS1,Gene
TCF3P1,Gene
TMEM271,Gene
TMEM92-AS1,Gene
TMPRSS11GP,Gene
TNKS2-DT,Gene
TNPO1-DT,Gene
TRAJ1,Gene
TRAJ10,Gene
TRAJ14,Gene
TRAJ19,Gene
TRAJ6,Gene
TRBV8-2,Gene
TRGV1,Gene
TRGV6,Gene
TRNS1,Gene
TRPC5OS,Gene
TXNP6,Gene
UBE2E1-AS1,Gene
USP12-DT,Gene
USP12PX,Gene
USP12PY,Gene
UVRAG-DT,Gene
VN1R96P,Gene
VTA1P1,Gene
VTI1BP2,Gene
WHSC1L2P,Gene
XBP1P1,Gene
YBX1P10,Gene
ZEB2-AS1,Gene
ZFY-AS1,Gene
ZNF687-AS1,Gene
AGBL4-AS1,Gene
CT66,Gene
GOLGA6L7,Gene
LINC01522,Gene
LINC01571,Gene
LINC01718,Gene
LINC02028,Gene
MIOS-DT,Gene
OR2A20P,Gene
ROCR,Gene
SEPTIN4-AS1,Gene
SLC20A1-DT,Gene
SLC24A3-AS1,Gene
SNORD19B,Gene
UBXN7-AS1,Gene
ZBTB20-AS1,Gene
CHN2-AS1,Gene
DHFRP3,Gene
FHL1P1,Gene
LINC01255,Gene
LINC02372,Gene
LINC02537,Gene
MAPT-IT1,Gene
PAFAH1B2P2,Gene
PCBP3-AS1,Gene
SORCS3-AS1,Gene
STH,Gene
TTTY3,Gene
IGHV3-38,Gene
DJR-1.1,Gene
MIR548E,Gene
PDR-1,Gene
NOX2,Gene
MIR633,Gene
HC1,Gene
ABS,Gene
DED,Gene
ERV9-1,Gene
LIMS3-LOC440895,Gene
SNX18P19,Gene
HDGFP1,Gene
MIR520D,Gene
MIR561,Gene
CYP2D4,Gene
ARHGEF7-IT1,Gene
FABP3P2,Gene
GOT2P1,Gene
TPTE2P1,Gene
TRAV8-3,Gene
ZNF29P,Gene
RASSF,Gene
AGBL5-AS1,Gene
CYP2U1-AS1,Gene
LINC01572,Gene
LINC01580,Gene
SNHG31,Gene
TTC39A-AS1,Gene
COX6CP2,Gene
ERVK3-2,Gene
FAM185BP,Gene
GOLGA6L2,Gene
LINC01101,Gene
LINC01896,Gene
LINC02140,Gene
MED15P9,Gene
MIR367,Gene
NECTIN3-AS1,Gene
POU6F2-AS2,Gene
RPL31P46,Gene
SPRY4-IT1,Gene
SYNPR-AS1,Gene
SP3P,Gene
CALM2P2,Gene
COPS8P2,Gene
DSTNP1,Gene
EIF1P3,Gene
EIF1P7,Gene
GNRHR2P1,Gene
HMGA1P2,Gene
HNRNPRP1,Gene
LINC02484,Gene
NBEAP3,Gene
PANK2-AS1,Gene
RBBP4P2,Gene
RNFT1P3,Gene
RNU6-3P,Gene
RNU6-415P,Gene
RNU6-431P,Gene
RNU7-75P,Gene
RNY1P16,Gene
RNY4P10,Gene
RPL5P23,Gene
RPS15AP12,Gene
RPS3AP38,Gene
RPS4XP14,Gene
SCAT2,Gene
SNORD19,Gene
SNRPGP14,Gene
TOMM20P4,Gene
CRA,Gene
SAMD4,Gene
GSTE1,Gene
NT5C2L1,Gene
UNR,Gene
TRP73,Gene
GAGE2A,Gene
GAGE6,Gene
CEP83-DT,Gene
EVA1A-AS,Gene
HECW2-AS1,Gene
LINC02809,Gene
RPS8P4,Gene
RL23,Gene
LINC01638,Gene
ZBED9,Gene
HOTTIP,Gene
SHC,Gene
C8ORF17,Gene
NPM,Gene
NUFIP1P1,Gene
RPS17P2,Gene
RPS17P5,Gene
LINC00456,Gene
SDAD1P1,Gene
KRT18P49,Gene
RNA5SP164,Gene
RNA5SP308,Gene
RNA5SP343,Gene
RNA5SP382,Gene
RNA5SP506,Gene
RNU7-5P,Gene
RNY4P15,Gene
RNY4P24,Gene
S100A11P2,Gene
TRG-CCC6-1,Gene
TRU-TCA2-1,Gene
CYP2F2,Gene
ART2B,Gene
CYP4A14,Gene
DCAF8L,Gene
DCTN1-AS1,Gene
H2-T3,Gene
IGHV3-49,Gene
IGKV1-17,Gene
PEG3-AS1,Gene
PTCSC1,Gene
SVS4,Gene
SVS6,Gene
TCRB-J,Gene
VMN2R37,Gene
TRF,Gene
CCL9,Gene
ARHGAP42P3,Gene
EIF1A,Gene
RPL7AP45,Gene
SLC25A6P2,Gene
AMMECR1LP1,Gene
APPA,Gene
EEF1A1P19,Gene
MSANTD7,Gene
PERCC1,Gene
PHB1P6,Gene
RPL13P8,Gene
RPL7AP37,Gene
SOCS1A,Gene
SPEGNB,Gene
TGFB1A,Gene
XIAPP3,Gene
XNDC1N,Gene
ELAV1,Gene
LSP1P3,Gene
MICE,Gene
RN7SKP97,Gene
RNA5-8SP6,Gene
RNVU1-6,Gene
RPL23AP5,Gene
RPS3P2,Gene
ABB,Gene
BRI3P1,Gene
MICALCL,Gene
ANXA2R-AS1,Gene
ASAH1-AS1,Gene
B4GAT1-DT,Gene
DYNC1LI2-DT,Gene
ERFL,Gene
LINC00506,Gene
LINC01801,Gene
LINC02643,Gene
LINC03033,Gene
MINDY2-DT,Gene
OR7E7P,Gene
RPS4XP2,Gene
VN1R51P,Gene
MIR147A,Gene
MIR147B,Gene
MIR4271,Gene
MIR548AB,Gene
MIR6500,Gene
RNA5SP455,Gene
GH,Gene
HSD17B5,Gene
ACAA2P1,Gene
ACRP1,Gene
ADAMTS7P4,Gene
ADGRA3P1,Gene
AKAP1-DT,Gene
ANKHD1-DT,Gene
ANKRD33BP1,Gene
ARFGEF1-DT,Gene
ARHGAP11B-DT,Gene
ARHGEF2-AS2,Gene
ASDURF,Gene
ATF6-DT,Gene
ATP5F1AP3,Gene
B,Gene
B3GAT1-DT,Gene
BAZ1A-AS1,Gene
BPTFP1,Gene
CCDC201,Gene
CCND2-AS1,Gene
CD101-AS1,Gene
CD44-DT,Gene
CDC20-DT,Gene
COA6-AS1,Gene
COPS8-DT,Gene
COSMOC,Gene
CSGALNACT2-DT,Gene
CTB-1I21.1,Gene
CTB-30L5.1,Gene
CTNNA1-AS1,Gene
CYLD-AS1,Gene
DLGAP1-AS5,Gene
DMTF1-AS1,Gene
DNPEP-AS1,Gene
EEF1A1P10,Gene
EEF1A1P45,Gene
EIF2AK3-AS1,Gene
EMSY-DT,Gene
FAM131B-AS2,Gene
FAM151B-DT,Gene
FAM193B-DT,Gene
FAM86B2-DT,Gene
FAM88B,Gene
FAM88C,Gene
FARS2-AS1,Gene
FBXW11P1,Gene
FLRT2-AS1,Gene
FLVCR2-AS1,Gene
FMNL1-AS1,Gene
FOXP1-DT,Gene
FRMD3-AS1,Gene
GABPB1-IT1,Gene
GALNT7-DT,Gene
GASK1B-AS1,Gene
GLYATL1-AS1,Gene
GNA15-DT,Gene
GOLGA4-AS1,Gene
GOT1-DT,Gene
GPAA1P2,Gene
GPS2P1,Gene
GPS2P2,Gene
GTF2A1-AS1,Gene
HEATR6-DT,Gene
HEXIM2-AS2,Gene
HLMR1,Gene
HOXC-AS1,Gene
HTD2,Gene
IFNAR2-IL10RB,Gene
IGHV3-74,Gene
IL6ST-DT,Gene
ILRUN-AS1,Gene
JTB-DT,Gene
KBTBD6-DT,Gene
KDSR-DT,Gene
KLF17P2,Gene
KRT18P10,Gene
KRT18P15,Gene
KRT8P10,Gene
KRT8P33,Gene
KRT8P50,Gene
LCIIAR,Gene
LINC00222,Gene
LINC00601,Gene
LINC00706,Gene
LINC01010,Gene
LINC01028,Gene
LINC01114,Gene
LINC01144,Gene
LINC01192,Gene
LINC01271,Gene
LINC01370,Gene
LINC01447,Gene
LINC01538,Gene
LINC01702,Gene
LINC01818,Gene
LINC01833,Gene
LINC01885,Gene
LINC01901,Gene
LINC01914,Gene
LINC02055,Gene
LINC02125,Gene
LINC02175,Gene
LINC02256,Gene
LINC02268,Gene
LINC02293,Gene
LINC02303,Gene
LINC02382,Gene
LINC02404,Gene
LINC02475,Gene
LINC02552,Gene
LINC02574,Gene
LINC02648,Gene
LINC02716,Gene
LINC02747,Gene
LINC02846,Gene
LINC02884,Gene
LINC02941,Gene
LINC02981,Gene
LINC02982,Gene
LINC02983,Gene
LINC02994,Gene
LINC02997,Gene
LINC03002,Gene
LINC03007,Gene
LINC03011,Gene
LINC03017,Gene
LINC03021,Gene
LINC03036,Gene
LINC03052,Gene
LINC03060,Gene
LINC03125,Gene
LNCTAM34A,Gene
LOXL2-AS1,Gene
MARCHF6-DT,Gene
MRNIP-DT,Gene
MTA1-DT,Gene
MVP-DT,Gene
NAXD-AS1,Gene
NCAPD2P1,Gene
NEMP2-DT,Gene
NPIPA6,Gene
NQO2-AS1,Gene
NUDT16-DT,Gene
OR9K1P,Gene
ORMDL1P1,Gene
OTULIN-DT,Gene
OXA1L-DT,Gene
PCGF3-AS1,Gene
PDE7B-AS1,Gene
PDLIM1P4,Gene
PDXP-DT,Gene
PKD1P2,Gene
POU6F2-AS1,Gene
PPP1CB-DT,Gene
PPP3CA-DT,Gene
PRDM6-AS1,Gene
PRR20C,Gene
PSME2P1,Gene
R3HDML-AS1,Gene
RAB17-DT,Gene
RAB33B-AS1,Gene
RAD21-AS1,Gene
RFX3-DT,Gene
RNF228,Gene
RNF32-AS1,Gene
RNFT1-DT,Gene
RPL12P25,Gene
RPL32P24,Gene
RPL7AP16,Gene
RPL7AP39,Gene
RPL7AP58,Gene
RPS18P5,Gene
RWDD3-DT,Gene
SACS-AS1,Gene
SEC24AP1,Gene
SEPTIN7-DT,Gene
SLC28A2-AS1,Gene
SLC35D2-HSD17B3,Gene
SLC38A4-AS1,Gene
SLC39A13-AS1,Gene
SMIM14-DT,Gene
SOCS3-DT,Gene
SP2-DT,Gene
SPANXA2,Gene
SPDYE10,Gene
STEAP3-AS1,Gene
STRCP1,Gene
SUGCT-AS1,Gene
SUGT1-DT,Gene
SYT15B,Gene
SYT9-AS1,Gene
SZT2-AS1,Gene
TEDC2-AS1,Gene
THBS4-AS1,Gene
TM4SF18-AS1,Gene
TMEM123-DT,Gene
TMEM202-AS1,Gene
TMEM263-DT,Gene
TMLHE-AS1,Gene
TMSB4XP4,Gene
TRBV30,Gene
TRIM59-IFT80,Gene
TSKU-AS1,Gene
UFD1-AS1,Gene
USP34-DT,Gene
USP38-DT,Gene
WAPL-DT,Gene
WASL-DT,Gene
WDR5B-DT,Gene
WWP1-AS1,Gene
YPEL3-DT,Gene
ZCCHC14-DT,Gene
ZNF143-AS1,Gene
ZNF652-AS1,Gene
C15,Gene
FASN1,Gene
SNORA11C,Gene
CNTNAP5A,Gene
CNTNAP5C,Gene
TIMM8A1,Gene
LINC03041,Gene
MIR3136,Gene
MIR639,Gene
MIR935,Gene
RNVU1-8,Gene
TBX3-AS1,Gene
GTSE1-DT,Gene
RPS24P9,Gene
ASS,Gene
SNORA70D,Gene
EIF2ALPHA,Gene
ATP5H,Gene
ATP5J2,Gene
ATP5O,Gene
GLB-13,Gene
IL1FMA,Gene
MIR1184-1,Gene
MIR1284,Gene
MIR1321,Gene
MIR208A,Gene
MIR2682,Gene
MIR3606,Gene
MIR3667,Gene
MIR3675,Gene
MIR3686,Gene
MIR371B,Gene
MIR3976,Gene
MIR4275,Gene
MIR4288,Gene
MIR4308,Gene
MIR4421,Gene
MIR4450,Gene
MIR4456,Gene
MIR4484,Gene
MIR4524B,Gene
MIR4657,Gene
MIR4784,Gene
MIR4795,Gene
MIR548AO,Gene
MIR548AU,Gene
MIR5586,Gene
MTBL,Gene
PTGS2A,Gene
TH2,Gene
TNFA,Gene
ERI3-IT1,Gene
FAM74A4,Gene
IGHD2-21,Gene
MIR1539,Gene
MIR1825,Gene
MIR3201,Gene
MIR3611,Gene
MIR3917,Gene
MIR4292,Gene
MIR4310,Gene
MIR4313,Gene
MIR4536-1,Gene
MIR513B,Gene
MIR513C,Gene
MIR556,Gene
PCNXL4,Gene
PRKAR2A-AS1,Gene
RCC2-AS1,Gene
RPS27AP5,Gene
RPL32P20,Gene
AKT,Gene
LINC00347,Gene
PTX,Gene
CT70,Gene
SMCR2,Gene
BCAR3-AS1,Gene
EEF1A1P13,Gene
CTSL1,Gene
DOCK4-AS1,Gene
FTO-IT1,Gene
GREM1-AS1,Gene
HP09053,Gene
KCNH7-AS1,Gene
KLRAP1,Gene
KRT8P32,Gene
LARRPM,Gene
PDE11A-AS1,Gene
SLC22A19,Gene
SMAD3-DT,Gene
TDRD15,Gene
APOA,Gene
CSSA13H5ORF15,Gene
CYP4A1,Gene
FAM66E,Gene
IGLV1-40,Gene
IGLV2-14,Gene
IGLV3-19,Gene
IGLV5-45,Gene
IGLV7-46,Gene
LINC02947,Gene
LINC03016,Gene
MSH2-OT1,Gene
MTATP8P2,Gene
PAPPA-AS2,Gene
SRP72P2,Gene
TCAF2C,Gene
ZNF285CP,Gene
SLFN1,Gene
ARB2BP,Gene
CLEC20A,Gene
FAM230A,Gene
HTR5A-AS1,Gene
LINC00207,Gene
LINC01097,Gene
LINC01936,Gene
LINC02120,Gene
LINC02497,Gene
LINC02743,Gene
NPAP1L,Gene
PBX3-DT,Gene
RPL26L1-AS1,Gene
SULT1C5P,Gene
IGKV@,Gene
IGLV2-18,Gene
IGLV8-61,Gene
CES2A,Gene
GPI1,Gene
SPI1B,Gene
ADH1,Gene
CYP2C29,Gene
CYP2C37,Gene
GSTT3,Gene
MIRG,Gene
UGT2B34,Gene
MIR4680,Gene
ARMC4,Gene
ARSE,Gene
C1H6ORF118,Gene
C6H6ORF120,Gene
CACNA1G-AS1,Gene
CCDC151,Gene
CCRN4L,Gene
CFAP20DC-AS1,Gene
CYR61,Gene
DPYD-AS2,Gene
FAM170B-AS1,Gene
LINC00332,Gene
LINC00905,Gene
LINC01031,Gene
LINC01495,Gene
LINC01699,Gene
LINC03022,Gene
MAGEA8-AS1,Gene
MIR217HG,Gene
MIR548AJ2,Gene
MIR7853,Gene
MIRLET7F1,Gene
NARS,Gene
NDUFA4L2,Gene
RASGRF2-AS1,Gene
RRNAD1,Gene
SHISA1,Gene
SNORD114-18,Gene
STARD13-AS,Gene
TSSC1,Gene
UQCC,Gene
MIR548AT,Gene
ASCL5,Gene
ATP6V0CP1,Gene
C19ORF67,Gene
C20ORF181,Gene
CCT8L1,Gene
CTAGE7P,Gene
DPPA3P2,Gene
FER1L6-AS2,Gene
FTH1P19,Gene
KCTD9P2,Gene
LINC00315,Gene
MIR105-1,Gene
MIR323,Gene
OR6J1,Gene
OR7E19P,Gene
PRAMEF19,Gene
PRR23E,Gene
PRSS42P,Gene
RPL10P12,Gene
RPL27P2,Gene
SLC35G3,Gene
PPP1R2B,Gene
MIR3121,Gene
MIR3138,Gene
MIR3664,Gene
MIR4327,Gene
MIR4526,Gene
MIR4716,Gene
MIR4753,Gene
MIR4798,Gene
MIR5001,Gene
MIR5580,Gene
MIR6076,Gene
MIR6126,Gene
MIR626,Gene
MIR6796,Gene
MIR6799,Gene
MIR6877,Gene
MIR7844,Gene
MIR7854,Gene
LINC00396,Gene
RNA5SP144,Gene
RNA5SP39,Gene
RNU6-1281P,Gene
RNU6-601P,Gene
GPR137B-PS,Gene
RNA5SP451,Gene
TRG-TCC5-1,Gene
ZNF962P,Gene
CYCL,Gene
HK,Gene
FOXO1A,Gene
GOLGA8G,Gene
MIR1251,Gene
MIR448,Gene
MIR569,Gene
MIR610,Gene
MIR613,Gene
MIR645,Gene
MIR646,Gene
MIR6727,Gene
MIR6743,Gene
MIR6803,Gene
MIR8485,Gene
FXR,Gene
COL5A1-AS1,Gene
CYP2G1P,Gene
HMGB3P22,Gene
HMGN2P25,Gene
HMGN2P28,Gene
KRT17P5,Gene
LINC00317,Gene
LINC00951,Gene
LINC01233,Gene
LINC02078,Gene
LRRC72,Gene
NPM1P42,Gene
OR2A25,Gene
PSMC1P7,Gene
PTPRV,Gene
TRIM53CP,Gene
YPEL5P2,Gene
ALDH1L1-AS1,Gene
CCDC13-AS1,Gene
COMETT,Gene
CYP17A1-AS1,Gene
DSCAM-IT1,Gene
FAM74A6,Gene
FAM99B,Gene
GRM5-AS1,Gene
HAO2-IT1,Gene
HTR2A-AS1,Gene
IFNG-AS1,Gene
IL21R-AS1,Gene
ITPKB-IT1,Gene
KCNC4-DT,Gene
KCND3-IT1,Gene
LAMA5-AS1,Gene
LINC00165,Gene
LINC00402,Gene
LINC00891,Gene
LINC01281,Gene
LINC01354,Gene
LINC01574,Gene
LNCNEF,Gene
MAGI2-AS1,Gene
MAPK8IP3-AS1,Gene
MAST4-IT1,Gene
MGAT3-AS1,Gene
MIR29B2CHG,Gene
MKX-AS1,Gene
MLIP-IT1,Gene
NCRNA00250,Gene
NFIA-AS1,Gene
PGM5P3-AS1,Gene
PLCB1-IT1,Gene
PPP2R2B-IT1,Gene
PWRN3,Gene
RNU6ATAC35P,Gene
SMAD9-IT1,Gene
SRGAP3-AS4,Gene
ST6GAL2-IT1,Gene
STARD13-IT1,Gene
TCF7L1-IT1,Gene
TPRG1-AS1,Gene
TRERNA1,Gene
TSPAN9-IT1,Gene
TTLL7-IT1,Gene
AIR,Gene
COL1A1A,Gene
FIT1,Gene
PGAM1A,Gene
TPI,Gene
LSMD1,Gene
MIR1236,Gene
MIR1264,Gene
MIR1827,Gene
MIR634,Gene
MIR711,Gene
MIR920,Gene
HLA-K,Gene
AKTS1,Gene
EGR,Gene
KITL,Gene
MIR218,Gene
MIR450B,Gene
FAM66D,Gene
SEMA3F-AS1,Gene
AGAP1-IT1,Gene
BRINP3-DT,Gene
FAM172A,Gene
GAGE2B,Gene
ITFG1-AS1,Gene
LAMTOR5-AS1,Gene
LINC00353,Gene
LINC00375,Gene
LINC01246,Gene
LINC01338,Gene
LINC01398,Gene
LINC01399,Gene
LINC01435,Gene
LINC01449,Gene
LINC01698,Gene
LINC02308,Gene
LINC02587,Gene
MIR384,Gene
PMK-1,Gene
SCARNA18,Gene
SDR16C6P,Gene
SEK-1,Gene
SMAD1-AS2,Gene
INF1,Gene
ADH5P2,Gene
AKR1C5P,Gene
CATIP-AS2,Gene
GVINP2,Gene
LINC01931,Gene
NEDD8-MDP1,Gene
OR6E1P,Gene
RPL23AP97,Gene
STX4A,Gene
ARH,Gene
CPR8,Gene
CRN,Gene
GBP,Gene
IF2,Gene
LARP,Gene
MEL,Gene
MLN51,Gene
NAP1,Gene
SEC6,Gene
TNA,Gene
ASNSP1,Gene
BTNL10,Gene
KCNMA1-AS1,Gene
KRABD5P1,Gene
LAMC1-AS1,Gene
LINC01201,Gene
LINC02688,Gene
LINC02703,Gene
LINC03020,Gene
LNCRNA-ATB,Gene
MRTFA-AS1,Gene
RBMY2EP,Gene
RERE-AS1,Gene
RNA28S1,Gene
SEMA5A-AS1,Gene
TMPRSS11B,Gene
TRBV27,Gene
MIR1178,Gene
MIR1255A,Gene
MIR1257,Gene
MIR4253,Gene
MIR514B,Gene
MIR548D1,Gene
MIR649,Gene
MIR938,Gene
SNORD14D,Gene
LINC02200,Gene
HSP90AA6P,Gene
HSP90AB6P,Gene
HEN1,Gene
MIR193A-1,Gene
RPL7P26,Gene
ARHGAP42-AS1,Gene
ARHGEF35-AS1,Gene
BCL10-AS1,Gene
BLOC1S1-RDH5,Gene
C16ORF95-DT,Gene
C1QTNF7-AS1,Gene
CACTIN-AS1,Gene
CBR1-AS1,Gene
CDK13-DT,Gene
CDR2-DT,Gene
CEP72-DT,Gene
COMMD4P1,Gene
COMMD4P2,Gene
CTAGE8,Gene
DINOL,Gene
DLGAP4-AS1,Gene
DPP3-DT,Gene
EEF1AKMT4-ECE2,Gene
EPC1-AS1,Gene
FAM13B-AS1,Gene
FAM169A-AS1,Gene
FAM3D-AS1,Gene
FAM88D,Gene
FOSL2-AS1,Gene
GACAT2,Gene
GOLGA8Q,Gene
GRK6P1,Gene
HCG15,Gene
HDAC11-AS1,Gene
HDAC4-AS1,Gene
HELZ-AS1,Gene
HERC2P11,Gene
HOMER3-AS1,Gene
HOXC-AS2,Gene
HPS1-AS1,Gene
HSDL2-AS1,Gene
IBA57-DT,Gene
IDH2-DT,Gene
IGHV3-64,Gene
IGHV3-7,Gene
IGKV1-27,Gene
IGKV1-8,Gene
IGLV7-43,Gene
IGLV9-49,Gene
IL6R-AS1,Gene
ING2-DT,Gene
IQCJ-SCHIP1-AS1,Gene
KCNK4-CATSPERZ,Gene
LDLR-AS1,Gene
LEISA1,Gene
LINC00316,Gene
LINC00390,Gene
LINC00552,Gene
LINC01033,Gene
LINC01151,Gene
LINC01291,Gene
LINC01444,Gene
LINC01521,Gene
LINC01664,Gene
LINC01714,Gene
LINC01775,Gene
LINC01861,Gene
LINC01891,Gene
LINC01983,Gene
LINC01990,Gene
LINC02029,Gene
LINC02130,Gene
LINC02255,Gene
LINC02294,Gene
LINC02332,Gene
LINC02399,Gene
LINC02410,Gene
LINC02551,Gene
LINC02709,Gene
LINC02900,Gene
LINC02939,Gene
LINC02995,Gene
LINC02998,Gene
LINC03001,Gene
LINC03027,Gene
LIPE-AS1,Gene
LIPT2-AS1,Gene
LNCATV,Gene
LNCRNA-IUR,Gene
LPGAT1-AS1,Gene
LRP8-DT,Gene
MARCHF10-DT,Gene
MDN1-AS1,Gene
MIA-RAB4B,Gene
MICB-DT,Gene
MIF4GD-DT,Gene
MIR10392,Gene
MIR12119,Gene
MIR12133,Gene
MIR3677HG,Gene
MIR3680-1,Gene
MIR3680-2,Gene
MIR3918,Gene
MIR3972,Gene
MIR4444-1,Gene
MIR4444-2,Gene
MIR4453,Gene
MIR4710,Gene
MIR4713HG,Gene
MIR4745,Gene
MIR4754,Gene
MIR4797,Gene
MIR5047,Gene
MIR5587,Gene
MIR6745,Gene
MIR6762,Gene
MIR6775,Gene
MIR6804,Gene
MIR6813,Gene
MIR6814,Gene
MIR6819,Gene
MIR6821,Gene
MIR6831,Gene
MIR6835,Gene
MIR6840,Gene
MIR6853,Gene
MIR6869,Gene
MIR6891,Gene
MIR6892,Gene
MIR762HG,Gene
MIR7845,Gene
MIR8058,Gene
MIR8072,Gene
MIR941-2,Gene
MIR941-3,Gene
MIR941-4,Gene
MIR941-5,Gene
MIRLET7A3,Gene
MYO16-AS1,Gene
MYOSLID-AS1,Gene
NEUROG2-AS1,Gene
NGF-AS1,Gene
NIPAL4-DT,Gene
PCAT5,Gene
PCBP2-OT1,Gene
PCCA-DT,Gene
PDCD6IPP2,Gene
PDE4DIPP4,Gene
PFKP-DT,Gene
PGLS-DT,Gene
PHC2-AS1,Gene
PKD1-AS1,Gene
PKD1P3-NPIPA1,Gene
PKD1P4-NPIPA8,Gene
PKD1P5-LOC105376752,Gene
PLCG1-AS1,Gene
PMS2P7,Gene
PORCN-DT,Gene
PPM1F-AS1,Gene
PPP4R1-AS1,Gene
PRKCZ-DT,Gene
PTTG1IP2,Gene
RNA18SN1,Gene
RNA18SN2,Gene
RNA18SN3,Gene
RNA28SN1,Gene
RNA28SN2,Gene
RNA28SN3,Gene
RNA45SN1,Gene
RNA45SN2,Gene
RNA45SN3,Gene
RNA45SN5,Gene
RNF207-AS1,Gene
ROPN1L-AS1,Gene
S1PR1-DT,Gene
SCAANT1,Gene
SCN1A-AS1,Gene
SCUBE1-AS1,Gene
SDHAP4,Gene
SEC23A-AS1,Gene
SENCR,Gene
SEPTIN14P6,Gene
SLC26A9-AS1,Gene
SLC35G4,Gene
SLMO2-ATP5E,Gene
SMIM15-AS1,Gene
SNORA5B,Gene
SNORA91,Gene
SNORD134,Gene
SNORD140,Gene
SNORD141A,Gene
SNORD141B,Gene
SNRPF-DT,Gene
SPEN-AS1,Gene
STAG3L5P,Gene
STX5-DT,Gene
SYBU-AS1,Gene
TFAP2A-AS2,Gene
THBS2-AS1,Gene
TMEM276-ZFTRAF1,Gene
TNRC17,Gene
TTC36-AS1,Gene
TTC39C-AS1,Gene
TTC7B-AS1,Gene
UBE2Q2P13,Gene
XIRP2-AS1,Gene
XXYLT1-AS2,Gene
ZFPM1-AS1,Gene
ZFX-AS1,Gene
ZNF473CR,Gene
ZNF6,Gene
ZNF765-ZNF761,Gene
NXF2B,Gene
PINX1_1,Gene
TP53TG3F,Gene
ACE2-DT,Gene
ACTG1P25,Gene
ACTR3BP2,Gene
ALG14-AS1,Gene
AMD1P3,Gene
ANO1-AS1,Gene
APOA1BP,Gene
ARGLU1-DT,Gene
ASNSP4,Gene
ASS1P1,Gene
ATF7-NPFF,Gene
ATG10-AS1,Gene
ATP5MC1P6,Gene
ATP5PBP5,Gene
AURKAP1,Gene
B3GALNT1P1,Gene
B3GNT10,Gene
BRD7P1,Gene
BRD7P6,Gene
C11ORF49,Gene
C12ORF4,Gene
C16ORF70,Gene
C1QTNF9-AS1,Gene
C7ORF31,Gene
CACNA1C-AS2,Gene
CARS1-AS1,Gene
CASC18,Gene
CASC22,Gene
CASP1P2,Gene
CCDC74BP1,Gene
CD200R1L-AS1,Gene
CEACAMP10,Gene
CEACAMP3,Gene
CENATAC-DT,Gene
CEP250-AS1,Gene
CLIC4P2,Gene
CLNS1AP1,Gene
CNN2P4,Gene
CNOT6LP1,Gene
CSPG4P10,Gene
CT45A11P,Gene
CT47A6,Gene
CYCSP5,Gene
CYP4F9P,Gene
DACOR1,Gene
DANT2,Gene
DAP3P1,Gene
DEFA8P,Gene
DIRC3-AS1,Gene
DPPA2P2,Gene
EDRF1-AS1,Gene
EEF1A1P1,Gene
EEF1AKNMT,Gene
EEF1E1P1,Gene
EIF1P5,Gene
EIF2AK3-DT,Gene
ELA2,Gene
ENV,Gene
EZR-AS1,Gene
FAM155A,Gene
FAM172BP,Gene
FAM207A,Gene
FGF12-AS1,Gene
FMRP,Gene
FOXF2-DT,Gene
FOXG1-AS1,Gene
FTH1P25,Gene
FTH1P27,Gene
GAPDHP14,Gene
GAPDHP71,Gene
GATA2-AS1,Gene
GEMIN7-AS1,Gene
GPC5-AS1,Gene
GS1-204I12.4,Gene
GSTA9P,Gene
GTF2I-AS1,Gene
GXYLT1P6,Gene
H2AZ1-DT,Gene
H3P26,Gene
H4P1,Gene
HDAC2-AS2,Gene
HMGB1P41,Gene
HMGB3P17,Gene
HSPA8P9,Gene
IGHV1-46,Gene
IGHV2OR16-5,Gene
INHCAP,Gene
IQCM,Gene
ISCA1P4,Gene
ITGA6-AS1,Gene
KAZN-AS1,Gene
KIRREL1-IT1,Gene
KRT18P3,Gene
KRT6,Gene
L3MBTL2-AS1,Gene
LAPTM4BP2,Gene
LARP4P,Gene
LINC00290,Gene
LINC00366,Gene
LINC00370,Gene
LINC00417,Gene
LINC00449,Gene
LINC00463,Gene
LINC00550,Gene
LINC00564,Gene
LINC00639,Gene
LINC01048,Gene
LINC01120,Gene
LINC01168,Gene
LINC01282,Gene
LINC01304,Gene
LINC01320,Gene
LINC01333,Gene
LINC01362,Gene
LINC01386,Gene
LINC01445,Gene
LINC01467,Gene
LINC01493,Gene
LINC01497,Gene
LINC01499,Gene
LINC01621,Gene
LINC01655,Gene
LINC01684,Gene
LINC01690,Gene
LINC01710,Gene
LINC01724,Gene
LINC01727,Gene
LINC01733,Gene
LINC01789,Gene
LINC01808,Gene
LINC01823,Gene
LINC01886,Gene
LINC01897,Gene
LINC01932,Gene
LINC01937,Gene
LINC01980,Gene
LINC02034,Gene
LINC02036,Gene
LINC02074,Gene
LINC02077,Gene
LINC02084,Gene
LINC02086,Gene
LINC02089,Gene
LINC02105,Gene
LINC02137,Gene
LINC02164,Gene
LINC02181,Gene
LINC02193,Gene
LINC02228,Gene
LINC02250,Gene
LINC02302,Gene
LINC02324,Gene
LINC02327,Gene
LINC02330,Gene
LINC02334,Gene
LINC02369,Gene
LINC02383,Gene
LINC02385,Gene
LINC02458,Gene
LINC02464,Gene
LINC02474,Gene
LINC02477,Gene
LINC02485,Gene
LINC02519,Gene
LINC02548,Gene
LINC02630,Gene
LINC02677,Gene
LINC02680,Gene
LINC02730,Gene
LINC02768,Gene
LINC02798,Gene
LINC02799,Gene
LINC02815,Gene
LINC02869,Gene
LINC02893,Gene
LIX1L-AS1,Gene
LL22NC01-81G9.3,Gene
LMO7-AS1,Gene
MACC1-OT1,Gene
MAGEA4-AS1,Gene
MAPK6-DT,Gene
MARK2P11,Gene
MDC1-AS1,Gene
MED8-AS1,Gene
MIR103A,Gene
MIR124,Gene
MIR1258,Gene
MIR1262,Gene
MIR1278,Gene
MIR16,Gene
MIR181A,Gene
MIR181B2,Gene
MIR194,Gene
MIR200CHG,Gene
MIR203B,Gene
MIR26A,Gene
MIR302CHG,Gene
MIR3126,Gene
MIR3128,Gene
MIR3145,Gene
MIR3147,Gene
MIR3156-1,Gene
MIR3158-2,Gene
MIR3161,Gene
MIR3165,Gene
MIR3168,Gene
MIR3179-3,Gene
MIR3192,Gene
MIR3199-1,Gene
MIR3199-2,Gene
MIR3909,Gene
MIR3919,Gene
MIR3927,Gene
MIR3928,Gene
MIR3935,Gene
MIR3939,Gene
MIR3942,Gene
MIR4255,Gene
MIR4285,Gene
MIR4287,Gene
MIR4311,Gene
MIR4435-1,Gene
MIR4435-2,Gene
MIR4467,Gene
MIR4480,Gene
MIR4501,Gene
MIR4502,Gene
MIR4503,Gene
MIR4504,Gene
MIR4533,Gene
MIR4636,Gene
MIR4646,Gene
MIR4651,Gene
MIR4660,Gene
MIR4690,Gene
MIR4717,Gene
MIR4728,Gene
MIR4738,Gene
MIR4747,Gene
MIR4757,Gene
MIR4761,Gene
MIR4764,Gene
MIR4766,Gene
MIR4777,Gene
MIR4783,Gene
MIR4786,Gene
MIR4796,Gene
MIR497HG,Gene
MIR4999,Gene
MIR5009,Gene
MIR5091,Gene
MIR509-2,Gene
MIR513A1,Gene
MIR548AH,Gene
MIR548AP,Gene
MIR548AR,Gene
MIR548K,Gene
MIR548O,Gene
MIR5681B,Gene
MIR5700,Gene
MIR5704,Gene
MIR6132,Gene
MIR6509,Gene
MIR6510,Gene
MIR664,Gene
MIR6726,Gene
MIR6739,Gene
MIR6751,Gene
MIR6761,Gene
MIR6763,Gene
MIR6768,Gene
MIR6801,Gene
MIR6805,Gene
MIR6833,Gene
MIR6837,Gene
MIR6854,Gene
MIR6862-2,Gene
MIR6867,Gene
MIR6876,Gene
MIR6894,Gene
MIR7,Gene
MIR8055,Gene
MIRLET7A,Gene
MRFAP1L2,Gene
MRPL36P1,Gene
MRPS9-AS1,Gene
MTIF2P1,Gene
NBPF21P,Gene
NCOA7-AS1,Gene
NDUFA5P6,Gene
NEGR1-IT1,Gene
NFE2L3P1,Gene
NOL5,Gene
ODC1-DT,Gene
ODF2-AS1,Gene
ODF3,Gene
OR11H7,Gene
OR14A2,Gene
OR2W6P,Gene
OR6M2P,Gene
OR7E5P,Gene
OR7E94P,Gene
OR8A2P,Gene
PABPC4-AS1,Gene
PIGCP1,Gene
PKD1P3,Gene
POU5F1P6,Gene
PPP1R9A-AS1,Gene
PPP3CB-AS1,Gene
PRKG1-AS1,Gene
PRMT5-AS1,Gene
RCAN3AS,Gene
RHEBP2,Gene
RHOXF1P3,Gene
RIMKLBP1,Gene
RN7SL399P,Gene
RN7SL568P,Gene
RN7SL672P,Gene
RN7SL849P,Gene
RNA5SP237,Gene
RNA5SP265,Gene
RNA5SP269,Gene
RNA5SP439,Gene
RNA5SP441,Gene
RNA5SP510,Gene
RNF165,Gene
RNF185-AS1,Gene
RNU2-62P,Gene
RNU4-36P,Gene
RNU6-1060P,Gene
RNU6-1161P,Gene
RNU6-118P,Gene
RNU6-179P,Gene
RNU6-514P,Gene
RNU6-583P,Gene
RNU6-722P,Gene
RNU6-97P,Gene
RNU7-47P,Gene
RNU7-63P,Gene
RNY4P3,Gene
RPL11P3,Gene
RPL13P2,Gene
RPL23AP41,Gene
RPL23AP8,Gene
RPL31P44,Gene
RPL32P26,Gene
RPL5P17,Gene
RPL7AP8,Gene
RPL7P16,Gene
RPS23P10,Gene
RPS26P52,Gene
RPS29P15,Gene
RPS6KB2-AS1,Gene
RPSAP4,Gene
RPSAP44,Gene
RRM1-AS1,Gene
RWDD4P2,Gene
RXYLT1-AS1,Gene
SAMMSON,Gene
SEMA6A-AS2,Gene
SHLD3,Gene
SNHG21,Gene
SOGA1,Gene
SUGT1P4-STRA6LP,Gene
TATDN2P3,Gene
TEX37,Gene
TEX46,Gene
TEX56P,Gene
THAP12P8,Gene
THRB-IT1,Gene
TMEM212-IT1,Gene
TRA-CGC3-1,Gene
TRBV14,Gene
TRBV20OR9-2,Gene
TRBV26OR9-2,Gene
TRBV28,Gene
TRBV9,Gene
TRIM80P,Gene
TROAP-AS1,Gene
TSL,Gene
TTC3-AS1,Gene
TTTY17A,Gene
TTTY17C,Gene
UBE2Q1-AS1,Gene
UBE2Q2P2,Gene
UCA1-AS1,Gene
UHRF1BP1,Gene
UPF3AP3,Gene
VDAC2P4,Gene
VN1R11P,Gene
VN1R12P,Gene
VN2R19P,Gene
WASF3-AS1,Gene
ZBTB20-AS2,Gene
ZNF516-AS1,Gene
ZNF630-AS1,Gene
ZNF649-AS1,Gene
ZNF725P,Gene
ZP3RP,Gene
ZSCAN5DP,Gene
FGFR,Gene
GLRX3P2,Gene
MIR3132,Gene
MIR3622A,Gene
MIR4274,Gene
MIR4476,Gene
MIR4633,Gene
SNORD73B,Gene
RNA5SP344,Gene
RNU4-39P,Gene
EIF3FP2,Gene
FRMD8P1,Gene
MEA,Gene
REA,Gene
TREM5,Gene
MIR371A,Gene
MIR322,Gene
IGKV2D-29,Gene
RNA5SP366,Gene
RNA5SP63,Gene
RNA5SP74,Gene
RNU5E-4P,Gene
RNY3P2,Gene
RNY4P5,Gene
TRE-TTC9-1,Gene
TRY-GTA11-1,Gene
CENPVL2,Gene
NAGPA-AS1,Gene
OCLNP1,Gene
SKP1P2,Gene
SNORA70F,Gene
TSG1,Gene
UST-AS1,Gene
GBE,Gene
RAD23,Gene
TRIM49B,Gene
VDAC1P3,Gene
PAK,Gene
MIR374,Gene
ARHGEF3-AS1,Gene
GTSCR1,Gene
MKRN9P,Gene
TEX21P,Gene
ABHD17AP1,Gene
FAM86MP,Gene
GAPDHP61,Gene
PTMAP10,Gene
RBMY1E,Gene
RPL12P18,Gene
RPL23AP45,Gene
RPL39P10,Gene
RPS10P4,Gene
SINHCAFP2,Gene
SLX9P1,Gene
SNRPCP2,Gene
SSX2B,Gene
STRADBP1,Gene
TDGP1,Gene
TIMCCP1,Gene
TMEM230P2,Gene
CRSP7,Gene
ASUN,Gene
GATSL3,Gene
PRAMEF6,Gene
RN7SKP228,Gene
RN7SKP31,Gene
RN7SKP66,Gene
RN7SL14P,Gene
RN7SL178P,Gene
RN7SL189P,Gene
RN7SL197P,Gene
RN7SL292P,Gene
RN7SL316P,Gene
RN7SL403P,Gene
RN7SL466P,Gene
RN7SL477P,Gene
RN7SL499P,Gene
RN7SL549P,Gene
RN7SL63P,Gene
RN7SL845P,Gene
RN7SL868P,Gene
RN7SL97P,Gene
RNY3P5,Gene
TMEM246,Gene
XLOC_009911,Gene
NIP7P2,Gene
RPL23AP15,Gene
RPS20P22,Gene
EEF1A1P15,Gene
MIR376A2,Gene
RMDN2-AS1,Gene
SOS,Gene
WNT5,Gene
ALAS,Gene
RHAMM,Gene
ARS,Gene
XIC,Gene
AIMP1P1,Gene
BEND3P1,Gene
BRD7P4,Gene
FBXO36P1,Gene
GLUD1P4,Gene
H4C10P,Gene
HEXD-IT1,Gene
HMGB1P19,Gene
HMGB1P20,Gene
IGLVIV-66-1,Gene
LINC01977,Gene
LINC02336,Gene
LINC02421,Gene
LINC02641,Gene
LINC02827,Gene
LINC02831,Gene
LINC02876,Gene
MTND5P2,Gene
MTUS2-AS1,Gene
NHP2P1,Gene
NPAS2-AS1,Gene
PAIP1P1,Gene
RHOXF1P1,Gene
RN7SL455P,Gene
RN7SL788P,Gene
RNA5SP18,Gene
RNA5SP334,Gene
RNF139-DT,Gene
RPL14P6,Gene
SLC9A3P2,Gene
THAP12P9,Gene
TRAPPC12-AS1,Gene
TREHP1,Gene
TTC30A,Gene
ZNF350-AS1,Gene
P53,Gene
XKRY,Gene
TRAV5,Gene
CTNS-AS1,Gene
HERC2P9,Gene
LINC01049,Gene
LINC02873,Gene
OR9H1,Gene
ABCA17P,Gene
ARHGEF38-IT1,Gene
ASB15-AS1,Gene
ATP5MFP3,Gene
ATP6V0D1-DT,Gene
C7ORF49,Gene
CCDC28A-AS1,Gene
CFAP100-DT,Gene
CHL1-AS1,Gene
CLDND1A,Gene
CRP6,Gene
DENND6A-DT,Gene
DNAJA1P5,Gene
EIF1AX-AS1,Gene
ELOCP29,Gene
ETV5-AS1,Gene
FSIP2-AS2,Gene
GAS2L1P2,Gene
GFOD1-AS1,Gene
GLCCI1-DT,Gene
GPR199P,Gene
HCCAT5,Gene
HHATL-AS1,Gene
HSPE1P9,Gene
IFITM8P,Gene
IGHV1-18,Gene
IGHV3-9,Gene
IGLV1-47,Gene
KIAA1671-AS1,Gene
KRT18P19,Gene
LINC00656,Gene
LINC00944,Gene
LINC01210,Gene
LINC01267,Gene
LINC01392,Gene
LINC01393,Gene
LINC01402,Gene
LINC01448,Gene
LINC01637,Gene
LINC01671,Gene
LINC01732,Gene
LINC01911,Gene
LINC01982,Gene
LINC02069,Gene
LINC02148,Gene
LINC02395,Gene
LINC02579,Gene
LINC02601,Gene
LINC02681,Gene
LINC02696,Gene
LINC02763,Gene
LINC02894,Gene
LMO7DN-IT1,Gene
LRRC63,Gene
MAP3K9-DT,Gene
MIR378F,Gene
MIR4466,Gene
MIR4498,Gene
MPPED2-AS1,Gene
MT1CP,Gene
MTND4P24,Gene
MYO18B-AS1,Gene
NKX1-1,Gene
OR1F12P,Gene
PLCE1-AS2,Gene
PMS2P6,Gene
PRDX6-AS1,Gene
PRR20B,Gene
PRR29-AS1,Gene
PTPRD-AS1,Gene
RAB4,Gene
RAI1-AS1,Gene
RBM38-AS1,Gene
REL-DT,Gene
RUNX2-AS1,Gene
SALRNA3,Gene
SHANK2-AS1,Gene
SIRPG-AS1,Gene
SMIM2-IT1,Gene
SNORA19,Gene
SNORD116-19,Gene
SNORD70,Gene
SPCS2P1,Gene
SPDYE17,Gene
SRGAP3-AS3,Gene
THOC7-AS1,Gene
TMED11P,Gene
TRD-GTC10-1,Gene
TRE-CTC1-6,Gene
TRF-GAA1-2,Gene
TRL-CAG2-1,Gene
TRV-CAC4-1,Gene
TTC9-DT,Gene
TTLL10-AS1,Gene
UPK3BL,Gene
ZNF840P,Gene
ZPLD2P,Gene
SPOCK,Gene
MIR4478,Gene
MIR4698,Gene
MIR6073,Gene
MIR6086,Gene
MIR6752,Gene
MIR6785,Gene
MIR6786,Gene
MIR7150,Gene
MIR718,Gene
MIR8060,Gene
SETP4,Gene
C1ORF101,Gene
C21ORF59,Gene
CT45A10,Gene
DFNB59,Gene
EEF1B2P5,Gene
GPR42,Gene
GSG2,Gene
LINC01219,Gene
MIR181B-1,Gene
MPHOSPH10P1,Gene
OR7H2P,Gene
THEX1,Gene
WBSCR22,Gene
KLRA7,Gene
ADAMTS16-DT,Gene
ADGRD1-AS1,Gene
CES5AP1,Gene
CLMAT3,Gene
CYP2C11,Gene
CYP2C22,Gene
DCM,Gene
FOXCUT,Gene
LINC00618,Gene
LINC01488,Gene
LINC01659,Gene
MHRT,Gene
MIR670HG,Gene
MIR6717,Gene
NAV2-AS2,Gene
PDZRN3-AS1,Gene
PRSS42,Gene
SEC1P,Gene
SLC16A12-AS1,Gene
TILAM,Gene
TMEM8C,Gene
RPL22P11,Gene
C11ORF1,Gene
C19ORF71,Gene
CCDC114,Gene
NUPL2,Gene
SPATA5,Gene
YARS,Gene
TP53TG3HP,Gene
THAP12P3,Gene
TUBB8P7,Gene
PPIAP43,Gene
PPIAP66,Gene
RPL27P8,Gene
RPS8P7,Gene
BACE,Gene
FBXL3A,Gene
RGL,Gene
ZNF816-ZNF321P,Gene
UOX,Gene
RPT-3,Gene
NPM1P22,Gene
RPL7P52,Gene
UBBP1,Gene
ADAM1,Gene
BMS1P18,Gene
CHEK2P2,Gene
CSPG4P1Y,Gene
CSPG4P2Y,Gene
CXORF49B,Gene
EDNRB-AS1,Gene
FAM25BP,Gene
FAM25C,Gene
FAM25G,Gene
GDF5-AS1,Gene
GMCL2,Gene
HMGB1P4,Gene
INTS4P2,Gene
LINC00176,Gene
LINC02203,Gene
LINC02370,Gene
LINC02905,Gene
LINC02961,Gene
LNCRI,Gene
MAPK8IP1P2,Gene
MIMT1,Gene
MIR4486,Gene
MIR4634,Gene
MIR4722,Gene
MIR5000,Gene
MIR6068,Gene
MIR6080,Gene
MIR611,Gene
MIR6746,Gene
MIR6798,Gene
MIR6889,Gene
MIR7112,Gene
NFE2L3P2,Gene
POM121L4P,Gene
PRR20D,Gene
RHOQP2,Gene
SDC4P,Gene
SNORA11D,Gene
SNORD111,Gene
SNORD113-7,Gene
SNORD115-22,Gene
SNORD115-23,Gene
SNORD115-24,Gene
SNORD115-25,Gene
SNORD115-27,Gene
SNORD115-28,Gene
SNORD115-36,Gene
SNORD115-43,Gene
SNORD115-44,Gene
SNORD45B,Gene
SPATA31A1,Gene
SUMO2P1,Gene
TPTE2P2,Gene
TRD,Gene
TRIM53AP,Gene
TRNA,Gene
TTTY23,Gene
VDAC1P1,Gene
MIR3148,Gene
MIR4269,Gene
MIR4499,Gene
SNORA70E,Gene
SNORD159,Gene
FY,Gene
MO25,Gene
PARP4P2,Gene
RPP20,Gene
ANKS1,Gene
KIBRA,Gene
BCLX,Gene
FMO,Gene
MIR133A2,Gene
XPD,Gene
RPT4,Gene
IGKV3D-20,Gene
SNORA11B,Gene
RRP4,Gene
BCRP5,Gene
BCRP7,Gene
BMPR1AP1,Gene
ROCK,Gene
SN,Gene
TTTY4C,Gene
Hepatic Veno-Occlusive Disease,Disease
Liver Neoplasms,Disease
Hepatomegaly,Disease
"Adenoma, Liver Cell",Disease
"Carcinoma, Hepatocellular",Disease
Hepatolenticular Degeneration,Disease
Liver Cirrhosis,Disease
"Liver Cirrhosis, Experimental",Disease
Chemical and Drug Induced Liver Injury,Disease
"Heart Defects, Congenital",Disease
Neuroblastoma,Disease
Neurotoxicity Syndromes,Disease
"CHOLESTASIS, BENIGN RECURRENT INTRAHEPATIC, 2",Disease
"Cholestasis, Intrahepatic",Disease
"Cholestasis, progressive familial intrahepatic 1",Disease
"Cholestasis, progressive familial intrahepatic 2",Disease
"Cholestasis, progressive familial intrahepatic 3",Disease
Cardiomyopathies,Disease
Heart Diseases,Disease
End Stage Liver Disease,Disease
Intrahepatic Cholestasis of Pregnancy,Disease
"Liver Cirrhosis, Biliary",Disease
Liver Diseases,Disease
Non-alcoholic Fatty Liver Disease,Disease
"Cardiomyopathy, Dilated, 1o",Disease
Heart Failure,Disease
"Polyneuropathy, Hearing Loss, Ataxia, Retinitis Pigmentosa, And Cataract",Disease
"Cardiomyopathy, Dilated",Disease
Liver Failure,Disease
"Arrhythmias, Cardiac",Disease
Brain Ischemia,Disease
Cardiovascular Diseases,Disease
Cerebral Hemorrhage,Disease
Myocardial Infarction,Disease
Endomyocardial Fibrosis,Disease
Myocardial Ischemia,Disease
"Cholestasis, Extrahepatic",Disease
Copper-Overload Cirrhosis,Disease
"Hepatitis, Chronic",Disease
"Cardiomyopathy, Familial Hypertrophic, 11",Disease
"Cardiomyopathy, Dilated, 1AA",Disease
Heart Valve Diseases,Disease
Aicardi-Goutieres syndrome,Disease
"NEURODEVELOPMENTAL DISORDER WITH BRAIN ABNORMALITIES, POOR GROWTH, AND DYSMORPHIC FACIES",Disease
Neurodevelopmental Disorders,Disease
"CEREBRAL PALSY, SPASTIC QUADRIPLEGIC, 3",Disease
"Liver Failure, Acute",Disease
Cerebral Infarction,Disease
Myocardial Reperfusion Injury,Disease
Bradycardia,Disease
"Infarction, Middle Cerebral Artery",Disease
Cardiomegaly,Disease
"Heart Failure, Diastolic",Disease
"NEURODEVELOPMENTAL DISORDER WITH HEARING LOSS, SEIZURES, AND BRAIN ABNORMALITIES",Disease
"Liver Neoplasms, Experimental",Disease
Cataract and cardiomyopathy,Disease
Neurodegenerative Diseases,Disease
"Cardiomyopathy, Alcoholic",Disease
Cardiotoxicity,Disease
Cardiovascular Abnormalities,Disease
Diabetic Cardiomyopathies,Disease
Neurobehavioral Manifestations,Disease
Tachycardia,Disease
Neuroinflammatory Diseases,Disease
Fatty Liver,Disease
"Porphyria, Acute Hepatic",Disease
"Porphyrias, Hepatic",Disease
Brain Diseases,Disease
Brain Injuries,Disease
Hepatic Insufficiency,Disease
Hepatitis,Disease
Heart Injuries,Disease
"Brain Diseases, Metabolic",Disease
Neurologic Manifestations,Disease
"Hepatitis, Autoimmune",Disease
Brain Neoplasms,Disease
Hereditary Sensory and Motor Neuropathy,Disease
Neurogenic Inflammation,Disease
Neuromuscular Manifestations,Disease
"Cardiac Arrhythmia, Ankyrin-B-Related",Disease
Cerebral Amyloid Angiopathy,Disease
Amyloid Neuropathies,Disease
"Amyloidosis, Cerebroarterial, App-Related",Disease
"Edema, Cardiac",Disease
Neuromyelitis Optica,Disease
"Bulbospinal neuronopathy, X-linked recessive",Disease
Adams Oliver syndrome,Disease
"NEUROPATHY, HEREDITARY SENSORY, TYPE ID",Disease
"NEUROPATHY, HEREDITARY SENSORY, TYPE IF",Disease
Neuronal Ceroid-Lipofuscinoses,Disease
Myocardial Stunning,Disease
Neuropathy ataxia and retinitis pigmentosa,Disease
Neuroendocrine Tumors,Disease
"Diabetes Insipidus, Neurogenic",Disease
"Neurofibroma, Plexiform",Disease
"MULTIPLE JOINT DISLOCATIONS, SHORT STATURE, AND CRANIOFACIAL DYSMORPHISM WITH OR WITHOUT CONGENITAL HEART DEFECTS",Disease
"CARDIOMYOPATHY, DILATED, 1HH",Disease
"Liver Cirrhosis, Alcoholic",Disease
HYPERBILIVERDINEMIA,Disease
"Heart Failure, Systolic",Disease
Cardiofaciocutaneous syndrome,Disease
NEURODEGENERATION WITH BRAIN IRON ACCUMULATION 4,Disease
"Fatty Liver, Alcoholic",Disease
Hepatitis C,Disease
Frontotemporal Dementia With Motor Neuron Disease,Disease
Heart Block,Disease
"Tachycardia, Supraventricular",Disease
Sciatic Neuropathy,Disease
Polymorphic Catecholaminergic Ventricular Tachycardia,Disease
Hypoplastic Left Heart Syndrome,Disease
Diabetic Neuropathies,Disease
"Tachycardia, Ventricular",Disease
"VENTRICULAR TACHYCARDIA, CATECHOLAMINERGIC POLYMORPHIC, 1, WITH OR WITHOUT ATRIAL DYSFUNCTION AND/OR DILATED CARDIOMYOPATHY",Disease
Myocarditis,Disease
"Cardiomyopathy, Familial Hypertrophic, 1",Disease
"Hepatitis, Alcoholic",Disease
Cerebral Cavernous Malformations 2,Disease
"Hepatitis B, Chronic",Disease
"Neuropathy, Hereditary Sensory, with Spastic Paraplegia, Autosomal Recessive",Disease
Gastro-enteropancreatic neuroendocrine tumor,Disease
"CONGENITAL HEART DEFECTS, DYSMORPHIC FACIAL FEATURES, AND INTELLECTUAL DEVELOPMENTAL DISORDER",Disease
Brain Stem Neoplasms,Disease
"NEURODEVELOPMENTAL DISORDER WITH HYPOTONIA, SPEECH DELAY, AND DYSMORPHIC FACIES",Disease
"NEURODEVELOPMENTAL DISORDER WITH HYPOTONIA, IMPAIRED LANGUAGE, AND DYSMORPHIC FEATURES",Disease
"Urinary Bladder, Neurogenic",Disease
Endocrine-Cerebroosteodysplasia,Disease
Heart Septal Defects,Disease
"Heart Septal Defects, Ventricular",Disease
"Ceroid lipofuscinosis, neuronal 5",Disease
"Ceroid Lipofuscinosis, Neuronal, 6",Disease
"Ceroid lipofuscinosis, neuronal 8",Disease
"Cardioencephalomyopathy, Fatal Infantile, due to Cytochrome C Oxidase Deficiency",Disease
NEURODEGENERATION WITH BRAIN IRON ACCUMULATION 6,Disease
"Ehlers-Danlos syndrome, cardiac valvular form",Disease
BRAIN SMALL VESSEL DISEASE 1 WITH OR WITHOUT OCULAR ANOMALIES,Disease
Cerebral Small Vessel Diseases,Disease
Cerebrovascular Disorders,Disease
"CARDIOMYOPATHY, DILATED, 1II",Disease
OKUR-CHUNG NEURODEVELOPMENTAL SYNDROME,Disease
"Cardiomyopathy, Dilated, 1M",Disease
"CARDIOMYOPATHY, FAMILIAL HYPERTROPHIC, 12",Disease
"Cerebral Amyloid Angiopathy, Familial",Disease
Cerebroretinal Microangiopathy with Calcifications and Cysts,Disease
"Congenital Cataracts, Facial Dysmorphism, And Neuropathy",Disease
"ARRHYTHMOGENIC RIGHT VENTRICULAR DYSPLASIA, FAMILIAL, 13",Disease
Hepatoblastoma,Disease
NEURODEVELOPMENTAL DISORDER WITH SPASTIC DIPLEGIA AND VISUAL DEFECTS,Disease
"Ceroid Lipofuscinosis, Neuronal, 10",Disease
"CEROID LIPOFUSCINOSIS, NEURONAL, 13 (KUFS TYPE)",Disease
Brain Infarction,Disease
"Tachycardia, Sinus",Disease
"Xanthomatosis, Cerebrotendinous",Disease
Hepatitis B,Disease
"Liver Diseases, Parasitic",Disease
"Hepatitis, Animal",Disease
HYPOMYELINATION WITH BRAINSTEM AND SPINAL CORD INVOLVEMENT AND LEG SPASTICITY,Disease
Leukoencephalopathy with Brainstem and Spinal Cord Involvement and Lactate Elevation,Disease
"Giant Axonal Neuropathy, Autosomal Dominant",Disease
"Neuronopathy, Distal Hereditary Motor, Type Viib",Disease
NEURODEVELOPMENTAL DISORDER WITH HYPOTONIA AND IMPAIRED EXPRESSIVE LANGUAGE AND WITH OR WITHOUT SEIZURES,Disease
"Cardiomyopathy, Dilated, 1i",Disease
"Scapuloperoneal Syndrome, Neurogenic, Kaeser Type",Disease
MITOCHONDRIAL DNA DEPLETION SYNDROME 3 (HEPATOCEREBRAL TYPE),Disease
"46,Xy Gonadal Dysgenesis, Partial, With Minifascicular Neuropathy",Disease
"Auditory Neuropathy, Autosomal Dominant, 1",Disease
"CARDIOMYOPATHY, DILATED, 3B",Disease
"NEURONOPATHY, DISTAL HEREDITARY MOTOR, AUTOSOMAL RECESSIVE 5",Disease
Hereditary Sensory and Autonomic Neuropathies,Disease
"NEUROPATHY, HEREDITARY SENSORY, TYPE IE",Disease
"Arrhythmogenic Right Ventricular Dysplasia, Familial, 11",Disease
"Arrhythmogenic Right Ventricular Dysplasia, Familial, 10",Disease
"Cardiomyopathy, Dilated, 1BB",Disease
"Arrhythmogenic Right Ventricular Dysplasia, Familial, 8",Disease
Cardiomyopathy dilated with woolly hair and keratoderma,Disease
"CARDIOMYOPATHY, DILATED, WITH WOOLLY HAIR, KERATODERMA, AND TOOTH AGENESIS",Disease
"Death, Sudden, Cardiac",Disease
"NEUROPATHY, HEREDITARY SENSORY AND AUTONOMIC, TYPE VI",Disease
"CORTICAL DYSPLASIA, COMPLEX, WITH OTHER BRAIN MALFORMATIONS 13",Disease
"Hirschsprung Disease, Cardiac Defects, and Autonomic Dysfunction",Disease
Hepatorenal Syndrome,Disease
Band Heterotopia of Brain,Disease
PROSTATE CANCER/BRAIN CANCER SUSCEPTIBILITY,Disease
Polyneuropathies,Disease
"Shock, Cardiogenic",Disease
Neuronal intestinal pseudoobstruction,Disease
Cerebrooculofacioskeletal Syndrome 4,Disease
Cerebrooculofacioskeletal Syndrome 2,Disease
Cerebrooculofacioskeletal Syndrome 3,Disease
Cerebrooculofacioskeletal Syndrome 1,Disease
Arthrogryposis multiplex congenita neurogenic type,Disease
"Neuroectodermal Tumors, Primitive",Disease
IMMUNOSKELETAL DYSPLASIA WITH NEURODEVELOPMENTAL ABNORMALITIES,Disease
Cayler cardiofacial syndrome,Disease
"Cardiomyopathy, Dilated, 1J",Disease
Peliosis Hepatis,Disease
"SPASTIC PARAPLEGIA 35, AUTOSOMAL RECESSIVE, WITH OR WITHOUT NEURODEGENERATION",Disease
"IMMUNODEFICIENCY 90 WITH ENCEPHALOPATHY, FUNCTIONAL HYPOSPLENIA, AND HEPATIC DYSFUNCTION",Disease
RAJAB INTERSTITIAL LUNG DISEASE WITH BRAIN CALCIFICATIONS 1,Disease
"Pregnancy Complications, Cardiovascular",Disease
"Cardiomyopathy, Hypertrophic",Disease
"NEURONOPATHY, DISTAL HEREDITARY MOTOR, AUTOSOMAL DOMINANT 6",Disease
"Ceroid lipofuscinosis, neuronal 1, infantile",Disease
"Cardiomyopathy, Dilated, 1x",Disease
"Cardiac valvular dysplasia, X-linked",Disease
"CARDIOMYOPATHY, FAMILIAL HYPERTROPHIC, 26",Disease
"Brain Diseases, Metabolic, Inborn",Disease
Neurodegeneration Due To Cerebral Folate Transport Deficiency,Disease
Neuroferritinopathy,Disease
Hepatorenal form of glycogen storage disease,Disease
Hepatic Encephalopathy,Disease
Giant Axonal Neuropathy,Disease
"Neuronopathy, Distal Hereditary Motor, Type V",Disease
TESTICULAR ANOMALIES WITH OR WITHOUT CONGENITAL HEART DISEASE,Disease
CONOTRUNCAL HEART MALFORMATIONS,Disease
"HEART DEFECTS, CONGENITAL, AND OTHER CONGENITAL ANOMALIES",Disease
"CARDIOMYOPATHY, DILATED, 2B",Disease
"CONGENITAL HEART DEFECTS, MULTIPLE TYPES, 6",Disease
"VENTRICULAR TACHYCARDIA, FAMILIAL",Disease
"LODDER-MERLA SYNDROME, TYPE 1, WITH IMPAIRED INTELLECTUAL DEVELOPMENT AND CARDIAC ARRHYTHMIA",Disease
"LODDER-MERLA SYNDROME, TYPE 2, WITH DEVELOPMENTAL DELAY AND WITH OR WITHOUT CARDIAC ARRHYTHMIA",Disease
"NONARTERITIC ANTERIOR ISCHEMIC OPTIC NEUROPATHY, SUSCEPTIBILITY TO",Disease
NEURODEVELOPMENTAL DISORDER WITH SPASTIC PARAPLEGIA AND MICROCEPHALY,Disease
"NEURODEVELOPMENTAL DISORDER WITH OR WITHOUT HYPERKINETIC MOVEMENTS AND SEIZURES, AUTOSOMAL DOMINANT",Disease
"CEROID LIPOFUSCINOSIS, NEURONAL, 11",Disease
"Glycogen Storage Disease 0, Liver",Disease
Trifunctional Protein Deficiency With Myopathy And Neuropathy,Disease
"NEURODEVELOPMENTAL DISORDER WITH HYPOTONIA, SEIZURES, AND ABSENT LANGUAGE",Disease
"Hypoxia-Ischemia, Brain",Disease
Inherited Peripheral Neuropathy,Disease
"Neuropathy, hereditary motor and sensory, Russe type",Disease
"Neuropathy, Painful",Disease
"Hepatic Adenomas, Familial",Disease
Athabaskan brainstem dysgenesis,Disease
"Hepatitis C, Chronic",Disease
NEURODEVELOPMENTAL DISORDER WITH PROGRESSIVE SPASTICITY AND BRAIN WHITE MATTER ABNORMALITIES,Disease
"Neuronopathy, Distal Hereditary Motor, Type IIB",Disease
"NEURONOPATHY, DISTAL HEREDITARY MOTOR, AUTOSOMAL DOMINANT 4",Disease
"Neuropathy, Distal Hereditary Motor, Type IIA",Disease
"CEREBRAL ARTERIOPATHY, AUTOSOMAL RECESSIVE, WITH SUBCORTICAL INFARCTS AND LEUKOENCEPHALOPATHY 2",Disease
"GROWTH RETARDATION, IMPAIRED INTELLECTUAL DEVELOPMENT, HYPOTONIA, AND HEPATOPATHY",Disease
"CATARACTS, GROWTH HORMONE DEFICIENCY, SENSORY NEUROPATHY, SENSORINEURAL HEARING LOSS, AND SKELETAL DYSPLASIA",Disease
"Brain Injuries, Traumatic",Disease
"Optic Neuropathy, Ischemic",Disease
Heart Arrest,Disease
"Hepatic Fibrosis, Congenital",Disease
Neurocognitive Disorders,Disease
"CEREBRAL AMYLOID ANGIOPATHY, ITM2B-RELATED, 1",Disease
"Hypoxia, Brain",Disease
"HEMORRHAGIC DESTRUCTION OF THE BRAIN, SUBEPENDYMAL CALCIFICATION, AND CATARACTS",Disease
"CARDIOMYOPATHY, FAMILIAL HYPERTROPHIC, 17",Disease
"Arrhythmogenic Right Ventricular Dysplasia, Familial, 12",Disease
"Cerebral Palsy, Spastic Quadriplegic, 2",Disease
"NEUROPATHY, HEREDITARY SENSORY AND AUTONOMIC, TYPE IIA",Disease
"NEUROPATHY, HEREDITARY SENSORY, TYPE IIC",Disease
"CORTICAL DYSPLASIA, COMPLEX, WITH OTHER BRAIN MALFORMATIONS 3",Disease
"CORTICAL DYSPLASIA, COMPLEX, WITH OTHER BRAIN MALFORMATIONS 2",Disease
"Neuroectodermal Tumors, Primitive, Peripheral",Disease
"Spastic Paraplegia, Optic Atrophy, and Neuropathy",Disease
"EPIDERMOLYSIS BULLOSA SIMPLEX 6, GENERALIZED INTERMEDIATE, WITH OR WITHOUT CARDIOMYOPATHY",Disease
"Cirrhosis, Familial",Disease
"Gait Disorders, Neurologic",Disease
"CARDIOMYOPATHY, DILATED, 1JJ",Disease
INFANTILE LIVER FAILURE SYNDROME 1,Disease
"Cardiomyopathy, Dilated, 1C",Disease
"CATARACT 46, JUVENILE-ONSET, WITH OR WITHOUT ARRHYTHMIC CARDIOMYOPATHY",Disease
ST Elevation Myocardial Infarction,Disease
"ARTHROGRYPOSIS MULTIPLEX CONGENITA 1, NEUROGENIC, WITH MYELIN DEFECT",Disease
"MUSCULAR DYSTROPHY, AUTOSOMAL RECESSIVE, WITH CARDIOMYOPATHY AND TRIANGULAR TONGUE",Disease
HEPATIC LIPASE DEFICIENCY,Disease
"CARDIOMYOPATHY, DILATED, WITH HYPERGONADOTROPIC HYPOGONADISM",Disease
"Heart-hand syndrome, Slovenian type",Disease
Pick Disease of the Brain,Disease
INTERSTITIAL LUNG AND LIVER DISEASE,Disease
IMPAIRED INTELLECTUAL DEVELOPMENT AND DISTINCTIVE FACIAL FEATURES WITH OR WITHOUT CARDIAC DEFECTS,Disease
"MICROCEPHALY, POSTNATAL PROGRESSIVE, WITH SEIZURES AND BRAIN ATROPHY",Disease
"NEURODEVELOPMENTAL DISORDER WITH HYPOTONIA, STEREOTYPIC HAND MOVEMENTS, AND IMPAIRED LANGUAGE",Disease
"Cardiac Malformation, Cleft Lip-Palate, Microcephaly and Digital Anomalies",Disease
Hereditary Motor And Sensory Neuropathy VI,Disease
"NEURODEVELOPMENTAL DISORDER WITH PROGRESSIVE MICROCEPHALY, SPASTICITY, AND BRAIN IMAGING ABNORMALITIES",Disease
"Ceroid Lipofuscinosis, Neuronal, 7",Disease
Brain Edema,Disease
"HYDROCEPHALUS, CONGENITAL, 2, WITH OR WITHOUT BRAIN OR EYE ANOMALIES",Disease
Navajo neurohepatopathy,Disease
"Cardiac Output, Low",Disease
"Cardiomyopathy, Familial Hypertrophic, 4",Disease
"Cardiomyopathy, Hypertrophic, Familial",Disease
Neuroectodermal Tumors,Disease
"PERIPHERAL NEUROPATHY, MYOPATHY, HOARSENESS, AND HEARING LOSS",Disease
"Cardiomyopathy, Dilated, 1EE",Disease
"Cardiomyopathy, Familial Hypertrophic, 14",Disease
"Heart Septal Defects, Atrial",Disease
"Cardiomyopathy, Dilated, 1s",Disease
"Cardiomyopathy, Familial Hypertrophic, 10",Disease
"Cardiomyopathy, Familial Hypertrophic, 8",Disease
"DEAFNESS, AUTOSOMAL DOMINANT 22;DFNA22 DEAFNESS, AUTOSOMAL DOMINANT 22, WITH HYPERTROPHIC CARDIOMYOPATHY,",Disease
"CARDIOMYOPATHY, FAMILIAL HYPERTROPHIC, 16",Disease
"CARDIOMYOPATHY, DILATED, 1KK",Disease
"NEURODEVELOPMENTAL DISORDER WITH EPILEPSY, CATARACTS, FEEDING DIFFICULTIES, AND DELAYED BRAIN MYELINATION",Disease
Neuroaxonal Dystrophies,Disease
"ENCEPHALOPATHY, PROGRESSIVE, EARLY-ONSET, WITH BRAIN EDEMA AND/OR LEUKOENCEPHALOPATHY, 1",Disease
INFANTILE LIVER FAILURE SYNDROME 2,Disease
"Neuropathy, hereditary motor and sensory, LOM type",Disease
"Cardiomyopathy, Dilated, 1CC",Disease
"CARDIOMYOPATHY, FAMILIAL HYPERTROPHIC, 20",Disease
Neurofibroma,Disease
Neurofibromatoses,Disease
Neurofibromatosis 1,Disease
"Neurofibromatosis, Familial Spinal",Disease
Neurofibromatosis-Noonan syndrome,Disease
Neurofibromatosis 2,Disease
BRAIN MALFORMATIONS WITH OR WITHOUT URINARY TRACT DEFECTS,Disease
Neuronal intranuclear inclusion disease,Disease
RENAL-HEPATIC-PANCREATIC DYSPLASIA 1,Disease
Renal hepatic pancreatic dysplasia Dandy Walker cyst,Disease
"Cardiac Output, High",Disease
"CHOLESTASIS, PROGRESSIVE FAMILIAL INTRAHEPATIC, 5",Disease
"CONGENITAL HEART DEFECTS, MULTIPLE TYPES, 4",Disease
Neurocutaneous melanosis,Disease
Neurofibrosarcoma,Disease
Oculocerebrorenal Syndrome,Disease
MITOCHONDRIAL DNA DEPLETION SYNDROME 14B (CARDIOENCEPHALOMYOPATHIC TYPE),Disease
Neurodegeneration with brain iron accumulation (NBIA),Disease
Pantothenate Kinase-Associated Neurodegeneration,Disease
Massive Hepatic Necrosis,Disease
Cerebral Cavernous Malformations 3,Disease
Cardiovirus Infections,Disease
"NEURODEVELOPMENTAL DISORDER WITH DYSMORPHIC FEATURES, SPASTICITY, AND BRAIN ABNORMALITIES",Disease
Cerebrovascular Trauma,Disease
"NEURODEVELOPMENTAL DISORDER WITH OR WITHOUT HYPOTONIA, SEIZURES, AND CEREBELLAR ATROPHY",Disease
Zunich neuroectodermal syndrome,Disease
"Arrhythmogenic Right Ventricular Dysplasia, Familial, 9",Disease
NEURODEGENERATION WITH BRAIN IRON ACCUMULATION 2A,Disease
Cardiac Tamponade,Disease
Pericardial Effusion,Disease
"Heart Rupture, Post-Infarction",Disease
Vacuolar Neuromyopathy,Disease
"Cardiomyopathy, Dilated, 1p",Disease
"CARDIOMYOPATHY, FAMILIAL HYPERTROPHIC, 18",Disease
Tomaculous neuropathy,Disease
"Liver Diseases, Alcoholic",Disease
Motor Neuron Disease,Disease
Oliver-McFarlane syndrome,Disease
"DEAFNESS, AUTOSOMAL RECESSIVE 70, WITH OR WITHOUT ADULT-ONSET NEURODEGENERATION",Disease
Diffuse Cerebral Sclerosis of Schilder,Disease
"Sensory ataxic neuropathy, dysarthria, and ophthalmoparesis",Disease
Cerebral Palsy,Disease
"SUDDEN CARDIAC FAILURE, ALCOHOL-INDUCED",Disease
"SUDDEN CARDIAC FAILURE, INFANTILE",Disease
"Ceroid Lipofuscinosis, Neuronal, 1",Disease
"NEUROPATHY, HEREDITARY SENSORY AND AUTONOMIC, TYPE VIII",Disease
Pericarditis,Disease
"Cardiomyopathy, Familial Hypertrophic, 6",Disease
"Glycogen Storage Disease of Heart, Lethal Congenital",Disease
Polycystic liver disease,Disease
CONGENITAL HEART DEFECTS AND ECTODERMAL DYSPLASIA,Disease
IMMUNODEFICIENCY 26 WITH OR WITHOUT NEUROLOGIC ABNORMALITIES,Disease
Spongiform Encephalopathy with Neuropsychiatric Features,Disease
Optic atrophy polyneuropathy deafness,Disease
"Cardiomyopathy, Dilated, 1u",Disease
"Cardiomyopathy, Dilated, 1V",Disease
"NEUROLOGIC, ENDOCRINE, AND PANCREATIC DISEASE, MULTISYSTEM, INFANTILE-ONSET 1",Disease
"NEURODEVELOPMENTAL DISORDER WITH NEONATAL RESPIRATORY INSUFFICIENCY, HYPOTONIA, AND FEEDING DIFFICULTIES",Disease
NEURODEVELOPMENTAL DISORDER WITH MICROCEPHALY AND GRAY SCLERAE,Disease
"MICROCEPHALY, PROGRESSIVE, WITH SEIZURES AND CEREBRAL AND CEREBELLAR ATROPHY",Disease
"CARDIOMYOPATHY, DILATED, 1NN",Disease
"Cardiomyopathy, Dilated, 1DD",Disease
"Alopecia, Neurologic Defects, and Endocrinopathy Syndrome",Disease
"NEURODEVELOPMENTAL DISORDER WITH OR WITHOUT ANOMALIES OF THE BRAIN, EYE, OR HEART",Disease
"Neuropathy, Hereditary Sensory And Autonomic, Type IIB",Disease
"Neuropathy, Hereditary Sensory And Autonomic, Type I, With Cough And Gastroesophageal Reflux",Disease
Neurocutaneous Syndromes,Disease
Aicardi-Goutieres Syndrome 4,Disease
Aicardi-Goutieres Syndrome 3,Disease
"Brain Injuries, Diffuse",Disease
Aicardi-Goutieres syndrome 5,Disease
"NEUROPATHY, HEREDITARY SENSORY AND AUTONOMIC, TYPE VII",Disease
"Cardiomyopathy, Dilated, 1E",Disease
"PROGRESSIVE FAMILIAL HEART BLOCK, TYPE IA",Disease
LEUKOENCEPHALOPATHY WITH DYSTONIA AND MOTOR NEUROPATHY,Disease
Craniocerebral Trauma,Disease
Familial encephalopathy with neuroserpin inclusion bodies,Disease
"Cardiomyopathy, Dilated, 1l",Disease
"MONONEUROPATHY OF THE MEDIAN NERVE, MILD",Disease
Trichohepatoenteric Syndrome,Disease
Corpus callosum agenesis neuronopathy,Disease
"Hypomyelination, Global Cerebral",Disease
THIAMINE METABOLISM DYSFUNCTION SYNDROME 4 (BILATERAL STRIATAL DEGENERATION AND PROGRESSIVE POLYNEUROPATHY TYPE),Disease
"MITOCHONDRIAL DNA DEPLETION SYNDROME 12A (CARDIOMYOPATHIC TYPE), AUTOSOMAL DOMINANT",Disease
"MITOCHONDRIAL DNA DEPLETION SYNDROME 12B (CARDIOMYOPATHIC TYPE), AUTOSOMAL RECESSIVE",Disease
"NEUROPATHY, HEREDITARY MOTOR AND SENSORY, TYPE VIB, WITH OPTIC ATROPHY",Disease
"Cryohydrocytosis, Stomatin-Deficient, with Mental Retardation, Seizures, Cataracts, and Massive Hepatosplenomegaly",Disease
Hypermanganesemia with Dystonia Polycythemia and Cirrhosis,Disease
Pseudohyperkalemia Cardiff,Disease
"Neuropathy, Distal Hereditary Motor, Type VIIA",Disease
HEART AND BRAIN MALFORMATION SYNDROME,Disease
"Cerebral dysgenesis, neuropathy, ichthyosis, and palmoplantar keratoderma syndrome",Disease
Leukoencephalopathy Brain Calcifications and Cysts,Disease
Cerebrocostomandibular Syndrome,Disease
"Peripheral Demyelinating Neuropathy, Central Dysmyelination, Waardenburg Syndrome, and Hirschsprung Disease",Disease
Hepatic venoocclusive disease with immunodeficiency,Disease
"NEUROPATHY, HEREDITARY SENSORY AND AUTONOMIC, TYPE IA",Disease
"NEUROPATHY, HEREDITARY SENSORY AND AUTONOMIC, TYPE IC",Disease
"NEURODEGENERATION WITH ATAXIA, DYSTONIA, AND GAZE PALSY, CHILDHOOD-ONSET",Disease
"CONGENITAL HEART DEFECTS, MULTIPLE TYPES, 2",Disease
"NEURODEVELOPMENTAL DISORDER WITH FEEDING DIFFICULTIES, THIN CORPUS CALLOSUM, AND FOOT DEFORMITY",Disease
"ENCEPHALOPATHY, PROGRESSIVE, EARLY-ONSET, WITH BRAIN ATROPHY AND THIN CORPUS CALLOSUM",Disease
"Cardiomyopathy, Dilated, 1N",Disease
"Spinocerebellar ataxia, autosomal recessive, with axonal neuropathy",Disease
"NEUROPATHY, HEREDITARY SENSORY AND AUTONOMIC, TYPE IX, WITH DEVELOPMENTAL DELAY",Disease
MITOCHONDRIAL DNA DEPLETION SYNDROME 15 (HEPATOCEREBRAL TYPE),Disease
"Neuropathy, hereditary motor and sensory, Okinawa type",Disease
"Arrhythmogenic Right Ventricular Dysplasia, Familial, 1",Disease
"CHOLESTASIS, PROGRESSIVE FAMILIAL INTRAHEPATIC, 4",Disease
"Arrhythmogenic Right Ventricular Dysplasia, Familial, 5",Disease
"Cardiomyopathy, Dilated, 1z",Disease
"Cardiomyopathy, Familial Hypertrophic, 13",Disease
"Cardiomyopathy, Dilated, 1FF",Disease
"Cardiomyopathy, Dilated, 2a",Disease
"CARDIOMYOPATHY, FAMILIAL HYPERTROPHIC, 7",Disease
"Cardiomyopathy, Familial Restrictive, 1",Disease
"Cardiomyopathy, Restrictive",Disease
CARDIAC CONDUCTION DISEASE WITH OR WITHOUT CARDIOMYOPATHY 1,Disease
Cardiac Conduction System Disease,Disease
"Cardiomyopathy, Dilated, 1D",Disease
"Cardiomyopathy, Familial Hypertrophic, 2",Disease
"Cardiomyopathy, Familial Restrictive, 3",Disease
Neuromuscular Diseases,Disease
"Cardiomyopathy, Dilated, 1y",Disease
"Cardiomyopathy, Familial Hypertrophic, 3",Disease
"Ceroid Lipofuscinosis, Neuronal, 2",Disease
"CARDIAC ARRHYTHMIA SYNDROME, WITH OR WITHOUT SKELETAL MUSCLE WEAKNESS",Disease
"Vasculopathy, Retinal, With Cerebral Leukodystrophy",Disease
"PERIPHERAL NEUROPATHY WITH VARIABLE SPASTICITY, EXERCISE INTOLERANCE, AND DEVELOPMENTAL DELAY",Disease
"LIVER FAILURE, INFANTILE, TRANSIENT",Disease
"Progressive Familial Heart Block, Type Ib",Disease
Heartburn,Disease
"Hereditary Motor and Sensory Neuropathy, Type IIC",Disease
"Cardiomyopathy, Dilated, 1g",Disease
"Cardiomyopathy, Familial Hypertrophic, 9",Disease
familial dilated cardiomyopathy,Disease
"Myopathy, Early-Onset, with Fatal Cardiomyopathy",Disease
"Amyloid Neuropathies, Familial",Disease
"CORTICAL DYSPLASIA, COMPLEX, WITH OTHER BRAIN MALFORMATIONS 6",Disease
"CORTICAL DYSPLASIA, COMPLEX, WITH OTHER BRAIN MALFORMATIONS 5",Disease
"CORTICAL DYSPLASIA, COMPLEX, WITH OTHER BRAIN MALFORMATIONS 7",Disease
"CORTICAL DYSPLASIA, COMPLEX, WITH OTHER BRAIN MALFORMATIONS 1",Disease
"CORTICAL DYSPLASIA, COMPLEX, WITH OTHER BRAIN MALFORMATIONS 4",Disease
MITOCHONDRIAL DNA DEPLETION SYNDROME 7 (HEPATOCEREBRAL TYPE),Disease
Kaufman oculocerebrofacial syndrome,Disease
"Cardiomyopathy, Dilated, 1w",Disease
"Cardiomyopathy, Familial Hypertrophic, 15",Disease
Neuroacanthocytosis,Disease
NEURODEGENERATION WITH BRAIN IRON ACCUMULATION 5,Disease
"Neuroacanthocytosis, Mcleod Type",Disease
"Arterial Occlusive Disease, Progressive, with Hypertension, Heart Defects, Bone Fragility, and Brachysyndactyly",Disease
Dextrocardia,Disease
