source_node,target_node,edge_type
CID_10355,CID_Temazepam,DRUG_INTERACT_DRUG
CID_1808,CID_Bumetanide,DRUG_INTERACT_DRUG
CID_221147,CID_POLYETHYLENE GLYCOL 3350,DRUG_INTERACT_DRUG
CID_10324,CID_Tamoxifen,DRUG_INTERACT_DRUG
CID_161,CID_Acetaminophen,DRUG_INTERACT_DRUG
CID_7781,CID_Oxazepam,DRUG_INTERACT_DRUG
CID_id,CID_name,DRUG_INTERACT_DRUG
CID_8745,CID_Promethazine,DRUG_INTERACT_DRUG
CID_1,PMID_21,DRUG_MENTIONED_IN_LITERATURE
CID_2,PMID_22,DRUG_MENTIONED_IN_LITERATURE
CID_3,PMID_23,DRUG_MENTIONED_IN_LITERATURE
CID_4,PMID_24,DRUG_MENTIONED_IN_LITERATURE
CID_5,PMID_25,DRUG_MENTIONED_IN_LITERATURE
CID_6,PMID_26,DRUG_MENTIONED_IN_LITERATURE
CID_7,PMID_30,DRUG_MENTIONED_IN_LITERATURE
CID_8,PMID_31,DRUG_MENTIONED_IN_LITERATURE
CID_9,PMID_32,DRUG_MENTIONED_IN_LITERATURE
CID_11,PMID_33,DRUG_MENTIONED_IN_LITERATURE
CID_12,PMID_35,DRUG_MENTIONED_IN_LITERATURE
CID_13,PMID_36,DRUG_MENTIONED_IN_LITERATURE
CID_14,PMID_37,DRUG_MENTIONED_IN_LITERATURE
CID_15,PMID_38,DRUG_MENTIONED_IN_LITERATURE
CID_16,PMID_39,DRUG_MENTIONED_IN_LITERATURE
CID_17,PMID_40,DRUG_MENTIONED_IN_LITERATURE
CID_18,PMID_41,DRUG_MENTIONED_IN_LITERATURE
CID_19,PMID_42,DRUG_MENTIONED_IN_LITERATURE
CID_20,PMID_43,DRUG_MENTIONED_IN_LITERATURE
CID_21,PMID_44,DRUG_MENTIONED_IN_LITERATURE
CID_22,PMID_45,DRUG_MENTIONED_IN_LITERATURE
CID_23,PMID_46,DRUG_MENTIONED_IN_LITERATURE
CID_24,PMID_47,DRUG_MENTIONED_IN_LITERATURE
CID_26,PMID_48,DRUG_MENTIONED_IN_LITERATURE
CID_28,PMID_49,DRUG_MENTIONED_IN_LITERATURE
CID_29,PMID_50,DRUG_MENTIONED_IN_LITERATURE
CID_30,PMID_51,DRUG_MENTIONED_IN_LITERATURE
CID_31,PMID_52,DRUG_MENTIONED_IN_LITERATURE
CID_32,PMID_53,DRUG_MENTIONED_IN_LITERATURE
CID_33,PMID_55,DRUG_MENTIONED_IN_LITERATURE
CID_34,PMID_54,DRUG_MENTIONED_IN_LITERATURE
CID_35,PMID_56,DRUG_MENTIONED_IN_LITERATURE
CID_36,PMID_57,DRUG_MENTIONED_IN_LITERATURE
CID_37,PMID_58,DRUG_MENTIONED_IN_LITERATURE
CID_38,PMID_59,DRUG_MENTIONED_IN_LITERATURE
CID_39,PMID_60,DRUG_MENTIONED_IN_LITERATURE
CID_40,PMID_61,DRUG_MENTIONED_IN_LITERATURE
CID_41,PMID_62,DRUG_MENTIONED_IN_LITERATURE
CID_42,PMID_63,DRUG_MENTIONED_IN_LITERATURE
CID_43,PMID_64,DRUG_MENTIONED_IN_LITERATURE
CID_44,PMID_65,DRUG_MENTIONED_IN_LITERATURE
CID_45,PMID_66,DRUG_MENTIONED_IN_LITERATURE
CID_46,PMID_67,DRUG_MENTIONED_IN_LITERATURE
CID_47,PMID_68,DRUG_MENTIONED_IN_LITERATURE
CID_48,PMID_70,DRUG_MENTIONED_IN_LITERATURE
CID_49,PMID_69,DRUG_MENTIONED_IN_LITERATURE
CID_50,PMID_71,DRUG_MENTIONED_IN_LITERATURE
CID_51,PMID_72,DRUG_MENTIONED_IN_LITERATURE
CID_52,PMID_73,DRUG_MENTIONED_IN_LITERATURE
CID_53,PMID_74,DRUG_MENTIONED_IN_LITERATURE
CID_54,PMID_75,DRUG_MENTIONED_IN_LITERATURE
CID_55,PMID_76,DRUG_MENTIONED_IN_LITERATURE
CID_56,PMID_78,DRUG_MENTIONED_IN_LITERATURE
CID_57,PMID_77,DRUG_MENTIONED_IN_LITERATURE
CID_58,PMID_79,DRUG_MENTIONED_IN_LITERATURE
CID_59,PMID_80,DRUG_MENTIONED_IN_LITERATURE
CID_60,PMID_81,DRUG_MENTIONED_IN_LITERATURE
CID_61,PMID_82,DRUG_MENTIONED_IN_LITERATURE
CID_62,PMID_83,DRUG_MENTIONED_IN_LITERATURE
CID_63,PMID_84,DRUG_MENTIONED_IN_LITERATURE
CID_64,PMID_85,DRUG_MENTIONED_IN_LITERATURE
CID_65,PMID_86,DRUG_MENTIONED_IN_LITERATURE
CID_66,PMID_87,DRUG_MENTIONED_IN_LITERATURE
CID_67,PMID_88,DRUG_MENTIONED_IN_LITERATURE
CID_68,PMID_90,DRUG_MENTIONED_IN_LITERATURE
CID_69,PMID_89,DRUG_MENTIONED_IN_LITERATURE
CID_70,PMID_91,DRUG_MENTIONED_IN_LITERATURE
CID_71,PMID_92,DRUG_MENTIONED_IN_LITERATURE
CID_72,PMID_96,DRUG_MENTIONED_IN_LITERATURE
CID_73,PMID_94,DRUG_MENTIONED_IN_LITERATURE
CID_74,PMID_93,DRUG_MENTIONED_IN_LITERATURE
CID_75,PMID_103,DRUG_MENTIONED_IN_LITERATURE
CID_76,PMID_95,DRUG_MENTIONED_IN_LITERATURE
CID_77,PMID_105,DRUG_MENTIONED_IN_LITERATURE
CID_78,PMID_104,DRUG_MENTIONED_IN_LITERATURE
CID_79,PMID_106,DRUG_MENTIONED_IN_LITERATURE
CID_80,PMID_107,DRUG_MENTIONED_IN_LITERATURE
CID_81,PMID_123,DRUG_MENTIONED_IN_LITERATURE
CID_82,PMID_125,DRUG_MENTIONED_IN_LITERATURE
CID_84,PMID_124,DRUG_MENTIONED_IN_LITERATURE
CID_85,PMID_129,DRUG_MENTIONED_IN_LITERATURE
CID_86,PMID_128,DRUG_MENTIONED_IN_LITERATURE
CID_87,PMID_132,DRUG_MENTIONED_IN_LITERATURE
CID_88,PMID_133,DRUG_MENTIONED_IN_LITERATURE
CID_89,PMID_134,DRUG_MENTIONED_IN_LITERATURE
CID_90,PMID_136,DRUG_MENTIONED_IN_LITERATURE
CID_91,PMID_135,DRUG_MENTIONED_IN_LITERATURE
CID_92,PMID_137,DRUG_MENTIONED_IN_LITERATURE
CID_93,PMID_138,DRUG_MENTIONED_IN_LITERATURE
CID_94,PMID_139,DRUG_MENTIONED_IN_LITERATURE
CID_95,PMID_140,DRUG_MENTIONED_IN_LITERATURE
CID_96,PMID_142,DRUG_MENTIONED_IN_LITERATURE
CID_97,PMID_141,DRUG_MENTIONED_IN_LITERATURE
CID_98,PMID_143,DRUG_MENTIONED_IN_LITERATURE
CID_99,PMID_149,DRUG_MENTIONED_IN_LITERATURE
CID_100,PMID_148,DRUG_MENTIONED_IN_LITERATURE
CID_101,PMID_150,DRUG_MENTIONED_IN_LITERATURE
CID_102,PMID_151,DRUG_MENTIONED_IN_LITERATURE
CID_103,PMID_152,DRUG_MENTIONED_IN_LITERATURE
CID_104,PMID_153,DRUG_MENTIONED_IN_LITERATURE
CID_105,PMID_154,DRUG_MENTIONED_IN_LITERATURE
CID_106,PMID_155,DRUG_MENTIONED_IN_LITERATURE
CID_107,PMID_156,DRUG_MENTIONED_IN_LITERATURE
CID_108,PMID_157,DRUG_MENTIONED_IN_LITERATURE
CID_109,PMID_158,DRUG_MENTIONED_IN_LITERATURE
CID_110,PMID_159,DRUG_MENTIONED_IN_LITERATURE
CID_111,PMID_160,DRUG_MENTIONED_IN_LITERATURE
CID_112,PMID_161,DRUG_MENTIONED_IN_LITERATURE
CID_113,PMID_162,DRUG_MENTIONED_IN_LITERATURE
CID_114,PMID_165,DRUG_MENTIONED_IN_LITERATURE
CID_115,PMID_167,DRUG_MENTIONED_IN_LITERATURE
CID_116,PMID_170,DRUG_MENTIONED_IN_LITERATURE
CID_117,PMID_171,DRUG_MENTIONED_IN_LITERATURE
CID_118,PMID_168,DRUG_MENTIONED_IN_LITERATURE
CID_119,PMID_210,DRUG_MENTIONED_IN_LITERATURE
CID_120,PMID_218,DRUG_MENTIONED_IN_LITERATURE
CID_121,PMID_220,DRUG_MENTIONED_IN_LITERATURE
CID_122,PMID_226,DRUG_MENTIONED_IN_LITERATURE
CID_123,PMID_227,DRUG_MENTIONED_IN_LITERATURE
CID_124,PMID_229,DRUG_MENTIONED_IN_LITERATURE
CID_125,PMID_230,DRUG_MENTIONED_IN_LITERATURE
CID_126,PMID_231,DRUG_MENTIONED_IN_LITERATURE
CID_127,PMID_232,DRUG_MENTIONED_IN_LITERATURE
CID_128,PMID_233,DRUG_MENTIONED_IN_LITERATURE
CID_129,PMID_234,DRUG_MENTIONED_IN_LITERATURE
CID_130,PMID_235,DRUG_MENTIONED_IN_LITERATURE
CID_131,PMID_236,DRUG_MENTIONED_IN_LITERATURE
CID_132,PMID_237,DRUG_MENTIONED_IN_LITERATURE
CID_133,PMID_238,DRUG_MENTIONED_IN_LITERATURE
CID_134,PMID_239,DRUG_MENTIONED_IN_LITERATURE
CID_135,PMID_240,DRUG_MENTIONED_IN_LITERATURE
CID_137,PMID_241,DRUG_MENTIONED_IN_LITERATURE
CID_138,PMID_250,DRUG_MENTIONED_IN_LITERATURE
CID_139,PMID_251,DRUG_MENTIONED_IN_LITERATURE
CID_140,PMID_257,DRUG_MENTIONED_IN_LITERATURE
CID_141,PMID_270,DRUG_MENTIONED_IN_LITERATURE
CID_142,PMID_271,DRUG_MENTIONED_IN_LITERATURE
CID_144,PMID_273,DRUG_MENTIONED_IN_LITERATURE
CID_145,PMID_274,DRUG_MENTIONED_IN_LITERATURE
CID_149,PMID_278,DRUG_MENTIONED_IN_LITERATURE
CID_150,PMID_280,DRUG_MENTIONED_IN_LITERATURE
CID_151,PMID_279,DRUG_MENTIONED_IN_LITERATURE
CID_152,PMID_281,DRUG_MENTIONED_IN_LITERATURE
CID_153,PMID_282,DRUG_MENTIONED_IN_LITERATURE
CID_154,PMID_283,DRUG_MENTIONED_IN_LITERATURE
CID_155,PMID_284,DRUG_MENTIONED_IN_LITERATURE
CID_156,PMID_285,DRUG_MENTIONED_IN_LITERATURE
CID_157,PMID_286,DRUG_MENTIONED_IN_LITERATURE
CID_158,PMID_287,DRUG_MENTIONED_IN_LITERATURE
CID_159,PMID_288,DRUG_MENTIONED_IN_LITERATURE
CID_160,PMID_289,DRUG_MENTIONED_IN_LITERATURE
CID_161,PMID_292,DRUG_MENTIONED_IN_LITERATURE
CID_162,PMID_293,DRUG_MENTIONED_IN_LITERATURE
CID_163,PMID_295,DRUG_MENTIONED_IN_LITERATURE
CID_164,PMID_296,DRUG_MENTIONED_IN_LITERATURE
CID_165,PMID_297,DRUG_MENTIONED_IN_LITERATURE
CID_166,PMID_298,DRUG_MENTIONED_IN_LITERATURE
CID_167,PMID_325,DRUG_MENTIONED_IN_LITERATURE
CID_168,PMID_329,DRUG_MENTIONED_IN_LITERATURE
CID_169,PMID_330,DRUG_MENTIONED_IN_LITERATURE
CID_172,PMID_331,DRUG_MENTIONED_IN_LITERATURE
CID_173,PMID_332,DRUG_MENTIONED_IN_LITERATURE
CID_174,PMID_334,DRUG_MENTIONED_IN_LITERATURE
CID_175,PMID_333,DRUG_MENTIONED_IN_LITERATURE
CID_176,PMID_336,DRUG_MENTIONED_IN_LITERATURE
CID_177,PMID_337,DRUG_MENTIONED_IN_LITERATURE
CID_178,PMID_338,DRUG_MENTIONED_IN_LITERATURE
CID_179,PMID_339,DRUG_MENTIONED_IN_LITERATURE
CID_180,PMID_340,DRUG_MENTIONED_IN_LITERATURE
CID_181,PMID_342,DRUG_MENTIONED_IN_LITERATURE
CID_182,PMID_343,DRUG_MENTIONED_IN_LITERATURE
CID_183,PMID_344,DRUG_MENTIONED_IN_LITERATURE
CID_184,PMID_345,DRUG_MENTIONED_IN_LITERATURE
CID_185,PMID_346,DRUG_MENTIONED_IN_LITERATURE
CID_186,PMID_350,DRUG_MENTIONED_IN_LITERATURE
CID_187,PMID_349,DRUG_MENTIONED_IN_LITERATURE
CID_188,PMID_353,DRUG_MENTIONED_IN_LITERATURE
CID_189,PMID_354,DRUG_MENTIONED_IN_LITERATURE
CID_190,PMID_356,DRUG_MENTIONED_IN_LITERATURE
CID_191,PMID_357,DRUG_MENTIONED_IN_LITERATURE
CID_192,PMID_358,DRUG_MENTIONED_IN_LITERATURE
CID_193,PMID_359,DRUG_MENTIONED_IN_LITERATURE
CID_194,PMID_360,DRUG_MENTIONED_IN_LITERATURE
CID_195,PMID_361,DRUG_MENTIONED_IN_LITERATURE
CID_196,PMID_362,DRUG_MENTIONED_IN_LITERATURE
CID_197,PMID_364,DRUG_MENTIONED_IN_LITERATURE
CID_198,PMID_363,DRUG_MENTIONED_IN_LITERATURE
CID_199,PMID_365,DRUG_MENTIONED_IN_LITERATURE
CID_200,PMID_366,DRUG_MENTIONED_IN_LITERATURE
CID_201,PMID_368,DRUG_MENTIONED_IN_LITERATURE
CID_202,PMID_369,DRUG_MENTIONED_IN_LITERATURE
CID_203,PMID_367,DRUG_MENTIONED_IN_LITERATURE
CID_204,PMID_370,DRUG_MENTIONED_IN_LITERATURE
CID_205,PMID_372,DRUG_MENTIONED_IN_LITERATURE
CID_206,PMID_371,DRUG_MENTIONED_IN_LITERATURE
CID_207,PMID_373,DRUG_MENTIONED_IN_LITERATURE
CID_208,PMID_374,DRUG_MENTIONED_IN_LITERATURE
CID_209,PMID_375,DRUG_MENTIONED_IN_LITERATURE
CID_210,PMID_376,DRUG_MENTIONED_IN_LITERATURE
CID_211,PMID_377,DRUG_MENTIONED_IN_LITERATURE
CID_212,PMID_378,DRUG_MENTIONED_IN_LITERATURE
CID_213,PMID_379,DRUG_MENTIONED_IN_LITERATURE
CID_214,PMID_380,DRUG_MENTIONED_IN_LITERATURE
CID_215,PMID_381,DRUG_MENTIONED_IN_LITERATURE
CID_216,PMID_382,DRUG_MENTIONED_IN_LITERATURE
CID_217,PMID_383,DRUG_MENTIONED_IN_LITERATURE
CID_219,PMID_384,DRUG_MENTIONED_IN_LITERATURE
CID_220,PMID_385,DRUG_MENTIONED_IN_LITERATURE
CID_221,PMID_386,DRUG_MENTIONED_IN_LITERATURE
CID_222,PMID_387,DRUG_MENTIONED_IN_LITERATURE
CID_223,PMID_388,DRUG_MENTIONED_IN_LITERATURE
CID_224,PMID_389,DRUG_MENTIONED_IN_LITERATURE
CID_225,PMID_390,DRUG_MENTIONED_IN_LITERATURE
CID_226,PMID_391,DRUG_MENTIONED_IN_LITERATURE
CID_227,PMID_392,DRUG_MENTIONED_IN_LITERATURE
CID_228,PMID_393,DRUG_MENTIONED_IN_LITERATURE
CID_229,PMID_394,DRUG_MENTIONED_IN_LITERATURE
CID_230,PMID_395,DRUG_MENTIONED_IN_LITERATURE
CID_231,PMID_396,DRUG_MENTIONED_IN_LITERATURE
CID_232,PMID_397,DRUG_MENTIONED_IN_LITERATURE
CID_233,PMID_398,DRUG_MENTIONED_IN_LITERATURE
CID_234,PMID_399,DRUG_MENTIONED_IN_LITERATURE
CID_236,PMID_400,DRUG_MENTIONED_IN_LITERATURE
CID_237,PMID_401,DRUG_MENTIONED_IN_LITERATURE
CID_238,PMID_402,DRUG_MENTIONED_IN_LITERATURE
CID_239,PMID_403,DRUG_MENTIONED_IN_LITERATURE
CID_240,PMID_404,DRUG_MENTIONED_IN_LITERATURE
CID_241,PMID_406,DRUG_MENTIONED_IN_LITERATURE
CID_242,PMID_407,DRUG_MENTIONED_IN_LITERATURE
CID_243,PMID_409,DRUG_MENTIONED_IN_LITERATURE
CID_244,PMID_408,DRUG_MENTIONED_IN_LITERATURE
CID_245,PMID_410,DRUG_MENTIONED_IN_LITERATURE
CID_246,PMID_411,DRUG_MENTIONED_IN_LITERATURE
CID_247,PMID_413,DRUG_MENTIONED_IN_LITERATURE
CID_248,PMID_412,DRUG_MENTIONED_IN_LITERATURE
CID_249,PMID_416,DRUG_MENTIONED_IN_LITERATURE
CID_250,PMID_417,DRUG_MENTIONED_IN_LITERATURE
CID_251,PMID_418,DRUG_MENTIONED_IN_LITERATURE
CID_253,PMID_419,DRUG_MENTIONED_IN_LITERATURE
CID_254,PMID_420,DRUG_MENTIONED_IN_LITERATURE
CID_255,PMID_421,DRUG_MENTIONED_IN_LITERATURE
CID_256,PMID_422,DRUG_MENTIONED_IN_LITERATURE
CID_257,PMID_423,DRUG_MENTIONED_IN_LITERATURE
CID_258,PMID_425,DRUG_MENTIONED_IN_LITERATURE
CID_259,PMID_426,DRUG_MENTIONED_IN_LITERATURE
CID_260,PMID_429,DRUG_MENTIONED_IN_LITERATURE
CID_261,PMID_424,DRUG_MENTIONED_IN_LITERATURE
CID_262,PMID_439,DRUG_MENTIONED_IN_LITERATURE
CID_263,PMID_440,DRUG_MENTIONED_IN_LITERATURE
CID_264,PMID_442,DRUG_MENTIONED_IN_LITERATURE
CID_265,PMID_446,DRUG_MENTIONED_IN_LITERATURE
CID_266,PMID_447,DRUG_MENTIONED_IN_LITERATURE
CID_267,PMID_448,DRUG_MENTIONED_IN_LITERATURE
CID_268,PMID_449,DRUG_MENTIONED_IN_LITERATURE
CID_269,PMID_450,DRUG_MENTIONED_IN_LITERATURE
CID_270,PMID_451,DRUG_MENTIONED_IN_LITERATURE
CID_271,PMID_452,DRUG_MENTIONED_IN_LITERATURE
CID_273,PMID_453,DRUG_MENTIONED_IN_LITERATURE
CID_274,PMID_454,DRUG_MENTIONED_IN_LITERATURE
CID_275,PMID_459,DRUG_MENTIONED_IN_LITERATURE
CID_276,PMID_461,DRUG_MENTIONED_IN_LITERATURE
CID_277,PMID_460,DRUG_MENTIONED_IN_LITERATURE
CID_278,PMID_462,DRUG_MENTIONED_IN_LITERATURE
CID_279,PMID_463,DRUG_MENTIONED_IN_LITERATURE
CID_280,PMID_464,DRUG_MENTIONED_IN_LITERATURE
CID_281,PMID_465,DRUG_MENTIONED_IN_LITERATURE
CID_282,PMID_466,DRUG_MENTIONED_IN_LITERATURE
CID_283,PMID_467,DRUG_MENTIONED_IN_LITERATURE
CID_284,PMID_468,DRUG_MENTIONED_IN_LITERATURE
CID_285,PMID_472,DRUG_MENTIONED_IN_LITERATURE
CID_286,PMID_475,DRUG_MENTIONED_IN_LITERATURE
CID_287,PMID_476,DRUG_MENTIONED_IN_LITERATURE
CID_288,PMID_477,DRUG_MENTIONED_IN_LITERATURE
CID_289,PMID_479,DRUG_MENTIONED_IN_LITERATURE
CID_290,PMID_480,DRUG_MENTIONED_IN_LITERATURE
CID_291,PMID_481,DRUG_MENTIONED_IN_LITERATURE
CID_292,PMID_482,DRUG_MENTIONED_IN_LITERATURE
CID_293,PMID_483,DRUG_MENTIONED_IN_LITERATURE
CID_294,PMID_484,DRUG_MENTIONED_IN_LITERATURE
CID_296,PMID_486,DRUG_MENTIONED_IN_LITERATURE
CID_297,PMID_485,DRUG_MENTIONED_IN_LITERATURE
CID_298,PMID_488,DRUG_MENTIONED_IN_LITERATURE
CID_299,PMID_489,DRUG_MENTIONED_IN_LITERATURE
CID_300,PMID_490,DRUG_MENTIONED_IN_LITERATURE
CID_301,PMID_491,DRUG_MENTIONED_IN_LITERATURE
CID_302,PMID_492,DRUG_MENTIONED_IN_LITERATURE
CID_303,PMID_493,DRUG_MENTIONED_IN_LITERATURE
CID_304,PMID_495,DRUG_MENTIONED_IN_LITERATURE
CID_305,PMID_494,DRUG_MENTIONED_IN_LITERATURE
CID_306,PMID_496,DRUG_MENTIONED_IN_LITERATURE
CID_307,PMID_497,DRUG_MENTIONED_IN_LITERATURE
CID_308,PMID_506,DRUG_MENTIONED_IN_LITERATURE
CID_309,PMID_507,DRUG_MENTIONED_IN_LITERATURE
CID_310,PMID_508,DRUG_MENTIONED_IN_LITERATURE
CID_311,PMID_514,DRUG_MENTIONED_IN_LITERATURE
CID_312,PMID_515,DRUG_MENTIONED_IN_LITERATURE
CID_313,PMID_516,DRUG_MENTIONED_IN_LITERATURE
CID_314,PMID_517,DRUG_MENTIONED_IN_LITERATURE
CID_315,PMID_519,DRUG_MENTIONED_IN_LITERATURE
CID_316,PMID_525,DRUG_MENTIONED_IN_LITERATURE
CID_317,PMID_534,DRUG_MENTIONED_IN_LITERATURE
CID_318,PMID_535,DRUG_MENTIONED_IN_LITERATURE
CID_319,PMID_537,DRUG_MENTIONED_IN_LITERATURE
CID_320,PMID_538,DRUG_MENTIONED_IN_LITERATURE
CID_321,PMID_540,DRUG_MENTIONED_IN_LITERATURE
CID_322,PMID_542,DRUG_MENTIONED_IN_LITERATURE
CID_323,PMID_541,DRUG_MENTIONED_IN_LITERATURE
CID_324,PMID_545,DRUG_MENTIONED_IN_LITERATURE
CID_325,PMID_543,DRUG_MENTIONED_IN_LITERATURE
CID_326,PMID_549,DRUG_MENTIONED_IN_LITERATURE
CID_328,PMID_550,DRUG_MENTIONED_IN_LITERATURE
CID_329,PMID_562,DRUG_MENTIONED_IN_LITERATURE
CID_330,PMID_561,DRUG_MENTIONED_IN_LITERATURE
CID_331,PMID_580,DRUG_MENTIONED_IN_LITERATURE
CID_332,PMID_578,DRUG_MENTIONED_IN_LITERATURE
CID_333,PMID_594,DRUG_MENTIONED_IN_LITERATURE
CID_334,PMID_609,DRUG_MENTIONED_IN_LITERATURE
CID_335,PMID_610,DRUG_MENTIONED_IN_LITERATURE
CID_336,PMID_611,DRUG_MENTIONED_IN_LITERATURE
CID_337,PMID_616,DRUG_MENTIONED_IN_LITERATURE
CID_338,PMID_626,DRUG_MENTIONED_IN_LITERATURE
CID_339,PMID_627,DRUG_MENTIONED_IN_LITERATURE
CID_340,PMID_628,DRUG_MENTIONED_IN_LITERATURE
CID_341,PMID_629,DRUG_MENTIONED_IN_LITERATURE
CID_342,PMID_630,DRUG_MENTIONED_IN_LITERATURE
CID_343,PMID_631,DRUG_MENTIONED_IN_LITERATURE
CID_344,PMID_632,DRUG_MENTIONED_IN_LITERATURE
CID_345,PMID_633,DRUG_MENTIONED_IN_LITERATURE
CID_346,PMID_634,DRUG_MENTIONED_IN_LITERATURE
CID_347,PMID_635,DRUG_MENTIONED_IN_LITERATURE
CID_348,PMID_643,DRUG_MENTIONED_IN_LITERATURE
CID_349,PMID_645,DRUG_MENTIONED_IN_LITERATURE
CID_350,PMID_646,DRUG_MENTIONED_IN_LITERATURE
CID_351,PMID_648,DRUG_MENTIONED_IN_LITERATURE
CID_352,PMID_651,DRUG_MENTIONED_IN_LITERATURE
CID_353,PMID_652,DRUG_MENTIONED_IN_LITERATURE
CID_354,PMID_653,DRUG_MENTIONED_IN_LITERATURE
CID_355,PMID_656,DRUG_MENTIONED_IN_LITERATURE
CID_356,PMID_657,DRUG_MENTIONED_IN_LITERATURE
CID_357,PMID_665,DRUG_MENTIONED_IN_LITERATURE
CID_358,PMID_666,DRUG_MENTIONED_IN_LITERATURE
CID_359,PMID_667,DRUG_MENTIONED_IN_LITERATURE
CID_360,PMID_668,DRUG_MENTIONED_IN_LITERATURE
CID_361,PMID_669,DRUG_MENTIONED_IN_LITERATURE
CID_362,PMID_670,DRUG_MENTIONED_IN_LITERATURE
CID_363,PMID_671,DRUG_MENTIONED_IN_LITERATURE
CID_364,PMID_672,DRUG_MENTIONED_IN_LITERATURE
CID_365,PMID_673,DRUG_MENTIONED_IN_LITERATURE
CID_366,PMID_674,DRUG_MENTIONED_IN_LITERATURE
CID_368,PMID_675,DRUG_MENTIONED_IN_LITERATURE
CID_370,PMID_676,DRUG_MENTIONED_IN_LITERATURE
CID_371,PMID_677,DRUG_MENTIONED_IN_LITERATURE
CID_372,PMID_678,DRUG_MENTIONED_IN_LITERATURE
CID_374,PMID_681,DRUG_MENTIONED_IN_LITERATURE
CID_375,PMID_698,DRUG_MENTIONED_IN_LITERATURE
CID_376,PMID_699,DRUG_MENTIONED_IN_LITERATURE
CID_377,PMID_701,DRUG_MENTIONED_IN_LITERATURE
CID_378,PMID_702,DRUG_MENTIONED_IN_LITERATURE
CID_379,PMID_706,DRUG_MENTIONED_IN_LITERATURE
CID_380,PMID_707,DRUG_MENTIONED_IN_LITERATURE
CID_381,PMID_708,DRUG_MENTIONED_IN_LITERATURE
CID_382,PMID_709,DRUG_MENTIONED_IN_LITERATURE
CID_383,PMID_710,DRUG_MENTIONED_IN_LITERATURE
CID_384,PMID_711,DRUG_MENTIONED_IN_LITERATURE
CID_385,PMID_725,DRUG_MENTIONED_IN_LITERATURE
CID_386,PMID_741,DRUG_MENTIONED_IN_LITERATURE
CID_387,PMID_742,DRUG_MENTIONED_IN_LITERATURE
CID_388,PMID_743,DRUG_MENTIONED_IN_LITERATURE
CID_389,PMID_745,DRUG_MENTIONED_IN_LITERATURE
CID_390,PMID_746,DRUG_MENTIONED_IN_LITERATURE
CID_391,PMID_747,DRUG_MENTIONED_IN_LITERATURE
CID_392,PMID_748,DRUG_MENTIONED_IN_LITERATURE
CID_393,PMID_750,DRUG_MENTIONED_IN_LITERATURE
CID_395,PMID_749,DRUG_MENTIONED_IN_LITERATURE
CID_397,PMID_751,DRUG_MENTIONED_IN_LITERATURE
CID_398,PMID_752,DRUG_MENTIONED_IN_LITERATURE
CID_399,PMID_753,DRUG_MENTIONED_IN_LITERATURE
CID_400,PMID_783,DRUG_MENTIONED_IN_LITERATURE
CID_401,PMID_784,DRUG_MENTIONED_IN_LITERATURE
CID_402,PMID_785,DRUG_MENTIONED_IN_LITERATURE
CID_403,PMID_786,DRUG_MENTIONED_IN_LITERATURE
CID_404,PMID_789,DRUG_MENTIONED_IN_LITERATURE
CID_405,PMID_792,DRUG_MENTIONED_IN_LITERATURE
CID_406,PMID_795,DRUG_MENTIONED_IN_LITERATURE
CID_407,PMID_796,DRUG_MENTIONED_IN_LITERATURE
CID_408,PMID_800,DRUG_MENTIONED_IN_LITERATURE
CID_409,PMID_801,DRUG_MENTIONED_IN_LITERATURE
CID_410,PMID_807,DRUG_MENTIONED_IN_LITERATURE
CID_411,PMID_814,DRUG_MENTIONED_IN_LITERATURE
CID_412,PMID_815,DRUG_MENTIONED_IN_LITERATURE
CID_413,PMID_825,DRUG_MENTIONED_IN_LITERATURE
CID_414,PMID_821,DRUG_MENTIONED_IN_LITERATURE
CID_415,PMID_822,DRUG_MENTIONED_IN_LITERATURE
CID_416,PMID_823,DRUG_MENTIONED_IN_LITERATURE
CID_417,PMID_827,DRUG_MENTIONED_IN_LITERATURE
CID_418,PMID_820,DRUG_MENTIONED_IN_LITERATURE
CID_419,PMID_830,DRUG_MENTIONED_IN_LITERATURE
CID_420,PMID_831,DRUG_MENTIONED_IN_LITERATURE
CID_421,PMID_829,DRUG_MENTIONED_IN_LITERATURE
CID_422,PMID_832,DRUG_MENTIONED_IN_LITERATURE
CID_423,PMID_834,DRUG_MENTIONED_IN_LITERATURE
CID_424,PMID_839,DRUG_MENTIONED_IN_LITERATURE
CID_425,PMID_833,DRUG_MENTIONED_IN_LITERATURE
CID_426,PMID_840,DRUG_MENTIONED_IN_LITERATURE
CID_427,PMID_835,DRUG_MENTIONED_IN_LITERATURE
CID_428,PMID_836,DRUG_MENTIONED_IN_LITERATURE
CID_429,PMID_841,DRUG_MENTIONED_IN_LITERATURE
CID_430,PMID_842,DRUG_MENTIONED_IN_LITERATURE
CID_431,PMID_843,DRUG_MENTIONED_IN_LITERATURE
CID_432,PMID_848,DRUG_MENTIONED_IN_LITERATURE
CID_433,PMID_856,DRUG_MENTIONED_IN_LITERATURE
CID_434,PMID_858,DRUG_MENTIONED_IN_LITERATURE
CID_435,PMID_859,DRUG_MENTIONED_IN_LITERATURE
CID_436,PMID_860,DRUG_MENTIONED_IN_LITERATURE
CID_437,PMID_861,DRUG_MENTIONED_IN_LITERATURE
CID_438,PMID_863,DRUG_MENTIONED_IN_LITERATURE
CID_439,PMID_864,DRUG_MENTIONED_IN_LITERATURE
CID_440,PMID_872,DRUG_MENTIONED_IN_LITERATURE
CID_441,PMID_873,DRUG_MENTIONED_IN_LITERATURE
CID_442,PMID_875,DRUG_MENTIONED_IN_LITERATURE
CID_443,PMID_877,DRUG_MENTIONED_IN_LITERATURE
CID_444,PMID_878,DRUG_MENTIONED_IN_LITERATURE
CID_445,PMID_879,DRUG_MENTIONED_IN_LITERATURE
CID_446,PMID_880,DRUG_MENTIONED_IN_LITERATURE
CID_447,PMID_881,DRUG_MENTIONED_IN_LITERATURE
CID_448,PMID_882,DRUG_MENTIONED_IN_LITERATURE
CID_449,PMID_884,DRUG_MENTIONED_IN_LITERATURE
CID_450,PMID_886,DRUG_MENTIONED_IN_LITERATURE
CID_452,PMID_885,DRUG_MENTIONED_IN_LITERATURE
CID_453,PMID_899,DRUG_MENTIONED_IN_LITERATURE
CID_454,PMID_906,DRUG_MENTIONED_IN_LITERATURE
CID_455,PMID_907,DRUG_MENTIONED_IN_LITERATURE
CID_456,PMID_908,DRUG_MENTIONED_IN_LITERATURE
CID_457,PMID_909,DRUG_MENTIONED_IN_LITERATURE
CID_458,PMID_910,DRUG_MENTIONED_IN_LITERATURE
CID_460,PMID_911,DRUG_MENTIONED_IN_LITERATURE
CID_461,PMID_912,DRUG_MENTIONED_IN_LITERATURE
CID_462,PMID_913,DRUG_MENTIONED_IN_LITERATURE
CID_463,PMID_914,DRUG_MENTIONED_IN_LITERATURE
CID_464,PMID_915,DRUG_MENTIONED_IN_LITERATURE
CID_465,PMID_920,DRUG_MENTIONED_IN_LITERATURE
CID_466,PMID_930,DRUG_MENTIONED_IN_LITERATURE
CID_467,PMID_933,DRUG_MENTIONED_IN_LITERATURE
CID_468,PMID_934,DRUG_MENTIONED_IN_LITERATURE
CID_469,PMID_935,DRUG_MENTIONED_IN_LITERATURE
CID_470,PMID_936,DRUG_MENTIONED_IN_LITERATURE
CID_471,PMID_937,DRUG_MENTIONED_IN_LITERATURE
CID_472,PMID_938,DRUG_MENTIONED_IN_LITERATURE
CID_473,PMID_944,DRUG_MENTIONED_IN_LITERATURE
CID_474,PMID_947,DRUG_MENTIONED_IN_LITERATURE
CID_475,PMID_948,DRUG_MENTIONED_IN_LITERATURE
CID_476,PMID_949,DRUG_MENTIONED_IN_LITERATURE
CID_477,PMID_950,DRUG_MENTIONED_IN_LITERATURE
CID_478,PMID_951,DRUG_MENTIONED_IN_LITERATURE
CID_479,PMID_952,DRUG_MENTIONED_IN_LITERATURE
CID_481,PMID_953,DRUG_MENTIONED_IN_LITERATURE
CID_482,PMID_954,DRUG_MENTIONED_IN_LITERATURE
CID_483,PMID_972,DRUG_MENTIONED_IN_LITERATURE
CID_484,PMID_973,DRUG_MENTIONED_IN_LITERATURE
CID_485,PMID_974,DRUG_MENTIONED_IN_LITERATURE
CID_486,PMID_975,DRUG_MENTIONED_IN_LITERATURE
CID_487,PMID_976,DRUG_MENTIONED_IN_LITERATURE
CID_488,PMID_977,DRUG_MENTIONED_IN_LITERATURE
CID_489,PMID_978,DRUG_MENTIONED_IN_LITERATURE
CID_490,PMID_979,DRUG_MENTIONED_IN_LITERATURE
CID_491,PMID_982,DRUG_MENTIONED_IN_LITERATURE
CID_492,PMID_981,DRUG_MENTIONED_IN_LITERATURE
CID_493,PMID_983,DRUG_MENTIONED_IN_LITERATURE
CID_494,PMID_984,DRUG_MENTIONED_IN_LITERATURE
CID_495,PMID_985,DRUG_MENTIONED_IN_LITERATURE
CID_496,PMID_986,DRUG_MENTIONED_IN_LITERATURE
CID_497,PMID_988,DRUG_MENTIONED_IN_LITERATURE
CID_499,PMID_990,DRUG_MENTIONED_IN_LITERATURE
CID_500,PMID_989,DRUG_MENTIONED_IN_LITERATURE
CID_501,PMID_987,DRUG_MENTIONED_IN_LITERATURE
CID_502,PMID_991,DRUG_MENTIONED_IN_LITERATURE
CID_503,PMID_992,DRUG_MENTIONED_IN_LITERATURE
CID_504,PMID_993,DRUG_MENTIONED_IN_LITERATURE
CID_505,PMID_994,DRUG_MENTIONED_IN_LITERATURE
CID_507,PMID_996,DRUG_MENTIONED_IN_LITERATURE
CID_508,PMID_997,DRUG_MENTIONED_IN_LITERATURE
CID_510,PMID_999,DRUG_MENTIONED_IN_LITERATURE
CID_511,PMID_995,DRUG_MENTIONED_IN_LITERATURE
CID_512,PMID_998,DRUG_MENTIONED_IN_LITERATURE
CID_513,PMID_1000,DRUG_MENTIONED_IN_LITERATURE
CID_514,PMID_1001,DRUG_MENTIONED_IN_LITERATURE
CID_515,PMID_1002,DRUG_MENTIONED_IN_LITERATURE
CID_516,PMID_1003,DRUG_MENTIONED_IN_LITERATURE
CID_517,PMID_1004,DRUG_MENTIONED_IN_LITERATURE
CID_518,PMID_1040,DRUG_MENTIONED_IN_LITERATURE
CID_519,PMID_1041,DRUG_MENTIONED_IN_LITERATURE
CID_520,PMID_1042,DRUG_MENTIONED_IN_LITERATURE
CID_521,PMID_1043,DRUG_MENTIONED_IN_LITERATURE
CID_522,PMID_1048,DRUG_MENTIONED_IN_LITERATURE
CID_523,PMID_1049,DRUG_MENTIONED_IN_LITERATURE
CID_524,PMID_1050,DRUG_MENTIONED_IN_LITERATURE
CID_525,PMID_1051,DRUG_MENTIONED_IN_LITERATURE
CID_526,PMID_1052,DRUG_MENTIONED_IN_LITERATURE
CID_527,PMID_1053,DRUG_MENTIONED_IN_LITERATURE
CID_528,PMID_1076,DRUG_MENTIONED_IN_LITERATURE
CID_529,PMID_1080,DRUG_MENTIONED_IN_LITERATURE
CID_531,PMID_1081,DRUG_MENTIONED_IN_LITERATURE
CID_532,PMID_1082,DRUG_MENTIONED_IN_LITERATURE
CID_533,PMID_1083,DRUG_MENTIONED_IN_LITERATURE
CID_534,PMID_1084,DRUG_MENTIONED_IN_LITERATURE
CID_535,PMID_1085,DRUG_MENTIONED_IN_LITERATURE
CID_536,PMID_1086,DRUG_MENTIONED_IN_LITERATURE
CID_537,PMID_1087,DRUG_MENTIONED_IN_LITERATURE
CID_538,PMID_1088,DRUG_MENTIONED_IN_LITERATURE
CID_539,PMID_1089,DRUG_MENTIONED_IN_LITERATURE
CID_540,PMID_1090,DRUG_MENTIONED_IN_LITERATURE
CID_541,PMID_1091,DRUG_MENTIONED_IN_LITERATURE
CID_542,PMID_1092,DRUG_MENTIONED_IN_LITERATURE
CID_543,PMID_1093,DRUG_MENTIONED_IN_LITERATURE
CID_544,PMID_1094,DRUG_MENTIONED_IN_LITERATURE
CID_545,PMID_1095,DRUG_MENTIONED_IN_LITERATURE
CID_546,PMID_1096,DRUG_MENTIONED_IN_LITERATURE
CID_547,PMID_1097,DRUG_MENTIONED_IN_LITERATURE
CID_548,PMID_1098,DRUG_MENTIONED_IN_LITERATURE
CID_550,PMID_1099,DRUG_MENTIONED_IN_LITERATURE
CID_551,PMID_1100,DRUG_MENTIONED_IN_LITERATURE
CID_553,PMID_1105,DRUG_MENTIONED_IN_LITERATURE
CID_554,PMID_1104,DRUG_MENTIONED_IN_LITERATURE
CID_555,PMID_1103,DRUG_MENTIONED_IN_LITERATURE
CID_556,PMID_1106,DRUG_MENTIONED_IN_LITERATURE
CID_557,PMID_1109,DRUG_MENTIONED_IN_LITERATURE
CID_558,PMID_1108,DRUG_MENTIONED_IN_LITERATURE
CID_559,PMID_1107,DRUG_MENTIONED_IN_LITERATURE
CID_560,PMID_1110,DRUG_MENTIONED_IN_LITERATURE
CID_561,PMID_1112,DRUG_MENTIONED_IN_LITERATURE
CID_562,PMID_1111,DRUG_MENTIONED_IN_LITERATURE
CID_563,PMID_1113,DRUG_MENTIONED_IN_LITERATURE
CID_564,PMID_1114,DRUG_MENTIONED_IN_LITERATURE
CID_566,PMID_1115,DRUG_MENTIONED_IN_LITERATURE
CID_567,PMID_1120,DRUG_MENTIONED_IN_LITERATURE
CID_568,PMID_1116,DRUG_MENTIONED_IN_LITERATURE
CID_569,PMID_1121,DRUG_MENTIONED_IN_LITERATURE
CID_570,PMID_1122,DRUG_MENTIONED_IN_LITERATURE
CID_571,PMID_1123,DRUG_MENTIONED_IN_LITERATURE
CID_572,PMID_1126,DRUG_MENTIONED_IN_LITERATURE
CID_573,PMID_1127,DRUG_MENTIONED_IN_LITERATURE
CID_577,PMID_1132,DRUG_MENTIONED_IN_LITERATURE
CID_578,PMID_1133,DRUG_MENTIONED_IN_LITERATURE
CID_579,PMID_1135,DRUG_MENTIONED_IN_LITERATURE
CID_580,PMID_1134,DRUG_MENTIONED_IN_LITERATURE
CID_581,PMID_1140,DRUG_MENTIONED_IN_LITERATURE
CID_582,PMID_1141,DRUG_MENTIONED_IN_LITERATURE
CID_583,PMID_1142,DRUG_MENTIONED_IN_LITERATURE
CID_584,PMID_1143,DRUG_MENTIONED_IN_LITERATURE
CID_585,PMID_1144,DRUG_MENTIONED_IN_LITERATURE
CID_586,PMID_1145,DRUG_MENTIONED_IN_LITERATURE
CID_587,PMID_1147,DRUG_MENTIONED_IN_LITERATURE
CID_588,PMID_1148,DRUG_MENTIONED_IN_LITERATURE
CID_589,PMID_1155,DRUG_MENTIONED_IN_LITERATURE
CID_590,PMID_1156,DRUG_MENTIONED_IN_LITERATURE
CID_591,PMID_1158,DRUG_MENTIONED_IN_LITERATURE
CID_592,PMID_1159,DRUG_MENTIONED_IN_LITERATURE
CID_593,PMID_1160,DRUG_MENTIONED_IN_LITERATURE
CID_594,PMID_1161,DRUG_MENTIONED_IN_LITERATURE
CID_595,PMID_1162,DRUG_MENTIONED_IN_LITERATURE
CID_596,PMID_1163,DRUG_MENTIONED_IN_LITERATURE
CID_597,PMID_1164,DRUG_MENTIONED_IN_LITERATURE
CID_598,PMID_1166,DRUG_MENTIONED_IN_LITERATURE
CID_599,PMID_1168,DRUG_MENTIONED_IN_LITERATURE
CID_600,PMID_1169,DRUG_MENTIONED_IN_LITERATURE
CID_601,PMID_1170,DRUG_MENTIONED_IN_LITERATURE
CID_602,PMID_1171,DRUG_MENTIONED_IN_LITERATURE
CID_603,PMID_1172,DRUG_MENTIONED_IN_LITERATURE
CID_604,PMID_1207,DRUG_MENTIONED_IN_LITERATURE
CID_605,PMID_1213,DRUG_MENTIONED_IN_LITERATURE
CID_606,PMID_1218,DRUG_MENTIONED_IN_LITERATURE
CID_607,PMID_1217,DRUG_MENTIONED_IN_LITERATURE
CID_608,PMID_1220,DRUG_MENTIONED_IN_LITERATURE
CID_609,PMID_1222,DRUG_MENTIONED_IN_LITERATURE
CID_610,PMID_1221,DRUG_MENTIONED_IN_LITERATURE
CID_611,PMID_1219,DRUG_MENTIONED_IN_LITERATURE
CID_612,PMID_1223,DRUG_MENTIONED_IN_LITERATURE
CID_613,PMID_1227,DRUG_MENTIONED_IN_LITERATURE
CID_614,PMID_1224,DRUG_MENTIONED_IN_LITERATURE
CID_615,PMID_1225,DRUG_MENTIONED_IN_LITERATURE
CID_616,PMID_1226,DRUG_MENTIONED_IN_LITERATURE
CID_617,PMID_1228,DRUG_MENTIONED_IN_LITERATURE
CID_618,PMID_1229,DRUG_MENTIONED_IN_LITERATURE
CID_619,PMID_1230,DRUG_MENTIONED_IN_LITERATURE
CID_620,PMID_1231,DRUG_MENTIONED_IN_LITERATURE
CID_621,PMID_1232,DRUG_MENTIONED_IN_LITERATURE
CID_622,PMID_1234,DRUG_MENTIONED_IN_LITERATURE
CID_623,PMID_1233,DRUG_MENTIONED_IN_LITERATURE
CID_624,PMID_1243,DRUG_MENTIONED_IN_LITERATURE
CID_625,PMID_1244,DRUG_MENTIONED_IN_LITERATURE
CID_626,PMID_1235,DRUG_MENTIONED_IN_LITERATURE
CID_627,PMID_1245,DRUG_MENTIONED_IN_LITERATURE
CID_628,PMID_1246,DRUG_MENTIONED_IN_LITERATURE
CID_629,PMID_1247,DRUG_MENTIONED_IN_LITERATURE
CID_630,PMID_1248,DRUG_MENTIONED_IN_LITERATURE
CID_631,PMID_1249,DRUG_MENTIONED_IN_LITERATURE
CID_632,PMID_1250,DRUG_MENTIONED_IN_LITERATURE
CID_633,PMID_1251,DRUG_MENTIONED_IN_LITERATURE
CID_634,PMID_1252,DRUG_MENTIONED_IN_LITERATURE
CID_635,PMID_1253,DRUG_MENTIONED_IN_LITERATURE
CID_636,PMID_1254,DRUG_MENTIONED_IN_LITERATURE
CID_637,PMID_1255,DRUG_MENTIONED_IN_LITERATURE
CID_640,PMID_1256,DRUG_MENTIONED_IN_LITERATURE
CID_641,PMID_1257,DRUG_MENTIONED_IN_LITERATURE
CID_642,PMID_1258,DRUG_MENTIONED_IN_LITERATURE
CID_643,PMID_1259,DRUG_MENTIONED_IN_LITERATURE
CID_647,PMID_1261,DRUG_MENTIONED_IN_LITERATURE
CID_648,PMID_1260,DRUG_MENTIONED_IN_LITERATURE
CID_649,PMID_1262,DRUG_MENTIONED_IN_LITERATURE
CID_650,PMID_1263,DRUG_MENTIONED_IN_LITERATURE
CID_652,PMID_1264,DRUG_MENTIONED_IN_LITERATURE
CID_654,PMID_1265,DRUG_MENTIONED_IN_LITERATURE
CID_655,PMID_1266,DRUG_MENTIONED_IN_LITERATURE
CID_656,PMID_1267,DRUG_MENTIONED_IN_LITERATURE
CID_657,PMID_1268,DRUG_MENTIONED_IN_LITERATURE
CID_658,PMID_1269,DRUG_MENTIONED_IN_LITERATURE
CID_660,PMID_1270,DRUG_MENTIONED_IN_LITERATURE
CID_662,PMID_1271,DRUG_MENTIONED_IN_LITERATURE
CID_663,PMID_1272,DRUG_MENTIONED_IN_LITERATURE
CID_667,PMID_1273,DRUG_MENTIONED_IN_LITERATURE
CID_668,PMID_1274,DRUG_MENTIONED_IN_LITERATURE
CID_669,PMID_1275,DRUG_MENTIONED_IN_LITERATURE
CID_670,PMID_1276,DRUG_MENTIONED_IN_LITERATURE
CID_671,PMID_1278,DRUG_MENTIONED_IN_LITERATURE
CID_672,PMID_1279,DRUG_MENTIONED_IN_LITERATURE
CID_673,PMID_1280,DRUG_MENTIONED_IN_LITERATURE
CID_674,PMID_1291,DRUG_MENTIONED_IN_LITERATURE
CID_675,PMID_1292,DRUG_MENTIONED_IN_LITERATURE
CID_677,PMID_1293,DRUG_MENTIONED_IN_LITERATURE
CID_679,PMID_1295,DRUG_MENTIONED_IN_LITERATURE
CID_680,PMID_1298,DRUG_MENTIONED_IN_LITERATURE
CID_681,PMID_1296,DRUG_MENTIONED_IN_LITERATURE
CID_682,PMID_1319,DRUG_MENTIONED_IN_LITERATURE
CID_683,PMID_1320,DRUG_MENTIONED_IN_LITERATURE
CID_684,PMID_1323,DRUG_MENTIONED_IN_LITERATURE
CID_685,PMID_1322,DRUG_MENTIONED_IN_LITERATURE
CID_686,PMID_1324,DRUG_MENTIONED_IN_LITERATURE
CID_687,PMID_1325,DRUG_MENTIONED_IN_LITERATURE
CID_688,PMID_1332,DRUG_MENTIONED_IN_LITERATURE
CID_689,PMID_1333,DRUG_MENTIONED_IN_LITERATURE
CID_690,PMID_1334,DRUG_MENTIONED_IN_LITERATURE
CID_691,PMID_1335,DRUG_MENTIONED_IN_LITERATURE
CID_692,PMID_1336,DRUG_MENTIONED_IN_LITERATURE
CID_693,PMID_1337,DRUG_MENTIONED_IN_LITERATURE
CID_694,PMID_1338,DRUG_MENTIONED_IN_LITERATURE
CID_695,PMID_1339,DRUG_MENTIONED_IN_LITERATURE
CID_696,PMID_1344,DRUG_MENTIONED_IN_LITERATURE
CID_697,PMID_1345,DRUG_MENTIONED_IN_LITERATURE
CID_698,PMID_1346,DRUG_MENTIONED_IN_LITERATURE
CID_699,PMID_1349,DRUG_MENTIONED_IN_LITERATURE
CID_700,PMID_1350,DRUG_MENTIONED_IN_LITERATURE
CID_701,PMID_1351,DRUG_MENTIONED_IN_LITERATURE
CID_702,PMID_1355,DRUG_MENTIONED_IN_LITERATURE
CID_703,PMID_1356,DRUG_MENTIONED_IN_LITERATURE
CID_704,PMID_1357,DRUG_MENTIONED_IN_LITERATURE
CID_705,PMID_1358,DRUG_MENTIONED_IN_LITERATURE
CID_706,PMID_1368,DRUG_MENTIONED_IN_LITERATURE
CID_707,PMID_1369,DRUG_MENTIONED_IN_LITERATURE
CID_708,PMID_1370,DRUG_MENTIONED_IN_LITERATURE
CID_709,PMID_1371,DRUG_MENTIONED_IN_LITERATURE
CID_710,PMID_1373,DRUG_MENTIONED_IN_LITERATURE
CID_711,PMID_1372,DRUG_MENTIONED_IN_LITERATURE
CID_712,PMID_1374,DRUG_MENTIONED_IN_LITERATURE
CID_713,PMID_1375,DRUG_MENTIONED_IN_LITERATURE
CID_714,PMID_1376,DRUG_MENTIONED_IN_LITERATURE
CID_715,PMID_1377,DRUG_MENTIONED_IN_LITERATURE
CID_716,PMID_1378,DRUG_MENTIONED_IN_LITERATURE
CID_717,PMID_1379,DRUG_MENTIONED_IN_LITERATURE
CID_718,PMID_1380,DRUG_MENTIONED_IN_LITERATURE
CID_719,PMID_1381,DRUG_MENTIONED_IN_LITERATURE
CID_720,PMID_1382,DRUG_MENTIONED_IN_LITERATURE
CID_721,PMID_1383,DRUG_MENTIONED_IN_LITERATURE
CID_722,PMID_1385,DRUG_MENTIONED_IN_LITERATURE
CID_723,PMID_1384,DRUG_MENTIONED_IN_LITERATURE
CID_724,PMID_1386,DRUG_MENTIONED_IN_LITERATURE
CID_725,PMID_1387,DRUG_MENTIONED_IN_LITERATURE
CID_726,PMID_1388,DRUG_MENTIONED_IN_LITERATURE
CID_727,PMID_1389,DRUG_MENTIONED_IN_LITERATURE
CID_728,PMID_1390,DRUG_MENTIONED_IN_LITERATURE
CID_729,PMID_1391,DRUG_MENTIONED_IN_LITERATURE
CID_734,PMID_1392,DRUG_MENTIONED_IN_LITERATURE
CID_735,PMID_1393,DRUG_MENTIONED_IN_LITERATURE
CID_736,PMID_1394,DRUG_MENTIONED_IN_LITERATURE
CID_737,PMID_1395,DRUG_MENTIONED_IN_LITERATURE
CID_738,PMID_1397,DRUG_MENTIONED_IN_LITERATURE
CID_739,PMID_1396,DRUG_MENTIONED_IN_LITERATURE
CID_740,PMID_1399,DRUG_MENTIONED_IN_LITERATURE
CID_741,PMID_1400,DRUG_MENTIONED_IN_LITERATURE
CID_742,PMID_1401,DRUG_MENTIONED_IN_LITERATURE
CID_743,PMID_1398,DRUG_MENTIONED_IN_LITERATURE
CID_744,PMID_1405,DRUG_MENTIONED_IN_LITERATURE
CID_745,PMID_1406,DRUG_MENTIONED_IN_LITERATURE
CID_746,PMID_1407,DRUG_MENTIONED_IN_LITERATURE
CID_747,PMID_1408,DRUG_MENTIONED_IN_LITERATURE
CID_748,PMID_1410,DRUG_MENTIONED_IN_LITERATURE
CID_749,PMID_1411,DRUG_MENTIONED_IN_LITERATURE
CID_750,PMID_1412,DRUG_MENTIONED_IN_LITERATURE
CID_751,PMID_1414,DRUG_MENTIONED_IN_LITERATURE
CID_752,PMID_1415,DRUG_MENTIONED_IN_LITERATURE
CID_753,PMID_1416,DRUG_MENTIONED_IN_LITERATURE
CID_754,PMID_1417,DRUG_MENTIONED_IN_LITERATURE
CID_755,PMID_1418,DRUG_MENTIONED_IN_LITERATURE
CID_756,PMID_1419,DRUG_MENTIONED_IN_LITERATURE
CID_757,PMID_1420,DRUG_MENTIONED_IN_LITERATURE
CID_758,PMID_1421,DRUG_MENTIONED_IN_LITERATURE
CID_759,PMID_1437,DRUG_MENTIONED_IN_LITERATURE
CID_760,PMID_1442,DRUG_MENTIONED_IN_LITERATURE
CID_763,PMID_1444,DRUG_MENTIONED_IN_LITERATURE
CID_765,PMID_1445,DRUG_MENTIONED_IN_LITERATURE
CID_767,PMID_1446,DRUG_MENTIONED_IN_LITERATURE
CID_768,PMID_1447,DRUG_MENTIONED_IN_LITERATURE
CID_769,PMID_1448,DRUG_MENTIONED_IN_LITERATURE
CID_771,PMID_1449,DRUG_MENTIONED_IN_LITERATURE
CID_772,PMID_1450,DRUG_MENTIONED_IN_LITERATURE
CID_773,PMID_1451,DRUG_MENTIONED_IN_LITERATURE
CID_774,PMID_1452,DRUG_MENTIONED_IN_LITERATURE
CID_775,PMID_1453,DRUG_MENTIONED_IN_LITERATURE
CID_776,PMID_1454,DRUG_MENTIONED_IN_LITERATURE
CID_777,PMID_1455,DRUG_MENTIONED_IN_LITERATURE
CID_778,PMID_1457,DRUG_MENTIONED_IN_LITERATURE
CID_779,PMID_1458,DRUG_MENTIONED_IN_LITERATURE
CID_780,PMID_1459,DRUG_MENTIONED_IN_LITERATURE
CID_781,PMID_1460,DRUG_MENTIONED_IN_LITERATURE
CID_782,PMID_1461,DRUG_MENTIONED_IN_LITERATURE
CID_783,PMID_1462,DRUG_MENTIONED_IN_LITERATURE
CID_784,PMID_1463,DRUG_MENTIONED_IN_LITERATURE
CID_785,PMID_1465,DRUG_MENTIONED_IN_LITERATURE
CID_786,PMID_1466,DRUG_MENTIONED_IN_LITERATURE
CID_787,PMID_1467,DRUG_MENTIONED_IN_LITERATURE
CID_788,PMID_1468,DRUG_MENTIONED_IN_LITERATURE
CID_790,PMID_1469,DRUG_MENTIONED_IN_LITERATURE
CID_791,PMID_1473,DRUG_MENTIONED_IN_LITERATURE
CID_792,PMID_1478,DRUG_MENTIONED_IN_LITERATURE
CID_793,PMID_1480,DRUG_MENTIONED_IN_LITERATURE
CID_794,PMID_1481,DRUG_MENTIONED_IN_LITERATURE
CID_795,PMID_1483,DRUG_MENTIONED_IN_LITERATURE
CID_796,PMID_1486,DRUG_MENTIONED_IN_LITERATURE
CID_798,PMID_1487,DRUG_MENTIONED_IN_LITERATURE
CID_799,PMID_1488,DRUG_MENTIONED_IN_LITERATURE
CID_800,PMID_1489,DRUG_MENTIONED_IN_LITERATURE
CID_801,PMID_1490,DRUG_MENTIONED_IN_LITERATURE
CID_802,PMID_1491,DRUG_MENTIONED_IN_LITERATURE
CID_803,PMID_1492,DRUG_MENTIONED_IN_LITERATURE
CID_805,PMID_1493,DRUG_MENTIONED_IN_LITERATURE
CID_806,PMID_1494,DRUG_MENTIONED_IN_LITERATURE
CID_807,PMID_1509,DRUG_MENTIONED_IN_LITERATURE
CID_808,PMID_1510,DRUG_MENTIONED_IN_LITERATURE
CID_809,PMID_1511,DRUG_MENTIONED_IN_LITERATURE
CID_810,PMID_1512,DRUG_MENTIONED_IN_LITERATURE
CID_811,PMID_1513,DRUG_MENTIONED_IN_LITERATURE
CID_813,PMID_1514,DRUG_MENTIONED_IN_LITERATURE
CID_815,PMID_1516,DRUG_MENTIONED_IN_LITERATURE
CID_816,PMID_1517,DRUG_MENTIONED_IN_LITERATURE
CID_817,PMID_1518,DRUG_MENTIONED_IN_LITERATURE
CID_818,PMID_1519,DRUG_MENTIONED_IN_LITERATURE
CID_819,PMID_1520,DRUG_MENTIONED_IN_LITERATURE
CID_820,PMID_1521,DRUG_MENTIONED_IN_LITERATURE
CID_821,PMID_1523,DRUG_MENTIONED_IN_LITERATURE
CID_822,PMID_1524,DRUG_MENTIONED_IN_LITERATURE
CID_823,PMID_1525,DRUG_MENTIONED_IN_LITERATURE
CID_824,PMID_1526,DRUG_MENTIONED_IN_LITERATURE
CID_825,PMID_1527,DRUG_MENTIONED_IN_LITERATURE
CID_826,PMID_1528,DRUG_MENTIONED_IN_LITERATURE
CID_827,PMID_1529,DRUG_MENTIONED_IN_LITERATURE
CID_828,PMID_1530,DRUG_MENTIONED_IN_LITERATURE
CID_829,PMID_1533,DRUG_MENTIONED_IN_LITERATURE
CID_830,PMID_1534,DRUG_MENTIONED_IN_LITERATURE
CID_831,PMID_1535,DRUG_MENTIONED_IN_LITERATURE
CID_832,PMID_1536,DRUG_MENTIONED_IN_LITERATURE
CID_833,PMID_1538,DRUG_MENTIONED_IN_LITERATURE
CID_834,PMID_1539,DRUG_MENTIONED_IN_LITERATURE
CID_835,PMID_1540,DRUG_MENTIONED_IN_LITERATURE
CID_836,PMID_1541,DRUG_MENTIONED_IN_LITERATURE
CID_837,PMID_1542,DRUG_MENTIONED_IN_LITERATURE
CID_838,PMID_1544,DRUG_MENTIONED_IN_LITERATURE
CID_839,PMID_1543,DRUG_MENTIONED_IN_LITERATURE
CID_840,PMID_1545,DRUG_MENTIONED_IN_LITERATURE
CID_841,PMID_1546,DRUG_MENTIONED_IN_LITERATURE
CID_842,PMID_1547,DRUG_MENTIONED_IN_LITERATURE
CID_843,PMID_1549,DRUG_MENTIONED_IN_LITERATURE
CID_844,PMID_1548,DRUG_MENTIONED_IN_LITERATURE
CID_845,PMID_1550,DRUG_MENTIONED_IN_LITERATURE
CID_846,PMID_1551,DRUG_MENTIONED_IN_LITERATURE
CID_847,PMID_1554,DRUG_MENTIONED_IN_LITERATURE
CID_848,PMID_1558,DRUG_MENTIONED_IN_LITERATURE
CID_849,PMID_1559,DRUG_MENTIONED_IN_LITERATURE
CID_850,PMID_1560,DRUG_MENTIONED_IN_LITERATURE
CID_851,PMID_1561,DRUG_MENTIONED_IN_LITERATURE
CID_852,PMID_1562,DRUG_MENTIONED_IN_LITERATURE
CID_853,PMID_1563,DRUG_MENTIONED_IN_LITERATURE
CID_854,PMID_1567,DRUG_MENTIONED_IN_LITERATURE
CID_855,PMID_1568,DRUG_MENTIONED_IN_LITERATURE
CID_856,PMID_1569,DRUG_MENTIONED_IN_LITERATURE
CID_857,PMID_1570,DRUG_MENTIONED_IN_LITERATURE
CID_858,PMID_1571,DRUG_MENTIONED_IN_LITERATURE
CID_859,PMID_1572,DRUG_MENTIONED_IN_LITERATURE
CID_860,PMID_1573,DRUG_MENTIONED_IN_LITERATURE
CID_861,PMID_1574,DRUG_MENTIONED_IN_LITERATURE
CID_862,PMID_1575,DRUG_MENTIONED_IN_LITERATURE
CID_863,PMID_1576,DRUG_MENTIONED_IN_LITERATURE
CID_864,PMID_1577,DRUG_MENTIONED_IN_LITERATURE
CID_865,PMID_1579,DRUG_MENTIONED_IN_LITERATURE
CID_866,PMID_1578,DRUG_MENTIONED_IN_LITERATURE
CID_867,PMID_1587,DRUG_MENTIONED_IN_LITERATURE
CID_868,PMID_1580,DRUG_MENTIONED_IN_LITERATURE
CID_869,PMID_1588,DRUG_MENTIONED_IN_LITERATURE
CID_870,PMID_1583,DRUG_MENTIONED_IN_LITERATURE
CID_871,PMID_1589,DRUG_MENTIONED_IN_LITERATURE
CID_872,PMID_1590,DRUG_MENTIONED_IN_LITERATURE
CID_873,PMID_1582,DRUG_MENTIONED_IN_LITERATURE
CID_874,PMID_1591,DRUG_MENTIONED_IN_LITERATURE
CID_875,PMID_1592,DRUG_MENTIONED_IN_LITERATURE
CID_876,PMID_1593,DRUG_MENTIONED_IN_LITERATURE
CID_877,PMID_1594,DRUG_MENTIONED_IN_LITERATURE
CID_878,PMID_1595,DRUG_MENTIONED_IN_LITERATURE
CID_879,PMID_1596,DRUG_MENTIONED_IN_LITERATURE
CID_880,PMID_1599,DRUG_MENTIONED_IN_LITERATURE
CID_881,PMID_1600,DRUG_MENTIONED_IN_LITERATURE
CID_887,PMID_1602,DRUG_MENTIONED_IN_LITERATURE
CID_888,PMID_1604,DRUG_MENTIONED_IN_LITERATURE
CID_890,PMID_1605,DRUG_MENTIONED_IN_LITERATURE
CID_891,PMID_1608,DRUG_MENTIONED_IN_LITERATURE
CID_892,PMID_1609,DRUG_MENTIONED_IN_LITERATURE
CID_893,PMID_1620,DRUG_MENTIONED_IN_LITERATURE
CID_894,PMID_1621,DRUG_MENTIONED_IN_LITERATURE
CID_895,PMID_1622,DRUG_MENTIONED_IN_LITERATURE
CID_896,PMID_1623,DRUG_MENTIONED_IN_LITERATURE
CID_897,PMID_1625,DRUG_MENTIONED_IN_LITERATURE
CID_898,PMID_1624,DRUG_MENTIONED_IN_LITERATURE
CID_899,PMID_1628,DRUG_MENTIONED_IN_LITERATURE
CID_900,PMID_1629,DRUG_MENTIONED_IN_LITERATURE
CID_901,PMID_1630,DRUG_MENTIONED_IN_LITERATURE
CID_902,PMID_1631,DRUG_MENTIONED_IN_LITERATURE
CID_903,PMID_1633,DRUG_MENTIONED_IN_LITERATURE
CID_904,PMID_1638,DRUG_MENTIONED_IN_LITERATURE
CID_905,PMID_1639,DRUG_MENTIONED_IN_LITERATURE
CID_906,PMID_1632,DRUG_MENTIONED_IN_LITERATURE
CID_907,PMID_1634,DRUG_MENTIONED_IN_LITERATURE
CID_908,PMID_1674,DRUG_MENTIONED_IN_LITERATURE
CID_909,PMID_1676,DRUG_MENTIONED_IN_LITERATURE
CID_910,PMID_1677,DRUG_MENTIONED_IN_LITERATURE
CID_911,PMID_1680,DRUG_MENTIONED_IN_LITERATURE
CID_912,PMID_1682,DRUG_MENTIONED_IN_LITERATURE
CID_913,PMID_1684,DRUG_MENTIONED_IN_LITERATURE
CID_914,PMID_1685,DRUG_MENTIONED_IN_LITERATURE
CID_915,PMID_1686,DRUG_MENTIONED_IN_LITERATURE
CID_916,PMID_1687,DRUG_MENTIONED_IN_LITERATURE
CID_917,PMID_1689,DRUG_MENTIONED_IN_LITERATURE
CID_918,PMID_1690,DRUG_MENTIONED_IN_LITERATURE
CID_919,PMID_1691,DRUG_MENTIONED_IN_LITERATURE
CID_920,PMID_1692,DRUG_MENTIONED_IN_LITERATURE
CID_921,PMID_1695,DRUG_MENTIONED_IN_LITERATURE
CID_922,PMID_1696,DRUG_MENTIONED_IN_LITERATURE
CID_923,PMID_1697,DRUG_MENTIONED_IN_LITERATURE
CID_925,PMID_1698,DRUG_MENTIONED_IN_LITERATURE
CID_926,PMID_1703,DRUG_MENTIONED_IN_LITERATURE
CID_927,PMID_1704,DRUG_MENTIONED_IN_LITERATURE
CID_928,PMID_1705,DRUG_MENTIONED_IN_LITERATURE
CID_929,PMID_1706,DRUG_MENTIONED_IN_LITERATURE
CID_930,PMID_1707,DRUG_MENTIONED_IN_LITERATURE
CID_931,PMID_1708,DRUG_MENTIONED_IN_LITERATURE
CID_932,PMID_1709,DRUG_MENTIONED_IN_LITERATURE
CID_933,PMID_1710,DRUG_MENTIONED_IN_LITERATURE
CID_934,PMID_1713,DRUG_MENTIONED_IN_LITERATURE
CID_935,PMID_1717,DRUG_MENTIONED_IN_LITERATURE
CID_936,PMID_1714,DRUG_MENTIONED_IN_LITERATURE
CID_937,PMID_1718,DRUG_MENTIONED_IN_LITERATURE
CID_938,PMID_1719,DRUG_MENTIONED_IN_LITERATURE
CID_939,PMID_1716,DRUG_MENTIONED_IN_LITERATURE
CID_940,PMID_1715,DRUG_MENTIONED_IN_LITERATURE
CID_941,PMID_1721,DRUG_MENTIONED_IN_LITERATURE
CID_942,PMID_1720,DRUG_MENTIONED_IN_LITERATURE
CID_943,PMID_1722,DRUG_MENTIONED_IN_LITERATURE
CID_944,PMID_1723,DRUG_MENTIONED_IN_LITERATURE
CID_945,PMID_1724,DRUG_MENTIONED_IN_LITERATURE
CID_946,PMID_1727,DRUG_MENTIONED_IN_LITERATURE
CID_947,PMID_1725,DRUG_MENTIONED_IN_LITERATURE
CID_948,PMID_1729,DRUG_MENTIONED_IN_LITERATURE
CID_949,PMID_1726,DRUG_MENTIONED_IN_LITERATURE
CID_950,PMID_1731,DRUG_MENTIONED_IN_LITERATURE
CID_951,PMID_1733,DRUG_MENTIONED_IN_LITERATURE
CID_952,PMID_1735,DRUG_MENTIONED_IN_LITERATURE
CID_953,PMID_1736,DRUG_MENTIONED_IN_LITERATURE
CID_954,PMID_1738,DRUG_MENTIONED_IN_LITERATURE
CID_955,PMID_1739,DRUG_MENTIONED_IN_LITERATURE
CID_956,PMID_1737,DRUG_MENTIONED_IN_LITERATURE
CID_957,PMID_1740,DRUG_MENTIONED_IN_LITERATURE
CID_958,PMID_1744,DRUG_MENTIONED_IN_LITERATURE
CID_959,PMID_1742,DRUG_MENTIONED_IN_LITERATURE
CID_961,PMID_1741,DRUG_MENTIONED_IN_LITERATURE
CID_962,PMID_1745,DRUG_MENTIONED_IN_LITERATURE
CID_963,PMID_1746,DRUG_MENTIONED_IN_LITERATURE
CID_964,PMID_1747,DRUG_MENTIONED_IN_LITERATURE
CID_965,PMID_1743,DRUG_MENTIONED_IN_LITERATURE
CID_966,PMID_1748,DRUG_MENTIONED_IN_LITERATURE
CID_967,PMID_1749,DRUG_MENTIONED_IN_LITERATURE
CID_968,PMID_1750,DRUG_MENTIONED_IN_LITERATURE
CID_969,PMID_1751,DRUG_MENTIONED_IN_LITERATURE
CID_970,PMID_1752,DRUG_MENTIONED_IN_LITERATURE
CID_971,PMID_1753,DRUG_MENTIONED_IN_LITERATURE
CID_972,PMID_1754,DRUG_MENTIONED_IN_LITERATURE
CID_973,PMID_1755,DRUG_MENTIONED_IN_LITERATURE
CID_974,PMID_1756,DRUG_MENTIONED_IN_LITERATURE
CID_975,PMID_1757,DRUG_MENTIONED_IN_LITERATURE
CID_976,PMID_1758,DRUG_MENTIONED_IN_LITERATURE
CID_977,PMID_1759,DRUG_MENTIONED_IN_LITERATURE
CID_978,PMID_1760,DRUG_MENTIONED_IN_LITERATURE
CID_979,PMID_1790,DRUG_MENTIONED_IN_LITERATURE
CID_980,PMID_1791,DRUG_MENTIONED_IN_LITERATURE
CID_981,PMID_1792,DRUG_MENTIONED_IN_LITERATURE
CID_982,PMID_1793,DRUG_MENTIONED_IN_LITERATURE
CID_983,PMID_1795,DRUG_MENTIONED_IN_LITERATURE
CID_984,PMID_1796,DRUG_MENTIONED_IN_LITERATURE
CID_985,PMID_1797,DRUG_MENTIONED_IN_LITERATURE
CID_986,PMID_1798,DRUG_MENTIONED_IN_LITERATURE
CID_987,PMID_1802,DRUG_MENTIONED_IN_LITERATURE
CID_988,PMID_1803,DRUG_MENTIONED_IN_LITERATURE
CID_989,PMID_1804,DRUG_MENTIONED_IN_LITERATURE
CID_990,PMID_1805,DRUG_MENTIONED_IN_LITERATURE
CID_991,PMID_1800,DRUG_MENTIONED_IN_LITERATURE
CID_992,PMID_1806,DRUG_MENTIONED_IN_LITERATURE
CID_993,PMID_1799,DRUG_MENTIONED_IN_LITERATURE
CID_994,PMID_1801,DRUG_MENTIONED_IN_LITERATURE
CID_995,PMID_1807,DRUG_MENTIONED_IN_LITERATURE
CID_996,PMID_1808,DRUG_MENTIONED_IN_LITERATURE
CID_997,PMID_1809,DRUG_MENTIONED_IN_LITERATURE
CID_998,PMID_1810,DRUG_MENTIONED_IN_LITERATURE
CID_999,PMID_1811,DRUG_MENTIONED_IN_LITERATURE
CID_1000,PMID_1812,DRUG_MENTIONED_IN_LITERATURE
CID_1001,PMID_1813,DRUG_MENTIONED_IN_LITERATURE
CID_1002,PMID_1814,DRUG_MENTIONED_IN_LITERATURE
CID_1003,PMID_1815,DRUG_MENTIONED_IN_LITERATURE
CID_1004,PMID_1816,DRUG_MENTIONED_IN_LITERATURE
CID_1005,PMID_1817,DRUG_MENTIONED_IN_LITERATURE
CID_1006,PMID_1818,DRUG_MENTIONED_IN_LITERATURE
CID_1007,PMID_1819,DRUG_MENTIONED_IN_LITERATURE
CID_1008,PMID_1820,DRUG_MENTIONED_IN_LITERATURE
CID_1009,PMID_1822,DRUG_MENTIONED_IN_LITERATURE
CID_1010,PMID_1824,DRUG_MENTIONED_IN_LITERATURE
CID_1011,PMID_1830,DRUG_MENTIONED_IN_LITERATURE
CID_1012,PMID_1831,DRUG_MENTIONED_IN_LITERATURE
CID_1013,PMID_1832,DRUG_MENTIONED_IN_LITERATURE
CID_1014,PMID_1833,DRUG_MENTIONED_IN_LITERATURE
CID_1015,PMID_1834,DRUG_MENTIONED_IN_LITERATURE
CID_1016,PMID_1844,DRUG_MENTIONED_IN_LITERATURE
CID_1017,PMID_1845,DRUG_MENTIONED_IN_LITERATURE
CID_1018,PMID_1847,DRUG_MENTIONED_IN_LITERATURE
CID_1019,PMID_1849,DRUG_MENTIONED_IN_LITERATURE
CID_1020,PMID_1846,DRUG_MENTIONED_IN_LITERATURE
CID_1021,PMID_1848,DRUG_MENTIONED_IN_LITERATURE
CID_1022,PMID_1850,DRUG_MENTIONED_IN_LITERATURE
CID_1023,PMID_1854,DRUG_MENTIONED_IN_LITERATURE
CID_1024,PMID_1853,DRUG_MENTIONED_IN_LITERATURE
CID_1025,PMID_1855,DRUG_MENTIONED_IN_LITERATURE
CID_1026,PMID_1856,DRUG_MENTIONED_IN_LITERATURE
CID_1027,PMID_1857,DRUG_MENTIONED_IN_LITERATURE
CID_1028,PMID_1858,DRUG_MENTIONED_IN_LITERATURE
CID_1029,PMID_1859,DRUG_MENTIONED_IN_LITERATURE
CID_1030,PMID_1860,DRUG_MENTIONED_IN_LITERATURE
CID_1031,PMID_1862,DRUG_MENTIONED_IN_LITERATURE
CID_1032,PMID_1863,DRUG_MENTIONED_IN_LITERATURE
CID_1033,PMID_1865,DRUG_MENTIONED_IN_LITERATURE
CID_1034,PMID_1866,DRUG_MENTIONED_IN_LITERATURE
CID_1035,PMID_1868,DRUG_MENTIONED_IN_LITERATURE
CID_1037,PMID_1869,DRUG_MENTIONED_IN_LITERATURE
CID_1038,PMID_1873,DRUG_MENTIONED_IN_LITERATURE
CID_1039,PMID_1879,DRUG_MENTIONED_IN_LITERATURE
CID_1040,PMID_1885,DRUG_MENTIONED_IN_LITERATURE
CID_1041,PMID_1888,DRUG_MENTIONED_IN_LITERATURE
CID_1042,PMID_1890,DRUG_MENTIONED_IN_LITERATURE
CID_1043,PMID_1891,DRUG_MENTIONED_IN_LITERATURE
CID_1044,PMID_1884,DRUG_MENTIONED_IN_LITERATURE
CID_1045,PMID_1894,DRUG_MENTIONED_IN_LITERATURE
CID_1046,PMID_1895,DRUG_MENTIONED_IN_LITERATURE
CID_1047,PMID_1899,DRUG_MENTIONED_IN_LITERATURE
CID_1048,PMID_1900,DRUG_MENTIONED_IN_LITERATURE
CID_1049,PMID_1901,DRUG_MENTIONED_IN_LITERATURE
CID_1050,PMID_1904,DRUG_MENTIONED_IN_LITERATURE
CID_1051,PMID_1902,DRUG_MENTIONED_IN_LITERATURE
CID_1052,PMID_1903,DRUG_MENTIONED_IN_LITERATURE
CID_1053,PMID_1914,DRUG_MENTIONED_IN_LITERATURE
CID_1054,PMID_1906,DRUG_MENTIONED_IN_LITERATURE
CID_1055,PMID_1907,DRUG_MENTIONED_IN_LITERATURE
CID_1056,PMID_1913,DRUG_MENTIONED_IN_LITERATURE
CID_1057,PMID_1915,DRUG_MENTIONED_IN_LITERATURE
CID_1058,PMID_1947,DRUG_MENTIONED_IN_LITERATURE
CID_1059,PMID_1949,DRUG_MENTIONED_IN_LITERATURE
CID_1060,PMID_1948,DRUG_MENTIONED_IN_LITERATURE
CID_1061,PMID_1950,DRUG_MENTIONED_IN_LITERATURE
CID_1062,PMID_1951,DRUG_MENTIONED_IN_LITERATURE
CID_1063,PMID_1952,DRUG_MENTIONED_IN_LITERATURE
CID_1064,PMID_1953,DRUG_MENTIONED_IN_LITERATURE
CID_1065,PMID_1954,DRUG_MENTIONED_IN_LITERATURE
CID_1066,PMID_1956,DRUG_MENTIONED_IN_LITERATURE
CID_1067,PMID_1957,DRUG_MENTIONED_IN_LITERATURE
CID_1068,PMID_1959,DRUG_MENTIONED_IN_LITERATURE
CID_1069,PMID_1960,DRUG_MENTIONED_IN_LITERATURE
CID_1070,PMID_1961,DRUG_MENTIONED_IN_LITERATURE
CID_1071,PMID_1962,DRUG_MENTIONED_IN_LITERATURE
CID_1072,PMID_1963,DRUG_MENTIONED_IN_LITERATURE
CID_1073,PMID_1967,DRUG_MENTIONED_IN_LITERATURE
CID_1074,PMID_1968,DRUG_MENTIONED_IN_LITERATURE
CID_1076,PMID_1970,DRUG_MENTIONED_IN_LITERATURE
CID_1077,PMID_1971,DRUG_MENTIONED_IN_LITERATURE
CID_1078,PMID_1979,DRUG_MENTIONED_IN_LITERATURE
CID_1079,PMID_1982,DRUG_MENTIONED_IN_LITERATURE
CID_1080,PMID_1983,DRUG_MENTIONED_IN_LITERATURE
CID_1081,PMID_1984,DRUG_MENTIONED_IN_LITERATURE
CID_1082,PMID_1985,DRUG_MENTIONED_IN_LITERATURE
CID_1083,PMID_1986,DRUG_MENTIONED_IN_LITERATURE
CID_1084,PMID_1987,DRUG_MENTIONED_IN_LITERATURE
CID_1086,PMID_1988,DRUG_MENTIONED_IN_LITERATURE
CID_1087,PMID_1989,DRUG_MENTIONED_IN_LITERATURE
CID_1088,PMID_1990,DRUG_MENTIONED_IN_LITERATURE
CID_1089,PMID_1991,DRUG_MENTIONED_IN_LITERATURE
CID_1090,PMID_1992,DRUG_MENTIONED_IN_LITERATURE
CID_1091,PMID_1993,DRUG_MENTIONED_IN_LITERATURE
CID_1092,PMID_1994,DRUG_MENTIONED_IN_LITERATURE
CID_1093,PMID_1995,DRUG_MENTIONED_IN_LITERATURE
CID_1094,PMID_1996,DRUG_MENTIONED_IN_LITERATURE
CID_1095,PMID_2001,DRUG_MENTIONED_IN_LITERATURE
CID_1096,PMID_2004,DRUG_MENTIONED_IN_LITERATURE
CID_1097,PMID_2006,DRUG_MENTIONED_IN_LITERATURE
CID_1098,PMID_2007,DRUG_MENTIONED_IN_LITERATURE
CID_1099,PMID_2008,DRUG_MENTIONED_IN_LITERATURE
CID_1100,PMID_2009,DRUG_MENTIONED_IN_LITERATURE
CID_1101,PMID_2010,DRUG_MENTIONED_IN_LITERATURE
CID_1102,PMID_2011,DRUG_MENTIONED_IN_LITERATURE
CID_1103,PMID_2012,DRUG_MENTIONED_IN_LITERATURE
CID_1104,PMID_2013,DRUG_MENTIONED_IN_LITERATURE
CID_1105,PMID_2014,DRUG_MENTIONED_IN_LITERATURE
CID_1106,PMID_2015,DRUG_MENTIONED_IN_LITERATURE
CID_1107,PMID_2016,DRUG_MENTIONED_IN_LITERATURE
CID_1108,PMID_2017,DRUG_MENTIONED_IN_LITERATURE
CID_1110,PMID_2018,DRUG_MENTIONED_IN_LITERATURE
CID_1111,PMID_2019,DRUG_MENTIONED_IN_LITERATURE
CID_1112,PMID_2021,DRUG_MENTIONED_IN_LITERATURE
CID_1113,PMID_2022,DRUG_MENTIONED_IN_LITERATURE
CID_1114,PMID_2023,DRUG_MENTIONED_IN_LITERATURE
CID_1115,PMID_2024,DRUG_MENTIONED_IN_LITERATURE
CID_1116,PMID_2027,DRUG_MENTIONED_IN_LITERATURE
CID_1117,PMID_2036,DRUG_MENTIONED_IN_LITERATURE
CID_1118,PMID_2037,DRUG_MENTIONED_IN_LITERATURE
CID_1119,PMID_2038,DRUG_MENTIONED_IN_LITERATURE
CID_1120,PMID_2040,DRUG_MENTIONED_IN_LITERATURE
CID_1121,PMID_2042,DRUG_MENTIONED_IN_LITERATURE
CID_1122,PMID_2041,DRUG_MENTIONED_IN_LITERATURE
CID_1123,PMID_2043,DRUG_MENTIONED_IN_LITERATURE
CID_1124,PMID_2044,DRUG_MENTIONED_IN_LITERATURE
CID_1126,PMID_2045,DRUG_MENTIONED_IN_LITERATURE
CID_1127,PMID_2046,DRUG_MENTIONED_IN_LITERATURE
CID_1128,PMID_2047,DRUG_MENTIONED_IN_LITERATURE
CID_1130,PMID_2049,DRUG_MENTIONED_IN_LITERATURE
CID_1131,PMID_2048,DRUG_MENTIONED_IN_LITERATURE
CID_1132,PMID_2050,DRUG_MENTIONED_IN_LITERATURE
CID_1133,PMID_2051,DRUG_MENTIONED_IN_LITERATURE
CID_1134,PMID_2052,DRUG_MENTIONED_IN_LITERATURE
CID_1135,PMID_2056,DRUG_MENTIONED_IN_LITERATURE
CID_1136,PMID_2057,DRUG_MENTIONED_IN_LITERATURE
CID_1137,PMID_2058,DRUG_MENTIONED_IN_LITERATURE
CID_1138,PMID_2059,DRUG_MENTIONED_IN_LITERATURE
CID_1139,PMID_2060,DRUG_MENTIONED_IN_LITERATURE
CID_1140,PMID_2061,DRUG_MENTIONED_IN_LITERATURE
CID_1141,PMID_2062,DRUG_MENTIONED_IN_LITERATURE
CID_1142,PMID_2063,DRUG_MENTIONED_IN_LITERATURE
CID_1143,PMID_2064,DRUG_MENTIONED_IN_LITERATURE
CID_1144,PMID_2065,DRUG_MENTIONED_IN_LITERATURE
CID_1145,PMID_2067,DRUG_MENTIONED_IN_LITERATURE
CID_1146,PMID_2068,DRUG_MENTIONED_IN_LITERATURE
CID_1147,PMID_2069,DRUG_MENTIONED_IN_LITERATURE
CID_1148,PMID_2070,DRUG_MENTIONED_IN_LITERATURE
CID_1149,PMID_2071,DRUG_MENTIONED_IN_LITERATURE
CID_1150,PMID_2072,DRUG_MENTIONED_IN_LITERATURE
CID_1151,PMID_2073,DRUG_MENTIONED_IN_LITERATURE
CID_1152,PMID_2074,DRUG_MENTIONED_IN_LITERATURE
CID_1153,PMID_2075,DRUG_MENTIONED_IN_LITERATURE
CID_1154,PMID_2076,DRUG_MENTIONED_IN_LITERATURE
CID_1155,PMID_2077,DRUG_MENTIONED_IN_LITERATURE
CID_1156,PMID_2078,DRUG_MENTIONED_IN_LITERATURE
CID_1157,PMID_2079,DRUG_MENTIONED_IN_LITERATURE
CID_1158,PMID_2080,DRUG_MENTIONED_IN_LITERATURE
CID_1160,PMID_2081,DRUG_MENTIONED_IN_LITERATURE
CID_1161,PMID_2082,DRUG_MENTIONED_IN_LITERATURE
CID_1162,PMID_2083,DRUG_MENTIONED_IN_LITERATURE
CID_1163,PMID_2084,DRUG_MENTIONED_IN_LITERATURE
CID_1164,PMID_2085,DRUG_MENTIONED_IN_LITERATURE
CID_1165,PMID_2086,DRUG_MENTIONED_IN_LITERATURE
CID_1166,PMID_2087,DRUG_MENTIONED_IN_LITERATURE
CID_1167,PMID_2088,DRUG_MENTIONED_IN_LITERATURE
CID_1168,PMID_2089,DRUG_MENTIONED_IN_LITERATURE
CID_1169,PMID_2091,DRUG_MENTIONED_IN_LITERATURE
CID_1170,PMID_2092,DRUG_MENTIONED_IN_LITERATURE
CID_1171,PMID_2094,DRUG_MENTIONED_IN_LITERATURE
CID_1172,PMID_2095,DRUG_MENTIONED_IN_LITERATURE
CID_1173,PMID_2097,DRUG_MENTIONED_IN_LITERATURE
CID_1174,PMID_2096,DRUG_MENTIONED_IN_LITERATURE
CID_1175,PMID_2098,DRUG_MENTIONED_IN_LITERATURE
CID_1176,PMID_2099,DRUG_MENTIONED_IN_LITERATURE
CID_1177,PMID_2100,DRUG_MENTIONED_IN_LITERATURE
CID_1178,PMID_2101,DRUG_MENTIONED_IN_LITERATURE
CID_1179,PMID_2102,DRUG_MENTIONED_IN_LITERATURE
CID_1180,PMID_2103,DRUG_MENTIONED_IN_LITERATURE
CID_1181,PMID_2104,DRUG_MENTIONED_IN_LITERATURE
CID_1182,PMID_2105,DRUG_MENTIONED_IN_LITERATURE
CID_1183,PMID_2106,DRUG_MENTIONED_IN_LITERATURE
CID_1184,PMID_2108,DRUG_MENTIONED_IN_LITERATURE
CID_1188,PMID_2107,DRUG_MENTIONED_IN_LITERATURE
CID_1189,PMID_2109,DRUG_MENTIONED_IN_LITERATURE
CID_1190,PMID_2110,DRUG_MENTIONED_IN_LITERATURE
CID_1191,PMID_2111,DRUG_MENTIONED_IN_LITERATURE
CID_1192,PMID_2112,DRUG_MENTIONED_IN_LITERATURE
CID_1193,PMID_2113,DRUG_MENTIONED_IN_LITERATURE
CID_1194,PMID_2114,DRUG_MENTIONED_IN_LITERATURE
CID_1195,PMID_2115,DRUG_MENTIONED_IN_LITERATURE
CID_1196,PMID_2116,DRUG_MENTIONED_IN_LITERATURE
CID_1197,PMID_2117,DRUG_MENTIONED_IN_LITERATURE
CID_1198,PMID_2118,DRUG_MENTIONED_IN_LITERATURE
CID_1199,PMID_2119,DRUG_MENTIONED_IN_LITERATURE
CID_1200,PMID_2120,DRUG_MENTIONED_IN_LITERATURE
CID_1201,PMID_2121,DRUG_MENTIONED_IN_LITERATURE
CID_1202,PMID_2122,DRUG_MENTIONED_IN_LITERATURE
CID_1203,PMID_2123,DRUG_MENTIONED_IN_LITERATURE
CID_1204,PMID_2124,DRUG_MENTIONED_IN_LITERATURE
CID_1205,PMID_2125,DRUG_MENTIONED_IN_LITERATURE
CID_1206,PMID_2126,DRUG_MENTIONED_IN_LITERATURE
CID_1207,PMID_2127,DRUG_MENTIONED_IN_LITERATURE
CID_1208,PMID_2128,DRUG_MENTIONED_IN_LITERATURE
CID_1209,PMID_2129,DRUG_MENTIONED_IN_LITERATURE
CID_1210,PMID_2142,DRUG_MENTIONED_IN_LITERATURE
CID_1211,PMID_2143,DRUG_MENTIONED_IN_LITERATURE
CID_1212,PMID_2144,DRUG_MENTIONED_IN_LITERATURE
CID_1213,PMID_2145,DRUG_MENTIONED_IN_LITERATURE
CID_1214,PMID_2147,DRUG_MENTIONED_IN_LITERATURE
CID_1215,PMID_2149,DRUG_MENTIONED_IN_LITERATURE
CID_1216,PMID_2152,DRUG_MENTIONED_IN_LITERATURE
CID_1217,PMID_2153,DRUG_MENTIONED_IN_LITERATURE
CID_1218,PMID_2154,DRUG_MENTIONED_IN_LITERATURE
CID_1219,PMID_2155,DRUG_MENTIONED_IN_LITERATURE
CID_1220,PMID_2156,DRUG_MENTIONED_IN_LITERATURE
CID_1221,PMID_2157,DRUG_MENTIONED_IN_LITERATURE
CID_1222,PMID_2159,DRUG_MENTIONED_IN_LITERATURE
CID_1223,PMID_2158,DRUG_MENTIONED_IN_LITERATURE
CID_1224,PMID_2160,DRUG_MENTIONED_IN_LITERATURE
CID_1225,PMID_2161,DRUG_MENTIONED_IN_LITERATURE
CID_1226,PMID_2162,DRUG_MENTIONED_IN_LITERATURE
CID_1227,PMID_2274,DRUG_MENTIONED_IN_LITERATURE
CID_1228,PMID_2275,DRUG_MENTIONED_IN_LITERATURE
CID_1229,PMID_2276,DRUG_MENTIONED_IN_LITERATURE
CID_1230,PMID_2277,DRUG_MENTIONED_IN_LITERATURE
CID_1231,PMID_2278,DRUG_MENTIONED_IN_LITERATURE
CID_1232,PMID_2279,DRUG_MENTIONED_IN_LITERATURE
CID_1233,PMID_2280,DRUG_MENTIONED_IN_LITERATURE
CID_1234,PMID_2281,DRUG_MENTIONED_IN_LITERATURE
CID_1235,PMID_2282,DRUG_MENTIONED_IN_LITERATURE
CID_1236,PMID_2284,DRUG_MENTIONED_IN_LITERATURE
CID_1237,PMID_2285,DRUG_MENTIONED_IN_LITERATURE
CID_1238,PMID_2286,DRUG_MENTIONED_IN_LITERATURE
CID_1239,PMID_2287,DRUG_MENTIONED_IN_LITERATURE
CID_1240,PMID_2288,DRUG_MENTIONED_IN_LITERATURE
CID_1241,PMID_2289,DRUG_MENTIONED_IN_LITERATURE
CID_1242,PMID_2290,DRUG_MENTIONED_IN_LITERATURE
CID_1243,PMID_2291,DRUG_MENTIONED_IN_LITERATURE
CID_1245,PMID_2292,DRUG_MENTIONED_IN_LITERATURE
CID_1246,PMID_2293,DRUG_MENTIONED_IN_LITERATURE
CID_1247,PMID_2294,DRUG_MENTIONED_IN_LITERATURE
CID_1248,PMID_2295,DRUG_MENTIONED_IN_LITERATURE
CID_1249,PMID_2296,DRUG_MENTIONED_IN_LITERATURE
CID_1250,PMID_2297,DRUG_MENTIONED_IN_LITERATURE
CID_1251,PMID_2298,DRUG_MENTIONED_IN_LITERATURE
CID_1252,PMID_2299,DRUG_MENTIONED_IN_LITERATURE
CID_1253,PMID_2300,DRUG_MENTIONED_IN_LITERATURE
CID_1254,PMID_2301,DRUG_MENTIONED_IN_LITERATURE
CID_1255,PMID_2302,DRUG_MENTIONED_IN_LITERATURE
CID_1256,PMID_2303,DRUG_MENTIONED_IN_LITERATURE
CID_1257,PMID_2304,DRUG_MENTIONED_IN_LITERATURE
CID_1258,PMID_2305,DRUG_MENTIONED_IN_LITERATURE
CID_1259,PMID_2306,DRUG_MENTIONED_IN_LITERATURE
CID_1260,PMID_2308,DRUG_MENTIONED_IN_LITERATURE
CID_1261,PMID_2307,DRUG_MENTIONED_IN_LITERATURE
CID_1263,PMID_2309,DRUG_MENTIONED_IN_LITERATURE
CID_1264,PMID_2310,DRUG_MENTIONED_IN_LITERATURE
CID_1265,PMID_2311,DRUG_MENTIONED_IN_LITERATURE
CID_1266,PMID_2312,DRUG_MENTIONED_IN_LITERATURE
CID_1267,PMID_2313,DRUG_MENTIONED_IN_LITERATURE
CID_1268,PMID_2314,DRUG_MENTIONED_IN_LITERATURE
CID_1269,PMID_2315,DRUG_MENTIONED_IN_LITERATURE
CID_1270,PMID_2316,DRUG_MENTIONED_IN_LITERATURE
CID_1271,PMID_2317,DRUG_MENTIONED_IN_LITERATURE
CID_1272,PMID_2318,DRUG_MENTIONED_IN_LITERATURE
CID_1273,PMID_2319,DRUG_MENTIONED_IN_LITERATURE
CID_1274,PMID_2320,DRUG_MENTIONED_IN_LITERATURE
CID_1275,PMID_2321,DRUG_MENTIONED_IN_LITERATURE
CID_1276,PMID_2322,DRUG_MENTIONED_IN_LITERATURE
CID_1277,PMID_2323,DRUG_MENTIONED_IN_LITERATURE
CID_1278,PMID_2324,DRUG_MENTIONED_IN_LITERATURE
CID_1279,PMID_2325,DRUG_MENTIONED_IN_LITERATURE
CID_1280,PMID_2326,DRUG_MENTIONED_IN_LITERATURE
CID_1281,PMID_2331,DRUG_MENTIONED_IN_LITERATURE
CID_1282,PMID_2327,DRUG_MENTIONED_IN_LITERATURE
CID_1283,PMID_2330,DRUG_MENTIONED_IN_LITERATURE
CID_1284,PMID_2328,DRUG_MENTIONED_IN_LITERATURE
CID_1285,PMID_2329,DRUG_MENTIONED_IN_LITERATURE
CID_1286,PMID_2332,DRUG_MENTIONED_IN_LITERATURE
CID_1287,PMID_2340,DRUG_MENTIONED_IN_LITERATURE
CID_1288,PMID_2333,DRUG_MENTIONED_IN_LITERATURE
CID_1289,PMID_2334,DRUG_MENTIONED_IN_LITERATURE
CID_1290,PMID_2335,DRUG_MENTIONED_IN_LITERATURE
CID_1291,PMID_2343,DRUG_MENTIONED_IN_LITERATURE
CID_1292,PMID_2337,DRUG_MENTIONED_IN_LITERATURE
CID_1293,PMID_2336,DRUG_MENTIONED_IN_LITERATURE
CID_1294,PMID_2344,DRUG_MENTIONED_IN_LITERATURE
CID_1295,PMID_2345,DRUG_MENTIONED_IN_LITERATURE
CID_1296,PMID_2346,DRUG_MENTIONED_IN_LITERATURE
CID_1297,PMID_2347,DRUG_MENTIONED_IN_LITERATURE
CID_1299,PMID_2348,DRUG_MENTIONED_IN_LITERATURE
CID_1300,PMID_2349,DRUG_MENTIONED_IN_LITERATURE
CID_1301,PMID_2353,DRUG_MENTIONED_IN_LITERATURE
CID_1302,PMID_2354,DRUG_MENTIONED_IN_LITERATURE
CID_1303,PMID_2356,DRUG_MENTIONED_IN_LITERATURE
CID_1304,PMID_2358,DRUG_MENTIONED_IN_LITERATURE
CID_1305,PMID_2359,DRUG_MENTIONED_IN_LITERATURE
CID_1306,PMID_2360,DRUG_MENTIONED_IN_LITERATURE
CID_1307,PMID_2357,DRUG_MENTIONED_IN_LITERATURE
CID_1308,PMID_2367,DRUG_MENTIONED_IN_LITERATURE
CID_1309,PMID_2369,DRUG_MENTIONED_IN_LITERATURE
CID_1310,PMID_2370,DRUG_MENTIONED_IN_LITERATURE
CID_1311,PMID_2371,DRUG_MENTIONED_IN_LITERATURE
CID_1312,PMID_2372,DRUG_MENTIONED_IN_LITERATURE
CID_1313,PMID_2373,DRUG_MENTIONED_IN_LITERATURE
CID_1314,PMID_2374,DRUG_MENTIONED_IN_LITERATURE
CID_1315,PMID_2375,DRUG_MENTIONED_IN_LITERATURE
CID_1316,PMID_2376,DRUG_MENTIONED_IN_LITERATURE
CID_1317,PMID_2377,DRUG_MENTIONED_IN_LITERATURE
CID_1318,PMID_2378,DRUG_MENTIONED_IN_LITERATURE
CID_1319,PMID_2379,DRUG_MENTIONED_IN_LITERATURE
CID_1320,PMID_2380,DRUG_MENTIONED_IN_LITERATURE
CID_1321,PMID_2381,DRUG_MENTIONED_IN_LITERATURE
CID_1322,PMID_2382,DRUG_MENTIONED_IN_LITERATURE
CID_1323,PMID_2383,DRUG_MENTIONED_IN_LITERATURE
CID_1324,PMID_2387,DRUG_MENTIONED_IN_LITERATURE
CID_1325,PMID_2388,DRUG_MENTIONED_IN_LITERATURE
CID_1326,PMID_2389,DRUG_MENTIONED_IN_LITERATURE
CID_1327,PMID_2390,DRUG_MENTIONED_IN_LITERATURE
CID_1328,PMID_2391,DRUG_MENTIONED_IN_LITERATURE
CID_1329,PMID_2392,DRUG_MENTIONED_IN_LITERATURE
CID_1330,PMID_2393,DRUG_MENTIONED_IN_LITERATURE
CID_1331,PMID_2394,DRUG_MENTIONED_IN_LITERATURE
CID_1333,PMID_2395,DRUG_MENTIONED_IN_LITERATURE
CID_1335,PMID_2396,DRUG_MENTIONED_IN_LITERATURE
CID_1337,PMID_2397,DRUG_MENTIONED_IN_LITERATURE
CID_1338,PMID_2398,DRUG_MENTIONED_IN_LITERATURE
CID_1339,PMID_2401,DRUG_MENTIONED_IN_LITERATURE
CID_1340,PMID_2402,DRUG_MENTIONED_IN_LITERATURE
CID_1341,PMID_2403,DRUG_MENTIONED_IN_LITERATURE
CID_1342,PMID_2404,DRUG_MENTIONED_IN_LITERATURE
CID_1343,PMID_2405,DRUG_MENTIONED_IN_LITERATURE
CID_1344,PMID_2406,DRUG_MENTIONED_IN_LITERATURE
CID_1345,PMID_2407,DRUG_MENTIONED_IN_LITERATURE
CID_1346,PMID_2454,DRUG_MENTIONED_IN_LITERATURE
CID_1347,PMID_2457,DRUG_MENTIONED_IN_LITERATURE
CID_1348,PMID_2458,DRUG_MENTIONED_IN_LITERATURE
CID_1350,PMID_2459,DRUG_MENTIONED_IN_LITERATURE
CID_1351,PMID_2460,DRUG_MENTIONED_IN_LITERATURE
CID_1352,PMID_2464,DRUG_MENTIONED_IN_LITERATURE
CID_1353,PMID_2463,DRUG_MENTIONED_IN_LITERATURE
CID_1354,PMID_2465,DRUG_MENTIONED_IN_LITERATURE
CID_1355,PMID_2466,DRUG_MENTIONED_IN_LITERATURE
CID_1356,PMID_2467,DRUG_MENTIONED_IN_LITERATURE
CID_1357,PMID_2468,DRUG_MENTIONED_IN_LITERATURE
CID_1358,PMID_2469,DRUG_MENTIONED_IN_LITERATURE
CID_1359,PMID_2470,DRUG_MENTIONED_IN_LITERATURE
CID_1360,PMID_2471,DRUG_MENTIONED_IN_LITERATURE
CID_1361,PMID_2472,DRUG_MENTIONED_IN_LITERATURE
CID_1362,PMID_2474,DRUG_MENTIONED_IN_LITERATURE
CID_1363,PMID_2473,DRUG_MENTIONED_IN_LITERATURE
CID_1364,PMID_2475,DRUG_MENTIONED_IN_LITERATURE
CID_1365,PMID_2476,DRUG_MENTIONED_IN_LITERATURE
CID_1366,PMID_2477,DRUG_MENTIONED_IN_LITERATURE
CID_1367,PMID_2479,DRUG_MENTIONED_IN_LITERATURE
CID_1368,PMID_2478,DRUG_MENTIONED_IN_LITERATURE
CID_1369,PMID_2480,DRUG_MENTIONED_IN_LITERATURE
CID_1370,PMID_2481,DRUG_MENTIONED_IN_LITERATURE
CID_1371,PMID_2482,DRUG_MENTIONED_IN_LITERATURE
CID_1372,PMID_2483,DRUG_MENTIONED_IN_LITERATURE
CID_1373,PMID_2484,DRUG_MENTIONED_IN_LITERATURE
CID_1374,PMID_2485,DRUG_MENTIONED_IN_LITERATURE
CID_1375,PMID_2489,DRUG_MENTIONED_IN_LITERATURE
CID_1376,PMID_2490,DRUG_MENTIONED_IN_LITERATURE
CID_1377,PMID_2494,DRUG_MENTIONED_IN_LITERATURE
CID_1378,PMID_2506,DRUG_MENTIONED_IN_LITERATURE
CID_1379,PMID_2509,DRUG_MENTIONED_IN_LITERATURE
CID_1380,PMID_2510,DRUG_MENTIONED_IN_LITERATURE
CID_1381,PMID_2511,DRUG_MENTIONED_IN_LITERATURE
CID_1382,PMID_2513,DRUG_MENTIONED_IN_LITERATURE
CID_1385,PMID_2514,DRUG_MENTIONED_IN_LITERATURE
CID_1387,PMID_2523,DRUG_MENTIONED_IN_LITERATURE
CID_1388,PMID_2524,DRUG_MENTIONED_IN_LITERATURE
CID_1389,PMID_2527,DRUG_MENTIONED_IN_LITERATURE
CID_1390,PMID_2528,DRUG_MENTIONED_IN_LITERATURE
CID_1391,PMID_2529,DRUG_MENTIONED_IN_LITERATURE
CID_1392,PMID_2530,DRUG_MENTIONED_IN_LITERATURE
CID_1393,PMID_2525,DRUG_MENTIONED_IN_LITERATURE
CID_1394,PMID_2532,DRUG_MENTIONED_IN_LITERATURE
CID_1396,PMID_2526,DRUG_MENTIONED_IN_LITERATURE
CID_1397,PMID_2533,DRUG_MENTIONED_IN_LITERATURE
CID_1398,PMID_2534,DRUG_MENTIONED_IN_LITERATURE
CID_1399,PMID_2535,DRUG_MENTIONED_IN_LITERATURE
CID_1400,PMID_2549,DRUG_MENTIONED_IN_LITERATURE
CID_1401,PMID_2548,DRUG_MENTIONED_IN_LITERATURE
CID_1402,PMID_2550,DRUG_MENTIONED_IN_LITERATURE
CID_1403,PMID_2556,DRUG_MENTIONED_IN_LITERATURE
CID_1406,PMID_2557,DRUG_MENTIONED_IN_LITERATURE
CID_1407,PMID_2558,DRUG_MENTIONED_IN_LITERATURE
CID_1408,PMID_2559,DRUG_MENTIONED_IN_LITERATURE
CID_1409,PMID_2560,DRUG_MENTIONED_IN_LITERATURE
CID_1410,PMID_2561,DRUG_MENTIONED_IN_LITERATURE
CID_1411,PMID_2563,DRUG_MENTIONED_IN_LITERATURE
CID_1412,PMID_2567,DRUG_MENTIONED_IN_LITERATURE
CID_1413,PMID_2568,DRUG_MENTIONED_IN_LITERATURE
CID_1414,PMID_2565,DRUG_MENTIONED_IN_LITERATURE
CID_1415,PMID_2566,DRUG_MENTIONED_IN_LITERATURE
CID_1416,PMID_2569,DRUG_MENTIONED_IN_LITERATURE
CID_1417,PMID_2570,DRUG_MENTIONED_IN_LITERATURE
CID_1418,PMID_2572,DRUG_MENTIONED_IN_LITERATURE
CID_1419,PMID_2573,DRUG_MENTIONED_IN_LITERATURE
CID_1420,PMID_2574,DRUG_MENTIONED_IN_LITERATURE
CID_1421,PMID_2575,DRUG_MENTIONED_IN_LITERATURE
CID_1422,PMID_2576,DRUG_MENTIONED_IN_LITERATURE
CID_1423,PMID_2577,DRUG_MENTIONED_IN_LITERATURE
CID_1424,PMID_2578,DRUG_MENTIONED_IN_LITERATURE
CID_1425,PMID_2579,DRUG_MENTIONED_IN_LITERATURE
CID_1426,PMID_2580,DRUG_MENTIONED_IN_LITERATURE
CID_1427,PMID_2581,DRUG_MENTIONED_IN_LITERATURE
CID_1428,PMID_2582,DRUG_MENTIONED_IN_LITERATURE
CID_1429,PMID_2583,DRUG_MENTIONED_IN_LITERATURE
CID_1430,PMID_2584,DRUG_MENTIONED_IN_LITERATURE
CID_1431,PMID_2585,DRUG_MENTIONED_IN_LITERATURE
CID_1433,PMID_2586,DRUG_MENTIONED_IN_LITERATURE
CID_1434,PMID_2587,DRUG_MENTIONED_IN_LITERATURE
CID_1435,PMID_2589,DRUG_MENTIONED_IN_LITERATURE
CID_1436,PMID_2590,DRUG_MENTIONED_IN_LITERATURE
CID_1437,PMID_2591,DRUG_MENTIONED_IN_LITERATURE
CID_1438,PMID_2592,DRUG_MENTIONED_IN_LITERATURE
CID_1439,PMID_2593,DRUG_MENTIONED_IN_LITERATURE
CID_1440,PMID_2594,DRUG_MENTIONED_IN_LITERATURE
CID_1441,PMID_2595,DRUG_MENTIONED_IN_LITERATURE
CID_1442,PMID_2596,DRUG_MENTIONED_IN_LITERATURE
CID_1443,PMID_2597,DRUG_MENTIONED_IN_LITERATURE
CID_1444,PMID_2598,DRUG_MENTIONED_IN_LITERATURE
CID_1445,PMID_2599,DRUG_MENTIONED_IN_LITERATURE
CID_1446,PMID_2600,DRUG_MENTIONED_IN_LITERATURE
CID_1447,PMID_2601,DRUG_MENTIONED_IN_LITERATURE
CID_1448,PMID_2602,DRUG_MENTIONED_IN_LITERATURE
CID_1449,PMID_2603,DRUG_MENTIONED_IN_LITERATURE
CID_1450,PMID_2604,DRUG_MENTIONED_IN_LITERATURE
CID_1451,PMID_2605,DRUG_MENTIONED_IN_LITERATURE
CID_1452,PMID_2606,DRUG_MENTIONED_IN_LITERATURE
CID_1453,PMID_2607,DRUG_MENTIONED_IN_LITERATURE
CID_1454,PMID_2608,DRUG_MENTIONED_IN_LITERATURE
CID_1455,PMID_2609,DRUG_MENTIONED_IN_LITERATURE
CID_1456,PMID_2610,DRUG_MENTIONED_IN_LITERATURE
CID_1457,PMID_2611,DRUG_MENTIONED_IN_LITERATURE
CID_1458,PMID_2612,DRUG_MENTIONED_IN_LITERATURE
CID_1459,PMID_2614,DRUG_MENTIONED_IN_LITERATURE
CID_1460,PMID_2615,DRUG_MENTIONED_IN_LITERATURE
CID_1461,PMID_2616,DRUG_MENTIONED_IN_LITERATURE
CID_1463,PMID_2617,DRUG_MENTIONED_IN_LITERATURE
CID_1464,PMID_2618,DRUG_MENTIONED_IN_LITERATURE
CID_1465,PMID_2619,DRUG_MENTIONED_IN_LITERATURE
CID_1466,PMID_2620,DRUG_MENTIONED_IN_LITERATURE
CID_1467,PMID_2621,DRUG_MENTIONED_IN_LITERATURE
CID_1468,PMID_2622,DRUG_MENTIONED_IN_LITERATURE
CID_1469,PMID_2623,DRUG_MENTIONED_IN_LITERATURE
CID_1470,PMID_2624,DRUG_MENTIONED_IN_LITERATURE
CID_1471,PMID_2626,DRUG_MENTIONED_IN_LITERATURE
CID_1472,PMID_2627,DRUG_MENTIONED_IN_LITERATURE
CID_1473,PMID_2628,DRUG_MENTIONED_IN_LITERATURE
CID_1474,PMID_2629,DRUG_MENTIONED_IN_LITERATURE
CID_1475,PMID_2630,DRUG_MENTIONED_IN_LITERATURE
CID_1477,PMID_2631,DRUG_MENTIONED_IN_LITERATURE
CID_1478,PMID_2633,DRUG_MENTIONED_IN_LITERATURE
CID_1479,PMID_2634,DRUG_MENTIONED_IN_LITERATURE
CID_1480,PMID_2635,DRUG_MENTIONED_IN_LITERATURE
CID_1481,PMID_2636,DRUG_MENTIONED_IN_LITERATURE
CID_1482,PMID_2637,DRUG_MENTIONED_IN_LITERATURE
CID_1483,PMID_2640,DRUG_MENTIONED_IN_LITERATURE
CID_1484,PMID_2641,DRUG_MENTIONED_IN_LITERATURE
CID_1485,PMID_2642,DRUG_MENTIONED_IN_LITERATURE
CID_1486,PMID_2643,DRUG_MENTIONED_IN_LITERATURE
CID_1487,PMID_2645,DRUG_MENTIONED_IN_LITERATURE
CID_1488,PMID_2646,DRUG_MENTIONED_IN_LITERATURE
CID_1489,PMID_2647,DRUG_MENTIONED_IN_LITERATURE
CID_1490,PMID_2648,DRUG_MENTIONED_IN_LITERATURE
CID_1491,PMID_2649,DRUG_MENTIONED_IN_LITERATURE
CID_1492,PMID_2650,DRUG_MENTIONED_IN_LITERATURE
CID_1493,PMID_2651,DRUG_MENTIONED_IN_LITERATURE
CID_1494,PMID_2652,DRUG_MENTIONED_IN_LITERATURE
CID_1495,PMID_2653,DRUG_MENTIONED_IN_LITERATURE
CID_1496,PMID_2654,DRUG_MENTIONED_IN_LITERATURE
CID_1497,PMID_2655,DRUG_MENTIONED_IN_LITERATURE
CID_1498,PMID_2658,DRUG_MENTIONED_IN_LITERATURE
CID_1499,PMID_2660,DRUG_MENTIONED_IN_LITERATURE
CID_1500,PMID_2659,DRUG_MENTIONED_IN_LITERATURE
CID_1501,PMID_2661,DRUG_MENTIONED_IN_LITERATURE
CID_1502,PMID_2662,DRUG_MENTIONED_IN_LITERATURE
CID_1503,PMID_2663,DRUG_MENTIONED_IN_LITERATURE
CID_1504,PMID_2664,DRUG_MENTIONED_IN_LITERATURE
CID_1505,PMID_2665,DRUG_MENTIONED_IN_LITERATURE
CID_1506,PMID_2666,DRUG_MENTIONED_IN_LITERATURE
CID_1507,PMID_2771,DRUG_MENTIONED_IN_LITERATURE
CID_1508,PMID_2777,DRUG_MENTIONED_IN_LITERATURE
CID_1509,PMID_2778,DRUG_MENTIONED_IN_LITERATURE
CID_1510,PMID_2779,DRUG_MENTIONED_IN_LITERATURE
CID_1511,PMID_2780,DRUG_MENTIONED_IN_LITERATURE
CID_1512,PMID_2781,DRUG_MENTIONED_IN_LITERATURE
CID_1513,PMID_2782,DRUG_MENTIONED_IN_LITERATURE
CID_1514,PMID_2783,DRUG_MENTIONED_IN_LITERATURE
CID_1515,PMID_2786,DRUG_MENTIONED_IN_LITERATURE
CID_1516,PMID_2800,DRUG_MENTIONED_IN_LITERATURE
CID_1517,PMID_2803,DRUG_MENTIONED_IN_LITERATURE
CID_1518,PMID_2808,DRUG_MENTIONED_IN_LITERATURE
CID_1519,PMID_2809,DRUG_MENTIONED_IN_LITERATURE
CID_1520,PMID_2802,DRUG_MENTIONED_IN_LITERATURE
CID_1521,PMID_2806,DRUG_MENTIONED_IN_LITERATURE
CID_1522,PMID_2810,DRUG_MENTIONED_IN_LITERATURE
CID_1523,PMID_2804,DRUG_MENTIONED_IN_LITERATURE
CID_1524,PMID_2811,DRUG_MENTIONED_IN_LITERATURE
CID_1525,PMID_2812,DRUG_MENTIONED_IN_LITERATURE
CID_1526,PMID_2807,DRUG_MENTIONED_IN_LITERATURE
CID_1527,PMID_2813,DRUG_MENTIONED_IN_LITERATURE
CID_1528,PMID_2814,DRUG_MENTIONED_IN_LITERATURE
CID_1529,PMID_2815,DRUG_MENTIONED_IN_LITERATURE
CID_1530,PMID_2816,DRUG_MENTIONED_IN_LITERATURE
CID_1531,PMID_2817,DRUG_MENTIONED_IN_LITERATURE
CID_1533,PMID_2818,DRUG_MENTIONED_IN_LITERATURE
CID_1534,PMID_2819,DRUG_MENTIONED_IN_LITERATURE
CID_1535,PMID_2820,DRUG_MENTIONED_IN_LITERATURE
CID_1536,PMID_2821,DRUG_MENTIONED_IN_LITERATURE
CID_1538,PMID_2832,DRUG_MENTIONED_IN_LITERATURE
CID_1539,PMID_2834,DRUG_MENTIONED_IN_LITERATURE
CID_1540,PMID_2835,DRUG_MENTIONED_IN_LITERATURE
CID_1541,PMID_2836,DRUG_MENTIONED_IN_LITERATURE
CID_1542,PMID_2839,DRUG_MENTIONED_IN_LITERATURE
CID_1543,PMID_2840,DRUG_MENTIONED_IN_LITERATURE
CID_1544,PMID_2842,DRUG_MENTIONED_IN_LITERATURE
CID_1545,PMID_2843,DRUG_MENTIONED_IN_LITERATURE
CID_1546,PMID_2851,DRUG_MENTIONED_IN_LITERATURE
CID_1547,PMID_2844,DRUG_MENTIONED_IN_LITERATURE
CID_1548,PMID_2841,DRUG_MENTIONED_IN_LITERATURE
CID_1549,PMID_2856,DRUG_MENTIONED_IN_LITERATURE
CID_1550,PMID_2857,DRUG_MENTIONED_IN_LITERATURE
CID_1551,PMID_2858,DRUG_MENTIONED_IN_LITERATURE
CID_1552,PMID_2864,DRUG_MENTIONED_IN_LITERATURE
CID_1553,PMID_2860,DRUG_MENTIONED_IN_LITERATURE
CID_1554,PMID_2865,DRUG_MENTIONED_IN_LITERATURE
CID_1555,PMID_2859,DRUG_MENTIONED_IN_LITERATURE
CID_1556,PMID_2866,DRUG_MENTIONED_IN_LITERATURE
CID_1557,PMID_2867,DRUG_MENTIONED_IN_LITERATURE
CID_1558,PMID_2862,DRUG_MENTIONED_IN_LITERATURE
CID_1559,PMID_2863,DRUG_MENTIONED_IN_LITERATURE
CID_1560,PMID_2861,DRUG_MENTIONED_IN_LITERATURE
CID_1561,PMID_2870,DRUG_MENTIONED_IN_LITERATURE
CID_1562,PMID_2872,DRUG_MENTIONED_IN_LITERATURE
CID_1563,PMID_2873,DRUG_MENTIONED_IN_LITERATURE
CID_1564,PMID_2878,DRUG_MENTIONED_IN_LITERATURE
CID_1565,PMID_2891,DRUG_MENTIONED_IN_LITERATURE
CID_1566,PMID_2892,DRUG_MENTIONED_IN_LITERATURE
CID_1567,PMID_2895,DRUG_MENTIONED_IN_LITERATURE
CID_1569,PMID_2896,DRUG_MENTIONED_IN_LITERATURE
CID_1570,PMID_2897,DRUG_MENTIONED_IN_LITERATURE
CID_1571,PMID_2898,DRUG_MENTIONED_IN_LITERATURE
CID_1572,PMID_2899,DRUG_MENTIONED_IN_LITERATURE
CID_1573,PMID_2901,DRUG_MENTIONED_IN_LITERATURE
CID_1574,PMID_2902,DRUG_MENTIONED_IN_LITERATURE
CID_1576,PMID_2905,DRUG_MENTIONED_IN_LITERATURE
CID_1577,PMID_2911,DRUG_MENTIONED_IN_LITERATURE
CID_1578,PMID_2912,DRUG_MENTIONED_IN_LITERATURE
CID_1579,PMID_2926,DRUG_MENTIONED_IN_LITERATURE
CID_1580,PMID_2927,DRUG_MENTIONED_IN_LITERATURE
CID_1581,PMID_2928,DRUG_MENTIONED_IN_LITERATURE
CID_1582,PMID_2929,DRUG_MENTIONED_IN_LITERATURE
CID_1583,PMID_2930,DRUG_MENTIONED_IN_LITERATURE
CID_1584,PMID_2931,DRUG_MENTIONED_IN_LITERATURE
CID_1585,PMID_2932,DRUG_MENTIONED_IN_LITERATURE
CID_1587,PMID_2933,DRUG_MENTIONED_IN_LITERATURE
CID_1588,PMID_2934,DRUG_MENTIONED_IN_LITERATURE
CID_1589,PMID_2935,DRUG_MENTIONED_IN_LITERATURE
CID_1590,PMID_2936,DRUG_MENTIONED_IN_LITERATURE
CID_1591,PMID_2937,DRUG_MENTIONED_IN_LITERATURE
CID_1592,PMID_2939,DRUG_MENTIONED_IN_LITERATURE
CID_1593,PMID_2940,DRUG_MENTIONED_IN_LITERATURE
CID_1594,PMID_2942,DRUG_MENTIONED_IN_LITERATURE
CID_1595,PMID_2943,DRUG_MENTIONED_IN_LITERATURE
CID_1596,PMID_2944,DRUG_MENTIONED_IN_LITERATURE
CID_1597,PMID_2955,DRUG_MENTIONED_IN_LITERATURE
CID_1598,PMID_2950,DRUG_MENTIONED_IN_LITERATURE
CID_1599,PMID_2956,DRUG_MENTIONED_IN_LITERATURE
CID_1600,PMID_2957,DRUG_MENTIONED_IN_LITERATURE
CID_1601,PMID_2959,DRUG_MENTIONED_IN_LITERATURE
CID_1602,PMID_2958,DRUG_MENTIONED_IN_LITERATURE
CID_1603,PMID_2960,DRUG_MENTIONED_IN_LITERATURE
CID_1604,PMID_2961,DRUG_MENTIONED_IN_LITERATURE
CID_1605,PMID_2962,DRUG_MENTIONED_IN_LITERATURE
CID_1607,PMID_2965,DRUG_MENTIONED_IN_LITERATURE
CID_1608,PMID_2967,DRUG_MENTIONED_IN_LITERATURE
CID_1609,PMID_2968,DRUG_MENTIONED_IN_LITERATURE
CID_1610,PMID_2969,DRUG_MENTIONED_IN_LITERATURE
CID_1611,PMID_2970,DRUG_MENTIONED_IN_LITERATURE
CID_1612,PMID_2971,DRUG_MENTIONED_IN_LITERATURE
CID_1613,PMID_2972,DRUG_MENTIONED_IN_LITERATURE
CID_1614,PMID_2973,DRUG_MENTIONED_IN_LITERATURE
CID_1615,PMID_2974,DRUG_MENTIONED_IN_LITERATURE
CID_1616,PMID_2975,DRUG_MENTIONED_IN_LITERATURE
CID_1618,PMID_2978,DRUG_MENTIONED_IN_LITERATURE
CID_1620,PMID_2979,DRUG_MENTIONED_IN_LITERATURE
CID_1621,PMID_2982,DRUG_MENTIONED_IN_LITERATURE
CID_1622,PMID_2994,DRUG_MENTIONED_IN_LITERATURE
CID_1623,PMID_2995,DRUG_MENTIONED_IN_LITERATURE
CID_1626,PMID_2996,DRUG_MENTIONED_IN_LITERATURE
CID_1627,PMID_2997,DRUG_MENTIONED_IN_LITERATURE
CID_1628,PMID_3001,DRUG_MENTIONED_IN_LITERATURE
CID_1629,PMID_3002,DRUG_MENTIONED_IN_LITERATURE
CID_1630,PMID_3000,DRUG_MENTIONED_IN_LITERATURE
CID_1631,PMID_2999,DRUG_MENTIONED_IN_LITERATURE
CID_1633,PMID_3003,DRUG_MENTIONED_IN_LITERATURE
CID_1634,PMID_3004,DRUG_MENTIONED_IN_LITERATURE
CID_1635,PMID_3014,DRUG_MENTIONED_IN_LITERATURE
CID_1636,PMID_3015,DRUG_MENTIONED_IN_LITERATURE
CID_1637,PMID_3019,DRUG_MENTIONED_IN_LITERATURE
CID_1638,PMID_3021,DRUG_MENTIONED_IN_LITERATURE
CID_1639,PMID_3020,DRUG_MENTIONED_IN_LITERATURE
CID_1640,PMID_3022,DRUG_MENTIONED_IN_LITERATURE
CID_1641,PMID_3024,DRUG_MENTIONED_IN_LITERATURE
CID_1642,PMID_3025,DRUG_MENTIONED_IN_LITERATURE
CID_1643,PMID_3023,DRUG_MENTIONED_IN_LITERATURE
CID_1644,PMID_3027,DRUG_MENTIONED_IN_LITERATURE
CID_1645,PMID_3026,DRUG_MENTIONED_IN_LITERATURE
CID_1646,PMID_3038,DRUG_MENTIONED_IN_LITERATURE
CID_1647,PMID_3039,DRUG_MENTIONED_IN_LITERATURE
CID_1648,PMID_3040,DRUG_MENTIONED_IN_LITERATURE
CID_1649,PMID_3045,DRUG_MENTIONED_IN_LITERATURE
CID_1650,PMID_3046,DRUG_MENTIONED_IN_LITERATURE
CID_1651,PMID_3050,DRUG_MENTIONED_IN_LITERATURE
CID_1652,PMID_3047,DRUG_MENTIONED_IN_LITERATURE
CID_1653,PMID_3048,DRUG_MENTIONED_IN_LITERATURE
CID_1654,PMID_3051,DRUG_MENTIONED_IN_LITERATURE
CID_1655,PMID_3049,DRUG_MENTIONED_IN_LITERATURE
CID_1657,PMID_3052,DRUG_MENTIONED_IN_LITERATURE
CID_1658,PMID_3074,DRUG_MENTIONED_IN_LITERATURE
CID_1659,PMID_3073,DRUG_MENTIONED_IN_LITERATURE
CID_1660,PMID_3077,DRUG_MENTIONED_IN_LITERATURE
CID_1661,PMID_3078,DRUG_MENTIONED_IN_LITERATURE
CID_1662,PMID_3079,DRUG_MENTIONED_IN_LITERATURE
CID_1663,PMID_3081,DRUG_MENTIONED_IN_LITERATURE
CID_1664,PMID_3082,DRUG_MENTIONED_IN_LITERATURE
CID_1665,PMID_3083,DRUG_MENTIONED_IN_LITERATURE
CID_1666,PMID_3075,DRUG_MENTIONED_IN_LITERATURE
CID_1667,PMID_3076,DRUG_MENTIONED_IN_LITERATURE
CID_1669,PMID_3084,DRUG_MENTIONED_IN_LITERATURE
CID_1670,PMID_3085,DRUG_MENTIONED_IN_LITERATURE
CID_1671,PMID_3086,DRUG_MENTIONED_IN_LITERATURE
CID_1672,PMID_3087,DRUG_MENTIONED_IN_LITERATURE
CID_1674,PMID_3088,DRUG_MENTIONED_IN_LITERATURE
CID_1675,PMID_3090,DRUG_MENTIONED_IN_LITERATURE
CID_1676,PMID_3089,DRUG_MENTIONED_IN_LITERATURE
CID_1677,PMID_3091,DRUG_MENTIONED_IN_LITERATURE
CID_1678,PMID_3092,DRUG_MENTIONED_IN_LITERATURE
CID_1679,PMID_3093,DRUG_MENTIONED_IN_LITERATURE
CID_1680,PMID_3094,DRUG_MENTIONED_IN_LITERATURE
CID_1681,PMID_3095,DRUG_MENTIONED_IN_LITERATURE
CID_1682,PMID_3096,DRUG_MENTIONED_IN_LITERATURE
CID_1683,PMID_3098,DRUG_MENTIONED_IN_LITERATURE
CID_1684,PMID_3102,DRUG_MENTIONED_IN_LITERATURE
CID_1685,PMID_3108,DRUG_MENTIONED_IN_LITERATURE
CID_1686,PMID_3109,DRUG_MENTIONED_IN_LITERATURE
CID_1687,PMID_3111,DRUG_MENTIONED_IN_LITERATURE
CID_1688,PMID_3112,DRUG_MENTIONED_IN_LITERATURE
CID_1689,PMID_3113,DRUG_MENTIONED_IN_LITERATURE
CID_1690,PMID_3114,DRUG_MENTIONED_IN_LITERATURE
CID_1691,PMID_3115,DRUG_MENTIONED_IN_LITERATURE
CID_1692,PMID_3116,DRUG_MENTIONED_IN_LITERATURE
CID_1693,PMID_3117,DRUG_MENTIONED_IN_LITERATURE
CID_1694,PMID_3127,DRUG_MENTIONED_IN_LITERATURE
CID_1695,PMID_3129,DRUG_MENTIONED_IN_LITERATURE
CID_1696,PMID_3130,DRUG_MENTIONED_IN_LITERATURE
CID_1697,PMID_3131,DRUG_MENTIONED_IN_LITERATURE
CID_1698,PMID_3120,DRUG_MENTIONED_IN_LITERATURE
CID_1699,PMID_3133,DRUG_MENTIONED_IN_LITERATURE
CID_1700,PMID_3144,DRUG_MENTIONED_IN_LITERATURE
CID_1701,PMID_3146,DRUG_MENTIONED_IN_LITERATURE
CID_1702,PMID_3145,DRUG_MENTIONED_IN_LITERATURE
CID_1703,PMID_3147,DRUG_MENTIONED_IN_LITERATURE
CID_1704,PMID_3148,DRUG_MENTIONED_IN_LITERATURE
CID_1705,PMID_3150,DRUG_MENTIONED_IN_LITERATURE
CID_1706,PMID_3151,DRUG_MENTIONED_IN_LITERATURE
CID_1707,PMID_3153,DRUG_MENTIONED_IN_LITERATURE
CID_1708,PMID_3154,DRUG_MENTIONED_IN_LITERATURE
CID_1709,PMID_3152,DRUG_MENTIONED_IN_LITERATURE
CID_1710,PMID_3160,DRUG_MENTIONED_IN_LITERATURE
CID_1711,PMID_3161,DRUG_MENTIONED_IN_LITERATURE
CID_1712,PMID_3163,DRUG_MENTIONED_IN_LITERATURE
CID_1713,PMID_3162,DRUG_MENTIONED_IN_LITERATURE
CID_1714,PMID_3164,DRUG_MENTIONED_IN_LITERATURE
CID_1715,PMID_3165,DRUG_MENTIONED_IN_LITERATURE
CID_1716,PMID_3166,DRUG_MENTIONED_IN_LITERATURE
CID_1717,PMID_3167,DRUG_MENTIONED_IN_LITERATURE
CID_1718,PMID_3168,DRUG_MENTIONED_IN_LITERATURE
CID_1719,PMID_3169,DRUG_MENTIONED_IN_LITERATURE
CID_1720,PMID_3170,DRUG_MENTIONED_IN_LITERATURE
CID_1721,PMID_3171,DRUG_MENTIONED_IN_LITERATURE
CID_1722,PMID_3172,DRUG_MENTIONED_IN_LITERATURE
CID_1723,PMID_3173,DRUG_MENTIONED_IN_LITERATURE
CID_1724,PMID_3174,DRUG_MENTIONED_IN_LITERATURE
CID_1725,PMID_3175,DRUG_MENTIONED_IN_LITERATURE
CID_1726,PMID_3184,DRUG_MENTIONED_IN_LITERATURE
CID_1727,PMID_3183,DRUG_MENTIONED_IN_LITERATURE
CID_1728,PMID_3185,DRUG_MENTIONED_IN_LITERATURE
CID_1729,PMID_3186,DRUG_MENTIONED_IN_LITERATURE
CID_1730,PMID_3187,DRUG_MENTIONED_IN_LITERATURE
CID_1731,PMID_3188,DRUG_MENTIONED_IN_LITERATURE
CID_1732,PMID_3192,DRUG_MENTIONED_IN_LITERATURE
CID_1733,PMID_3193,DRUG_MENTIONED_IN_LITERATURE
CID_1734,PMID_3194,DRUG_MENTIONED_IN_LITERATURE
CID_1735,PMID_3195,DRUG_MENTIONED_IN_LITERATURE
CID_1736,PMID_3196,DRUG_MENTIONED_IN_LITERATURE
CID_1737,PMID_3197,DRUG_MENTIONED_IN_LITERATURE
CID_1738,PMID_3198,DRUG_MENTIONED_IN_LITERATURE
CID_1740,PMID_3199,DRUG_MENTIONED_IN_LITERATURE
CID_1741,PMID_3200,DRUG_MENTIONED_IN_LITERATURE
CID_1742,PMID_3201,DRUG_MENTIONED_IN_LITERATURE
CID_1743,PMID_3202,DRUG_MENTIONED_IN_LITERATURE
CID_1744,PMID_3203,DRUG_MENTIONED_IN_LITERATURE
CID_1745,PMID_3204,DRUG_MENTIONED_IN_LITERATURE
CID_1746,PMID_3205,DRUG_MENTIONED_IN_LITERATURE
CID_1747,PMID_3206,DRUG_MENTIONED_IN_LITERATURE
CID_1748,PMID_3207,DRUG_MENTIONED_IN_LITERATURE
CID_1749,PMID_3208,DRUG_MENTIONED_IN_LITERATURE
CID_1750,PMID_3209,DRUG_MENTIONED_IN_LITERATURE
CID_1752,PMID_3210,DRUG_MENTIONED_IN_LITERATURE
CID_1753,PMID_3211,DRUG_MENTIONED_IN_LITERATURE
CID_1754,PMID_3212,DRUG_MENTIONED_IN_LITERATURE
CID_1755,PMID_3213,DRUG_MENTIONED_IN_LITERATURE
CID_1756,PMID_3214,DRUG_MENTIONED_IN_LITERATURE
CID_1757,PMID_3215,DRUG_MENTIONED_IN_LITERATURE
CID_1758,PMID_3216,DRUG_MENTIONED_IN_LITERATURE
CID_1759,PMID_3217,DRUG_MENTIONED_IN_LITERATURE
CID_1761,PMID_3218,DRUG_MENTIONED_IN_LITERATURE
CID_1762,PMID_3219,DRUG_MENTIONED_IN_LITERATURE
CID_1763,PMID_3220,DRUG_MENTIONED_IN_LITERATURE
CID_1765,PMID_3221,DRUG_MENTIONED_IN_LITERATURE
CID_1766,PMID_3222,DRUG_MENTIONED_IN_LITERATURE
CID_1767,PMID_3223,DRUG_MENTIONED_IN_LITERATURE
CID_1768,PMID_3224,DRUG_MENTIONED_IN_LITERATURE
CID_1769,PMID_3225,DRUG_MENTIONED_IN_LITERATURE
CID_1770,PMID_3226,DRUG_MENTIONED_IN_LITERATURE
CID_1771,PMID_3237,DRUG_MENTIONED_IN_LITERATURE
CID_1772,PMID_3238,DRUG_MENTIONED_IN_LITERATURE
CID_1774,PMID_3240,DRUG_MENTIONED_IN_LITERATURE
CID_1775,PMID_3245,DRUG_MENTIONED_IN_LITERATURE
CID_1777,PMID_3241,DRUG_MENTIONED_IN_LITERATURE
CID_1778,PMID_3246,DRUG_MENTIONED_IN_LITERATURE
CID_1779,PMID_3247,DRUG_MENTIONED_IN_LITERATURE
CID_1780,PMID_3242,DRUG_MENTIONED_IN_LITERATURE
CID_1781,PMID_3243,DRUG_MENTIONED_IN_LITERATURE
CID_1782,PMID_3248,DRUG_MENTIONED_IN_LITERATURE
CID_1783,PMID_3250,DRUG_MENTIONED_IN_LITERATURE
CID_1784,PMID_3249,DRUG_MENTIONED_IN_LITERATURE
CID_1785,PMID_3251,DRUG_MENTIONED_IN_LITERATURE
CID_1786,PMID_3258,DRUG_MENTIONED_IN_LITERATURE
CID_1787,PMID_3259,DRUG_MENTIONED_IN_LITERATURE
CID_1788,PMID_3261,DRUG_MENTIONED_IN_LITERATURE
CID_1789,PMID_3263,DRUG_MENTIONED_IN_LITERATURE
CID_1790,PMID_3264,DRUG_MENTIONED_IN_LITERATURE
CID_1791,PMID_3265,DRUG_MENTIONED_IN_LITERATURE
CID_1792,PMID_3266,DRUG_MENTIONED_IN_LITERATURE
CID_1793,PMID_3268,DRUG_MENTIONED_IN_LITERATURE
CID_1794,PMID_3269,DRUG_MENTIONED_IN_LITERATURE
CID_1795,PMID_3271,DRUG_MENTIONED_IN_LITERATURE
CID_1796,PMID_3270,DRUG_MENTIONED_IN_LITERATURE
CID_1797,PMID_3272,DRUG_MENTIONED_IN_LITERATURE
CID_1798,PMID_3273,DRUG_MENTIONED_IN_LITERATURE
CID_1799,PMID_3274,DRUG_MENTIONED_IN_LITERATURE
CID_1800,PMID_3275,DRUG_MENTIONED_IN_LITERATURE
CID_1801,PMID_3276,DRUG_MENTIONED_IN_LITERATURE
CID_1802,PMID_3280,DRUG_MENTIONED_IN_LITERATURE
CID_1803,PMID_3279,DRUG_MENTIONED_IN_LITERATURE
CID_1804,PMID_3281,DRUG_MENTIONED_IN_LITERATURE
CID_1805,PMID_3284,DRUG_MENTIONED_IN_LITERATURE
CID_1806,PMID_3285,DRUG_MENTIONED_IN_LITERATURE
CID_1807,PMID_3287,DRUG_MENTIONED_IN_LITERATURE
CID_1808,PMID_3286,DRUG_MENTIONED_IN_LITERATURE
CID_1809,PMID_3291,DRUG_MENTIONED_IN_LITERATURE
CID_1810,PMID_3292,DRUG_MENTIONED_IN_LITERATURE
CID_1811,PMID_3293,DRUG_MENTIONED_IN_LITERATURE
CID_1812,PMID_3294,DRUG_MENTIONED_IN_LITERATURE
CID_1813,PMID_3295,DRUG_MENTIONED_IN_LITERATURE
CID_1814,PMID_3296,DRUG_MENTIONED_IN_LITERATURE
CID_1815,PMID_3297,DRUG_MENTIONED_IN_LITERATURE
CID_1816,PMID_3298,DRUG_MENTIONED_IN_LITERATURE
CID_1817,PMID_3301,DRUG_MENTIONED_IN_LITERATURE
CID_1818,PMID_3304,DRUG_MENTIONED_IN_LITERATURE
CID_1819,PMID_3305,DRUG_MENTIONED_IN_LITERATURE
CID_1820,PMID_3306,DRUG_MENTIONED_IN_LITERATURE
CID_1821,PMID_3307,DRUG_MENTIONED_IN_LITERATURE
CID_1823,PMID_3386,DRUG_MENTIONED_IN_LITERATURE
CID_1824,PMID_3387,DRUG_MENTIONED_IN_LITERATURE
CID_1825,PMID_3393,DRUG_MENTIONED_IN_LITERATURE
CID_1826,PMID_3394,DRUG_MENTIONED_IN_LITERATURE
CID_1827,PMID_3392,DRUG_MENTIONED_IN_LITERATURE
CID_1828,PMID_3398,DRUG_MENTIONED_IN_LITERATURE
CID_1829,PMID_3395,DRUG_MENTIONED_IN_LITERATURE
CID_1830,PMID_3402,DRUG_MENTIONED_IN_LITERATURE
CID_1831,PMID_3397,DRUG_MENTIONED_IN_LITERATURE
CID_1832,PMID_3396,DRUG_MENTIONED_IN_LITERATURE
CID_1833,PMID_3400,DRUG_MENTIONED_IN_LITERATURE
CID_1834,PMID_3404,DRUG_MENTIONED_IN_LITERATURE
CID_1835,PMID_3399,DRUG_MENTIONED_IN_LITERATURE
CID_1836,PMID_3403,DRUG_MENTIONED_IN_LITERATURE
CID_1837,PMID_3411,DRUG_MENTIONED_IN_LITERATURE
CID_1838,PMID_3405,DRUG_MENTIONED_IN_LITERATURE
CID_1839,PMID_3401,DRUG_MENTIONED_IN_LITERATURE
CID_1840,PMID_3414,DRUG_MENTIONED_IN_LITERATURE
CID_1841,PMID_3415,DRUG_MENTIONED_IN_LITERATURE
CID_1842,PMID_3406,DRUG_MENTIONED_IN_LITERATURE
CID_1843,PMID_3416,DRUG_MENTIONED_IN_LITERATURE
CID_1844,PMID_3407,DRUG_MENTIONED_IN_LITERATURE
CID_1845,PMID_3419,DRUG_MENTIONED_IN_LITERATURE
CID_1848,PMID_3408,DRUG_MENTIONED_IN_LITERATURE
CID_1849,PMID_3420,DRUG_MENTIONED_IN_LITERATURE
CID_1850,PMID_3421,DRUG_MENTIONED_IN_LITERATURE
CID_1851,PMID_3426,DRUG_MENTIONED_IN_LITERATURE
CID_1852,PMID_3428,DRUG_MENTIONED_IN_LITERATURE
CID_1853,PMID_3435,DRUG_MENTIONED_IN_LITERATURE
CID_1854,PMID_3433,DRUG_MENTIONED_IN_LITERATURE
CID_1855,PMID_3434,DRUG_MENTIONED_IN_LITERATURE
CID_1856,PMID_3445,DRUG_MENTIONED_IN_LITERATURE
CID_1857,PMID_3446,DRUG_MENTIONED_IN_LITERATURE
CID_1858,PMID_3448,DRUG_MENTIONED_IN_LITERATURE
CID_1861,PMID_3449,DRUG_MENTIONED_IN_LITERATURE
CID_1862,PMID_3450,DRUG_MENTIONED_IN_LITERATURE
CID_1863,PMID_3451,DRUG_MENTIONED_IN_LITERATURE
CID_1864,PMID_3452,DRUG_MENTIONED_IN_LITERATURE
CID_1865,PMID_3453,DRUG_MENTIONED_IN_LITERATURE
CID_1866,PMID_3456,DRUG_MENTIONED_IN_LITERATURE
CID_1868,PMID_3457,DRUG_MENTIONED_IN_LITERATURE
CID_1869,PMID_3461,DRUG_MENTIONED_IN_LITERATURE
CID_1870,PMID_3462,DRUG_MENTIONED_IN_LITERATURE
CID_1871,PMID_3463,DRUG_MENTIONED_IN_LITERATURE
CID_1872,PMID_3464,DRUG_MENTIONED_IN_LITERATURE
CID_1873,PMID_3465,DRUG_MENTIONED_IN_LITERATURE
CID_1874,PMID_3466,DRUG_MENTIONED_IN_LITERATURE
CID_1875,PMID_3471,DRUG_MENTIONED_IN_LITERATURE
CID_1876,PMID_3472,DRUG_MENTIONED_IN_LITERATURE
CID_1877,PMID_3473,DRUG_MENTIONED_IN_LITERATURE
CID_1878,PMID_3474,DRUG_MENTIONED_IN_LITERATURE
CID_1880,PMID_3475,DRUG_MENTIONED_IN_LITERATURE
CID_1881,PMID_3476,DRUG_MENTIONED_IN_LITERATURE
CID_1882,PMID_3477,DRUG_MENTIONED_IN_LITERATURE
CID_1883,PMID_3478,DRUG_MENTIONED_IN_LITERATURE
CID_1884,PMID_3479,DRUG_MENTIONED_IN_LITERATURE
CID_1885,PMID_3480,DRUG_MENTIONED_IN_LITERATURE
CID_1886,PMID_3481,DRUG_MENTIONED_IN_LITERATURE
CID_1887,PMID_3482,DRUG_MENTIONED_IN_LITERATURE
CID_1888,PMID_3484,DRUG_MENTIONED_IN_LITERATURE
CID_1889,PMID_3483,DRUG_MENTIONED_IN_LITERATURE
CID_1890,PMID_3485,DRUG_MENTIONED_IN_LITERATURE
CID_1892,PMID_3489,DRUG_MENTIONED_IN_LITERATURE
CID_1893,PMID_3490,DRUG_MENTIONED_IN_LITERATURE
CID_1894,PMID_3491,DRUG_MENTIONED_IN_LITERATURE
CID_1895,PMID_3492,DRUG_MENTIONED_IN_LITERATURE
CID_1897,PMID_3493,DRUG_MENTIONED_IN_LITERATURE
CID_1898,PMID_3487,DRUG_MENTIONED_IN_LITERATURE
CID_1899,PMID_3494,DRUG_MENTIONED_IN_LITERATURE
CID_1900,PMID_3495,DRUG_MENTIONED_IN_LITERATURE
CID_1901,PMID_3496,DRUG_MENTIONED_IN_LITERATURE
CID_1902,PMID_3497,DRUG_MENTIONED_IN_LITERATURE
CID_1903,PMID_3498,DRUG_MENTIONED_IN_LITERATURE
CID_1904,PMID_3499,DRUG_MENTIONED_IN_LITERATURE
CID_1905,PMID_3500,DRUG_MENTIONED_IN_LITERATURE
CID_1906,PMID_3501,DRUG_MENTIONED_IN_LITERATURE
CID_1907,PMID_3502,DRUG_MENTIONED_IN_LITERATURE
CID_1908,PMID_3503,DRUG_MENTIONED_IN_LITERATURE
CID_1909,PMID_3504,DRUG_MENTIONED_IN_LITERATURE
CID_1912,PMID_3505,DRUG_MENTIONED_IN_LITERATURE
CID_1913,PMID_3508,DRUG_MENTIONED_IN_LITERATURE
CID_1914,PMID_3509,DRUG_MENTIONED_IN_LITERATURE
CID_1917,PMID_3510,DRUG_MENTIONED_IN_LITERATURE
CID_1918,PMID_3511,DRUG_MENTIONED_IN_LITERATURE
CID_1921,PMID_3512,DRUG_MENTIONED_IN_LITERATURE
CID_1922,PMID_3514,DRUG_MENTIONED_IN_LITERATURE
CID_1923,PMID_3515,DRUG_MENTIONED_IN_LITERATURE
CID_1924,PMID_3516,DRUG_MENTIONED_IN_LITERATURE
CID_1926,PMID_3517,DRUG_MENTIONED_IN_LITERATURE
CID_1927,PMID_3518,DRUG_MENTIONED_IN_LITERATURE
CID_1928,PMID_3519,DRUG_MENTIONED_IN_LITERATURE
CID_1929,PMID_3520,DRUG_MENTIONED_IN_LITERATURE
CID_1930,PMID_3521,DRUG_MENTIONED_IN_LITERATURE
CID_1931,PMID_3546,DRUG_MENTIONED_IN_LITERATURE
CID_1932,PMID_3545,DRUG_MENTIONED_IN_LITERATURE
CID_1933,PMID_3604,DRUG_MENTIONED_IN_LITERATURE
CID_1934,PMID_3605,DRUG_MENTIONED_IN_LITERATURE
CID_1935,PMID_3606,DRUG_MENTIONED_IN_LITERATURE
CID_1936,PMID_3607,DRUG_MENTIONED_IN_LITERATURE
CID_1937,PMID_3609,DRUG_MENTIONED_IN_LITERATURE
CID_1939,PMID_3610,DRUG_MENTIONED_IN_LITERATURE
CID_1940,PMID_3611,DRUG_MENTIONED_IN_LITERATURE
CID_1941,PMID_3612,DRUG_MENTIONED_IN_LITERATURE
CID_1942,PMID_3613,DRUG_MENTIONED_IN_LITERATURE
CID_1943,PMID_3614,DRUG_MENTIONED_IN_LITERATURE
CID_1944,PMID_3615,DRUG_MENTIONED_IN_LITERATURE
CID_1946,PMID_3616,DRUG_MENTIONED_IN_LITERATURE
CID_1947,PMID_3617,DRUG_MENTIONED_IN_LITERATURE
CID_1948,PMID_3618,DRUG_MENTIONED_IN_LITERATURE
CID_1949,PMID_3619,DRUG_MENTIONED_IN_LITERATURE
CID_1950,PMID_3620,DRUG_MENTIONED_IN_LITERATURE
CID_1951,PMID_3621,DRUG_MENTIONED_IN_LITERATURE
CID_1952,PMID_3622,DRUG_MENTIONED_IN_LITERATURE
CID_1953,PMID_3623,DRUG_MENTIONED_IN_LITERATURE
CID_1954,PMID_3624,DRUG_MENTIONED_IN_LITERATURE
CID_1955,PMID_3632,DRUG_MENTIONED_IN_LITERATURE
CID_1956,PMID_3635,DRUG_MENTIONED_IN_LITERATURE
CID_1957,PMID_3638,DRUG_MENTIONED_IN_LITERATURE
CID_1958,PMID_3639,DRUG_MENTIONED_IN_LITERATURE
CID_1959,PMID_3640,DRUG_MENTIONED_IN_LITERATURE
CID_1960,PMID_3641,DRUG_MENTIONED_IN_LITERATURE
CID_1961,PMID_3642,DRUG_MENTIONED_IN_LITERATURE
CID_1962,PMID_3643,DRUG_MENTIONED_IN_LITERATURE
CID_1963,PMID_3644,DRUG_MENTIONED_IN_LITERATURE
CID_1964,PMID_3645,DRUG_MENTIONED_IN_LITERATURE
CID_1965,PMID_3646,DRUG_MENTIONED_IN_LITERATURE
CID_1966,PMID_3647,DRUG_MENTIONED_IN_LITERATURE
CID_1967,PMID_3648,DRUG_MENTIONED_IN_LITERATURE
CID_1968,PMID_3652,DRUG_MENTIONED_IN_LITERATURE
CID_1969,PMID_3653,DRUG_MENTIONED_IN_LITERATURE
CID_1970,PMID_3651,DRUG_MENTIONED_IN_LITERATURE
CID_1971,PMID_3650,DRUG_MENTIONED_IN_LITERATURE
CID_1972,PMID_3660,DRUG_MENTIONED_IN_LITERATURE
CID_1973,PMID_3661,DRUG_MENTIONED_IN_LITERATURE
CID_1974,PMID_3662,DRUG_MENTIONED_IN_LITERATURE
CID_1976,PMID_3664,DRUG_MENTIONED_IN_LITERATURE
CID_1977,PMID_3665,DRUG_MENTIONED_IN_LITERATURE
CID_1978,PMID_3666,DRUG_MENTIONED_IN_LITERATURE
CID_1979,PMID_3667,DRUG_MENTIONED_IN_LITERATURE
CID_1980,PMID_3668,DRUG_MENTIONED_IN_LITERATURE
CID_1981,PMID_3674,DRUG_MENTIONED_IN_LITERATURE
CID_1982,PMID_3675,DRUG_MENTIONED_IN_LITERATURE
CID_1983,PMID_3682,DRUG_MENTIONED_IN_LITERATURE
CID_1984,PMID_3681,DRUG_MENTIONED_IN_LITERATURE
CID_1985,PMID_3684,DRUG_MENTIONED_IN_LITERATURE
CID_1986,PMID_3685,DRUG_MENTIONED_IN_LITERATURE
CID_1987,PMID_3686,DRUG_MENTIONED_IN_LITERATURE
CID_1988,PMID_3687,DRUG_MENTIONED_IN_LITERATURE
CID_1989,PMID_3689,DRUG_MENTIONED_IN_LITERATURE
CID_1990,PMID_3690,DRUG_MENTIONED_IN_LITERATURE
CID_1991,PMID_3691,DRUG_MENTIONED_IN_LITERATURE
CID_1992,PMID_3692,DRUG_MENTIONED_IN_LITERATURE
CID_1993,PMID_3693,DRUG_MENTIONED_IN_LITERATURE
CID_1994,PMID_3694,DRUG_MENTIONED_IN_LITERATURE
CID_1995,PMID_3695,DRUG_MENTIONED_IN_LITERATURE
CID_1996,PMID_3697,DRUG_MENTIONED_IN_LITERATURE
CID_1997,PMID_3698,DRUG_MENTIONED_IN_LITERATURE
CID_1998,PMID_3720,DRUG_MENTIONED_IN_LITERATURE
CID_1999,PMID_3727,DRUG_MENTIONED_IN_LITERATURE
CID_2000,PMID_3729,DRUG_MENTIONED_IN_LITERATURE
CID_2001,PMID_3728,DRUG_MENTIONED_IN_LITERATURE
CID_2002,PMID_3737,DRUG_MENTIONED_IN_LITERATURE
CID_2003,PMID_3730,DRUG_MENTIONED_IN_LITERATURE
CID_2004,PMID_3753,DRUG_MENTIONED_IN_LITERATURE
CID_2005,PMID_3756,DRUG_MENTIONED_IN_LITERATURE
CID_2006,PMID_3759,DRUG_MENTIONED_IN_LITERATURE
CID_2007,PMID_3760,DRUG_MENTIONED_IN_LITERATURE
CID_2008,PMID_3761,DRUG_MENTIONED_IN_LITERATURE
CID_2009,PMID_3757,DRUG_MENTIONED_IN_LITERATURE
CID_2010,PMID_3766,DRUG_MENTIONED_IN_LITERATURE
CID_2011,PMID_3767,DRUG_MENTIONED_IN_LITERATURE
CID_2012,PMID_3769,DRUG_MENTIONED_IN_LITERATURE
CID_2013,PMID_3780,DRUG_MENTIONED_IN_LITERATURE
CID_2014,PMID_3781,DRUG_MENTIONED_IN_LITERATURE
CID_2015,PMID_3778,DRUG_MENTIONED_IN_LITERATURE
CID_2016,PMID_3797,DRUG_MENTIONED_IN_LITERATURE
CID_2017,PMID_3798,DRUG_MENTIONED_IN_LITERATURE
CID_2018,PMID_3799,DRUG_MENTIONED_IN_LITERATURE
CID_2019,PMID_3808,DRUG_MENTIONED_IN_LITERATURE
CID_2020,PMID_3810,DRUG_MENTIONED_IN_LITERATURE
CID_2021,PMID_3811,DRUG_MENTIONED_IN_LITERATURE
CID_2023,PMID_3812,DRUG_MENTIONED_IN_LITERATURE
CID_2024,PMID_3813,DRUG_MENTIONED_IN_LITERATURE
CID_2026,PMID_3815,DRUG_MENTIONED_IN_LITERATURE
CID_2027,PMID_3816,DRUG_MENTIONED_IN_LITERATURE
CID_2028,PMID_3821,DRUG_MENTIONED_IN_LITERATURE
CID_2029,PMID_3823,DRUG_MENTIONED_IN_LITERATURE
CID_2030,PMID_3824,DRUG_MENTIONED_IN_LITERATURE
CID_2031,PMID_3828,DRUG_MENTIONED_IN_LITERATURE
CID_2032,PMID_3831,DRUG_MENTIONED_IN_LITERATURE
CID_2033,PMID_3832,DRUG_MENTIONED_IN_LITERATURE
CID_2034,PMID_3847,DRUG_MENTIONED_IN_LITERATURE
CID_2035,PMID_3848,DRUG_MENTIONED_IN_LITERATURE
CID_2036,PMID_3849,DRUG_MENTIONED_IN_LITERATURE
CID_2037,PMID_3851,DRUG_MENTIONED_IN_LITERATURE
CID_2039,PMID_3852,DRUG_MENTIONED_IN_LITERATURE
CID_2040,PMID_3853,DRUG_MENTIONED_IN_LITERATURE
CID_2041,PMID_3854,DRUG_MENTIONED_IN_LITERATURE
CID_2042,PMID_3855,DRUG_MENTIONED_IN_LITERATURE
CID_2044,PMID_3857,DRUG_MENTIONED_IN_LITERATURE
CID_2045,PMID_3858,DRUG_MENTIONED_IN_LITERATURE
CID_2046,PMID_3869,DRUG_MENTIONED_IN_LITERATURE
CID_2048,PMID_3868,DRUG_MENTIONED_IN_LITERATURE
CID_2049,PMID_3871,DRUG_MENTIONED_IN_LITERATURE
CID_2050,PMID_3870,DRUG_MENTIONED_IN_LITERATURE
CID_2051,PMID_3876,DRUG_MENTIONED_IN_LITERATURE
CID_2052,PMID_3872,DRUG_MENTIONED_IN_LITERATURE
CID_2054,PMID_3873,DRUG_MENTIONED_IN_LITERATURE
CID_2055,PMID_3884,DRUG_MENTIONED_IN_LITERATURE
CID_2056,PMID_3890,DRUG_MENTIONED_IN_LITERATURE
CID_2057,PMID_3891,DRUG_MENTIONED_IN_LITERATURE
CID_2058,PMID_3892,DRUG_MENTIONED_IN_LITERATURE
CID_2059,PMID_3893,DRUG_MENTIONED_IN_LITERATURE
CID_2060,PMID_3895,DRUG_MENTIONED_IN_LITERATURE
CID_2061,PMID_3889,DRUG_MENTIONED_IN_LITERATURE
CID_2062,PMID_3898,DRUG_MENTIONED_IN_LITERATURE
CID_2063,PMID_3899,DRUG_MENTIONED_IN_LITERATURE
CID_2064,PMID_3901,DRUG_MENTIONED_IN_LITERATURE
CID_2065,PMID_3900,DRUG_MENTIONED_IN_LITERATURE
CID_2066,PMID_3903,DRUG_MENTIONED_IN_LITERATURE
CID_2067,PMID_3925,DRUG_MENTIONED_IN_LITERATURE
CID_2068,PMID_3926,DRUG_MENTIONED_IN_LITERATURE
CID_2069,PMID_3927,DRUG_MENTIONED_IN_LITERATURE
CID_2070,PMID_3940,DRUG_MENTIONED_IN_LITERATURE
CID_2071,PMID_3941,DRUG_MENTIONED_IN_LITERATURE
CID_2072,PMID_3943,DRUG_MENTIONED_IN_LITERATURE
CID_2073,PMID_3944,DRUG_MENTIONED_IN_LITERATURE
CID_2074,PMID_3945,DRUG_MENTIONED_IN_LITERATURE
CID_2075,PMID_3946,DRUG_MENTIONED_IN_LITERATURE
CID_2076,PMID_3947,DRUG_MENTIONED_IN_LITERATURE
CID_2077,PMID_3948,DRUG_MENTIONED_IN_LITERATURE
CID_2078,PMID_3949,DRUG_MENTIONED_IN_LITERATURE
CID_2079,PMID_3939,DRUG_MENTIONED_IN_LITERATURE
CID_2080,PMID_3954,DRUG_MENTIONED_IN_LITERATURE
CID_2081,PMID_3959,DRUG_MENTIONED_IN_LITERATURE
CID_2082,PMID_3960,DRUG_MENTIONED_IN_LITERATURE
CID_2083,PMID_3961,DRUG_MENTIONED_IN_LITERATURE
CID_2084,PMID_3963,DRUG_MENTIONED_IN_LITERATURE
CID_2085,PMID_3964,DRUG_MENTIONED_IN_LITERATURE
CID_2086,PMID_3965,DRUG_MENTIONED_IN_LITERATURE
CID_2087,PMID_3967,DRUG_MENTIONED_IN_LITERATURE
CID_2088,PMID_3968,DRUG_MENTIONED_IN_LITERATURE
CID_2089,PMID_3971,DRUG_MENTIONED_IN_LITERATURE
CID_2090,PMID_3973,DRUG_MENTIONED_IN_LITERATURE
CID_2091,PMID_3974,DRUG_MENTIONED_IN_LITERATURE
CID_2092,PMID_3975,DRUG_MENTIONED_IN_LITERATURE
CID_2093,PMID_3969,DRUG_MENTIONED_IN_LITERATURE
CID_2095,PMID_3977,DRUG_MENTIONED_IN_LITERATURE
CID_2096,PMID_3976,DRUG_MENTIONED_IN_LITERATURE
CID_2097,PMID_3978,DRUG_MENTIONED_IN_LITERATURE
CID_2098,PMID_3970,DRUG_MENTIONED_IN_LITERATURE
CID_2099,PMID_3979,DRUG_MENTIONED_IN_LITERATURE
CID_2100,PMID_3980,DRUG_MENTIONED_IN_LITERATURE
CID_2101,PMID_3981,DRUG_MENTIONED_IN_LITERATURE
CID_2102,PMID_3982,DRUG_MENTIONED_IN_LITERATURE
CID_2103,PMID_3983,DRUG_MENTIONED_IN_LITERATURE
CID_2104,PMID_3984,DRUG_MENTIONED_IN_LITERATURE
CID_2105,PMID_3986,DRUG_MENTIONED_IN_LITERATURE
CID_2106,PMID_3987,DRUG_MENTIONED_IN_LITERATURE
CID_2107,PMID_3992,DRUG_MENTIONED_IN_LITERATURE
CID_2108,PMID_3995,DRUG_MENTIONED_IN_LITERATURE
CID_2109,PMID_3996,DRUG_MENTIONED_IN_LITERATURE
CID_2110,PMID_3997,DRUG_MENTIONED_IN_LITERATURE
CID_2111,PMID_3999,DRUG_MENTIONED_IN_LITERATURE
CID_2112,PMID_3993,DRUG_MENTIONED_IN_LITERATURE
CID_2113,PMID_3994,DRUG_MENTIONED_IN_LITERATURE
CID_2114,PMID_4010,DRUG_MENTIONED_IN_LITERATURE
CID_2115,PMID_4011,DRUG_MENTIONED_IN_LITERATURE
CID_2116,PMID_4012,DRUG_MENTIONED_IN_LITERATURE
CID_2117,PMID_4036,DRUG_MENTIONED_IN_LITERATURE
CID_2118,PMID_4039,DRUG_MENTIONED_IN_LITERATURE
CID_2119,PMID_4040,DRUG_MENTIONED_IN_LITERATURE
CID_2120,PMID_4037,DRUG_MENTIONED_IN_LITERATURE
CID_2122,PMID_4041,DRUG_MENTIONED_IN_LITERATURE
CID_2123,PMID_4038,DRUG_MENTIONED_IN_LITERATURE
CID_2124,PMID_4042,DRUG_MENTIONED_IN_LITERATURE
CID_2125,PMID_4043,DRUG_MENTIONED_IN_LITERATURE
CID_2126,PMID_4044,DRUG_MENTIONED_IN_LITERATURE
CID_2127,PMID_4046,DRUG_MENTIONED_IN_LITERATURE
CID_2128,PMID_4051,DRUG_MENTIONED_IN_LITERATURE
CID_2129,PMID_4052,DRUG_MENTIONED_IN_LITERATURE
CID_2130,PMID_4053,DRUG_MENTIONED_IN_LITERATURE
CID_2131,PMID_4054,DRUG_MENTIONED_IN_LITERATURE
CID_2132,PMID_4058,DRUG_MENTIONED_IN_LITERATURE
CID_2133,PMID_4057,DRUG_MENTIONED_IN_LITERATURE
CID_2134,PMID_4059,DRUG_MENTIONED_IN_LITERATURE
CID_2135,PMID_4060,DRUG_MENTIONED_IN_LITERATURE
CID_2136,PMID_4055,DRUG_MENTIONED_IN_LITERATURE
CID_2137,PMID_4061,DRUG_MENTIONED_IN_LITERATURE
CID_2138,PMID_4063,DRUG_MENTIONED_IN_LITERATURE
CID_2139,PMID_4062,DRUG_MENTIONED_IN_LITERATURE
CID_2140,PMID_4080,DRUG_MENTIONED_IN_LITERATURE
CID_2141,PMID_4083,DRUG_MENTIONED_IN_LITERATURE
CID_2142,PMID_4084,DRUG_MENTIONED_IN_LITERATURE
CID_2143,PMID_4085,DRUG_MENTIONED_IN_LITERATURE
CID_2144,PMID_4086,DRUG_MENTIONED_IN_LITERATURE
CID_2145,PMID_4087,DRUG_MENTIONED_IN_LITERATURE
CID_2146,PMID_4088,DRUG_MENTIONED_IN_LITERATURE
CID_2147,PMID_4089,DRUG_MENTIONED_IN_LITERATURE
CID_2148,PMID_4090,DRUG_MENTIONED_IN_LITERATURE
CID_2149,PMID_4091,DRUG_MENTIONED_IN_LITERATURE
CID_2150,PMID_4092,DRUG_MENTIONED_IN_LITERATURE
CID_2151,PMID_4093,DRUG_MENTIONED_IN_LITERATURE
CID_2153,PMID_4094,DRUG_MENTIONED_IN_LITERATURE
CID_2154,PMID_4095,DRUG_MENTIONED_IN_LITERATURE
CID_2155,PMID_4096,DRUG_MENTIONED_IN_LITERATURE
CID_2156,PMID_4097,DRUG_MENTIONED_IN_LITERATURE
CID_2157,PMID_4098,DRUG_MENTIONED_IN_LITERATURE
CID_2158,PMID_4099,DRUG_MENTIONED_IN_LITERATURE
CID_2159,PMID_4100,DRUG_MENTIONED_IN_LITERATURE
CID_2160,PMID_4101,DRUG_MENTIONED_IN_LITERATURE
CID_2161,PMID_4102,DRUG_MENTIONED_IN_LITERATURE
CID_2162,PMID_4103,DRUG_MENTIONED_IN_LITERATURE
CID_2163,PMID_4104,DRUG_MENTIONED_IN_LITERATURE
CID_2164,PMID_4105,DRUG_MENTIONED_IN_LITERATURE
CID_2165,PMID_4106,DRUG_MENTIONED_IN_LITERATURE
CID_2166,PMID_4107,DRUG_MENTIONED_IN_LITERATURE
CID_2167,PMID_4108,DRUG_MENTIONED_IN_LITERATURE
CID_2168,PMID_4109,DRUG_MENTIONED_IN_LITERATURE
CID_2169,PMID_4110,DRUG_MENTIONED_IN_LITERATURE
CID_2170,PMID_4111,DRUG_MENTIONED_IN_LITERATURE
CID_2171,PMID_4112,DRUG_MENTIONED_IN_LITERATURE
CID_2172,PMID_4113,DRUG_MENTIONED_IN_LITERATURE
CID_2173,PMID_4114,DRUG_MENTIONED_IN_LITERATURE
CID_2174,PMID_4115,DRUG_MENTIONED_IN_LITERATURE
CID_2175,PMID_4116,DRUG_MENTIONED_IN_LITERATURE
CID_2176,PMID_4117,DRUG_MENTIONED_IN_LITERATURE
CID_2177,PMID_4118,DRUG_MENTIONED_IN_LITERATURE
CID_2178,PMID_4119,DRUG_MENTIONED_IN_LITERATURE
CID_2179,PMID_4120,DRUG_MENTIONED_IN_LITERATURE
CID_2180,PMID_4121,DRUG_MENTIONED_IN_LITERATURE
CID_2181,PMID_4122,DRUG_MENTIONED_IN_LITERATURE
CID_2183,PMID_4123,DRUG_MENTIONED_IN_LITERATURE
CID_2184,PMID_4124,DRUG_MENTIONED_IN_LITERATURE
CID_2185,PMID_4125,DRUG_MENTIONED_IN_LITERATURE
CID_2186,PMID_4126,DRUG_MENTIONED_IN_LITERATURE
CID_2187,PMID_4128,DRUG_MENTIONED_IN_LITERATURE
CID_2188,PMID_4127,DRUG_MENTIONED_IN_LITERATURE
CID_2189,PMID_4129,DRUG_MENTIONED_IN_LITERATURE
CID_2190,PMID_4130,DRUG_MENTIONED_IN_LITERATURE
CID_2191,PMID_4131,DRUG_MENTIONED_IN_LITERATURE
CID_2192,PMID_4132,DRUG_MENTIONED_IN_LITERATURE
CID_2193,PMID_4133,DRUG_MENTIONED_IN_LITERATURE
CID_2194,PMID_4134,DRUG_MENTIONED_IN_LITERATURE
CID_2195,PMID_4135,DRUG_MENTIONED_IN_LITERATURE
CID_2196,PMID_4136,DRUG_MENTIONED_IN_LITERATURE
CID_2197,PMID_4137,DRUG_MENTIONED_IN_LITERATURE
CID_2198,PMID_4138,DRUG_MENTIONED_IN_LITERATURE
CID_2199,PMID_4139,DRUG_MENTIONED_IN_LITERATURE
CID_2200,PMID_4141,DRUG_MENTIONED_IN_LITERATURE
CID_2201,PMID_4140,DRUG_MENTIONED_IN_LITERATURE
CID_2202,PMID_4142,DRUG_MENTIONED_IN_LITERATURE
CID_2203,PMID_4143,DRUG_MENTIONED_IN_LITERATURE
CID_2204,PMID_4144,DRUG_MENTIONED_IN_LITERATURE
CID_2205,PMID_4145,DRUG_MENTIONED_IN_LITERATURE
CID_2206,PMID_4147,DRUG_MENTIONED_IN_LITERATURE
CID_2207,PMID_4148,DRUG_MENTIONED_IN_LITERATURE
CID_2208,PMID_4149,DRUG_MENTIONED_IN_LITERATURE
CID_2209,PMID_4150,DRUG_MENTIONED_IN_LITERATURE
CID_2210,PMID_4151,DRUG_MENTIONED_IN_LITERATURE
CID_2211,PMID_4152,DRUG_MENTIONED_IN_LITERATURE
CID_2212,PMID_4156,DRUG_MENTIONED_IN_LITERATURE
CID_2214,PMID_4157,DRUG_MENTIONED_IN_LITERATURE
CID_2215,PMID_4158,DRUG_MENTIONED_IN_LITERATURE
CID_2216,PMID_4159,DRUG_MENTIONED_IN_LITERATURE
CID_2217,PMID_4160,DRUG_MENTIONED_IN_LITERATURE
CID_2218,PMID_4161,DRUG_MENTIONED_IN_LITERATURE
CID_2219,PMID_4162,DRUG_MENTIONED_IN_LITERATURE
CID_2220,PMID_4153,DRUG_MENTIONED_IN_LITERATURE
CID_2221,PMID_4154,DRUG_MENTIONED_IN_LITERATURE
CID_2222,PMID_4166,DRUG_MENTIONED_IN_LITERATURE
CID_2223,PMID_4167,DRUG_MENTIONED_IN_LITERATURE
CID_2224,PMID_4168,DRUG_MENTIONED_IN_LITERATURE
CID_2225,PMID_4172,DRUG_MENTIONED_IN_LITERATURE
CID_2226,PMID_4173,DRUG_MENTIONED_IN_LITERATURE
CID_2227,PMID_4174,DRUG_MENTIONED_IN_LITERATURE
CID_2229,PMID_4175,DRUG_MENTIONED_IN_LITERATURE
CID_2230,PMID_4176,DRUG_MENTIONED_IN_LITERATURE
CID_2231,PMID_4177,DRUG_MENTIONED_IN_LITERATURE
CID_2232,PMID_4179,DRUG_MENTIONED_IN_LITERATURE
CID_2233,PMID_4186,DRUG_MENTIONED_IN_LITERATURE
CID_2234,PMID_4187,DRUG_MENTIONED_IN_LITERATURE
CID_2235,PMID_4188,DRUG_MENTIONED_IN_LITERATURE
CID_2236,PMID_4189,DRUG_MENTIONED_IN_LITERATURE
CID_2237,PMID_4190,DRUG_MENTIONED_IN_LITERATURE
CID_2238,PMID_4193,DRUG_MENTIONED_IN_LITERATURE
CID_2239,PMID_4197,DRUG_MENTIONED_IN_LITERATURE
CID_2240,PMID_4199,DRUG_MENTIONED_IN_LITERATURE
CID_2241,PMID_4201,DRUG_MENTIONED_IN_LITERATURE
CID_2242,PMID_4200,DRUG_MENTIONED_IN_LITERATURE
CID_2243,PMID_4202,DRUG_MENTIONED_IN_LITERATURE
CID_2244,PMID_4203,DRUG_MENTIONED_IN_LITERATURE
CID_2245,PMID_4204,DRUG_MENTIONED_IN_LITERATURE
CID_2246,PMID_4205,DRUG_MENTIONED_IN_LITERATURE
CID_2247,PMID_4206,DRUG_MENTIONED_IN_LITERATURE
CID_2248,PMID_4207,DRUG_MENTIONED_IN_LITERATURE
CID_2249,PMID_4208,DRUG_MENTIONED_IN_LITERATURE
CID_2250,PMID_4209,DRUG_MENTIONED_IN_LITERATURE
CID_2251,PMID_4210,DRUG_MENTIONED_IN_LITERATURE
CID_2252,PMID_4211,DRUG_MENTIONED_IN_LITERATURE
CID_2253,PMID_4212,DRUG_MENTIONED_IN_LITERATURE
CID_2254,PMID_4213,DRUG_MENTIONED_IN_LITERATURE
CID_2255,PMID_4214,DRUG_MENTIONED_IN_LITERATURE
CID_2256,PMID_4215,DRUG_MENTIONED_IN_LITERATURE
CID_2257,PMID_4216,DRUG_MENTIONED_IN_LITERATURE
CID_2258,PMID_4217,DRUG_MENTIONED_IN_LITERATURE
CID_2259,PMID_4218,DRUG_MENTIONED_IN_LITERATURE
CID_2261,PMID_4219,DRUG_MENTIONED_IN_LITERATURE
CID_2262,PMID_4220,DRUG_MENTIONED_IN_LITERATURE
CID_2263,PMID_4221,DRUG_MENTIONED_IN_LITERATURE
CID_2264,PMID_4222,DRUG_MENTIONED_IN_LITERATURE
CID_2265,PMID_4224,DRUG_MENTIONED_IN_LITERATURE
CID_2266,PMID_4225,DRUG_MENTIONED_IN_LITERATURE
CID_2267,PMID_4231,DRUG_MENTIONED_IN_LITERATURE
CID_2268,PMID_4232,DRUG_MENTIONED_IN_LITERATURE
CID_2269,PMID_4233,DRUG_MENTIONED_IN_LITERATURE
CID_2270,PMID_4234,DRUG_MENTIONED_IN_LITERATURE
CID_2271,PMID_4235,DRUG_MENTIONED_IN_LITERATURE
CID_2272,PMID_4236,DRUG_MENTIONED_IN_LITERATURE
CID_2273,PMID_4237,DRUG_MENTIONED_IN_LITERATURE
CID_2274,PMID_4238,DRUG_MENTIONED_IN_LITERATURE
CID_2275,PMID_4239,DRUG_MENTIONED_IN_LITERATURE
CID_2276,PMID_4240,DRUG_MENTIONED_IN_LITERATURE
CID_2277,PMID_4242,DRUG_MENTIONED_IN_LITERATURE
CID_2278,PMID_4243,DRUG_MENTIONED_IN_LITERATURE
CID_2279,PMID_4245,DRUG_MENTIONED_IN_LITERATURE
CID_2280,PMID_4246,DRUG_MENTIONED_IN_LITERATURE
CID_2281,PMID_4247,DRUG_MENTIONED_IN_LITERATURE
CID_2282,PMID_4248,DRUG_MENTIONED_IN_LITERATURE
CID_2283,PMID_4249,DRUG_MENTIONED_IN_LITERATURE
CID_2284,PMID_4250,DRUG_MENTIONED_IN_LITERATURE
CID_2285,PMID_4251,DRUG_MENTIONED_IN_LITERATURE
CID_2286,PMID_4252,DRUG_MENTIONED_IN_LITERATURE
CID_2287,PMID_4254,DRUG_MENTIONED_IN_LITERATURE
CID_2289,PMID_4255,DRUG_MENTIONED_IN_LITERATURE
CID_2290,PMID_4256,DRUG_MENTIONED_IN_LITERATURE
CID_2291,PMID_4257,DRUG_MENTIONED_IN_LITERATURE
CID_2292,PMID_4258,DRUG_MENTIONED_IN_LITERATURE
CID_2293,PMID_4259,DRUG_MENTIONED_IN_LITERATURE
CID_2294,PMID_4261,DRUG_MENTIONED_IN_LITERATURE
CID_2295,PMID_4287,DRUG_MENTIONED_IN_LITERATURE
CID_2296,PMID_4288,DRUG_MENTIONED_IN_LITERATURE
CID_2299,PMID_4289,DRUG_MENTIONED_IN_LITERATURE
CID_2300,PMID_4290,DRUG_MENTIONED_IN_LITERATURE
CID_2301,PMID_4291,DRUG_MENTIONED_IN_LITERATURE
CID_2302,PMID_4292,DRUG_MENTIONED_IN_LITERATURE
CID_2303,PMID_4293,DRUG_MENTIONED_IN_LITERATURE
CID_2304,PMID_4286,DRUG_MENTIONED_IN_LITERATURE
CID_2305,PMID_4294,DRUG_MENTIONED_IN_LITERATURE
CID_2306,PMID_4295,DRUG_MENTIONED_IN_LITERATURE
CID_2307,PMID_4297,DRUG_MENTIONED_IN_LITERATURE
CID_2308,PMID_4296,DRUG_MENTIONED_IN_LITERATURE
CID_2309,PMID_4298,DRUG_MENTIONED_IN_LITERATURE
CID_2310,PMID_4299,DRUG_MENTIONED_IN_LITERATURE
CID_2311,PMID_4300,DRUG_MENTIONED_IN_LITERATURE
CID_2312,PMID_4301,DRUG_MENTIONED_IN_LITERATURE
CID_2313,PMID_4302,DRUG_MENTIONED_IN_LITERATURE
CID_2314,PMID_4303,DRUG_MENTIONED_IN_LITERATURE
CID_2315,PMID_4304,DRUG_MENTIONED_IN_LITERATURE
CID_2316,PMID_4305,DRUG_MENTIONED_IN_LITERATURE
CID_2317,PMID_4306,DRUG_MENTIONED_IN_LITERATURE
CID_2318,PMID_4307,DRUG_MENTIONED_IN_LITERATURE
CID_2319,PMID_4308,DRUG_MENTIONED_IN_LITERATURE
CID_2320,PMID_4309,DRUG_MENTIONED_IN_LITERATURE
CID_2321,PMID_4310,DRUG_MENTIONED_IN_LITERATURE
CID_2322,PMID_4311,DRUG_MENTIONED_IN_LITERATURE
CID_2323,PMID_4312,DRUG_MENTIONED_IN_LITERATURE
CID_2324,PMID_4313,DRUG_MENTIONED_IN_LITERATURE
CID_2325,PMID_4314,DRUG_MENTIONED_IN_LITERATURE
CID_2326,PMID_4315,DRUG_MENTIONED_IN_LITERATURE
CID_2327,PMID_4316,DRUG_MENTIONED_IN_LITERATURE
CID_2328,PMID_4317,DRUG_MENTIONED_IN_LITERATURE
CID_2329,PMID_4318,DRUG_MENTIONED_IN_LITERATURE
CID_2330,PMID_4319,DRUG_MENTIONED_IN_LITERATURE
CID_2331,PMID_4320,DRUG_MENTIONED_IN_LITERATURE
CID_2332,PMID_4321,DRUG_MENTIONED_IN_LITERATURE
CID_2333,PMID_4322,DRUG_MENTIONED_IN_LITERATURE
CID_2334,PMID_4323,DRUG_MENTIONED_IN_LITERATURE
CID_2335,PMID_4324,DRUG_MENTIONED_IN_LITERATURE
CID_2336,PMID_4325,DRUG_MENTIONED_IN_LITERATURE
CID_2337,PMID_4326,DRUG_MENTIONED_IN_LITERATURE
CID_2338,PMID_4327,DRUG_MENTIONED_IN_LITERATURE
CID_2339,PMID_4328,DRUG_MENTIONED_IN_LITERATURE
CID_2340,PMID_4330,DRUG_MENTIONED_IN_LITERATURE
CID_2341,PMID_4331,DRUG_MENTIONED_IN_LITERATURE
CID_2342,PMID_4332,DRUG_MENTIONED_IN_LITERATURE
CID_2343,PMID_4334,DRUG_MENTIONED_IN_LITERATURE
CID_2344,PMID_4335,DRUG_MENTIONED_IN_LITERATURE
CID_2345,PMID_4341,DRUG_MENTIONED_IN_LITERATURE
CID_2346,PMID_4342,DRUG_MENTIONED_IN_LITERATURE
CID_2347,PMID_4345,DRUG_MENTIONED_IN_LITERATURE
CID_2348,PMID_4361,DRUG_MENTIONED_IN_LITERATURE
CID_2349,PMID_4366,DRUG_MENTIONED_IN_LITERATURE
CID_2350,PMID_4369,DRUG_MENTIONED_IN_LITERATURE
CID_2351,PMID_4370,DRUG_MENTIONED_IN_LITERATURE
CID_2352,PMID_4375,DRUG_MENTIONED_IN_LITERATURE
CID_2353,PMID_4376,DRUG_MENTIONED_IN_LITERATURE
CID_2354,PMID_4377,DRUG_MENTIONED_IN_LITERATURE
CID_2355,PMID_4378,DRUG_MENTIONED_IN_LITERATURE
CID_2356,PMID_4380,DRUG_MENTIONED_IN_LITERATURE
CID_2357,PMID_4381,DRUG_MENTIONED_IN_LITERATURE
CID_2358,PMID_4382,DRUG_MENTIONED_IN_LITERATURE
CID_2359,PMID_4383,DRUG_MENTIONED_IN_LITERATURE
CID_2360,PMID_4384,DRUG_MENTIONED_IN_LITERATURE
CID_2361,PMID_4385,DRUG_MENTIONED_IN_LITERATURE
CID_2362,PMID_4386,DRUG_MENTIONED_IN_LITERATURE
CID_2363,PMID_4387,DRUG_MENTIONED_IN_LITERATURE
CID_2364,PMID_4388,DRUG_MENTIONED_IN_LITERATURE
CID_2365,PMID_4389,DRUG_MENTIONED_IN_LITERATURE
CID_2366,PMID_4390,DRUG_MENTIONED_IN_LITERATURE
CID_2367,PMID_4391,DRUG_MENTIONED_IN_LITERATURE
CID_2368,PMID_4392,DRUG_MENTIONED_IN_LITERATURE
CID_2369,PMID_4395,DRUG_MENTIONED_IN_LITERATURE
CID_2370,PMID_4394,DRUG_MENTIONED_IN_LITERATURE
CID_2371,PMID_4396,DRUG_MENTIONED_IN_LITERATURE
CID_2372,PMID_4397,DRUG_MENTIONED_IN_LITERATURE
CID_2374,PMID_4398,DRUG_MENTIONED_IN_LITERATURE
CID_2375,PMID_4399,DRUG_MENTIONED_IN_LITERATURE
CID_2376,PMID_4400,DRUG_MENTIONED_IN_LITERATURE
CID_2377,PMID_4403,DRUG_MENTIONED_IN_LITERATURE
CID_2378,PMID_4405,DRUG_MENTIONED_IN_LITERATURE
CID_2381,PMID_4404,DRUG_MENTIONED_IN_LITERATURE
CID_2382,PMID_4406,DRUG_MENTIONED_IN_LITERATURE
CID_2383,PMID_4407,DRUG_MENTIONED_IN_LITERATURE
CID_2384,PMID_4412,DRUG_MENTIONED_IN_LITERATURE
CID_2385,PMID_4411,DRUG_MENTIONED_IN_LITERATURE
CID_2386,PMID_4414,DRUG_MENTIONED_IN_LITERATURE
CID_2387,PMID_4418,DRUG_MENTIONED_IN_LITERATURE
CID_2388,PMID_4419,DRUG_MENTIONED_IN_LITERATURE
CID_2389,PMID_4415,DRUG_MENTIONED_IN_LITERATURE
CID_2390,PMID_4421,DRUG_MENTIONED_IN_LITERATURE
CID_2391,PMID_4422,DRUG_MENTIONED_IN_LITERATURE
CID_2392,PMID_4423,DRUG_MENTIONED_IN_LITERATURE
CID_2393,PMID_4424,DRUG_MENTIONED_IN_LITERATURE
CID_2394,PMID_4425,DRUG_MENTIONED_IN_LITERATURE
CID_2395,PMID_4426,DRUG_MENTIONED_IN_LITERATURE
CID_2396,PMID_4427,DRUG_MENTIONED_IN_LITERATURE
CID_2397,PMID_4428,DRUG_MENTIONED_IN_LITERATURE
CID_2398,PMID_4429,DRUG_MENTIONED_IN_LITERATURE
CID_2399,PMID_4430,DRUG_MENTIONED_IN_LITERATURE
CID_2400,PMID_4431,DRUG_MENTIONED_IN_LITERATURE
CID_2401,PMID_4432,DRUG_MENTIONED_IN_LITERATURE
CID_2402,PMID_4433,DRUG_MENTIONED_IN_LITERATURE
CID_2403,PMID_4434,DRUG_MENTIONED_IN_LITERATURE
CID_2404,PMID_4435,DRUG_MENTIONED_IN_LITERATURE
CID_2405,PMID_4436,DRUG_MENTIONED_IN_LITERATURE
CID_2406,PMID_4437,DRUG_MENTIONED_IN_LITERATURE
CID_2407,PMID_4439,DRUG_MENTIONED_IN_LITERATURE
CID_2408,PMID_4438,DRUG_MENTIONED_IN_LITERATURE
CID_2409,PMID_4440,DRUG_MENTIONED_IN_LITERATURE
CID_2410,PMID_4441,DRUG_MENTIONED_IN_LITERATURE
CID_2412,PMID_4442,DRUG_MENTIONED_IN_LITERATURE
CID_2413,PMID_4443,DRUG_MENTIONED_IN_LITERATURE
CID_2414,PMID_4444,DRUG_MENTIONED_IN_LITERATURE
CID_2415,PMID_4445,DRUG_MENTIONED_IN_LITERATURE
CID_2416,PMID_4446,DRUG_MENTIONED_IN_LITERATURE
CID_2417,PMID_4447,DRUG_MENTIONED_IN_LITERATURE
CID_2418,PMID_4448,DRUG_MENTIONED_IN_LITERATURE
CID_2419,PMID_4449,DRUG_MENTIONED_IN_LITERATURE
CID_2420,PMID_4450,DRUG_MENTIONED_IN_LITERATURE
CID_2421,PMID_4451,DRUG_MENTIONED_IN_LITERATURE
CID_2422,PMID_4452,DRUG_MENTIONED_IN_LITERATURE
CID_2423,PMID_4453,DRUG_MENTIONED_IN_LITERATURE
CID_2424,PMID_4454,DRUG_MENTIONED_IN_LITERATURE
CID_2425,PMID_4455,DRUG_MENTIONED_IN_LITERATURE
CID_2426,PMID_4456,DRUG_MENTIONED_IN_LITERATURE
CID_2427,PMID_4457,DRUG_MENTIONED_IN_LITERATURE
CID_2428,PMID_4458,DRUG_MENTIONED_IN_LITERATURE
CID_2429,PMID_4459,DRUG_MENTIONED_IN_LITERATURE
CID_2430,PMID_4460,DRUG_MENTIONED_IN_LITERATURE
CID_2431,PMID_4461,DRUG_MENTIONED_IN_LITERATURE
CID_2432,PMID_4462,DRUG_MENTIONED_IN_LITERATURE
CID_2433,PMID_4463,DRUG_MENTIONED_IN_LITERATURE
CID_2434,PMID_4464,DRUG_MENTIONED_IN_LITERATURE
CID_2435,PMID_4465,DRUG_MENTIONED_IN_LITERATURE
CID_2436,PMID_4466,DRUG_MENTIONED_IN_LITERATURE
CID_2437,PMID_4467,DRUG_MENTIONED_IN_LITERATURE
CID_2438,PMID_4468,DRUG_MENTIONED_IN_LITERATURE
CID_2439,PMID_4469,DRUG_MENTIONED_IN_LITERATURE
CID_2440,PMID_4470,DRUG_MENTIONED_IN_LITERATURE
CID_2441,PMID_4471,DRUG_MENTIONED_IN_LITERATURE
CID_2442,PMID_4472,DRUG_MENTIONED_IN_LITERATURE
CID_2443,PMID_4474,DRUG_MENTIONED_IN_LITERATURE
CID_2444,PMID_4475,DRUG_MENTIONED_IN_LITERATURE
CID_2445,PMID_4476,DRUG_MENTIONED_IN_LITERATURE
CID_2446,PMID_4477,DRUG_MENTIONED_IN_LITERATURE
CID_2447,PMID_4478,DRUG_MENTIONED_IN_LITERATURE
CID_2448,PMID_4479,DRUG_MENTIONED_IN_LITERATURE
CID_2449,PMID_4473,DRUG_MENTIONED_IN_LITERATURE
CID_2450,PMID_4480,DRUG_MENTIONED_IN_LITERATURE
CID_2451,PMID_4481,DRUG_MENTIONED_IN_LITERATURE
CID_2452,PMID_4482,DRUG_MENTIONED_IN_LITERATURE
CID_2453,PMID_4483,DRUG_MENTIONED_IN_LITERATURE
CID_2454,PMID_4484,DRUG_MENTIONED_IN_LITERATURE
CID_2455,PMID_4573,DRUG_MENTIONED_IN_LITERATURE
CID_2456,PMID_4575,DRUG_MENTIONED_IN_LITERATURE
CID_2457,PMID_4576,DRUG_MENTIONED_IN_LITERATURE
CID_2458,PMID_4577,DRUG_MENTIONED_IN_LITERATURE
CID_2459,PMID_4578,DRUG_MENTIONED_IN_LITERATURE
CID_2460,PMID_4579,DRUG_MENTIONED_IN_LITERATURE
CID_2461,PMID_4588,DRUG_MENTIONED_IN_LITERATURE
CID_2462,PMID_4595,DRUG_MENTIONED_IN_LITERATURE
CID_2463,PMID_4598,DRUG_MENTIONED_IN_LITERATURE
CID_2464,PMID_4599,DRUG_MENTIONED_IN_LITERATURE
CID_2465,PMID_4601,DRUG_MENTIONED_IN_LITERATURE
CID_2466,PMID_4602,DRUG_MENTIONED_IN_LITERATURE
CID_2467,PMID_4603,DRUG_MENTIONED_IN_LITERATURE
CID_2468,PMID_4605,DRUG_MENTIONED_IN_LITERATURE
CID_2469,PMID_4606,DRUG_MENTIONED_IN_LITERATURE
CID_2470,PMID_4607,DRUG_MENTIONED_IN_LITERATURE
CID_2471,PMID_4608,DRUG_MENTIONED_IN_LITERATURE
CID_2472,PMID_4609,DRUG_MENTIONED_IN_LITERATURE
CID_2473,PMID_4610,DRUG_MENTIONED_IN_LITERATURE
CID_2474,PMID_4611,DRUG_MENTIONED_IN_LITERATURE
CID_2475,PMID_4612,DRUG_MENTIONED_IN_LITERATURE
CID_2476,PMID_4613,DRUG_MENTIONED_IN_LITERATURE
CID_2477,PMID_4614,DRUG_MENTIONED_IN_LITERATURE
CID_2478,PMID_4615,DRUG_MENTIONED_IN_LITERATURE
CID_2479,PMID_4617,DRUG_MENTIONED_IN_LITERATURE
CID_2480,PMID_4624,DRUG_MENTIONED_IN_LITERATURE
CID_2481,PMID_4627,DRUG_MENTIONED_IN_LITERATURE
CID_2482,PMID_4628,DRUG_MENTIONED_IN_LITERATURE
CID_2483,PMID_4631,DRUG_MENTIONED_IN_LITERATURE
CID_2484,PMID_4632,DRUG_MENTIONED_IN_LITERATURE
CID_2485,PMID_4633,DRUG_MENTIONED_IN_LITERATURE
CID_2486,PMID_4634,DRUG_MENTIONED_IN_LITERATURE
CID_2487,PMID_4640,DRUG_MENTIONED_IN_LITERATURE
CID_2488,PMID_4645,DRUG_MENTIONED_IN_LITERATURE
CID_2490,PMID_4649,DRUG_MENTIONED_IN_LITERATURE
CID_2491,PMID_4647,DRUG_MENTIONED_IN_LITERATURE
CID_2494,PMID_4648,DRUG_MENTIONED_IN_LITERATURE
CID_2495,PMID_4657,DRUG_MENTIONED_IN_LITERATURE
CID_2496,PMID_4658,DRUG_MENTIONED_IN_LITERATURE
CID_2497,PMID_4659,DRUG_MENTIONED_IN_LITERATURE
CID_2498,PMID_4660,DRUG_MENTIONED_IN_LITERATURE
CID_2499,PMID_4661,DRUG_MENTIONED_IN_LITERATURE
CID_2500,PMID_4662,DRUG_MENTIONED_IN_LITERATURE
CID_2501,PMID_4663,DRUG_MENTIONED_IN_LITERATURE
CID_2502,PMID_4664,DRUG_MENTIONED_IN_LITERATURE
CID_2503,PMID_4665,DRUG_MENTIONED_IN_LITERATURE
CID_2504,PMID_4666,DRUG_MENTIONED_IN_LITERATURE
CID_2505,PMID_4667,DRUG_MENTIONED_IN_LITERATURE
CID_2506,PMID_4668,DRUG_MENTIONED_IN_LITERATURE
CID_2507,PMID_4669,DRUG_MENTIONED_IN_LITERATURE
CID_2508,PMID_4670,DRUG_MENTIONED_IN_LITERATURE
CID_2509,PMID_4671,DRUG_MENTIONED_IN_LITERATURE
CID_2510,PMID_4672,DRUG_MENTIONED_IN_LITERATURE
CID_2511,PMID_4676,DRUG_MENTIONED_IN_LITERATURE
CID_2512,PMID_4679,DRUG_MENTIONED_IN_LITERATURE
CID_2513,PMID_4680,DRUG_MENTIONED_IN_LITERATURE
CID_2514,PMID_4681,DRUG_MENTIONED_IN_LITERATURE
CID_2515,PMID_4689,DRUG_MENTIONED_IN_LITERATURE
CID_2516,PMID_4693,DRUG_MENTIONED_IN_LITERATURE
CID_2517,PMID_4722,DRUG_MENTIONED_IN_LITERATURE
CID_2518,PMID_4727,DRUG_MENTIONED_IN_LITERATURE
CID_2519,PMID_4728,DRUG_MENTIONED_IN_LITERATURE
CID_2520,PMID_4729,DRUG_MENTIONED_IN_LITERATURE
CID_2521,PMID_4730,DRUG_MENTIONED_IN_LITERATURE
CID_2522,PMID_4733,DRUG_MENTIONED_IN_LITERATURE
CID_2523,PMID_4739,DRUG_MENTIONED_IN_LITERATURE
CID_2524,PMID_4744,DRUG_MENTIONED_IN_LITERATURE
CID_2525,PMID_4759,DRUG_MENTIONED_IN_LITERATURE
CID_2526,PMID_4760,DRUG_MENTIONED_IN_LITERATURE
CID_2527,PMID_4765,DRUG_MENTIONED_IN_LITERATURE
CID_2528,PMID_4766,DRUG_MENTIONED_IN_LITERATURE
CID_2529,PMID_4767,DRUG_MENTIONED_IN_LITERATURE
CID_2530,PMID_4779,DRUG_MENTIONED_IN_LITERATURE
CID_2531,PMID_4781,DRUG_MENTIONED_IN_LITERATURE
CID_2532,PMID_4780,DRUG_MENTIONED_IN_LITERATURE
CID_2533,PMID_4782,DRUG_MENTIONED_IN_LITERATURE
CID_2534,PMID_4783,DRUG_MENTIONED_IN_LITERATURE
CID_2535,PMID_4785,DRUG_MENTIONED_IN_LITERATURE
CID_2536,PMID_4777,DRUG_MENTIONED_IN_LITERATURE
CID_2537,PMID_4786,DRUG_MENTIONED_IN_LITERATURE
CID_2538,PMID_4778,DRUG_MENTIONED_IN_LITERATURE
CID_2539,PMID_4787,DRUG_MENTIONED_IN_LITERATURE
CID_2540,PMID_4788,DRUG_MENTIONED_IN_LITERATURE
CID_2541,PMID_4793,DRUG_MENTIONED_IN_LITERATURE
CID_2542,PMID_4794,DRUG_MENTIONED_IN_LITERATURE
CID_2543,PMID_4795,DRUG_MENTIONED_IN_LITERATURE
CID_2544,PMID_4796,DRUG_MENTIONED_IN_LITERATURE
CID_2545,PMID_4797,DRUG_MENTIONED_IN_LITERATURE
CID_2546,PMID_4798,DRUG_MENTIONED_IN_LITERATURE
CID_2547,PMID_4799,DRUG_MENTIONED_IN_LITERATURE
CID_2548,PMID_4812,DRUG_MENTIONED_IN_LITERATURE
CID_2550,PMID_4813,DRUG_MENTIONED_IN_LITERATURE
CID_2551,PMID_4818,DRUG_MENTIONED_IN_LITERATURE
CID_2552,PMID_4819,DRUG_MENTIONED_IN_LITERATURE
CID_2554,PMID_4814,DRUG_MENTIONED_IN_LITERATURE
CID_2555,PMID_4815,DRUG_MENTIONED_IN_LITERATURE
CID_2556,PMID_4820,DRUG_MENTIONED_IN_LITERATURE
CID_2557,PMID_4816,DRUG_MENTIONED_IN_LITERATURE
CID_2558,PMID_4817,DRUG_MENTIONED_IN_LITERATURE
CID_2559,PMID_4830,DRUG_MENTIONED_IN_LITERATURE
CID_2560,PMID_4831,DRUG_MENTIONED_IN_LITERATURE
CID_2561,PMID_4832,DRUG_MENTIONED_IN_LITERATURE
CID_2562,PMID_4833,DRUG_MENTIONED_IN_LITERATURE
CID_2563,PMID_4834,DRUG_MENTIONED_IN_LITERATURE
CID_2564,PMID_4835,DRUG_MENTIONED_IN_LITERATURE
CID_2565,PMID_4836,DRUG_MENTIONED_IN_LITERATURE
CID_2566,PMID_4837,DRUG_MENTIONED_IN_LITERATURE
CID_2567,PMID_4838,DRUG_MENTIONED_IN_LITERATURE
CID_2568,PMID_4839,DRUG_MENTIONED_IN_LITERATURE
CID_2569,PMID_4840,DRUG_MENTIONED_IN_LITERATURE
CID_2570,PMID_4841,DRUG_MENTIONED_IN_LITERATURE
CID_2572,PMID_4842,DRUG_MENTIONED_IN_LITERATURE
CID_2573,PMID_4843,DRUG_MENTIONED_IN_LITERATURE
CID_2574,PMID_4844,DRUG_MENTIONED_IN_LITERATURE
CID_2575,PMID_4847,DRUG_MENTIONED_IN_LITERATURE
CID_2576,PMID_4848,DRUG_MENTIONED_IN_LITERATURE
CID_2577,PMID_4849,DRUG_MENTIONED_IN_LITERATURE
CID_2578,PMID_4853,DRUG_MENTIONED_IN_LITERATURE
CID_2579,PMID_4854,DRUG_MENTIONED_IN_LITERATURE
CID_2580,PMID_4855,DRUG_MENTIONED_IN_LITERATURE
CID_2581,PMID_4857,DRUG_MENTIONED_IN_LITERATURE
CID_2582,PMID_4858,DRUG_MENTIONED_IN_LITERATURE
CID_2583,PMID_4859,DRUG_MENTIONED_IN_LITERATURE
CID_2584,PMID_4860,DRUG_MENTIONED_IN_LITERATURE
CID_2585,PMID_4861,DRUG_MENTIONED_IN_LITERATURE
CID_2586,PMID_4862,DRUG_MENTIONED_IN_LITERATURE
CID_2587,PMID_4863,DRUG_MENTIONED_IN_LITERATURE
CID_2588,PMID_4864,DRUG_MENTIONED_IN_LITERATURE
CID_2589,PMID_4865,DRUG_MENTIONED_IN_LITERATURE
CID_2590,PMID_4880,DRUG_MENTIONED_IN_LITERATURE
CID_2591,PMID_4881,DRUG_MENTIONED_IN_LITERATURE
CID_2592,PMID_4894,DRUG_MENTIONED_IN_LITERATURE
CID_2593,PMID_4895,DRUG_MENTIONED_IN_LITERATURE
CID_2594,PMID_4896,DRUG_MENTIONED_IN_LITERATURE
CID_2595,PMID_4897,DRUG_MENTIONED_IN_LITERATURE
CID_2596,PMID_4898,DRUG_MENTIONED_IN_LITERATURE
CID_2597,PMID_4900,DRUG_MENTIONED_IN_LITERATURE
CID_2598,PMID_4901,DRUG_MENTIONED_IN_LITERATURE
CID_2599,PMID_4904,DRUG_MENTIONED_IN_LITERATURE
CID_2600,PMID_4905,DRUG_MENTIONED_IN_LITERATURE
CID_2601,PMID_4906,DRUG_MENTIONED_IN_LITERATURE
CID_2602,PMID_4913,DRUG_MENTIONED_IN_LITERATURE
CID_2603,PMID_4914,DRUG_MENTIONED_IN_LITERATURE
CID_2604,PMID_4915,DRUG_MENTIONED_IN_LITERATURE
CID_2605,PMID_4907,DRUG_MENTIONED_IN_LITERATURE
CID_2606,PMID_4929,DRUG_MENTIONED_IN_LITERATURE
CID_2607,PMID_4930,DRUG_MENTIONED_IN_LITERATURE
CID_2608,PMID_4932,DRUG_MENTIONED_IN_LITERATURE
CID_2609,PMID_4933,DRUG_MENTIONED_IN_LITERATURE
CID_2610,PMID_4938,DRUG_MENTIONED_IN_LITERATURE
CID_2611,PMID_4939,DRUG_MENTIONED_IN_LITERATURE
CID_2612,PMID_4941,DRUG_MENTIONED_IN_LITERATURE
CID_2613,PMID_4947,DRUG_MENTIONED_IN_LITERATURE
CID_2614,PMID_4948,DRUG_MENTIONED_IN_LITERATURE
CID_2615,PMID_4950,DRUG_MENTIONED_IN_LITERATURE
CID_2616,PMID_4952,DRUG_MENTIONED_IN_LITERATURE
CID_2617,PMID_4956,DRUG_MENTIONED_IN_LITERATURE
CID_2618,PMID_4957,DRUG_MENTIONED_IN_LITERATURE
CID_2619,PMID_4959,DRUG_MENTIONED_IN_LITERATURE
CID_2621,PMID_4958,DRUG_MENTIONED_IN_LITERATURE
CID_2622,PMID_4953,DRUG_MENTIONED_IN_LITERATURE
CID_2623,PMID_4951,DRUG_MENTIONED_IN_LITERATURE
CID_2624,PMID_4963,DRUG_MENTIONED_IN_LITERATURE
CID_2625,PMID_4964,DRUG_MENTIONED_IN_LITERATURE
CID_2626,PMID_4968,DRUG_MENTIONED_IN_LITERATURE
CID_2627,PMID_4970,DRUG_MENTIONED_IN_LITERATURE
CID_2628,PMID_4972,DRUG_MENTIONED_IN_LITERATURE
CID_2629,PMID_4973,DRUG_MENTIONED_IN_LITERATURE
CID_2630,PMID_4974,DRUG_MENTIONED_IN_LITERATURE
CID_2631,PMID_4969,DRUG_MENTIONED_IN_LITERATURE
CID_2632,PMID_4975,DRUG_MENTIONED_IN_LITERATURE
CID_2633,PMID_4976,DRUG_MENTIONED_IN_LITERATURE
CID_2634,PMID_4978,DRUG_MENTIONED_IN_LITERATURE
CID_2635,PMID_4977,DRUG_MENTIONED_IN_LITERATURE
CID_2636,PMID_4979,DRUG_MENTIONED_IN_LITERATURE
CID_2637,PMID_4980,DRUG_MENTIONED_IN_LITERATURE
CID_2638,PMID_4981,DRUG_MENTIONED_IN_LITERATURE
CID_2639,PMID_4982,DRUG_MENTIONED_IN_LITERATURE
CID_2640,PMID_4983,DRUG_MENTIONED_IN_LITERATURE
CID_2641,PMID_4984,DRUG_MENTIONED_IN_LITERATURE
CID_2642,PMID_4985,DRUG_MENTIONED_IN_LITERATURE
CID_2643,PMID_4989,DRUG_MENTIONED_IN_LITERATURE
CID_2644,PMID_4990,DRUG_MENTIONED_IN_LITERATURE
CID_2645,PMID_4998,DRUG_MENTIONED_IN_LITERATURE
CID_2646,PMID_5005,DRUG_MENTIONED_IN_LITERATURE
CID_2647,PMID_5014,DRUG_MENTIONED_IN_LITERATURE
CID_2648,PMID_5007,DRUG_MENTIONED_IN_LITERATURE
CID_2649,PMID_5010,DRUG_MENTIONED_IN_LITERATURE
CID_2650,PMID_5009,DRUG_MENTIONED_IN_LITERATURE
CID_2651,PMID_5004,DRUG_MENTIONED_IN_LITERATURE
CID_2652,PMID_5015,DRUG_MENTIONED_IN_LITERATURE
CID_2653,PMID_5006,DRUG_MENTIONED_IN_LITERATURE
CID_2654,PMID_5016,DRUG_MENTIONED_IN_LITERATURE
CID_2655,PMID_5017,DRUG_MENTIONED_IN_LITERATURE
CID_2656,PMID_5008,DRUG_MENTIONED_IN_LITERATURE
CID_2657,PMID_5011,DRUG_MENTIONED_IN_LITERATURE
CID_2658,PMID_5018,DRUG_MENTIONED_IN_LITERATURE
CID_2659,PMID_5019,DRUG_MENTIONED_IN_LITERATURE
CID_2660,PMID_5020,DRUG_MENTIONED_IN_LITERATURE
CID_2661,PMID_5021,DRUG_MENTIONED_IN_LITERATURE
CID_2662,PMID_5022,DRUG_MENTIONED_IN_LITERATURE
CID_2663,PMID_5026,DRUG_MENTIONED_IN_LITERATURE
CID_2665,PMID_5027,DRUG_MENTIONED_IN_LITERATURE
CID_2666,PMID_5028,DRUG_MENTIONED_IN_LITERATURE
CID_2667,PMID_5029,DRUG_MENTIONED_IN_LITERATURE
CID_2668,PMID_5030,DRUG_MENTIONED_IN_LITERATURE
CID_2669,PMID_5031,DRUG_MENTIONED_IN_LITERATURE
CID_2670,PMID_5032,DRUG_MENTIONED_IN_LITERATURE
CID_2671,PMID_5033,DRUG_MENTIONED_IN_LITERATURE
CID_2672,PMID_5034,DRUG_MENTIONED_IN_LITERATURE
CID_2673,PMID_5035,DRUG_MENTIONED_IN_LITERATURE
CID_2674,PMID_5036,DRUG_MENTIONED_IN_LITERATURE
CID_2675,PMID_5040,DRUG_MENTIONED_IN_LITERATURE
CID_2676,PMID_5044,DRUG_MENTIONED_IN_LITERATURE
CID_2677,PMID_5046,DRUG_MENTIONED_IN_LITERATURE
CID_2678,PMID_5039,DRUG_MENTIONED_IN_LITERATURE
CID_2679,PMID_5047,DRUG_MENTIONED_IN_LITERATURE
CID_2680,PMID_5049,DRUG_MENTIONED_IN_LITERATURE
CID_2681,PMID_5048,DRUG_MENTIONED_IN_LITERATURE
CID_2682,PMID_5050,DRUG_MENTIONED_IN_LITERATURE
CID_2683,PMID_5043,DRUG_MENTIONED_IN_LITERATURE
CID_2684,PMID_5051,DRUG_MENTIONED_IN_LITERATURE
CID_2685,PMID_5041,DRUG_MENTIONED_IN_LITERATURE
CID_2686,PMID_5052,DRUG_MENTIONED_IN_LITERATURE
CID_2687,PMID_5053,DRUG_MENTIONED_IN_LITERATURE
CID_2688,PMID_5054,DRUG_MENTIONED_IN_LITERATURE
CID_2689,PMID_5055,DRUG_MENTIONED_IN_LITERATURE
CID_2690,PMID_5056,DRUG_MENTIONED_IN_LITERATURE
CID_2691,PMID_5057,DRUG_MENTIONED_IN_LITERATURE
CID_2692,PMID_5058,DRUG_MENTIONED_IN_LITERATURE
CID_2693,PMID_5059,DRUG_MENTIONED_IN_LITERATURE
CID_2694,PMID_5060,DRUG_MENTIONED_IN_LITERATURE
CID_2695,PMID_5061,DRUG_MENTIONED_IN_LITERATURE
CID_2696,PMID_5062,DRUG_MENTIONED_IN_LITERATURE
CID_2697,PMID_5063,DRUG_MENTIONED_IN_LITERATURE
CID_2698,PMID_5064,DRUG_MENTIONED_IN_LITERATURE
CID_2699,PMID_5066,DRUG_MENTIONED_IN_LITERATURE
CID_2700,PMID_5068,DRUG_MENTIONED_IN_LITERATURE
CID_2701,PMID_5067,DRUG_MENTIONED_IN_LITERATURE
CID_2702,PMID_5069,DRUG_MENTIONED_IN_LITERATURE
CID_2703,PMID_5070,DRUG_MENTIONED_IN_LITERATURE
CID_2704,PMID_5071,DRUG_MENTIONED_IN_LITERATURE
CID_2705,PMID_5100,DRUG_MENTIONED_IN_LITERATURE
CID_2706,PMID_5101,DRUG_MENTIONED_IN_LITERATURE
CID_2707,PMID_5102,DRUG_MENTIONED_IN_LITERATURE
CID_2708,PMID_5104,DRUG_MENTIONED_IN_LITERATURE
CID_2709,PMID_5105,DRUG_MENTIONED_IN_LITERATURE
CID_2710,PMID_5106,DRUG_MENTIONED_IN_LITERATURE
CID_2711,PMID_5107,DRUG_MENTIONED_IN_LITERATURE
CID_2712,PMID_5108,DRUG_MENTIONED_IN_LITERATURE
CID_2713,PMID_5109,DRUG_MENTIONED_IN_LITERATURE
CID_2714,PMID_5110,DRUG_MENTIONED_IN_LITERATURE
CID_2715,PMID_5111,DRUG_MENTIONED_IN_LITERATURE
CID_2716,PMID_5112,DRUG_MENTIONED_IN_LITERATURE
CID_2717,PMID_5113,DRUG_MENTIONED_IN_LITERATURE
CID_2718,PMID_5114,DRUG_MENTIONED_IN_LITERATURE
CID_2719,PMID_5115,DRUG_MENTIONED_IN_LITERATURE
CID_2720,PMID_5116,DRUG_MENTIONED_IN_LITERATURE
CID_2721,PMID_5117,DRUG_MENTIONED_IN_LITERATURE
CID_2722,PMID_5118,DRUG_MENTIONED_IN_LITERATURE
CID_2723,PMID_5119,DRUG_MENTIONED_IN_LITERATURE
CID_2724,PMID_5120,DRUG_MENTIONED_IN_LITERATURE
CID_2725,PMID_5121,DRUG_MENTIONED_IN_LITERATURE
CID_2726,PMID_5122,DRUG_MENTIONED_IN_LITERATURE
CID_2727,PMID_5124,DRUG_MENTIONED_IN_LITERATURE
CID_2728,PMID_5123,DRUG_MENTIONED_IN_LITERATURE
CID_2729,PMID_5125,DRUG_MENTIONED_IN_LITERATURE
CID_2730,PMID_5126,DRUG_MENTIONED_IN_LITERATURE
CID_2732,PMID_5127,DRUG_MENTIONED_IN_LITERATURE
CID_2733,PMID_5128,DRUG_MENTIONED_IN_LITERATURE
CID_2734,PMID_5129,DRUG_MENTIONED_IN_LITERATURE
CID_2735,PMID_5130,DRUG_MENTIONED_IN_LITERATURE
CID_2736,PMID_5131,DRUG_MENTIONED_IN_LITERATURE
CID_2737,PMID_5132,DRUG_MENTIONED_IN_LITERATURE
CID_2738,PMID_5133,DRUG_MENTIONED_IN_LITERATURE
CID_2739,PMID_5134,DRUG_MENTIONED_IN_LITERATURE
CID_2740,PMID_5135,DRUG_MENTIONED_IN_LITERATURE
CID_2741,PMID_5136,DRUG_MENTIONED_IN_LITERATURE
CID_2742,PMID_5137,DRUG_MENTIONED_IN_LITERATURE
CID_2743,PMID_5138,DRUG_MENTIONED_IN_LITERATURE
CID_2745,PMID_5139,DRUG_MENTIONED_IN_LITERATURE
CID_2746,PMID_5140,DRUG_MENTIONED_IN_LITERATURE
CID_2747,PMID_5141,DRUG_MENTIONED_IN_LITERATURE
CID_2748,PMID_5142,DRUG_MENTIONED_IN_LITERATURE
CID_2749,PMID_5143,DRUG_MENTIONED_IN_LITERATURE
CID_2750,PMID_5144,DRUG_MENTIONED_IN_LITERATURE
CID_2751,PMID_5145,DRUG_MENTIONED_IN_LITERATURE
CID_2752,PMID_5146,DRUG_MENTIONED_IN_LITERATURE
CID_2753,PMID_5147,DRUG_MENTIONED_IN_LITERATURE
CID_2754,PMID_5148,DRUG_MENTIONED_IN_LITERATURE
CID_2755,PMID_5149,DRUG_MENTIONED_IN_LITERATURE
CID_2756,PMID_5150,DRUG_MENTIONED_IN_LITERATURE
CID_2757,PMID_5151,DRUG_MENTIONED_IN_LITERATURE
CID_2758,PMID_5153,DRUG_MENTIONED_IN_LITERATURE
CID_2759,PMID_5154,DRUG_MENTIONED_IN_LITERATURE
CID_2760,PMID_5156,DRUG_MENTIONED_IN_LITERATURE
CID_2761,PMID_5157,DRUG_MENTIONED_IN_LITERATURE
CID_2762,PMID_5158,DRUG_MENTIONED_IN_LITERATURE
CID_2763,PMID_5155,DRUG_MENTIONED_IN_LITERATURE
CID_2764,PMID_5162,DRUG_MENTIONED_IN_LITERATURE
CID_2765,PMID_5168,DRUG_MENTIONED_IN_LITERATURE
CID_2766,PMID_5174,DRUG_MENTIONED_IN_LITERATURE
CID_2767,PMID_5175,DRUG_MENTIONED_IN_LITERATURE
CID_2768,PMID_5176,DRUG_MENTIONED_IN_LITERATURE
CID_2769,PMID_5178,DRUG_MENTIONED_IN_LITERATURE
CID_2770,PMID_5179,DRUG_MENTIONED_IN_LITERATURE
CID_2771,PMID_5180,DRUG_MENTIONED_IN_LITERATURE
CID_2772,PMID_5181,DRUG_MENTIONED_IN_LITERATURE
CID_2773,PMID_5182,DRUG_MENTIONED_IN_LITERATURE
CID_2775,PMID_5184,DRUG_MENTIONED_IN_LITERATURE
CID_2776,PMID_5183,DRUG_MENTIONED_IN_LITERATURE
CID_2777,PMID_5185,DRUG_MENTIONED_IN_LITERATURE
CID_2778,PMID_5189,DRUG_MENTIONED_IN_LITERATURE
CID_2779,PMID_5188,DRUG_MENTIONED_IN_LITERATURE
CID_2780,PMID_5190,DRUG_MENTIONED_IN_LITERATURE
CID_2781,PMID_5191,DRUG_MENTIONED_IN_LITERATURE
CID_2782,PMID_5194,DRUG_MENTIONED_IN_LITERATURE
CID_2783,PMID_5199,DRUG_MENTIONED_IN_LITERATURE
CID_2784,PMID_5200,DRUG_MENTIONED_IN_LITERATURE
CID_2785,PMID_5201,DRUG_MENTIONED_IN_LITERATURE
CID_2786,PMID_5202,DRUG_MENTIONED_IN_LITERATURE
CID_2787,PMID_5203,DRUG_MENTIONED_IN_LITERATURE
CID_2788,PMID_5204,DRUG_MENTIONED_IN_LITERATURE
CID_2789,PMID_5205,DRUG_MENTIONED_IN_LITERATURE
CID_2790,PMID_5207,DRUG_MENTIONED_IN_LITERATURE
CID_2791,PMID_5209,DRUG_MENTIONED_IN_LITERATURE
CID_2792,PMID_5208,DRUG_MENTIONED_IN_LITERATURE
CID_2793,PMID_5210,DRUG_MENTIONED_IN_LITERATURE
CID_2794,PMID_5211,DRUG_MENTIONED_IN_LITERATURE
CID_2795,PMID_5213,DRUG_MENTIONED_IN_LITERATURE
CID_2796,PMID_5215,DRUG_MENTIONED_IN_LITERATURE
CID_2797,PMID_5251,DRUG_MENTIONED_IN_LITERATURE
CID_2798,PMID_5254,DRUG_MENTIONED_IN_LITERATURE
CID_2799,PMID_5253,DRUG_MENTIONED_IN_LITERATURE
CID_2800,PMID_5256,DRUG_MENTIONED_IN_LITERATURE
CID_2801,PMID_5255,DRUG_MENTIONED_IN_LITERATURE
CID_2802,PMID_5257,DRUG_MENTIONED_IN_LITERATURE
CID_2803,PMID_5258,DRUG_MENTIONED_IN_LITERATURE
CID_2804,PMID_5261,DRUG_MENTIONED_IN_LITERATURE
CID_2805,PMID_5260,DRUG_MENTIONED_IN_LITERATURE
CID_2806,PMID_5259,DRUG_MENTIONED_IN_LITERATURE
CID_2807,PMID_5267,DRUG_MENTIONED_IN_LITERATURE
CID_2808,PMID_5262,DRUG_MENTIONED_IN_LITERATURE
CID_2809,PMID_5279,DRUG_MENTIONED_IN_LITERATURE
CID_2810,PMID_5265,DRUG_MENTIONED_IN_LITERATURE
CID_2811,PMID_5264,DRUG_MENTIONED_IN_LITERATURE
CID_2812,PMID_5282,DRUG_MENTIONED_IN_LITERATURE
CID_2813,PMID_5283,DRUG_MENTIONED_IN_LITERATURE
CID_2814,PMID_5284,DRUG_MENTIONED_IN_LITERATURE
CID_2815,PMID_5285,DRUG_MENTIONED_IN_LITERATURE
CID_2816,PMID_5286,DRUG_MENTIONED_IN_LITERATURE
CID_2817,PMID_5287,DRUG_MENTIONED_IN_LITERATURE
CID_2821,PMID_5288,DRUG_MENTIONED_IN_LITERATURE
CID_2822,PMID_5303,DRUG_MENTIONED_IN_LITERATURE
CID_2823,PMID_5312,DRUG_MENTIONED_IN_LITERATURE
CID_2824,PMID_5313,DRUG_MENTIONED_IN_LITERATURE
CID_2825,PMID_5314,DRUG_MENTIONED_IN_LITERATURE
CID_2826,PMID_5315,DRUG_MENTIONED_IN_LITERATURE
CID_2827,PMID_5322,DRUG_MENTIONED_IN_LITERATURE
CID_2828,PMID_5325,DRUG_MENTIONED_IN_LITERATURE
CID_2829,PMID_5326,DRUG_MENTIONED_IN_LITERATURE
CID_2831,PMID_5335,DRUG_MENTIONED_IN_LITERATURE
CID_2832,PMID_5336,DRUG_MENTIONED_IN_LITERATURE
CID_2833,PMID_5338,DRUG_MENTIONED_IN_LITERATURE
CID_2834,PMID_5339,DRUG_MENTIONED_IN_LITERATURE
CID_2835,PMID_5340,DRUG_MENTIONED_IN_LITERATURE
CID_2836,PMID_5341,DRUG_MENTIONED_IN_LITERATURE
CID_2837,PMID_5342,DRUG_MENTIONED_IN_LITERATURE
CID_2838,PMID_5346,DRUG_MENTIONED_IN_LITERATURE
CID_2839,PMID_5347,DRUG_MENTIONED_IN_LITERATURE
CID_2840,PMID_5345,DRUG_MENTIONED_IN_LITERATURE
CID_2841,PMID_5372,DRUG_MENTIONED_IN_LITERATURE
CID_2842,PMID_5373,DRUG_MENTIONED_IN_LITERATURE
CID_2843,PMID_5374,DRUG_MENTIONED_IN_LITERATURE
CID_2844,PMID_5375,DRUG_MENTIONED_IN_LITERATURE
CID_2845,PMID_5376,DRUG_MENTIONED_IN_LITERATURE
CID_2846,PMID_5377,DRUG_MENTIONED_IN_LITERATURE
CID_2847,PMID_5378,DRUG_MENTIONED_IN_LITERATURE
CID_2848,PMID_5380,DRUG_MENTIONED_IN_LITERATURE
CID_2849,PMID_5381,DRUG_MENTIONED_IN_LITERATURE
CID_2850,PMID_5382,DRUG_MENTIONED_IN_LITERATURE
CID_2851,PMID_5383,DRUG_MENTIONED_IN_LITERATURE
CID_2852,PMID_5384,DRUG_MENTIONED_IN_LITERATURE
CID_2853,PMID_5388,DRUG_MENTIONED_IN_LITERATURE
CID_2854,PMID_5389,DRUG_MENTIONED_IN_LITERATURE
CID_2855,PMID_5390,DRUG_MENTIONED_IN_LITERATURE
CID_2856,PMID_5385,DRUG_MENTIONED_IN_LITERATURE
CID_2857,PMID_5395,DRUG_MENTIONED_IN_LITERATURE
CID_2858,PMID_5397,DRUG_MENTIONED_IN_LITERATURE
CID_2859,PMID_5398,DRUG_MENTIONED_IN_LITERATURE
CID_2860,PMID_5399,DRUG_MENTIONED_IN_LITERATURE
CID_2862,PMID_5400,DRUG_MENTIONED_IN_LITERATURE
CID_2863,PMID_5401,DRUG_MENTIONED_IN_LITERATURE
CID_2864,PMID_5402,DRUG_MENTIONED_IN_LITERATURE
CID_2865,PMID_5403,DRUG_MENTIONED_IN_LITERATURE
CID_2866,PMID_5404,DRUG_MENTIONED_IN_LITERATURE
CID_2867,PMID_5405,DRUG_MENTIONED_IN_LITERATURE
CID_2868,PMID_5406,DRUG_MENTIONED_IN_LITERATURE
CID_2869,PMID_5407,DRUG_MENTIONED_IN_LITERATURE
CID_2870,PMID_5408,DRUG_MENTIONED_IN_LITERATURE
CID_2871,PMID_5409,DRUG_MENTIONED_IN_LITERATURE
CID_2872,PMID_5410,DRUG_MENTIONED_IN_LITERATURE
CID_2873,PMID_5411,DRUG_MENTIONED_IN_LITERATURE
CID_2874,PMID_5412,DRUG_MENTIONED_IN_LITERATURE
CID_2875,PMID_5413,DRUG_MENTIONED_IN_LITERATURE
CID_2876,PMID_5414,DRUG_MENTIONED_IN_LITERATURE
CID_2877,PMID_5415,DRUG_MENTIONED_IN_LITERATURE
CID_2878,PMID_5417,DRUG_MENTIONED_IN_LITERATURE
CID_2879,PMID_5418,DRUG_MENTIONED_IN_LITERATURE
CID_2880,PMID_5419,DRUG_MENTIONED_IN_LITERATURE
CID_2881,PMID_5420,DRUG_MENTIONED_IN_LITERATURE
CID_2882,PMID_5421,DRUG_MENTIONED_IN_LITERATURE
CID_2883,PMID_5422,DRUG_MENTIONED_IN_LITERATURE
CID_2884,PMID_5423,DRUG_MENTIONED_IN_LITERATURE
CID_2885,PMID_5424,DRUG_MENTIONED_IN_LITERATURE
CID_2886,PMID_5425,DRUG_MENTIONED_IN_LITERATURE
CID_2887,PMID_5426,DRUG_MENTIONED_IN_LITERATURE
CID_2888,PMID_5427,DRUG_MENTIONED_IN_LITERATURE
CID_2889,PMID_5428,DRUG_MENTIONED_IN_LITERATURE
CID_2890,PMID_5429,DRUG_MENTIONED_IN_LITERATURE
CID_2891,PMID_5430,DRUG_MENTIONED_IN_LITERATURE
CID_2892,PMID_5431,DRUG_MENTIONED_IN_LITERATURE
CID_2893,PMID_5432,DRUG_MENTIONED_IN_LITERATURE
CID_2894,PMID_5433,DRUG_MENTIONED_IN_LITERATURE
CID_2895,PMID_5434,DRUG_MENTIONED_IN_LITERATURE
CID_2896,PMID_5435,DRUG_MENTIONED_IN_LITERATURE
CID_2897,PMID_5436,DRUG_MENTIONED_IN_LITERATURE
CID_2898,PMID_5437,DRUG_MENTIONED_IN_LITERATURE
CID_2899,PMID_5438,DRUG_MENTIONED_IN_LITERATURE
CID_2900,PMID_5439,DRUG_MENTIONED_IN_LITERATURE
CID_2901,PMID_5440,DRUG_MENTIONED_IN_LITERATURE
CID_2902,PMID_5441,DRUG_MENTIONED_IN_LITERATURE
CID_2903,PMID_5442,DRUG_MENTIONED_IN_LITERATURE
CID_2904,PMID_5443,DRUG_MENTIONED_IN_LITERATURE
CID_2905,PMID_5444,DRUG_MENTIONED_IN_LITERATURE
CID_2906,PMID_5445,DRUG_MENTIONED_IN_LITERATURE
CID_2907,PMID_5446,DRUG_MENTIONED_IN_LITERATURE
CID_2909,PMID_5447,DRUG_MENTIONED_IN_LITERATURE
CID_2910,PMID_5448,DRUG_MENTIONED_IN_LITERATURE
CID_2911,PMID_5449,DRUG_MENTIONED_IN_LITERATURE
CID_2912,PMID_5450,DRUG_MENTIONED_IN_LITERATURE
CID_2913,PMID_5451,DRUG_MENTIONED_IN_LITERATURE
CID_2914,PMID_5452,DRUG_MENTIONED_IN_LITERATURE
CID_2915,PMID_5453,DRUG_MENTIONED_IN_LITERATURE
CID_2916,PMID_5454,DRUG_MENTIONED_IN_LITERATURE
CID_2917,PMID_5455,DRUG_MENTIONED_IN_LITERATURE
CID_2918,PMID_5456,DRUG_MENTIONED_IN_LITERATURE
CID_2919,PMID_5457,DRUG_MENTIONED_IN_LITERATURE
CID_2920,PMID_5458,DRUG_MENTIONED_IN_LITERATURE
CID_2921,PMID_5459,DRUG_MENTIONED_IN_LITERATURE
CID_2922,PMID_5460,DRUG_MENTIONED_IN_LITERATURE
CID_2923,PMID_5461,DRUG_MENTIONED_IN_LITERATURE
CID_2924,PMID_5462,DRUG_MENTIONED_IN_LITERATURE
CID_2925,PMID_5463,DRUG_MENTIONED_IN_LITERATURE
CID_2926,PMID_5465,DRUG_MENTIONED_IN_LITERATURE
CID_2927,PMID_5466,DRUG_MENTIONED_IN_LITERATURE
CID_2928,PMID_5467,DRUG_MENTIONED_IN_LITERATURE
CID_2929,PMID_5468,DRUG_MENTIONED_IN_LITERATURE
CID_2930,PMID_5469,DRUG_MENTIONED_IN_LITERATURE
CID_2931,PMID_5470,DRUG_MENTIONED_IN_LITERATURE
CID_2932,PMID_5471,DRUG_MENTIONED_IN_LITERATURE
CID_2933,PMID_5478,DRUG_MENTIONED_IN_LITERATURE
CID_2934,PMID_5472,DRUG_MENTIONED_IN_LITERATURE
CID_2935,PMID_5482,DRUG_MENTIONED_IN_LITERATURE
CID_2936,PMID_5561,DRUG_MENTIONED_IN_LITERATURE
CID_2937,PMID_5560,DRUG_MENTIONED_IN_LITERATURE
CID_2938,PMID_5562,DRUG_MENTIONED_IN_LITERATURE
CID_2939,PMID_5483,DRUG_MENTIONED_IN_LITERATURE
CID_2940,PMID_5563,DRUG_MENTIONED_IN_LITERATURE
CID_2941,PMID_5564,DRUG_MENTIONED_IN_LITERATURE
CID_2942,PMID_5565,DRUG_MENTIONED_IN_LITERATURE
CID_2943,PMID_5566,DRUG_MENTIONED_IN_LITERATURE
CID_2946,PMID_5567,DRUG_MENTIONED_IN_LITERATURE
CID_2947,PMID_5569,DRUG_MENTIONED_IN_LITERATURE
CID_2948,PMID_5568,DRUG_MENTIONED_IN_LITERATURE
CID_2949,PMID_5570,DRUG_MENTIONED_IN_LITERATURE
CID_2950,PMID_5571,DRUG_MENTIONED_IN_LITERATURE
CID_2951,PMID_5572,DRUG_MENTIONED_IN_LITERATURE
CID_2952,PMID_5573,DRUG_MENTIONED_IN_LITERATURE
CID_2954,PMID_5574,DRUG_MENTIONED_IN_LITERATURE
CID_2955,PMID_5575,DRUG_MENTIONED_IN_LITERATURE
CID_2956,PMID_5576,DRUG_MENTIONED_IN_LITERATURE
CID_2957,PMID_5580,DRUG_MENTIONED_IN_LITERATURE
CID_2958,PMID_5581,DRUG_MENTIONED_IN_LITERATURE
CID_2959,PMID_5583,DRUG_MENTIONED_IN_LITERATURE
CID_2961,PMID_5584,DRUG_MENTIONED_IN_LITERATURE
CID_2962,PMID_5585,DRUG_MENTIONED_IN_LITERATURE
CID_2963,PMID_5588,DRUG_MENTIONED_IN_LITERATURE
CID_2964,PMID_5589,DRUG_MENTIONED_IN_LITERATURE
CID_2966,PMID_5590,DRUG_MENTIONED_IN_LITERATURE
CID_2967,PMID_5591,DRUG_MENTIONED_IN_LITERATURE
CID_2968,PMID_5592,DRUG_MENTIONED_IN_LITERATURE
CID_2969,PMID_5594,DRUG_MENTIONED_IN_LITERATURE
CID_2970,PMID_5596,DRUG_MENTIONED_IN_LITERATURE
CID_2971,PMID_5597,DRUG_MENTIONED_IN_LITERATURE
CID_2972,PMID_5598,DRUG_MENTIONED_IN_LITERATURE
CID_2973,PMID_5599,DRUG_MENTIONED_IN_LITERATURE
CID_2974,PMID_5600,DRUG_MENTIONED_IN_LITERATURE
CID_2975,PMID_5601,DRUG_MENTIONED_IN_LITERATURE
CID_2976,PMID_5602,DRUG_MENTIONED_IN_LITERATURE
CID_2977,PMID_5603,DRUG_MENTIONED_IN_LITERATURE
CID_2978,PMID_5604,DRUG_MENTIONED_IN_LITERATURE
CID_2979,PMID_5607,DRUG_MENTIONED_IN_LITERATURE
CID_2980,PMID_5611,DRUG_MENTIONED_IN_LITERATURE
CID_2981,PMID_5612,DRUG_MENTIONED_IN_LITERATURE
CID_2982,PMID_5613,DRUG_MENTIONED_IN_LITERATURE
CID_2984,PMID_5614,DRUG_MENTIONED_IN_LITERATURE
CID_2985,PMID_5616,DRUG_MENTIONED_IN_LITERATURE
CID_2986,PMID_5615,DRUG_MENTIONED_IN_LITERATURE
CID_2987,PMID_5617,DRUG_MENTIONED_IN_LITERATURE
CID_2988,PMID_5619,DRUG_MENTIONED_IN_LITERATURE
CID_2989,PMID_5621,DRUG_MENTIONED_IN_LITERATURE
CID_2990,PMID_5622,DRUG_MENTIONED_IN_LITERATURE
CID_2991,PMID_5623,DRUG_MENTIONED_IN_LITERATURE
CID_2992,PMID_5625,DRUG_MENTIONED_IN_LITERATURE
CID_2993,PMID_5626,DRUG_MENTIONED_IN_LITERATURE
CID_2994,PMID_5627,DRUG_MENTIONED_IN_LITERATURE
CID_2995,PMID_5634,DRUG_MENTIONED_IN_LITERATURE
CID_2996,PMID_5635,DRUG_MENTIONED_IN_LITERATURE
CID_2997,PMID_5644,DRUG_MENTIONED_IN_LITERATURE
CID_2998,PMID_5648,DRUG_MENTIONED_IN_LITERATURE
CID_2999,PMID_5649,DRUG_MENTIONED_IN_LITERATURE
CID_3000,PMID_5643,DRUG_MENTIONED_IN_LITERATURE
CID_3001,PMID_5650,DRUG_MENTIONED_IN_LITERATURE
CID_3002,PMID_5651,DRUG_MENTIONED_IN_LITERATURE
CID_3003,PMID_5665,DRUG_MENTIONED_IN_LITERATURE
CID_3004,PMID_5666,DRUG_MENTIONED_IN_LITERATURE
CID_3005,PMID_5668,DRUG_MENTIONED_IN_LITERATURE
CID_3006,PMID_5667,DRUG_MENTIONED_IN_LITERATURE
CID_3007,PMID_5669,DRUG_MENTIONED_IN_LITERATURE
CID_3008,PMID_5671,DRUG_MENTIONED_IN_LITERATURE
CID_3009,PMID_5674,DRUG_MENTIONED_IN_LITERATURE
CID_3010,PMID_5676,DRUG_MENTIONED_IN_LITERATURE
CID_3011,PMID_5677,DRUG_MENTIONED_IN_LITERATURE
CID_3012,PMID_5678,DRUG_MENTIONED_IN_LITERATURE
CID_3014,PMID_5679,DRUG_MENTIONED_IN_LITERATURE
CID_3015,PMID_5680,DRUG_MENTIONED_IN_LITERATURE
CID_3016,PMID_5686,DRUG_MENTIONED_IN_LITERATURE
CID_3017,PMID_5687,DRUG_MENTIONED_IN_LITERATURE
CID_3018,PMID_5688,DRUG_MENTIONED_IN_LITERATURE
CID_3019,PMID_5692,DRUG_MENTIONED_IN_LITERATURE
CID_3020,PMID_5693,DRUG_MENTIONED_IN_LITERATURE
CID_3021,PMID_5695,DRUG_MENTIONED_IN_LITERATURE
CID_3022,PMID_5698,DRUG_MENTIONED_IN_LITERATURE
CID_3023,PMID_5699,DRUG_MENTIONED_IN_LITERATURE
CID_3024,PMID_5701,DRUG_MENTIONED_IN_LITERATURE
CID_3025,PMID_5702,DRUG_MENTIONED_IN_LITERATURE
CID_3026,PMID_5705,DRUG_MENTIONED_IN_LITERATURE
CID_3027,PMID_5706,DRUG_MENTIONED_IN_LITERATURE
CID_3028,PMID_5707,DRUG_MENTIONED_IN_LITERATURE
CID_3029,PMID_5708,DRUG_MENTIONED_IN_LITERATURE
CID_3030,PMID_5709,DRUG_MENTIONED_IN_LITERATURE
CID_3031,PMID_5710,DRUG_MENTIONED_IN_LITERATURE
CID_3032,PMID_5711,DRUG_MENTIONED_IN_LITERATURE
CID_3033,PMID_5720,DRUG_MENTIONED_IN_LITERATURE
CID_3034,PMID_5721,DRUG_MENTIONED_IN_LITERATURE
CID_3035,PMID_5722,DRUG_MENTIONED_IN_LITERATURE
CID_3036,PMID_5723,DRUG_MENTIONED_IN_LITERATURE
CID_3037,PMID_5724,DRUG_MENTIONED_IN_LITERATURE
CID_3038,PMID_5725,DRUG_MENTIONED_IN_LITERATURE
CID_3039,PMID_5726,DRUG_MENTIONED_IN_LITERATURE
CID_3040,PMID_5727,DRUG_MENTIONED_IN_LITERATURE
CID_3041,PMID_5737,DRUG_MENTIONED_IN_LITERATURE
CID_3042,PMID_5738,DRUG_MENTIONED_IN_LITERATURE
CID_3044,PMID_5739,DRUG_MENTIONED_IN_LITERATURE
CID_3045,PMID_5740,DRUG_MENTIONED_IN_LITERATURE
CID_3046,PMID_5741,DRUG_MENTIONED_IN_LITERATURE
CID_3047,PMID_5742,DRUG_MENTIONED_IN_LITERATURE
CID_3048,PMID_5743,DRUG_MENTIONED_IN_LITERATURE
CID_3049,PMID_5753,DRUG_MENTIONED_IN_LITERATURE
CID_3050,PMID_5754,DRUG_MENTIONED_IN_LITERATURE
CID_3051,PMID_5755,DRUG_MENTIONED_IN_LITERATURE
CID_3052,PMID_5756,DRUG_MENTIONED_IN_LITERATURE
CID_3053,PMID_5759,DRUG_MENTIONED_IN_LITERATURE
CID_3054,PMID_5760,DRUG_MENTIONED_IN_LITERATURE
CID_3055,PMID_5761,DRUG_MENTIONED_IN_LITERATURE
CID_3056,PMID_5762,DRUG_MENTIONED_IN_LITERATURE
CID_3057,PMID_5763,DRUG_MENTIONED_IN_LITERATURE
CID_3058,PMID_5764,DRUG_MENTIONED_IN_LITERATURE
CID_3059,PMID_5765,DRUG_MENTIONED_IN_LITERATURE
CID_3060,PMID_5770,DRUG_MENTIONED_IN_LITERATURE
CID_3061,PMID_5771,DRUG_MENTIONED_IN_LITERATURE
CID_3062,PMID_5772,DRUG_MENTIONED_IN_LITERATURE
CID_3063,PMID_5773,DRUG_MENTIONED_IN_LITERATURE
CID_3064,PMID_5774,DRUG_MENTIONED_IN_LITERATURE
CID_3065,PMID_5775,DRUG_MENTIONED_IN_LITERATURE
CID_3066,PMID_5782,DRUG_MENTIONED_IN_LITERATURE
CID_3067,PMID_5783,DRUG_MENTIONED_IN_LITERATURE
CID_3068,PMID_5785,DRUG_MENTIONED_IN_LITERATURE
CID_3069,PMID_5786,DRUG_MENTIONED_IN_LITERATURE
CID_3070,PMID_5793,DRUG_MENTIONED_IN_LITERATURE
CID_3071,PMID_5794,DRUG_MENTIONED_IN_LITERATURE
CID_3072,PMID_5796,DRUG_MENTIONED_IN_LITERATURE
CID_3073,PMID_5801,DRUG_MENTIONED_IN_LITERATURE
CID_3074,PMID_5802,DRUG_MENTIONED_IN_LITERATURE
CID_3075,PMID_5809,DRUG_MENTIONED_IN_LITERATURE
CID_3076,PMID_5811,DRUG_MENTIONED_IN_LITERATURE
CID_3077,PMID_5813,DRUG_MENTIONED_IN_LITERATURE
CID_3078,PMID_5812,DRUG_MENTIONED_IN_LITERATURE
CID_3079,PMID_5814,DRUG_MENTIONED_IN_LITERATURE
CID_3080,PMID_5815,DRUG_MENTIONED_IN_LITERATURE
CID_3081,PMID_5822,DRUG_MENTIONED_IN_LITERATURE
CID_3082,PMID_5823,DRUG_MENTIONED_IN_LITERATURE
CID_3083,PMID_5830,DRUG_MENTIONED_IN_LITERATURE
CID_3084,PMID_5827,DRUG_MENTIONED_IN_LITERATURE
CID_3086,PMID_5828,DRUG_MENTIONED_IN_LITERATURE
CID_3087,PMID_5836,DRUG_MENTIONED_IN_LITERATURE
CID_3088,PMID_5829,DRUG_MENTIONED_IN_LITERATURE
CID_3089,PMID_5839,DRUG_MENTIONED_IN_LITERATURE
CID_3090,PMID_5840,DRUG_MENTIONED_IN_LITERATURE
CID_3091,PMID_5841,DRUG_MENTIONED_IN_LITERATURE
CID_3092,PMID_5834,DRUG_MENTIONED_IN_LITERATURE
CID_3093,PMID_5842,DRUG_MENTIONED_IN_LITERATURE
CID_3094,PMID_5843,DRUG_MENTIONED_IN_LITERATURE
CID_3095,PMID_5844,DRUG_MENTIONED_IN_LITERATURE
CID_3097,PMID_5845,DRUG_MENTIONED_IN_LITERATURE
CID_3098,PMID_5846,DRUG_MENTIONED_IN_LITERATURE
CID_3099,PMID_5848,DRUG_MENTIONED_IN_LITERATURE
CID_3100,PMID_5849,DRUG_MENTIONED_IN_LITERATURE
CID_3101,PMID_5851,DRUG_MENTIONED_IN_LITERATURE
CID_3102,PMID_5850,DRUG_MENTIONED_IN_LITERATURE
CID_3103,PMID_5852,DRUG_MENTIONED_IN_LITERATURE
CID_3104,PMID_5853,DRUG_MENTIONED_IN_LITERATURE
CID_3105,PMID_5854,DRUG_MENTIONED_IN_LITERATURE
CID_3106,PMID_5855,DRUG_MENTIONED_IN_LITERATURE
CID_3107,PMID_5856,DRUG_MENTIONED_IN_LITERATURE
CID_3108,PMID_5847,DRUG_MENTIONED_IN_LITERATURE
CID_3109,PMID_5857,DRUG_MENTIONED_IN_LITERATURE
CID_3110,PMID_5858,DRUG_MENTIONED_IN_LITERATURE
CID_3111,PMID_5859,DRUG_MENTIONED_IN_LITERATURE
CID_3112,PMID_5863,DRUG_MENTIONED_IN_LITERATURE
CID_3114,PMID_5864,DRUG_MENTIONED_IN_LITERATURE
CID_3115,PMID_5865,DRUG_MENTIONED_IN_LITERATURE
CID_3116,PMID_5866,DRUG_MENTIONED_IN_LITERATURE
CID_3117,PMID_5867,DRUG_MENTIONED_IN_LITERATURE
CID_3118,PMID_5869,DRUG_MENTIONED_IN_LITERATURE
CID_3119,PMID_5868,DRUG_MENTIONED_IN_LITERATURE
CID_3120,PMID_5870,DRUG_MENTIONED_IN_LITERATURE
CID_3121,PMID_5871,DRUG_MENTIONED_IN_LITERATURE
CID_3122,PMID_5872,DRUG_MENTIONED_IN_LITERATURE
CID_3123,PMID_5873,DRUG_MENTIONED_IN_LITERATURE
CID_3125,PMID_5874,DRUG_MENTIONED_IN_LITERATURE
CID_3126,PMID_5878,DRUG_MENTIONED_IN_LITERATURE
CID_3127,PMID_5880,DRUG_MENTIONED_IN_LITERATURE
CID_3128,PMID_5881,DRUG_MENTIONED_IN_LITERATURE
CID_3129,PMID_5882,DRUG_MENTIONED_IN_LITERATURE
CID_3130,PMID_5883,DRUG_MENTIONED_IN_LITERATURE
CID_3131,PMID_5885,DRUG_MENTIONED_IN_LITERATURE
CID_3132,PMID_5879,DRUG_MENTIONED_IN_LITERATURE
CID_3133,PMID_5886,DRUG_MENTIONED_IN_LITERATURE
CID_3134,PMID_5889,DRUG_MENTIONED_IN_LITERATURE
CID_3135,PMID_5888,DRUG_MENTIONED_IN_LITERATURE
CID_3136,PMID_5890,DRUG_MENTIONED_IN_LITERATURE
CID_3137,PMID_5892,DRUG_MENTIONED_IN_LITERATURE
CID_3138,PMID_5893,DRUG_MENTIONED_IN_LITERATURE
CID_3139,PMID_5894,DRUG_MENTIONED_IN_LITERATURE
CID_3140,PMID_5895,DRUG_MENTIONED_IN_LITERATURE
CID_3141,PMID_5896,DRUG_MENTIONED_IN_LITERATURE
CID_3142,PMID_5897,DRUG_MENTIONED_IN_LITERATURE
CID_3143,PMID_5898,DRUG_MENTIONED_IN_LITERATURE
CID_3144,PMID_5899,DRUG_MENTIONED_IN_LITERATURE
CID_3145,PMID_5900,DRUG_MENTIONED_IN_LITERATURE
CID_3146,PMID_5901,DRUG_MENTIONED_IN_LITERATURE
CID_3147,PMID_5902,DRUG_MENTIONED_IN_LITERATURE
CID_3148,PMID_5903,DRUG_MENTIONED_IN_LITERATURE
CID_3149,PMID_5924,DRUG_MENTIONED_IN_LITERATURE
CID_3150,PMID_5920,DRUG_MENTIONED_IN_LITERATURE
CID_3151,PMID_5921,DRUG_MENTIONED_IN_LITERATURE
CID_3152,PMID_5922,DRUG_MENTIONED_IN_LITERATURE
CID_3153,PMID_5923,DRUG_MENTIONED_IN_LITERATURE
CID_3154,PMID_5935,DRUG_MENTIONED_IN_LITERATURE
CID_3155,PMID_5934,DRUG_MENTIONED_IN_LITERATURE
CID_3156,PMID_5926,DRUG_MENTIONED_IN_LITERATURE
CID_3157,PMID_5936,DRUG_MENTIONED_IN_LITERATURE
CID_3158,PMID_5927,DRUG_MENTIONED_IN_LITERATURE
CID_3159,PMID_5928,DRUG_MENTIONED_IN_LITERATURE
CID_3160,PMID_5938,DRUG_MENTIONED_IN_LITERATURE
CID_3162,PMID_5929,DRUG_MENTIONED_IN_LITERATURE
CID_3163,PMID_5933,DRUG_MENTIONED_IN_LITERATURE
CID_3164,PMID_5939,DRUG_MENTIONED_IN_LITERATURE
CID_3165,PMID_5940,DRUG_MENTIONED_IN_LITERATURE
CID_3166,PMID_5932,DRUG_MENTIONED_IN_LITERATURE
CID_3167,PMID_5931,DRUG_MENTIONED_IN_LITERATURE
CID_3168,PMID_5930,DRUG_MENTIONED_IN_LITERATURE
CID_3169,PMID_5942,DRUG_MENTIONED_IN_LITERATURE
CID_3170,PMID_5943,DRUG_MENTIONED_IN_LITERATURE
CID_3171,PMID_5945,DRUG_MENTIONED_IN_LITERATURE
CID_3172,PMID_5946,DRUG_MENTIONED_IN_LITERATURE
CID_3173,PMID_5947,DRUG_MENTIONED_IN_LITERATURE
CID_3174,PMID_5948,DRUG_MENTIONED_IN_LITERATURE
CID_3175,PMID_5949,DRUG_MENTIONED_IN_LITERATURE
CID_3176,PMID_5950,DRUG_MENTIONED_IN_LITERATURE
CID_3177,PMID_5941,DRUG_MENTIONED_IN_LITERATURE
CID_3178,PMID_5951,DRUG_MENTIONED_IN_LITERATURE
CID_3179,PMID_5952,DRUG_MENTIONED_IN_LITERATURE
CID_3180,PMID_5953,DRUG_MENTIONED_IN_LITERATURE
CID_3181,PMID_5954,DRUG_MENTIONED_IN_LITERATURE
CID_3182,PMID_5963,DRUG_MENTIONED_IN_LITERATURE
CID_3183,PMID_5964,DRUG_MENTIONED_IN_LITERATURE
CID_3184,PMID_5971,DRUG_MENTIONED_IN_LITERATURE
CID_3185,PMID_5972,DRUG_MENTIONED_IN_LITERATURE
CID_3186,PMID_5973,DRUG_MENTIONED_IN_LITERATURE
CID_1189,AR,DRUG_TARGETS_GENE
CID_1671,AR,DRUG_TARGETS_GENE
CID_1124,AR,DRUG_TARGETS_GENE
CID_399,AR,DRUG_TARGETS_GENE
CID_2514,EPHB2,DRUG_TARGETS_GENE
CID_3129,EPHB2,DRUG_TARGETS_GENE
CID_3019,MYC,DRUG_TARGETS_GENE
CID_1518,MYC,DRUG_TARGETS_GENE
CID_2458,MYC,DRUG_TARGETS_GENE
CID_251,MYC,DRUG_TARGETS_GENE
CID_1643,MYC,DRUG_TARGETS_GENE
CID_519,KCNQ2,DRUG_TARGETS_GENE
CID_3116,EPHX1,DRUG_TARGETS_GENE
CID_2797,EPHX1,DRUG_TARGETS_GENE
CID_2027,ABCB1,DRUG_TARGETS_GENE
CID_2816,CASP3,DRUG_TARGETS_GENE
CID_2169,CASP8,DRUG_TARGETS_GENE
CID_802,AKT1,DRUG_TARGETS_GENE
CID_2283,HIF1A,DRUG_TARGETS_GENE
CID_63,HIF1A,DRUG_TARGETS_GENE
CID_1024,HIF1A,DRUG_TARGETS_GENE
CID_2445,MAPK1,DRUG_TARGETS_GENE
CID_1987,MAPK3,DRUG_TARGETS_GENE
CID_1768,MAPK8,DRUG_TARGETS_GENE
CID_1786,SLC2A1,DRUG_TARGETS_GENE
CID_1171,VEGFA,DRUG_TARGETS_GENE
CID_1579,GP1BA,DRUG_TARGETS_GENE
CID_1503,GP1BA,DRUG_TARGETS_GENE
CID_5,GYPA,DRUG_TARGETS_GENE
CID_769,ITGA2B,DRUG_TARGETS_GENE
CID_304,ITGA2B,DRUG_TARGETS_GENE
CID_1077,ITGB3,DRUG_TARGETS_GENE
CID_1494,ITGB3,DRUG_TARGETS_GENE
CID_987,TFEB,DRUG_TARGETS_GENE
CID_1782,THPO,DRUG_TARGETS_GENE
CID_2039,THPO,DRUG_TARGETS_GENE
CID_1089,THPO,DRUG_TARGETS_GENE
CID_2569,CDH1,DRUG_TARGETS_GENE
CID_697,CDH1,DRUG_TARGETS_GENE
CID_3031,CDH2,DRUG_TARGETS_GENE
CID_1198,CLDN1,DRUG_TARGETS_GENE
CID_137,MUC1,DRUG_TARGETS_GENE
CID_579,MUC16,DRUG_TARGETS_GENE
CID_2172,MUC16,DRUG_TARGETS_GENE
CID_1483,MUC4,DRUG_TARGETS_GENE
CID_634,MUC4,DRUG_TARGETS_GENE
CID_969,OCLN,DRUG_TARGETS_GENE
CID_2948,OCLN,DRUG_TARGETS_GENE
CID_1993,STC2,DRUG_TARGETS_GENE
CID_2122,STC2,DRUG_TARGETS_GENE
CID_382,TJP1,DRUG_TARGETS_GENE
CID_1786,TJP1,DRUG_TARGETS_GENE
CID_309,HAMP,DRUG_TARGETS_GENE
CID_2193,TP53,DRUG_TARGETS_GENE
CID_2166,TP53,DRUG_TARGETS_GENE
CID_2750,ABCB1,DRUG_TARGETS_GENE
CID_1675,CASP3,DRUG_TARGETS_GENE
CID_2624,CASP9,DRUG_TARGETS_GENE
CID_2301,CDKN1A,DRUG_TARGETS_GENE
CID_2728,CHEK1,DRUG_TARGETS_GENE
CID_1172,CHEK1,DRUG_TARGETS_GENE
CID_1906,CHEK1,DRUG_TARGETS_GENE
CID_1051,CHEK1,DRUG_TARGETS_GENE
CID_1594,CHEK1,DRUG_TARGETS_GENE
CID_91,JAK1,DRUG_TARGETS_GENE
CID_301,JAK2,DRUG_TARGETS_GENE
CID_891,MAPK1,DRUG_TARGETS_GENE
CID_421,MAPK3,DRUG_TARGETS_GENE
CID_175,NRAS,DRUG_TARGETS_GENE
CID_2666,PTPN11,DRUG_TARGETS_GENE
CID_2835,PTPN6,DRUG_TARGETS_GENE
CID_2496,RAB18,DRUG_TARGETS_GENE
CID_1791,RALA,DRUG_TARGETS_GENE
CID_1492,RAP2C,DRUG_TARGETS_GENE
CID_593,SRC,DRUG_TARGETS_GENE
CID_2090,STAT3,DRUG_TARGETS_GENE
CID_2788,STAT6,DRUG_TARGETS_GENE
CID_1451,TP53,DRUG_TARGETS_GENE
CID_2882,TP53,DRUG_TARGETS_GENE
CID_1072,TYK2,DRUG_TARGETS_GENE
CID_611,AZGP1,DRUG_TARGETS_GENE
CID_472,KIF3C,DRUG_TARGETS_GENE
CID_824,KRT1,DRUG_TARGETS_GENE
CID_1599,TF,DRUG_TARGETS_GENE
CID_738,ALDH1L2,DRUG_TARGETS_GENE
CID_2016,BCL2,DRUG_TARGETS_GENE
CID_1951,BCL2L1,DRUG_TARGETS_GENE
CID_612,CASP3,DRUG_TARGETS_GENE
CID_3058,MDM2,DRUG_TARGETS_GENE
CID_1260,CYP2D6,DRUG_TARGETS_GENE
CID_2543,CYP2D6,DRUG_TARGETS_GENE
CID_2777,CYP2C9,DRUG_TARGETS_GENE
CID_1949,CYP2C9,DRUG_TARGETS_GENE
CID_2462,CYP2C9,DRUG_TARGETS_GENE
CID_2402,CYP2C9,DRUG_TARGETS_GENE
CID_375,CYP3A4,DRUG_TARGETS_GENE
CID_1401,CYP3A4,DRUG_TARGETS_GENE
CID_1319,NR1I2,DRUG_TARGETS_GENE
CID_994,NR1I2,DRUG_TARGETS_GENE
CID_869,NR1I2,DRUG_TARGETS_GENE
CID_959,UGT2B7,DRUG_TARGETS_GENE
CID_2199,UGT2B7,DRUG_TARGETS_GENE
CID_1516,UGT2B7,DRUG_TARGETS_GENE
CID_1132,BAX,DRUG_TARGETS_GENE
CID_186,BCL2,DRUG_TARGETS_GENE
CID_374,BCL2,DRUG_TARGETS_GENE
CID_1345,BCL2L1,DRUG_TARGETS_GENE
CID_368,BCL2L1,DRUG_TARGETS_GENE
CID_1183,BID,DRUG_TARGETS_GENE
CID_227,BID,DRUG_TARGETS_GENE
CID_759,BID,DRUG_TARGETS_GENE
CID_685,CASP3,DRUG_TARGETS_GENE
CID_520,CASP3,DRUG_TARGETS_GENE
CID_515,CASP3,DRUG_TARGETS_GENE
CID_290,CASP3,DRUG_TARGETS_GENE
CID_1947,CASP8,DRUG_TARGETS_GENE
CID_2014,CASP8,DRUG_TARGETS_GENE
CID_680,CASP8,DRUG_TARGETS_GENE
CID_2788,CASP8,DRUG_TARGETS_GENE
CID_1873,CASP8,DRUG_TARGETS_GENE
CID_1952,CASP8,DRUG_TARGETS_GENE
CID_246,CASP8,DRUG_TARGETS_GENE
CID_1746,CASP8,DRUG_TARGETS_GENE
CID_1321,CASP9,DRUG_TARGETS_GENE
CID_1955,CASP9,DRUG_TARGETS_GENE
CID_657,CASP9,DRUG_TARGETS_GENE
CID_445,CASP9,DRUG_TARGETS_GENE
CID_2245,CYCS,DRUG_TARGETS_GENE
CID_85,DIABLO,DRUG_TARGETS_GENE
CID_2759,DIABLO,DRUG_TARGETS_GENE
CID_1124,FADD,DRUG_TARGETS_GENE
CID_685,FAS,DRUG_TARGETS_GENE
CID_2784,FASLG,DRUG_TARGETS_GENE
CID_3115,PARP1,DRUG_TARGETS_GENE
CID_1548,XIAP,DRUG_TARGETS_GENE
CID_1724,XIAP,DRUG_TARGETS_GENE
CID_2095,XIAP,DRUG_TARGETS_GENE
CID_265,XIAP,DRUG_TARGETS_GENE
CID_1529,CXCL8,DRUG_TARGETS_GENE
CID_2338,IL1B,DRUG_TARGETS_GENE
CID_1287,MAPK14,DRUG_TARGETS_GENE
CID_275,TNF,DRUG_TARGETS_GENE
CID_2174,ABCC1,DRUG_TARGETS_GENE
CID_319,ABCC1,DRUG_TARGETS_GENE
CID_205,ABCC1,DRUG_TARGETS_GENE
CID_3065,AKT1,DRUG_TARGETS_GENE
CID_345,AKT1,DRUG_TARGETS_GENE
CID_1810,ALDH3A1,DRUG_TARGETS_GENE
CID_774,BCL2L1,DRUG_TARGETS_GENE
CID_1393,CASP8,DRUG_TARGETS_GENE
CID_2922,CASP9,DRUG_TARGETS_GENE
CID_1422,CCND1,DRUG_TARGETS_GENE
CID_2431,CCND1,DRUG_TARGETS_GENE
CID_3119,CCND1,DRUG_TARGETS_GENE
CID_1188,CDKN1A,DRUG_TARGETS_GENE
CID_2586,CDKN1A,DRUG_TARGETS_GENE
CID_2101,CDKN1A,DRUG_TARGETS_GENE
CID_474,CHUK,DRUG_TARGETS_GENE
CID_2969,EGFR,DRUG_TARGETS_GENE
CID_878,HMOX1,DRUG_TARGETS_GENE
CID_212,HMOX1,DRUG_TARGETS_GENE
CID_434,HMOX1,DRUG_TARGETS_GENE
CID_2992,HMOX1,DRUG_TARGETS_GENE
CID_672,HMOX1,DRUG_TARGETS_GENE
CID_727,HOX1,DRUG_TARGETS_GENE
CID_1917,HOX1,DRUG_TARGETS_GENE
CID_2954,ICAM1,DRUG_TARGETS_GENE
CID_2252,ICAM1,DRUG_TARGETS_GENE
CID_581,IKBKB,DRUG_TARGETS_GENE
CID_1728,IKBKB,DRUG_TARGETS_GENE
CID_1953,MAPK1,DRUG_TARGETS_GENE
CID_320,MAPK3,DRUG_TARGETS_GENE
CID_2900,MMP7,DRUG_TARGETS_GENE
CID_2061,MMP9,DRUG_TARGETS_GENE
CID_65,MMP9,DRUG_TARGETS_GENE
CID_2924,MMP9,DRUG_TARGETS_GENE
CID_946,MMP9,DRUG_TARGETS_GENE
CID_3073,NFKBIA,DRUG_TARGETS_GENE
CID_2420,PARP1,DRUG_TARGETS_GENE
CID_609,PARP1,DRUG_TARGETS_GENE
CID_1809,PLAU,DRUG_TARGETS_GENE
CID_1818,PLAU,DRUG_TARGETS_GENE
CID_1727,PTGR1,DRUG_TARGETS_GENE
CID_1200,PTGR1,DRUG_TARGETS_GENE
CID_2168,RELA,DRUG_TARGETS_GENE
CID_2670,TNF,DRUG_TARGETS_GENE
CID_2125,TNF,DRUG_TARGETS_GENE
CID_1995,TNF,DRUG_TARGETS_GENE
CID_920,TNF,DRUG_TARGETS_GENE
CID_2378,TNF,DRUG_TARGETS_GENE
CID_2798,AKT1,DRUG_TARGETS_GENE
CID_558,AKT1,DRUG_TARGETS_GENE
CID_1299,CASP3,DRUG_TARGETS_GENE
CID_3020,CASP7,DRUG_TARGETS_GENE
CID_820,CASP8,DRUG_TARGETS_GENE
CID_2700,CASP9,DRUG_TARGETS_GENE
CID_2173,CLIC1,DRUG_TARGETS_GENE
CID_879,CLPP,DRUG_TARGETS_GENE
CID_2761,CSF2,DRUG_TARGETS_GENE
CID_1165,CSF2,DRUG_TARGETS_GENE
CID_1118,CSF2,DRUG_TARGETS_GENE
CID_1052,FLT3LG,DRUG_TARGETS_GENE
CID_2166,FLT3LG,DRUG_TARGETS_GENE
CID_1531,FLT3LG,DRUG_TARGETS_GENE
CID_2482,IL3,DRUG_TARGETS_GENE
CID_877,IL3,DRUG_TARGETS_GENE
CID_1892,IL3,DRUG_TARGETS_GENE
CID_337,KITLG,DRUG_TARGETS_GENE
CID_409,KITLG,DRUG_TARGETS_GENE
CID_208,KITLG,DRUG_TARGETS_GENE
CID_2626,LAT2,DRUG_TARGETS_GENE
CID_1070,LAT2,DRUG_TARGETS_GENE
CID_2045,LAT2,DRUG_TARGETS_GENE
CID_880,LAT2,DRUG_TARGETS_GENE
CID_2799,LAT2,DRUG_TARGETS_GENE
CID_1893,LAT2,DRUG_TARGETS_GENE
CID_526,PARP1,DRUG_TARGETS_GENE
CID_1935,PTEN,DRUG_TARGETS_GENE
CID_2613,RPL23,DRUG_TARGETS_GENE
CID_289,RPL38,DRUG_TARGETS_GENE
CID_2721,RPS6,DRUG_TARGETS_GENE
CID_3018,SF3A1,DRUG_TARGETS_GENE
CID_1903,BAD,DRUG_TARGETS_GENE
CID_1704,CASP14,DRUG_TARGETS_GENE
CID_3130,CASP3,DRUG_TARGETS_GENE
CID_1649,CASP3,DRUG_TARGETS_GENE
CID_192,CASP9,DRUG_TARGETS_GENE
CID_1494,CASP9,DRUG_TARGETS_GENE
CID_249,COX6A1,DRUG_TARGETS_GENE
CID_991,DDIT3,DRUG_TARGETS_GENE
CID_3145,GADD45A,DRUG_TARGETS_GENE
CID_842,GADD45G,DRUG_TARGETS_GENE
CID_200,H2AX,DRUG_TARGETS_GENE
CID_1996,MADD,DRUG_TARGETS_GENE
CID_1161,MAP2K1,DRUG_TARGETS_GENE
CID_1199,PARP1,DRUG_TARGETS_GENE
CID_2557,PDCD10,DRUG_TARGETS_GENE
CID_2575,PDCD5,DRUG_TARGETS_GENE
CID_210,TNFSF10,DRUG_TARGETS_GENE
CID_796,TOP2A,DRUG_TARGETS_GENE
CID_1366,TOP2A,DRUG_TARGETS_GENE
CID_2692,ACE,DRUG_TARGETS_GENE
CID_2589,AHR,DRUG_TARGETS_GENE
CID_1989,AHR,DRUG_TARGETS_GENE
CID_462,AK1,DRUG_TARGETS_GENE
CID_2168,AKAP9,DRUG_TARGETS_GENE
CID_796,AKR1C1,DRUG_TARGETS_GENE
CID_1297,AKR1C2,DRUG_TARGETS_GENE
CID_150,AKR1C3,DRUG_TARGETS_GENE
CID_2396,AKR1C4,DRUG_TARGETS_GENE
CID_680,ALDOA,DRUG_TARGETS_GENE
CID_88,ALDOC,DRUG_TARGETS_GENE
CID_2052,ANKRD37,DRUG_TARGETS_GENE
CID_2484,ANPEP,DRUG_TARGETS_GENE
CID_1852,ANPEP,DRUG_TARGETS_GENE
CID_113,AQP3,DRUG_TARGETS_GENE
CID_1073,ASPA,DRUG_TARGETS_GENE
CID_2702,ATF6,DRUG_TARGETS_GENE
CID_486,ATF6,DRUG_TARGETS_GENE
CID_1735,BNIP3L,DRUG_TARGETS_GENE
CID_2399,CA9,DRUG_TARGETS_GENE
CID_2251,CAT,DRUG_TARGETS_GENE
CID_174,CD83,DRUG_TARGETS_GENE
CID_2860,CD86,DRUG_TARGETS_GENE
CID_3184,CD86,DRUG_TARGETS_GENE
CID_1630,CD86,DRUG_TARGETS_GENE
CID_1880,CFTR,DRUG_TARGETS_GENE
CID_1840,CXCL8,DRUG_TARGETS_GENE
CID_2281,CYP1A1,DRUG_TARGETS_GENE
CID_543,EGLN1,DRUG_TARGETS_GENE
CID_80,EGLN2,DRUG_TARGETS_GENE
CID_2792,EGR1,DRUG_TARGETS_GENE
CID_1744,ENO1,DRUG_TARGETS_GENE
CID_3184,ENO2,DRUG_TARGETS_GENE
CID_1176,ERCC2,DRUG_TARGETS_GENE
CID_1071,GAPDH,DRUG_TARGETS_GENE
CID_1032,GPX3,DRUG_TARGETS_GENE
CID_412,H2AX,DRUG_TARGETS_GENE
CID_2720,HAMP,DRUG_TARGETS_GENE
CID_696,HBEGF,DRUG_TARGETS_GENE
CID_1371,HIF1A,DRUG_TARGETS_GENE
CID_1779,HIF1A,DRUG_TARGETS_GENE
CID_2229,HIF1A,DRUG_TARGETS_GENE
CID_1378,HIF3A,DRUG_TARGETS_GENE
CID_711,HILPDA,DRUG_TARGETS_GENE
CID_1715,HK1,DRUG_TARGETS_GENE
CID_2151,HK2,DRUG_TARGETS_GENE
CID_711,HMOX1,DRUG_TARGETS_GENE
CID_1708,HMOX1,DRUG_TARGETS_GENE
CID_1559,HMOX1,DRUG_TARGETS_GENE
CID_489,HMOX1,DRUG_TARGETS_GENE
CID_2610,HMOX1,DRUG_TARGETS_GENE
CID_2763,HMOX1,DRUG_TARGETS_GENE
CID_1967,ICAM1,DRUG_TARGETS_GENE
CID_370,IL1R1,DRUG_TARGETS_GENE
CID_855,LAMC2,DRUG_TARGETS_GENE
CID_128,LDHA,DRUG_TARGETS_GENE
CID_984,MBTPS2,DRUG_TARGETS_GENE
CID_1623,MBTPS2,DRUG_TARGETS_GENE
CID_2125,MBTPS2,DRUG_TARGETS_GENE
CID_735,MBTPS2,DRUG_TARGETS_GENE
CID_2538,MDM2,DRUG_TARGETS_GENE
CID_2226,MIF,DRUG_TARGETS_GENE
CID_1533,MMP8,DRUG_TARGETS_GENE
CID_2482,NPPB,DRUG_TARGETS_GENE
CID_735,NUB1,DRUG_TARGETS_GENE
CID_2173,OCLN,DRUG_TARGETS_GENE
CID_288,P4HA2,DRUG_TARGETS_GENE
CID_2189,PDK1,DRUG_TARGETS_GENE
CID_2508,PDK3,DRUG_TARGETS_GENE
CID_1813,PGK1,DRUG_TARGETS_GENE
CID_670,PLOD3,DRUG_TARGETS_GENE
CID_1561,PPP2R1B,DRUG_TARGETS_GENE
CID_1858,PSPH,DRUG_TARGETS_GENE
CID_783,SELE,DRUG_TARGETS_GENE
CID_2241,SERPINE1,DRUG_TARGETS_GENE
CID_835,SOD1,DRUG_TARGETS_GENE
CID_1276,SOD1,DRUG_TARGETS_GENE
CID_1233,SOD2,DRUG_TARGETS_GENE
CID_1646,SREBF1,DRUG_TARGETS_GENE
CID_2567,SREBF1,DRUG_TARGETS_GENE
CID_1027,STAT3,DRUG_TARGETS_GENE
CID_1372,TFRC,DRUG_TARGETS_GENE
CID_1546,TIMM17A,DRUG_TARGETS_GENE
CID_2810,TP53,DRUG_TARGETS_GENE
CID_3093,VEGFA,DRUG_TARGETS_GENE
CID_2138,VEGFA,DRUG_TARGETS_GENE
CID_1068,CHEK2,DRUG_TARGETS_GENE
CID_1508,MAPK14,DRUG_TARGETS_GENE
CID_2905,MAPK14,DRUG_TARGETS_GENE
CID_842,TP53,DRUG_TARGETS_GENE
CID_2061,APP,DRUG_TARGETS_GENE
CID_478,AKT1,DRUG_TARGETS_GENE
CID_1989,CD82,DRUG_TARGETS_GENE
CID_1340,CYP1B1,DRUG_TARGETS_GENE
CID_2531,CYP2C8,DRUG_TARGETS_GENE
CID_3120,CYP2C9,DRUG_TARGETS_GENE
CID_395,CYP2C9,DRUG_TARGETS_GENE
CID_1872,CYP2J2,DRUG_TARGETS_GENE
CID_1459,CYP3A4,DRUG_TARGETS_GENE
CID_3141,CYP3A4,DRUG_TARGETS_GENE
CID_1935,EGFR,DRUG_TARGETS_GENE
CID_1749,EGFR,DRUG_TARGETS_GENE
CID_487,EGFR,DRUG_TARGETS_GENE
CID_520,NME1,DRUG_TARGETS_GENE
CID_280,PTGS1,DRUG_TARGETS_GENE
CID_3109,SSTR2,DRUG_TARGETS_GENE
CID_209,CAT,DRUG_TARGETS_GENE
CID_193,CYP1A2,DRUG_TARGETS_GENE
CID_1759,CYP1A2,DRUG_TARGETS_GENE
CID_2179,CYP2A6,DRUG_TARGETS_GENE
CID_2950,CYP2B6,DRUG_TARGETS_GENE
CID_3109,CYP2B6,DRUG_TARGETS_GENE
CID_2539,CYP2C18,DRUG_TARGETS_GENE
CID_1535,CYP2C19,DRUG_TARGETS_GENE
CID_1247,CYP2C19,DRUG_TARGETS_GENE
CID_2210,CYP2C9,DRUG_TARGETS_GENE
CID_1207,CYP2D6,DRUG_TARGETS_GENE
CID_2342,CYP2E1,DRUG_TARGETS_GENE
CID_2119,CYP3A4,DRUG_TARGETS_GENE
CID_121,CYP3A5,DRUG_TARGETS_GENE
CID_1838,CYP2E1,DRUG_TARGETS_GENE
CID_2922,GABRA1,DRUG_TARGETS_GENE
CID_3106,GABRB1,DRUG_TARGETS_GENE
CID_1325,GLRA1,DRUG_TARGETS_GENE
CID_1387,GLRA1,DRUG_TARGETS_GENE
CID_200,GPR157,DRUG_TARGETS_GENE
CID_2850,LMX1A,DRUG_TARGETS_GENE
CID_3118,AHR,DRUG_TARGETS_GENE
CID_714,AHR,DRUG_TARGETS_GENE
CID_2853,AHR,DRUG_TARGETS_GENE
CID_2217,AHR,DRUG_TARGETS_GENE
CID_1628,AHR,DRUG_TARGETS_GENE
CID_1759,AHR,DRUG_TARGETS_GENE
CID_1635,AHR,DRUG_TARGETS_GENE
CID_1977,AHR,DRUG_TARGETS_GENE
CID_792,AHR,DRUG_TARGETS_GENE
CID_822,AHR,DRUG_TARGETS_GENE
CID_1005,AHR,DRUG_TARGETS_GENE
CID_619,AHR,DRUG_TARGETS_GENE
CID_331,AHR,DRUG_TARGETS_GENE
CID_1978,AIFM1,DRUG_TARGETS_GENE
CID_2290,AIFM1,DRUG_TARGETS_GENE
CID_1530,AIP,DRUG_TARGETS_GENE
CID_285,ALDH3A1,DRUG_TARGETS_GENE
CID_3168,ALDH3A1,DRUG_TARGETS_GENE
CID_2639,ATG9A,DRUG_TARGETS_GENE
CID_953,BRCA2,DRUG_TARGETS_GENE
CID_3016,CDKN1B,DRUG_TARGETS_GENE
CID_1588,CDKN1B,DRUG_TARGETS_GENE
CID_986,CDKN1B,DRUG_TARGETS_GENE
CID_2849,CDKN1B,DRUG_TARGETS_GENE
CID_144,CDKN1B,DRUG_TARGETS_GENE
CID_998,CTSB,DRUG_TARGETS_GENE
CID_547,CTSB,DRUG_TARGETS_GENE
CID_2061,CXCL8,DRUG_TARGETS_GENE
CID_1757,CXCL8,DRUG_TARGETS_GENE
CID_2342,CXCL8,DRUG_TARGETS_GENE
CID_211,CYP1A1,DRUG_TARGETS_GENE
CID_2717,CYP1A1,DRUG_TARGETS_GENE
CID_50,CYP1A1,DRUG_TARGETS_GENE
CID_1447,CYP1A1,DRUG_TARGETS_GENE
CID_1056,CYP1A1,DRUG_TARGETS_GENE
CID_2843,CYP1A1,DRUG_TARGETS_GENE
CID_335,CYP1B1,DRUG_TARGETS_GENE
CID_2218,CYP1B1,DRUG_TARGETS_GENE
CID_1161,CYP1B1,DRUG_TARGETS_GENE
CID_1697,CYP1B1,DRUG_TARGETS_GENE
CID_3012,CYP4B1,DRUG_TARGETS_GENE
CID_2273,CYP4B1,DRUG_TARGETS_GENE
CID_1761,DDIT3,DRUG_TARGETS_GENE
CID_1563,EIF2AK3,DRUG_TARGETS_GENE
CID_2313,EIF2AK3,DRUG_TARGETS_GENE
CID_2657,EIF2AK3,DRUG_TARGETS_GENE
CID_210,EP300,DRUG_TARGETS_GENE
CID_711,GADD45B,DRUG_TARGETS_GENE
CID_242,GTF2B,DRUG_TARGETS_GENE
CID_1035,H2AX,DRUG_TARGETS_GENE
CID_1228,H2AX,DRUG_TARGETS_GENE
CID_524,H2AX,DRUG_TARGETS_GENE
CID_1029,HMOX1,DRUG_TARGETS_GENE
CID_2834,HMOX1,DRUG_TARGETS_GENE
CID_154,HMOX1,DRUG_TARGETS_GENE
CID_49,HSP90AA1.1,DRUG_TARGETS_GENE
CID_1989,IL12A,DRUG_TARGETS_GENE
CID_1993,IL12A,DRUG_TARGETS_GENE
CID_1020,IL6,DRUG_TARGETS_GENE
CID_2293,IL6,DRUG_TARGETS_GENE
CID_938,LAMP1,DRUG_TARGETS_GENE
CID_1309,LGALS3,DRUG_TARGETS_GENE
CID_1718,MKI67,DRUG_TARGETS_GENE
CID_1281,MKI67,DRUG_TARGETS_GENE
CID_110,MKI67,DRUG_TARGETS_GENE
CID_2508,MKI67,DRUG_TARGETS_GENE
CID_1884,NCOA1,DRUG_TARGETS_GENE
CID_2134,NCOA2,DRUG_TARGETS_GENE
CID_1448,NCOA3,DRUG_TARGETS_GENE
CID_643,NCOR2,DRUG_TARGETS_GENE
CID_1479,NEDD8,DRUG_TARGETS_GENE
CID_2845,NFE2L2,DRUG_TARGETS_GENE
CID_3171,NFE2L2,DRUG_TARGETS_GENE
CID_2048,NQO1,DRUG_TARGETS_GENE
CID_802,NQO1,DRUG_TARGETS_GENE
CID_442,NR2F1,DRUG_TARGETS_GENE
CID_893,NR2F1,DRUG_TARGETS_GENE
CID_1572,NR2F1,DRUG_TARGETS_GENE
CID_1088,NR2F1,DRUG_TARGETS_GENE
CID_642,NR2F1,DRUG_TARGETS_GENE
CID_1877,NR2F1,DRUG_TARGETS_GENE
CID_507,NR2F1,DRUG_TARGETS_GENE
CID_66,NRIP1,DRUG_TARGETS_GENE
CID_1401,PARP1,DRUG_TARGETS_GENE
CID_625,POLB,DRUG_TARGETS_GENE
CID_2993,POLD1,DRUG_TARGETS_GENE
CID_1727,POLG,DRUG_TARGETS_GENE
CID_1746,POLR2A,DRUG_TARGETS_GENE
CID_3107,POLR2B,DRUG_TARGETS_GENE
CID_3172,POLR2C,DRUG_TARGETS_GENE
CID_278,PRDX1,DRUG_TARGETS_GENE
CID_2984,PRDX1,DRUG_TARGETS_GENE
CID_437,PTGES3,DRUG_TARGETS_GENE
CID_1286,RAB7,DRUG_TARGETS_GENE
CID_2769,RB1,DRUG_TARGETS_GENE
CID_5,RELA,DRUG_TARGETS_GENE
CID_2304,SMARCA4,DRUG_TARGETS_GENE
CID_1930,SOD1,DRUG_TARGETS_GENE
CID_992,SOD1,DRUG_TARGETS_GENE
CID_3025,SOD1,DRUG_TARGETS_GENE
CID_499,SOD1,DRUG_TARGETS_GENE
CID_1956,SOX9,DRUG_TARGETS_GENE
CID_1280,SOX9,DRUG_TARGETS_GENE
CID_67,SOX9,DRUG_TARGETS_GENE
CID_2743,SOX9,DRUG_TARGETS_GENE
CID_2941,SOX9,DRUG_TARGETS_GENE
CID_1660,SOX9,DRUG_TARGETS_GENE
CID_1169,SP1,DRUG_TARGETS_GENE
CID_1786,SUMO1,DRUG_TARGETS_GENE
CID_2420,TBP,DRUG_TARGETS_GENE
CID_62,TFEB,DRUG_TARGETS_GENE
CID_2705,TFEB,DRUG_TARGETS_GENE
CID_2201,TJP2,DRUG_TARGETS_GENE
CID_2264,TJP2,DRUG_TARGETS_GENE
CID_1591,TNF,DRUG_TARGETS_GENE
CID_1827,TNF,DRUG_TARGETS_GENE
CID_101,TOMM20,DRUG_TARGETS_GENE
CID_1003,ULK1,DRUG_TARGETS_GENE
CID_1089,ULK1,DRUG_TARGETS_GENE
CID_1514,XRCC1,DRUG_TARGETS_GENE
CID_660,XRCC6,DRUG_TARGETS_GENE
CID_1324,XRCC6,DRUG_TARGETS_GENE
CID_2008,FOLH1,DRUG_TARGETS_GENE
CID_74,GRPR,DRUG_TARGETS_GENE
CID_22,EPHX2,DRUG_TARGETS_GENE
CID_198,ATF4,DRUG_TARGETS_GENE
CID_1790,ATF4,DRUG_TARGETS_GENE
CID_786,ATF4,DRUG_TARGETS_GENE
CID_1509,AXIN2,DRUG_TARGETS_GENE
CID_1852,BCL2,DRUG_TARGETS_GENE
CID_3061,BCL2,DRUG_TARGETS_GENE
CID_1819,BID,DRUG_TARGETS_GENE
CID_1538,BIRC5,DRUG_TARGETS_GENE
CID_783,BIRC5,DRUG_TARGETS_GENE
CID_1895,BIRC5,DRUG_TARGETS_GENE
CID_292,BIRC5,DRUG_TARGETS_GENE
CID_2733,BIRC5,DRUG_TARGETS_GENE
CID_1251,CASP3,DRUG_TARGETS_GENE
CID_1690,CASP3,DRUG_TARGETS_GENE
CID_779,CASP7,DRUG_TARGETS_GENE
CID_1710,CASP7,DRUG_TARGETS_GENE
CID_436,CASP8,DRUG_TARGETS_GENE
CID_950,CASP8,DRUG_TARGETS_GENE
CID_362,CASP8,DRUG_TARGETS_GENE
CID_984,DDIT3,DRUG_TARGETS_GENE
CID_2882,DDIT3,DRUG_TARGETS_GENE
CID_2551,DDIT3,DRUG_TARGETS_GENE
CID_1196,DDIT3,DRUG_TARGETS_GENE
CID_2130,EGFR,DRUG_TARGETS_GENE
CID_548,EIF2AK3,DRUG_TARGETS_GENE
CID_2327,EIF4EBP1,DRUG_TARGETS_GENE
CID_950,EP300,DRUG_TARGETS_GENE
CID_2678,EP300,DRUG_TARGETS_GENE
CID_2886,IDH1,DRUG_TARGETS_GENE
CID_3129,ITGB1,DRUG_TARGETS_GENE
CID_1922,ITGB1,DRUG_TARGETS_GENE
CID_1840,ITGB1,DRUG_TARGETS_GENE
CID_1082,ITGB3,DRUG_TARGETS_GENE
CID_2349,MTOR,DRUG_TARGETS_GENE
CID_1035,NR4A1,DRUG_TARGETS_GENE
CID_3180,NR4A1,DRUG_TARGETS_GENE
CID_2393,NR4A1,DRUG_TARGETS_GENE
CID_2294,NR4A1,DRUG_TARGETS_GENE
CID_1998,NR4A1,DRUG_TARGETS_GENE
CID_2389,NR4A1,DRUG_TARGETS_GENE
CID_1475,NR4A1,DRUG_TARGETS_GENE
CID_588,NR4A1,DRUG_TARGETS_GENE
CID_993,NR4A1,DRUG_TARGETS_GENE
CID_1231,NR4A1,DRUG_TARGETS_GENE
CID_1401,NR4A1,DRUG_TARGETS_GENE
CID_3129,NR4A1,DRUG_TARGETS_GENE
CID_2363,NR4A1,DRUG_TARGETS_GENE
CID_2426,PARP1,DRUG_TARGETS_GENE
CID_1705,PARP1,DRUG_TARGETS_GENE
CID_1088,PARP1,DRUG_TARGETS_GENE
CID_1001,PTK2,DRUG_TARGETS_GENE
CID_1117,RPS6,DRUG_TARGETS_GENE
CID_2169,RPS6KB1,DRUG_TARGETS_GENE
CID_1275,SESN2,DRUG_TARGETS_GENE
CID_2293,SESN2,DRUG_TARGETS_GENE
CID_2738,SP1,DRUG_TARGETS_GENE
CID_1561,TGFB1,DRUG_TARGETS_GENE
CID_2714,TGFB1,DRUG_TARGETS_GENE
CID_2006,TXNDC5,DRUG_TARGETS_GENE
CID_1752,TXNDC5,DRUG_TARGETS_GENE
CID_3156,TXNDC5,DRUG_TARGETS_GENE
CID_2472,TXNDC5,DRUG_TARGETS_GENE
CID_964,XBP1,DRUG_TARGETS_GENE
CID_2135,XBP1,DRUG_TARGETS_GENE
CID_1249,XBP1,DRUG_TARGETS_GENE
CID_1861,CDKN1A,DRUG_TARGETS_GENE
CID_1030,CDKN1A,DRUG_TARGETS_GENE
CID_2608,CDKN1A,DRUG_TARGETS_GENE
CID_816,CDKN1A,DRUG_TARGETS_GENE
CID_999,CDKN1A,DRUG_TARGETS_GENE
CID_2938,PPARG,DRUG_TARGETS_GENE
CID_2856,PPARG,DRUG_TARGETS_GENE
CID_210,RB1,DRUG_TARGETS_GENE
CID_2150,SP1,DRUG_TARGETS_GENE
CID_903,SP4,DRUG_TARGETS_GENE
CID_1328,ESR1,DRUG_TARGETS_GENE
CID_1326,ESR1,DRUG_TARGETS_GENE
CID_2592,ESR2,DRUG_TARGETS_GENE
CID_1645,ESR2,DRUG_TARGETS_GENE
CID_2480,ESR2,DRUG_TARGETS_GENE
CID_260,ESR2,DRUG_TARGETS_GENE
CID_1095,GPER1,DRUG_TARGETS_GENE
CID_1001,SRA1,DRUG_TARGETS_GENE
CID_2728,ANXA1,DRUG_TARGETS_GENE
CID_2469,CARD6,DRUG_TARGETS_GENE
CID_1033,FAIM2,DRUG_TARGETS_GENE
CID_102,GRM4,DRUG_TARGETS_GENE
CID_1301,LCK,DRUG_TARGETS_GENE
CID_476,PAX7,DRUG_TARGETS_GENE
CID_1710,PLEKHF1,DRUG_TARGETS_GENE
CID_3139,SOCS3,DRUG_TARGETS_GENE
CID_564,TIMP3,DRUG_TARGETS_GENE
CID_1232,TNFSF10,DRUG_TARGETS_GENE
CID_19,TP63,DRUG_TARGETS_GENE
CID_247,AMBP,DRUG_TARGETS_GENE
CID_2193,APOD,DRUG_TARGETS_GENE
CID_1577,C8G,DRUG_TARGETS_GENE
CID_1661,FABP1,DRUG_TARGETS_GENE
CID_2672,FABP1,DRUG_TARGETS_GENE
CID_1076,FABP1,DRUG_TARGETS_GENE
CID_783,FABP1,DRUG_TARGETS_GENE
CID_1706,FABP1,DRUG_TARGETS_GENE
CID_3059,FABP1,DRUG_TARGETS_GENE
CID_2524,FABP1,DRUG_TARGETS_GENE
CID_1184,LCN1,DRUG_TARGETS_GENE
CID_2943,OBP2A,DRUG_TARGETS_GENE
CID_23,ORM1,DRUG_TARGETS_GENE
CID_2732,PTGDS,DRUG_TARGETS_GENE
CID_3100,APOE,DRUG_TARGETS_GENE
CID_557,APOE,DRUG_TARGETS_GENE
CID_2003,APOE,DRUG_TARGETS_GENE
CID_2196,APOE,DRUG_TARGETS_GENE
CID_1937,LDLR,DRUG_TARGETS_GENE
CID_2796,LDLR,DRUG_TARGETS_GENE
CID_2919,LDLR,DRUG_TARGETS_GENE
CID_1497,LDLR,DRUG_TARGETS_GENE
CID_1821,PTGS2,DRUG_TARGETS_GENE
CID_1393,TNF,DRUG_TARGETS_GENE
CID_3163,CALCA,DRUG_TARGETS_GENE
CID_3074,GUCY1A1,DRUG_TARGETS_GENE
CID_3170,GUCY1A1,DRUG_TARGETS_GENE
CID_2420,GUCY1A1,DRUG_TARGETS_GENE
CID_1560,GUCY1A1,DRUG_TARGETS_GENE
CID_1037,GUCY1A1,DRUG_TARGETS_GENE
CID_2346,GUCY1B1,DRUG_TARGETS_GENE
CID_2392,GUCY1B1,DRUG_TARGETS_GENE
CID_3024,GUCY1B1,DRUG_TARGETS_GENE
CID_2997,GUCY1B1,DRUG_TARGETS_GENE
CID_623,GUCY1B1,DRUG_TARGETS_GENE
CID_380,AKT1,DRUG_TARGETS_GENE
CID_281,ANGPT1,DRUG_TARGETS_GENE
CID_1448,ANGPT2,DRUG_TARGETS_GENE
CID_3165,ARRB2,DRUG_TARGETS_GENE
CID_741,CLDN5,DRUG_TARGETS_GENE
CID_3177,CNR2,DRUG_TARGETS_GENE
CID_772,CNR2,DRUG_TARGETS_GENE
CID_382,F3,DRUG_TARGETS_GENE
CID_2074,IFNA,DRUG_TARGETS_GENE
CID_410,IKBKG,DRUG_TARGETS_GENE
CID_2937,IL1B,DRUG_TARGETS_GENE
CID_199,IL1B,DRUG_TARGETS_GENE
CID_1160,IL1B,DRUG_TARGETS_GENE
CID_790,IL6,DRUG_TARGETS_GENE
CID_2125,IRF7,DRUG_TARGETS_GENE
CID_1815,MAP3K7,DRUG_TARGETS_GENE
CID_2480,MAPK1,DRUG_TARGETS_GENE
CID_671,MAPK3,DRUG_TARGETS_GENE
CID_1785,OCLN,DRUG_TARGETS_GENE
CID_2521,PTGS2,DRUG_TARGETS_GENE
CID_629,RELA,DRUG_TARGETS_GENE
CID_195,TBK1,DRUG_TARGETS_GENE
CID_2418,TNF,DRUG_TARGETS_GENE
CID_3007,VEGFA,DRUG_TARGETS_GENE
CID_823,VEGFA,DRUG_TARGETS_GENE
CID_1322,VEGFC,DRUG_TARGETS_GENE
CID_2268,VEGFC,DRUG_TARGETS_GENE
CID_1533,CYP2C9,DRUG_TARGETS_GENE
CID_1722,AHR,DRUG_TARGETS_GENE
CID_3182,HPGD,DRUG_TARGETS_GENE
CID_3027,HPGD,DRUG_TARGETS_GENE
CID_1513,AGT,DRUG_TARGETS_GENE
CID_668,FABP1,DRUG_TARGETS_GENE
CID_936,UGT1A9,DRUG_TARGETS_GENE
CID_1278,MET,DRUG_TARGETS_GENE
CID_1595,CASP1,DRUG_TARGETS_GENE
CID_1520,CASP10,DRUG_TARGETS_GENE
CID_198,CASP2,DRUG_TARGETS_GENE
CID_512,CASP3,DRUG_TARGETS_GENE
CID_1163,CASP6,DRUG_TARGETS_GENE
CID_2934,CASP8,DRUG_TARGETS_GENE
CID_1970,CASP9,DRUG_TARGETS_GENE
CID_2064,CYCS,DRUG_TARGETS_GENE
CID_1740,TOP1,DRUG_TARGETS_GENE
CID_841,TOP2A,DRUG_TARGETS_GENE
CID_2197,AKT1,DRUG_TARGETS_GENE
CID_2342,AKT1,DRUG_TARGETS_GENE
CID_15,ATF6,DRUG_TARGETS_GENE
CID_467,ATF6,DRUG_TARGETS_GENE
CID_1238,CASP3,DRUG_TARGETS_GENE
CID_1082,EIF2AK3,DRUG_TARGETS_GENE
CID_73,EIF2AK3,DRUG_TARGETS_GENE
CID_952,EIF2S1,DRUG_TARGETS_GENE
CID_794,EIF2S1,DRUG_TARGETS_GENE
CID_3017,EPHX2,DRUG_TARGETS_GENE
CID_2395,ERN1,DRUG_TARGETS_GENE
CID_2171,ERN1,DRUG_TARGETS_GENE
CID_2598,ERN1,DRUG_TARGETS_GENE
CID_1722,INS,DRUG_TARGETS_GENE
CID_277,INS,DRUG_TARGETS_GENE
CID_2125,INSR,DRUG_TARGETS_GENE
CID_3104,INSR,DRUG_TARGETS_GENE
CID_3029,XBP1,DRUG_TARGETS_GENE
CID_2247,XBP1,DRUG_TARGETS_GENE
CID_3,HRH3,DRUG_TARGETS_GENE
CID_1842,PTGS2,DRUG_TARGETS_GENE
CID_1752,ABL1,DRUG_TARGETS_GENE
CID_1551,ADARB2,DRUG_TARGETS_GENE
CID_1682,ADCY6,DRUG_TARGETS_GENE
CID_697,ADCY9,DRUG_TARGETS_GENE
CID_2183,AHRR,DRUG_TARGETS_GENE
CID_1621,AKT1,DRUG_TARGETS_GENE
CID_2447,AMOTL1,DRUG_TARGETS_GENE
CID_3122,APC2,DRUG_TARGETS_GENE
CID_3168,ARHGAP35,DRUG_TARGETS_GENE
CID_634,ASPNAT,DRUG_TARGETS_GENE
CID_2910,AXIN1,DRUG_TARGETS_GENE
CID_2973,BCAS4,DRUG_TARGETS_GENE
CID_1468,BCL2L1,DRUG_TARGETS_GENE
CID_1454,BCR,DRUG_TARGETS_GENE
CID_2008,BMP6,DRUG_TARGETS_GENE
CID_2547,BMP7,DRUG_TARGETS_GENE
CID_967,BRAF,DRUG_TARGETS_GENE
CID_2048,CACNA1A,DRUG_TARGETS_GENE
CID_2008,CACNA1B,DRUG_TARGETS_GENE
CID_192,CACNA1C,DRUG_TARGETS_GENE
CID_993,CACNA1H,DRUG_TARGETS_GENE
CID_615,CACNA1I,DRUG_TARGETS_GENE
CID_1362,CACNA2D1,DRUG_TARGETS_GENE
CID_976,CACNG3,DRUG_TARGETS_GENE
CID_219,CACNG6,DRUG_TARGETS_GENE
CID_2280,CACNG8,DRUG_TARGETS_GENE
CID_2561,CAMTA1,DRUG_TARGETS_GENE
CID_1931,CCDC6,DRUG_TARGETS_GENE
CID_1733,CDC25B,DRUG_TARGETS_GENE
CID_1027,CDH4,DRUG_TARGETS_GENE
CID_2495,CEL,DRUG_TARGETS_GENE
CID_2367,CIITA,DRUG_TARGETS_GENE
CID_2732,CIMAP1D,DRUG_TARGETS_GENE
CID_1364,CLDN14,DRUG_TARGETS_GENE
CID_2630,COL18A1,DRUG_TARGETS_GENE
CID_2255,COL27A1,DRUG_TARGETS_GENE
CID_2507,CRK,DRUG_TARGETS_GENE
CID_2413,CRTC1,DRUG_TARGETS_GENE
CID_1683,CSNK1E,DRUG_TARGETS_GENE
CID_2541,CTBP1,DRUG_TARGETS_GENE
CID_2546,CTBP2,DRUG_TARGETS_GENE
CID_1429,CTNNA2,DRUG_TARGETS_GENE
CID_2666,CUL2,DRUG_TARGETS_GENE
CID_2115,DAPK1,DRUG_TARGETS_GENE
CID_2338,DCC,DRUG_TARGETS_GENE
CID_1705,DLG2,DRUG_TARGETS_GENE
CID_2975,DLGAP2,DRUG_TARGETS_GENE
CID_258,DVL1,DRUG_TARGETS_GENE
CID_2135,DVL3,DRUG_TARGETS_GENE
CID_92,ELFN1,DRUG_TARGETS_GENE
CID_553,EPAS1,DRUG_TARGETS_GENE
CID_2015,EPB41,DRUG_TARGETS_GENE
CID_542,EPPK1,DRUG_TARGETS_GENE
CID_1059,EXOC3,DRUG_TARGETS_GENE
CID_2609,F11-AS1,DRUG_TARGETS_GENE
CID_1903,FABP1,DRUG_TARGETS_GENE
CID_2916,FCGR2A,DRUG_TARGETS_GENE
CID_2271,FGF12,DRUG_TARGETS_GENE
CID_2246,FGF18,DRUG_TARGETS_GENE
CID_912,FGF21,DRUG_TARGETS_GENE
CID_1233,FGF22,DRUG_TARGETS_GENE
CID_65,FGF6,DRUG_TARGETS_GENE
CID_352,FH,DRUG_TARGETS_GENE
CID_319,FLT3LG,DRUG_TARGETS_GENE
CID_987,FOXK2,DRUG_TARGETS_GENE
CID_2090,FRMD6,DRUG_TARGETS_GENE
CID_230,GAS6,DRUG_TARGETS_GENE
CID_1600,GAS6-AS1,DRUG_TARGETS_GENE
CID_2391,GDF5,DRUG_TARGETS_GENE
CID_1433,GDF6,DRUG_TARGETS_GENE
CID_1139,GLI2,DRUG_TARGETS_GENE
CID_1256,GLUL,DRUG_TARGETS_GENE
CID_1229,GNA11,DRUG_TARGETS_GENE
CID_2991,GNAI1,DRUG_TARGETS_GENE
CID_2384,GNAI2,DRUG_TARGETS_GENE
CID_2917,GNAS,DRUG_TARGETS_GENE
CID_3164,GNB2,DRUG_TARGETS_GENE
CID_2856,GNG7,DRUG_TARGETS_GENE
CID_280,GP6,DRUG_TARGETS_GENE
CID_2785,GRIA3,DRUG_TARGETS_GENE
CID_2123,GRIK4,DRUG_TARGETS_GENE
CID_1335,GRIN1,DRUG_TARGETS_GENE
CID_1370,GRIN2A,DRUG_TARGETS_GENE
CID_1843,GRIN3A,DRUG_TARGETS_GENE
CID_2464,GRM4,DRUG_TARGETS_GENE
CID_746,HSPA2,DRUG_TARGETS_GENE
CID_1995,IL1R1,DRUG_TARGETS_GENE
CID_671,ITGA2B,DRUG_TARGETS_GENE
CID_800,ITPR2,DRUG_TARGETS_GENE
CID_1452,JAM3,DRUG_TARGETS_GENE
CID_211,JARID2,DRUG_TARGETS_GENE
CID_546,JUN,DRUG_TARGETS_GENE
CID_714,KLHL30,DRUG_TARGETS_GENE
CID_2637,LAMA1,DRUG_TARGETS_GENE
CID_186,LAMB1,DRUG_TARGETS_GENE
CID_1993,LINC01237,DRUG_TARGETS_GENE
CID_1687,LLGL1,DRUG_TARGETS_GENE
CID_1892,LOXHD1,DRUG_TARGETS_GENE
CID_2481,LPAR2,DRUG_TARGETS_GENE
CID_2625,LPAR3,DRUG_TARGETS_GENE
CID_862,LRRC14B,DRUG_TARGETS_GENE
CID_1777,MAD1L1,DRUG_TARGETS_GENE
CID_300,MAP3K13,DRUG_TARGETS_GENE
CID_112,MAP3K5,DRUG_TARGETS_GENE
CID_43,MAP3K6,DRUG_TARGETS_GENE
CID_311,MAPK12,DRUG_TARGETS_GENE
CID_2712,MAPK8IP3,DRUG_TARGETS_GENE
CID_2863,MCPH1,DRUG_TARGETS_GENE
CID_3179,MKNK2,DRUG_TARGETS_GENE
CID_1155,MOB1A,DRUG_TARGETS_GENE
CID_779,MYH10,DRUG_TARGETS_GENE
CID_1320,MYH14,DRUG_TARGETS_GENE
CID_1189,MYLK,DRUG_TARGETS_GENE
CID_1145,NCOR2,DRUG_TARGETS_GENE
CID_1561,NFATC2,DRUG_TARGETS_GENE
CID_1941,NRBP2,DRUG_TARGETS_GENE
CID_2580,NTRK1,DRUG_TARGETS_GENE
CID_2641,OCLN,DRUG_TARGETS_GENE
CID_1400,P2RX1,DRUG_TARGETS_GENE
CID_754,PARD6G,DRUG_TARGETS_GENE
CID_908,PATJ,DRUG_TARGETS_GENE
CID_3175,PDGFRA,DRUG_TARGETS_GENE
CID_2757,PER1,DRUG_TARGETS_GENE
CID_1895,PIAS2,DRUG_TARGETS_GENE
CID_2244,PIAS4,DRUG_TARGETS_GENE
CID_3019,PIK3R2,DRUG_TARGETS_GENE
CID_521,PIP5K1C,DRUG_TARGETS_GENE
CID_397,PLEKHG5,DRUG_TARGETS_GENE
CID_2539,PLEKHN1,DRUG_TARGETS_GENE
CID_2192,PMEPA1,DRUG_TARGETS_GENE
CID_2114,PPP2R2A,DRUG_TARGETS_GENE
CID_2757,PPP2R2B,DRUG_TARGETS_GENE
CID_521,PPP2R2C,DRUG_TARGETS_GENE
CID_3183,PRDM16,DRUG_TARGETS_GENE
CID_3121,PRKACA,DRUG_TARGETS_GENE
CID_1033,PRKCQ,DRUG_TARGETS_GENE
CID_3020,PRKCZ,DRUG_TARGETS_GENE
CID_1802,PRKG1,DRUG_TARGETS_GENE
CID_1455,PTGIR,DRUG_TARGETS_GENE
CID_491,PTPRN2,DRUG_TARGETS_GENE
CID_1296,PWWP2B,DRUG_TARGETS_GENE
CID_477,RAC3,DRUG_TARGETS_GENE
CID_1035,RAPGEF2,DRUG_TARGETS_GENE
CID_1566,RARA,DRUG_TARGETS_GENE
CID_540,RASGRF2,DRUG_TARGETS_GENE
CID_2100,RET,DRUG_TARGETS_GENE
CID_331,RPS6KA2,DRUG_TARGETS_GENE
CID_2547,RPS6KA5,DRUG_TARGETS_GENE
CID_1730,RYR1,DRUG_TARGETS_GENE
CID_514,SHANK2,DRUG_TARGETS_GENE
CID_2926,SHH,DRUG_TARGETS_GENE
CID_1806,SHROOM1,DRUG_TARGETS_GENE
CID_2568,SLC1A7,DRUG_TARGETS_GENE
CID_2449,SPATA21,DRUG_TARGETS_GENE
CID_873,SPIRE2,DRUG_TARGETS_GENE
CID_13,TAOK1,DRUG_TARGETS_GENE
CID_1587,TAOK3,DRUG_TARGETS_GENE
CID_3025,TBXA2R,DRUG_TARGETS_GENE
CID_301,TBXAS1,DRUG_TARGETS_GENE
CID_2546,TCF7L1,DRUG_TARGETS_GENE
CID_948,TEAD3,DRUG_TARGETS_GENE
CID_1398,TELO2,DRUG_TARGETS_GENE
CID_566,TJP3,DRUG_TARGETS_GENE
CID_1120,TNRC18,DRUG_TARGETS_GENE
CID_1352,TRAF4,DRUG_TARGETS_GENE
CID_2224,TRAPPC9,DRUG_TARGETS_GENE
CID_2013,TUBB4A,DRUG_TARGETS_GENE
CID_364,UGT1A1,DRUG_TARGETS_GENE
CID_1735,UGT1A10,DRUG_TARGETS_GENE
CID_262,UGT1A3,DRUG_TARGETS_GENE
CID_2348,UGT1A4,DRUG_TARGETS_GENE
CID_2811,UGT1A5,DRUG_TARGETS_GENE
CID_176,UGT1A6,DRUG_TARGETS_GENE
CID_33,UGT1A7,DRUG_TARGETS_GENE
CID_300,UGT1A8,DRUG_TARGETS_GENE
CID_859,UGT1A9,DRUG_TARGETS_GENE
CID_1526,UGT2A1,DRUG_TARGETS_GENE
CID_2237,UGT2A2,DRUG_TARGETS_GENE
CID_2378,VHL,DRUG_TARGETS_GENE
CID_1311,VSTM2L,DRUG_TARGETS_GENE
CID_1730,VWF,DRUG_TARGETS_GENE
CID_2924,WNT10A,DRUG_TARGETS_GENE
CID_2513,WNT3A,DRUG_TARGETS_GENE
CID_3041,WNT5A,DRUG_TARGETS_GENE
CID_686,WNT9A,DRUG_TARGETS_GENE
CID_2247,WWTR1,DRUG_TARGETS_GENE
CID_2330,YES1,DRUG_TARGETS_GENE
CID_952,YIPF4,DRUG_TARGETS_GENE
CID_29,YWHAE,DRUG_TARGETS_GENE
CID_1811,HMOX1,DRUG_TARGETS_GENE
CID_1449,MAPK8,DRUG_TARGETS_GENE
CID_181,MAPK9,DRUG_TARGETS_GENE
CID_2345,HPGD,DRUG_TARGETS_GENE
CID_2750,CNR1,DRUG_TARGETS_GENE
CID_1746,CNR1,DRUG_TARGETS_GENE
CID_2702,CNR2,DRUG_TARGETS_GENE
CID_1809,CNR2,DRUG_TARGETS_GENE
CID_392,CYP1B1,DRUG_TARGETS_GENE
CID_1848,CALCA,DRUG_TARGETS_GENE
CID_199,TNF,DRUG_TARGETS_GENE
CID_2868,AHR,DRUG_TARGETS_GENE
CID_1302,AHRR,DRUG_TARGETS_GENE
CID_2128,CYP1A1,DRUG_TARGETS_GENE
CID_3123,CYP1A1,DRUG_TARGETS_GENE
CID_1720,AHR,DRUG_TARGETS_GENE
CID_740,AHR,DRUG_TARGETS_GENE
CID_1412,AHRR,DRUG_TARGETS_GENE
CID_2530,AHRR,DRUG_TARGETS_GENE
CID_1060,CYP1A1,DRUG_TARGETS_GENE
CID_2054,CYP1A1,DRUG_TARGETS_GENE
CID_909,CYP1A1,DRUG_TARGETS_GENE
CID_1501,CYP1A1,DRUG_TARGETS_GENE
CID_717,AHR,DRUG_TARGETS_GENE
CID_1841,CASP8,DRUG_TARGETS_GENE
CID_29,CASP9,DRUG_TARGETS_GENE
CID_2583,CYP1A1,DRUG_TARGETS_GENE
CID_2519,AHR,DRUG_TARGETS_GENE
CID_851,AHR,DRUG_TARGETS_GENE
CID_194,AHRR,DRUG_TARGETS_GENE
CID_1827,AHRR,DRUG_TARGETS_GENE
CID_548,CYP1A1,DRUG_TARGETS_GENE
CID_2660,CYP1A1,DRUG_TARGETS_GENE
CID_2663,CYP1A1,DRUG_TARGETS_GENE
CID_749,CYP1A1,DRUG_TARGETS_GENE
CID_966,ACSL4,DRUG_TARGETS_GENE
CID_138,ACSL4,DRUG_TARGETS_GENE
CID_1390,AIFM2,DRUG_TARGETS_GENE
CID_563,AIFM2,DRUG_TARGETS_GENE
CID_71,ALOX5,DRUG_TARGETS_GENE
CID_234,ALOX5,DRUG_TARGETS_GENE
CID_2504,ATG5,DRUG_TARGETS_GENE
CID_1202,ATG5,DRUG_TARGETS_GENE
CID_1924,ATG7,DRUG_TARGETS_GENE
CID_2615,ATG7,DRUG_TARGETS_GENE
CID_941,FTH1,DRUG_TARGETS_GENE
CID_1594,FTH1,DRUG_TARGETS_GENE
CID_865,GPX4,DRUG_TARGETS_GENE
CID_1308,GPX4,DRUG_TARGETS_GENE
CID_2312,IL1B,DRUG_TARGETS_GENE
CID_1454,NCOA4,DRUG_TARGETS_GENE
CID_2478,NCOA4,DRUG_TARGETS_GENE
CID_3140,NOS2,DRUG_TARGETS_GENE
CID_1857,PRDX6,DRUG_TARGETS_GENE
CID_2791,PRDX6,DRUG_TARGETS_GENE
CID_141,SIGMAR1,DRUG_TARGETS_GENE
CID_2918,SLC7A11,DRUG_TARGETS_GENE
CID_2621,SLC7A11,DRUG_TARGETS_GENE
CID_1824,TNF,DRUG_TARGETS_GENE
CID_1081,CAMK2A,DRUG_TARGETS_GENE
CID_3132,CAMKK2,DRUG_TARGETS_GENE
CID_2462,CASR,DRUG_TARGETS_GENE
CID_964,INS,DRUG_TARGETS_GENE
CID_1096,KLF2,DRUG_TARGETS_GENE
CID_1779,MAPK1,DRUG_TARGETS_GENE
CID_2423,MAPK3,DRUG_TARGETS_GENE
CID_359,NOS3,DRUG_TARGETS_GENE
CID_1999,NOS3,DRUG_TARGETS_GENE
CID_777,NOS3,DRUG_TARGETS_GENE
CID_3086,NOS3,DRUG_TARGETS_GENE
CID_2784,NOS3,DRUG_TARGETS_GENE
CID_3165,PTGS2,DRUG_TARGETS_GENE
CID_2865,SNCA,DRUG_TARGETS_GENE
CID_1093,SNCA,DRUG_TARGETS_GENE
CID_740,SNCA,DRUG_TARGETS_GENE
CID_3101,SNCA,DRUG_TARGETS_GENE
CID_307,SNCA,DRUG_TARGETS_GENE
CID_287,SNCA,DRUG_TARGETS_GENE
CID_2775,DRD3,DRUG_TARGETS_GENE
CID_1799,IL6,DRUG_TARGETS_GENE
CID_2052,MAOB,DRUG_TARGETS_GENE
CID_311,MAOB,DRUG_TARGETS_GENE
CID_1851,CFTR,DRUG_TARGETS_GENE
CID_1942,AHR,DRUG_TARGETS_GENE
CID_1897,CASP9,DRUG_TARGETS_GENE
CID_3183,CYP1A1,DRUG_TARGETS_GENE
CID_361,CYP2E1,DRUG_TARGETS_GENE
CID_2308,CYP2E1,DRUG_TARGETS_GENE
CID_3058,CYP3A4,DRUG_TARGETS_GENE
CID_1240,AHR,DRUG_TARGETS_GENE
CID_2982,AR,DRUG_TARGETS_GENE
CID_2866,CYP1A1,DRUG_TARGETS_GENE
CID_1770,CYP1A1,DRUG_TARGETS_GENE
CID_1453,AHR,DRUG_TARGETS_GENE
CID_1618,AHR,DRUG_TARGETS_GENE
CID_2869,AHRR,DRUG_TARGETS_GENE
CID_811,CYP1A1,DRUG_TARGETS_GENE
CID_3082,CYP1A1,DRUG_TARGETS_GENE
CID_240,CYP1B1,DRUG_TARGETS_GENE
CID_246,TIPARP,DRUG_TARGETS_GENE
CID_1621,ACTA2,DRUG_TARGETS_GENE
CID_1721,ACTA2,DRUG_TARGETS_GENE
CID_860,CDH1,DRUG_TARGETS_GENE
CID_939,CDH1,DRUG_TARGETS_GENE
CID_2996,EPHX2,DRUG_TARGETS_GENE
CID_297,SMAD2,DRUG_TARGETS_GENE
CID_2281,SMAD3,DRUG_TARGETS_GENE
CID_967,TGFB1,DRUG_TARGETS_GENE
CID_2115,TGFB1,DRUG_TARGETS_GENE
CID_1438,TGFB1,DRUG_TARGETS_GENE
CID_2060,TGFB1,DRUG_TARGETS_GENE
CID_2462,TGFB1,DRUG_TARGETS_GENE
CID_2713,TGFB1,DRUG_TARGETS_GENE
CID_1263,TGFB1,DRUG_TARGETS_GENE
CID_2733,TGFB1,DRUG_TARGETS_GENE
CID_2400,XBP1,DRUG_TARGETS_GENE
CID_2096,XBP1,DRUG_TARGETS_GENE
CID_3064,DRD4,DRUG_TARGETS_GENE
CID_1596,ADRA1A,DRUG_TARGETS_GENE
CID_815,ADRA1B,DRUG_TARGETS_GENE
CID_1416,ADRA1D,DRUG_TARGETS_GENE
CID_815,CXCL8,DRUG_TARGETS_GENE
CID_658,ENPP2,DRUG_TARGETS_GENE
CID_1655,MMP9,DRUG_TARGETS_GENE
CID_950,MMP9,DRUG_TARGETS_GENE
CID_1258,PPP3CA,DRUG_TARGETS_GENE
CID_835,TNF,DRUG_TARGETS_GENE
CID_1313,CYP24A1,DRUG_TARGETS_GENE
CID_1487,VDR,DRUG_TARGETS_GENE
CID_961,EGF,DRUG_TARGETS_GENE
CID_3065,EGF,DRUG_TARGETS_GENE
CID_865,EGF,DRUG_TARGETS_GENE
CID_2456,HSF1,DRUG_TARGETS_GENE
CID_59,MAPK1,DRUG_TARGETS_GENE
CID_2276,MAPK3,DRUG_TARGETS_GENE
CID_2324,PTK2,DRUG_TARGETS_GENE
CID_686,PTK2,DRUG_TARGETS_GENE
CID_1527,PTK2,DRUG_TARGETS_GENE
CID_2742,PTK2,DRUG_TARGETS_GENE
CID_2188,PXN,DRUG_TARGETS_GENE
CID_2514,PXN,DRUG_TARGETS_GENE
CID_1237,PXN,DRUG_TARGETS_GENE
CID_2614,TNF,DRUG_TARGETS_GENE
CID_80,TNF,DRUG_TARGETS_GENE
CID_922,VDR,DRUG_TARGETS_GENE
CID_2439,CA1,DRUG_TARGETS_GENE
CID_2069,CA2,DRUG_TARGETS_GENE
CID_2695,ADORA2A,DRUG_TARGETS_GENE
CID_1565,CYP1A1,DRUG_TARGETS_GENE
CID_1179,CYP1A2,DRUG_TARGETS_GENE
CID_2421,CYP2E1,DRUG_TARGETS_GENE
CID_587,CYP2E1,DRUG_TARGETS_GENE
CID_17,A2M,DRUG_TARGETS_GENE
CID_2864,AHR,DRUG_TARGETS_GENE
CID_2520,AHR,DRUG_TARGETS_GENE
CID_1941,AHR,DRUG_TARGETS_GENE
CID_3171,AHR,DRUG_TARGETS_GENE
CID_244,AHR,DRUG_TARGETS_GENE
CID_12,AHR,DRUG_TARGETS_GENE
CID_177,AHR,DRUG_TARGETS_GENE
CID_3152,AKR1B1,DRUG_TARGETS_GENE
CID_269,AKR1C1,DRUG_TARGETS_GENE
CID_2810,ALDOB,DRUG_TARGETS_GENE
CID_2561,AMACR,DRUG_TARGETS_GENE
CID_1574,APOC3,DRUG_TARGETS_GENE
CID_321,AR,DRUG_TARGETS_GENE
CID_1250,AR,DRUG_TARGETS_GENE
CID_2270,AR,DRUG_TARGETS_GENE
CID_1663,ATF3,DRUG_TARGETS_GENE
CID_2866,ATG4C,DRUG_TARGETS_GENE
CID_1609,BCL2L1,DRUG_TARGETS_GENE
CID_2761,BCL3,DRUG_TARGETS_GENE
CID_92,CA3,DRUG_TARGETS_GENE
CID_3021,CEACAM5,DRUG_TARGETS_GENE
CID_2206,CP,DRUG_TARGETS_GENE
CID_1550,CRABP2,DRUG_TARGETS_GENE
CID_213,CYB5A,DRUG_TARGETS_GENE
CID_486,CYP1A1,DRUG_TARGETS_GENE
CID_724,CYP1A1,DRUG_TARGETS_GENE
CID_2347,CYP1A1,DRUG_TARGETS_GENE
CID_352,CYP1A1,DRUG_TARGETS_GENE
CID_258,CYP1A1,DRUG_TARGETS_GENE
CID_2537,CYP1A1,DRUG_TARGETS_GENE
CID_1921,CYP1A1,DRUG_TARGETS_GENE
CID_1243,CYP1A1,DRUG_TARGETS_GENE
CID_2685,CYP1A1,DRUG_TARGETS_GENE
CID_3169,CYP1A1,DRUG_TARGETS_GENE
CID_240,CYP1A1,DRUG_TARGETS_GENE
CID_2185,CYP1A1,DRUG_TARGETS_GENE
CID_359,CYP1A1,DRUG_TARGETS_GENE
CID_2218,CYP1A2,DRUG_TARGETS_GENE
CID_1682,CYP1A2,DRUG_TARGETS_GENE
CID_2703,CYP1A2,DRUG_TARGETS_GENE
CID_1008,CYP1A2,DRUG_TARGETS_GENE
CID_2937,CYP1A2,DRUG_TARGETS_GENE
CID_1937,CYP1A2,DRUG_TARGETS_GENE
CID_1514,CYP1A2,DRUG_TARGETS_GENE
CID_1648,CYP1A2,DRUG_TARGETS_GENE
CID_677,CYP1A2,DRUG_TARGETS_GENE
CID_2786,CYP1A2,DRUG_TARGETS_GENE
CID_1983,CYP1A2,DRUG_TARGETS_GENE
CID_3023,CYP1B1,DRUG_TARGETS_GENE
CID_472,CYP1B1,DRUG_TARGETS_GENE
CID_981,CYP2B6,DRUG_TARGETS_GENE
CID_887,CYP2B6,DRUG_TARGETS_GENE
CID_1044,CYP2B6,DRUG_TARGETS_GENE
CID_2392,CYP2C9,DRUG_TARGETS_GENE
CID_2647,CYP2C9,DRUG_TARGETS_GENE
CID_827,CYP2D6,DRUG_TARGETS_GENE
CID_2307,CYP2E1,DRUG_TARGETS_GENE
CID_1817,DBI,DRUG_TARGETS_GENE
CID_345,ECE1,DRUG_TARGETS_GENE
CID_759,EPHX1,DRUG_TARGETS_GENE
CID_2739,EPHX1,DRUG_TARGETS_GENE
CID_2746,ERBB2,DRUG_TARGETS_GENE
CID_1613,FABP1,DRUG_TARGETS_GENE
CID_3086,FASN,DRUG_TARGETS_GENE
CID_736,FGA,DRUG_TARGETS_GENE
CID_3021,FGF9,DRUG_TARGETS_GENE
CID_1660,FGG,DRUG_TARGETS_GENE
CID_2547,FMO5,DRUG_TARGETS_GENE
CID_2534,FOXF2,DRUG_TARGETS_GENE
CID_1344,G6PD,DRUG_TARGETS_GENE
CID_609,GCK,DRUG_TARGETS_GENE
CID_315,GSTA1,DRUG_TARGETS_GENE
CID_2728,GSTM1,DRUG_TARGETS_GENE
CID_2563,H2AX,DRUG_TARGETS_GENE
CID_29,HAMP,DRUG_TARGETS_GENE
CID_1511,HIF1A,DRUG_TARGETS_GENE
CID_3006,HIF1A,DRUG_TARGETS_GENE
CID_1304,HMGCR,DRUG_TARGETS_GENE
CID_2768,HMGCR,DRUG_TARGETS_GENE
CID_1661,ID2,DRUG_TARGETS_GENE
CID_2101,IER3,DRUG_TARGETS_GENE
CID_2848,IGF1,DRUG_TARGETS_GENE
CID_2322,IGF1,DRUG_TARGETS_GENE
CID_2335,IGF2,DRUG_TARGETS_GENE
CID_1201,IGFBP1,DRUG_TARGETS_GENE
CID_3011,IGFBP1,DRUG_TARGETS_GENE
CID_722,LGALS1,DRUG_TARGETS_GENE
CID_860,LGALS3,DRUG_TARGETS_GENE
CID_1121,MAPT,DRUG_TARGETS_GENE
CID_269,MCL1,DRUG_TARGETS_GENE
CID_1626,MT1E,DRUG_TARGETS_GENE
CID_970,NDC80,DRUG_TARGETS_GENE
CID_1903,NFKBIA,DRUG_TARGETS_GENE
CID_2619,NGFR,DRUG_TARGETS_GENE
CID_176,NQO1,DRUG_TARGETS_GENE
CID_2396,PAH,DRUG_TARGETS_GENE
CID_1323,PCNA,DRUG_TARGETS_GENE
CID_178,PIM1,DRUG_TARGETS_GENE
CID_847,RAD52,DRUG_TARGETS_GENE
CID_2383,RECQL,DRUG_TARGETS_GENE
CID_2870,RHOC,DRUG_TARGETS_GENE
CID_2812,SAT1,DRUG_TARGETS_GENE
CID_2325,SCD,DRUG_TARGETS_GENE
CID_1099,SERPINA3,DRUG_TARGETS_GENE
CID_524,SLC2A1,DRUG_TARGETS_GENE
CID_2446,SPP1,DRUG_TARGETS_GENE
CID_3006,TGM2,DRUG_TARGETS_GENE
CID_236,TIMP1,DRUG_TARGETS_GENE
CID_974,TP53,DRUG_TARGETS_GENE
CID_1964,TP53,DRUG_TARGETS_GENE
CID_221,TPO,DRUG_TARGETS_GENE
CID_2321,TYROBP,DRUG_TARGETS_GENE
CID_1512,UBD,DRUG_TARGETS_GENE
CID_2262,UBE2A,DRUG_TARGETS_GENE
CID_1698,UQCRB,DRUG_TARGETS_GENE
CID_3032,VAT1,DRUG_TARGETS_GENE
CID_50,VMP1,DRUG_TARGETS_GENE
CID_2059,GABRR1,DRUG_TARGETS_GENE
CID_1257,BAD,DRUG_TARGETS_GENE
CID_1114,BCL2,DRUG_TARGETS_GENE
CID_2629,CASP3,DRUG_TARGETS_GENE
CID_452,CCND1,DRUG_TARGETS_GENE
CID_497,CCNE1,DRUG_TARGETS_GENE
CID_2533,CDK2,DRUG_TARGETS_GENE
CID_43,CDK4,DRUG_TARGETS_GENE
CID_3166,CDKN1A,DRUG_TARGETS_GENE
CID_1870,CDKN1B,DRUG_TARGETS_GENE
CID_2366,MAPK1,DRUG_TARGETS_GENE
CID_2742,MAPK1,DRUG_TARGETS_GENE
CID_921,MAPK1,DRUG_TARGETS_GENE
CID_1914,MAPK3,DRUG_TARGETS_GENE
CID_2557,MAPK3,DRUG_TARGETS_GENE
CID_538,MAPK3,DRUG_TARGETS_GENE
CID_2902,NFKBIA,DRUG_TARGETS_GENE
CID_1044,NFKBIA,DRUG_TARGETS_GENE
CID_1363,NFKBIA,DRUG_TARGETS_GENE
CID_2955,NFKBIA,DRUG_TARGETS_GENE
CID_1373,NFKBIA,DRUG_TARGETS_GENE
CID_1295,NFKBIA,DRUG_TARGETS_GENE
CID_844,PARP1,DRUG_TARGETS_GENE
CID_360,STAT3,DRUG_TARGETS_GENE
CID_2128,STAT3,DRUG_TARGETS_GENE
CID_1268,STAT3,DRUG_TARGETS_GENE
CID_2242,STAT3,DRUG_TARGETS_GENE
CID_1655,STAT3,DRUG_TARGETS_GENE
CID_2193,UGT1A1,DRUG_TARGETS_GENE
CID_2643,UGT1A10,DRUG_TARGETS_GENE
CID_966,UGT1A7,DRUG_TARGETS_GENE
CID_725,UGT1A8,DRUG_TARGETS_GENE
CID_2390,UGT1A9,DRUG_TARGETS_GENE
CID_2412,UGT2B15,DRUG_TARGETS_GENE
CID_2959,CYP24A1,DRUG_TARGETS_GENE
CID_2904,CDKN1A,DRUG_TARGETS_GENE
CID_2227,CYP24A1,DRUG_TARGETS_GENE
CID_1653,CYP24A1,DRUG_TARGETS_GENE
CID_554,CYP3A4,DRUG_TARGETS_GENE
CID_1725,TRPV6,DRUG_TARGETS_GENE
CID_1981,VDR,DRUG_TARGETS_GENE
CID_891,VDR,DRUG_TARGETS_GENE
CID_1905,VDR,DRUG_TARGETS_GENE
CID_1929,VDR,DRUG_TARGETS_GENE
CID_582,VDR,DRUG_TARGETS_GENE
CID_462,VDR,DRUG_TARGETS_GENE
CID_1887,VDR,DRUG_TARGETS_GENE
CID_2336,CD14,DRUG_TARGETS_GENE
CID_1346,CEBPB,DRUG_TARGETS_GENE
CID_2573,CYP24A1,DRUG_TARGETS_GENE
CID_2439,VDR,DRUG_TARGETS_GENE
CID_2933,BAX,DRUG_TARGETS_GENE
CID_2558,CCL5,DRUG_TARGETS_GENE
CID_313,CDC25A,DRUG_TARGETS_GENE
CID_1750,CDC25A,DRUG_TARGETS_GENE
CID_2872,CDC25A,DRUG_TARGETS_GENE
CID_50,CDC25A,DRUG_TARGETS_GENE
CID_829,CDC25A,DRUG_TARGETS_GENE
CID_1005,CDC25A,DRUG_TARGETS_GENE
CID_375,COL1A1,DRUG_TARGETS_GENE
CID_2903,COL1A1,DRUG_TARGETS_GENE
CID_251,CXCL8,DRUG_TARGETS_GENE
CID_88,CYP24A1,DRUG_TARGETS_GENE
CID_79,CYP24A1,DRUG_TARGETS_GENE
CID_34,FBXW7,DRUG_TARGETS_GENE
CID_1980,FBXW7,DRUG_TARGETS_GENE
CID_2456,HDAC2,DRUG_TARGETS_GENE
CID_2467,HRAS,DRUG_TARGETS_GENE
CID_2739,HRAS,DRUG_TARGETS_GENE
CID_3025,IL10,DRUG_TARGETS_GENE
CID_2190,IL17A,DRUG_TARGETS_GENE
CID_1514,IL6,DRUG_TARGETS_GENE
CID_1096,MAPK1,DRUG_TARGETS_GENE
CID_1723,MAPK3,DRUG_TARGETS_GENE
CID_3044,MED1,DRUG_TARGETS_GENE
CID_736,MXD1,DRUG_TARGETS_GENE
CID_1841,MXD1,DRUG_TARGETS_GENE
CID_447,MXD1,DRUG_TARGETS_GENE
CID_2942,MXD1,DRUG_TARGETS_GENE
CID_1731,MXD1,DRUG_TARGETS_GENE
CID_1523,MYC,DRUG_TARGETS_GENE
CID_1567,MYC,DRUG_TARGETS_GENE
CID_2240,MYC,DRUG_TARGETS_GENE
CID_2204,MYC,DRUG_TARGETS_GENE
CID_1521,MYC,DRUG_TARGETS_GENE
CID_1710,MYC,DRUG_TARGETS_GENE
CID_1578,NPPA,DRUG_TARGETS_GENE
CID_1960,PTH,DRUG_TARGETS_GENE
CID_2363,PTHLH,DRUG_TARGETS_GENE
CID_2218,RXRA,DRUG_TARGETS_GENE
CID_2564,RXRA,DRUG_TARGETS_GENE
CID_979,SIN3A,DRUG_TARGETS_GENE
CID_649,TRPV6,DRUG_TARGETS_GENE
CID_950,TRPV6,DRUG_TARGETS_GENE
CID_4,TXN,DRUG_TARGETS_GENE
CID_3162,TXNIP,DRUG_TARGETS_GENE
CID_776,VDR,DRUG_TARGETS_GENE
CID_2904,VDR,DRUG_TARGETS_GENE
CID_1302,VDR,DRUG_TARGETS_GENE
CID_3169,VDR,DRUG_TARGETS_GENE
CID_2210,VDR,DRUG_TARGETS_GENE
CID_2574,VDR,DRUG_TARGETS_GENE
CID_2226,VDR,DRUG_TARGETS_GENE
CID_1584,VDR,DRUG_TARGETS_GENE
CID_1787,VDR,DRUG_TARGETS_GENE
CID_1234,VDR,DRUG_TARGETS_GENE
CID_214,VDR,DRUG_TARGETS_GENE
CID_2777,VDR,DRUG_TARGETS_GENE
CID_477,MED1,DRUG_TARGETS_GENE
CID_2643,NCOA2,DRUG_TARGETS_GENE
CID_1398,VDR,DRUG_TARGETS_GENE
CID_2714,VDR,DRUG_TARGETS_GENE
CID_266,VDR,DRUG_TARGETS_GENE
CID_2426,AHR,DRUG_TARGETS_GENE
CID_125,HTR1A,DRUG_TARGETS_GENE
CID_209,HTR1A,DRUG_TARGETS_GENE
CID_1835,E2F1,DRUG_TARGETS_GENE
CID_1115,E2F1,DRUG_TARGETS_GENE
CID_808,ESR1,DRUG_TARGETS_GENE
CID_2050,ESR1,DRUG_TARGETS_GENE
CID_2273,MAFF,DRUG_TARGETS_GENE
CID_2792,MT2A,DRUG_TARGETS_GENE
CID_1288,NQO1,DRUG_TARGETS_GENE
CID_3112,TXN,DRUG_TARGETS_GENE
CID_374,APEX1,DRUG_TARGETS_GENE
CID_476,APEX1,DRUG_TARGETS_GENE
CID_1237,BAX,DRUG_TARGETS_GENE
CID_2444,BAX,DRUG_TARGETS_GENE
CID_873,BCL2,DRUG_TARGETS_GENE
CID_2071,BCL2,DRUG_TARGETS_GENE
CID_1759,CASP3,DRUG_TARGETS_GENE
CID_110,CASP3,DRUG_TARGETS_GENE
CID_1676,CCNB1,DRUG_TARGETS_GENE
CID_782,CCNB1,DRUG_TARGETS_GENE
CID_2013,CCNB1,DRUG_TARGETS_GENE
CID_123,CCND1,DRUG_TARGETS_GENE
CID_1734,CCND1,DRUG_TARGETS_GENE
CID_2557,CCND1,DRUG_TARGETS_GENE
CID_532,CCND1,DRUG_TARGETS_GENE
CID_1234,CDK1,DRUG_TARGETS_GENE
CID_2401,CDK2,DRUG_TARGETS_GENE
CID_2811,CDK2,DRUG_TARGETS_GENE
CID_1750,CDK4,DRUG_TARGETS_GENE
CID_634,CDK4,DRUG_TARGETS_GENE
CID_477,CDK4,DRUG_TARGETS_GENE
CID_2013,CDK6,DRUG_TARGETS_GENE
CID_817,CDK6,DRUG_TARGETS_GENE
CID_2918,CDKN1A,DRUG_TARGETS_GENE
CID_679,CDKN1A,DRUG_TARGETS_GENE
CID_1147,CDKN1A,DRUG_TARGETS_GENE
CID_1984,CDKN1A,DRUG_TARGETS_GENE
CID_1264,CDKN1A,DRUG_TARGETS_GENE
CID_935,CDKN1A,DRUG_TARGETS_GENE
CID_266,FOS,DRUG_TARGETS_GENE
CID_1148,FOS,DRUG_TARGETS_GENE
CID_1444,JUN,DRUG_TARGETS_GENE
CID_1531,JUN,DRUG_TARGETS_GENE
CID_353,JUN,DRUG_TARGETS_GENE
CID_1964,MAP1LC3B,DRUG_TARGETS_GENE
CID_836,SQSTM1,DRUG_TARGETS_GENE
CID_2871,TXN,DRUG_TARGETS_GENE
CID_997,TXN,DRUG_TARGETS_GENE
CID_2449,TXN,DRUG_TARGETS_GENE
CID_894,TXNRD1,DRUG_TARGETS_GENE
CID_593,TXNRD1,DRUG_TARGETS_GENE
CID_71,TXNRD1,DRUG_TARGETS_GENE
CID_2595,TXNRD1,DRUG_TARGETS_GENE
CID_635,TXNRD1,DRUG_TARGETS_GENE
CID_1928,SERPINA7,DRUG_TARGETS_GENE
CID_787,ATF6,DRUG_TARGETS_GENE
CID_697,ATF6,DRUG_TARGETS_GENE
CID_2514,ATF6B,DRUG_TARGETS_GENE
CID_372,ATF6B,DRUG_TARGETS_GENE
CID_2287,BID,DRUG_TARGETS_GENE
CID_2854,CAPN1,DRUG_TARGETS_GENE
CID_880,CAPN2,DRUG_TARGETS_GENE
CID_1451,CAPN2,DRUG_TARGETS_GENE
CID_2870,CASP12,DRUG_TARGETS_GENE
CID_835,CASP12,DRUG_TARGETS_GENE
CID_14,CASP3,DRUG_TARGETS_GENE
CID_921,CASP3,DRUG_TARGETS_GENE
CID_1652,CASP4,DRUG_TARGETS_GENE
CID_493,CASP4,DRUG_TARGETS_GENE
CID_974,CREB1,DRUG_TARGETS_GENE
CID_1831,CREBBP,DRUG_TARGETS_GENE
CID_1816,CTNNB1,DRUG_TARGETS_GENE
CID_2642,DDIT3,DRUG_TARGETS_GENE
CID_2557,DDIT3,DRUG_TARGETS_GENE
CID_292,EIF2AK3,DRUG_TARGETS_GENE
CID_2068,EIF2AK3,DRUG_TARGETS_GENE
CID_681,HMOX1,DRUG_TARGETS_GENE
CID_1330,HMOX1,DRUG_TARGETS_GENE
CID_3072,HSP90AA1,DRUG_TARGETS_GENE
CID_1561,HSP90AB1,DRUG_TARGETS_GENE
CID_2496,HSPA5,DRUG_TARGETS_GENE
CID_2428,IL4,DRUG_TARGETS_GENE
CID_2826,MAPK8,DRUG_TARGETS_GENE
CID_967,MMP9,DRUG_TARGETS_GENE
CID_2718,NFE2L2,DRUG_TARGETS_GENE
CID_3186,NFE2L2,DRUG_TARGETS_GENE
CID_1170,NFE2L2,DRUG_TARGETS_GENE
CID_2179,NFE2L2,DRUG_TARGETS_GENE
CID_2643,NOS3,DRUG_TARGETS_GENE
CID_1814,PARP1,DRUG_TARGETS_GENE
CID_1337,RPS6KB1,DRUG_TARGETS_GENE
CID_1501,RPS6KB1,DRUG_TARGETS_GENE
CID_974,XIAP,DRUG_TARGETS_GENE
CID_536,ACACA,DRUG_TARGETS_GENE
CID_1030,AKT1,DRUG_TARGETS_GENE
CID_1060,AKT1,DRUG_TARGETS_GENE
CID_1726,AKT1,DRUG_TARGETS_GENE
CID_2862,ATP2A2,DRUG_TARGETS_GENE
CID_2111,ATP2A2,DRUG_TARGETS_GENE
CID_694,BAX,DRUG_TARGETS_GENE
CID_2474,BAX,DRUG_TARGETS_GENE
CID_2761,BAX,DRUG_TARGETS_GENE
CID_1333,BCL2,DRUG_TARGETS_GENE
CID_1072,BCL2,DRUG_TARGETS_GENE
CID_253,BCL2L1,DRUG_TARGETS_GENE
CID_1266,CAMK1,DRUG_TARGETS_GENE
CID_240,CAMK2A,DRUG_TARGETS_GENE
CID_895,CAMK2A,DRUG_TARGETS_GENE
CID_841,CAMKK2,DRUG_TARGETS_GENE
CID_2822,CAMP,DRUG_TARGETS_GENE
CID_1245,CASP12,DRUG_TARGETS_GENE
CID_253,CASP3,DRUG_TARGETS_GENE
CID_629,CASP3,DRUG_TARGETS_GENE
CID_1243,CASP3,DRUG_TARGETS_GENE
CID_913,CASP3,DRUG_TARGETS_GENE
CID_2153,CASP3,DRUG_TARGETS_GENE
CID_2192,CASP3,DRUG_TARGETS_GENE
CID_2252,CASP3,DRUG_TARGETS_GENE
CID_2919,CASP3,DRUG_TARGETS_GENE
CID_1976,CASP3,DRUG_TARGETS_GENE
CID_825,CASP3,DRUG_TARGETS_GENE
CID_2726,CASP9,DRUG_TARGETS_GENE
CID_2817,CCL1,DRUG_TARGETS_GENE
CID_3100,CCL1,DRUG_TARGETS_GENE
CID_445,CDH1,DRUG_TARGETS_GENE
CID_1471,CFTR,DRUG_TARGETS_GENE
CID_2949,CHRNA5,DRUG_TARGETS_GENE
CID_1341,CHRNA5,DRUG_TARGETS_GENE
CID_749,CHRNA5,DRUG_TARGETS_GENE
CID_407,CHRNA5,DRUG_TARGETS_GENE
CID_2366,CHRNA7,DRUG_TARGETS_GENE
CID_1037,CHRNA7,DRUG_TARGETS_GENE
CID_2339,CHRNA7,DRUG_TARGETS_GENE
CID_1401,CHRNA7,DRUG_TARGETS_GENE
CID_1638,COL6A3,DRUG_TARGETS_GENE
CID_477,COL6A3,DRUG_TARGETS_GENE
CID_2259,COL6A3,DRUG_TARGETS_GENE
CID_2583,CSF2,DRUG_TARGETS_GENE
CID_2125,CSF2,DRUG_TARGETS_GENE
CID_2809,CXCL8,DRUG_TARGETS_GENE
CID_2254,CXCL8,DRUG_TARGETS_GENE
CID_1467,CXCL8,DRUG_TARGETS_GENE
CID_1226,CXCL8,DRUG_TARGETS_GENE
CID_2874,CXCL8,DRUG_TARGETS_GENE
CID_401,CYP1A1,DRUG_TARGETS_GENE
CID_634,CYP1A1,DRUG_TARGETS_GENE
CID_2988,CYP1A1,DRUG_TARGETS_GENE
CID_513,CYP1A1,DRUG_TARGETS_GENE
CID_754,CYP1A1,DRUG_TARGETS_GENE
CID_2220,DDIT3,DRUG_TARGETS_GENE
CID_2899,DDIT3,DRUG_TARGETS_GENE
CID_1611,EGF,DRUG_TARGETS_GENE
CID_3032,EIF2AK3,DRUG_TARGETS_GENE
CID_1235,ELANE,DRUG_TARGETS_GENE
CID_3078,ELAVL1,DRUG_TARGETS_GENE
CID_1614,FAS,DRUG_TARGETS_GENE
CID_420,FASLG,DRUG_TARGETS_GENE
CID_2326,FOS,DRUG_TARGETS_GENE
CID_1295,HMOX1,DRUG_TARGETS_GENE
CID_2695,HMOX1,DRUG_TARGETS_GENE
CID_2249,HMOX1,DRUG_TARGETS_GENE
CID_1227,HMOX1,DRUG_TARGETS_GENE
CID_262,HSP90B1,DRUG_TARGETS_GENE
CID_2668,HSPA5,DRUG_TARGETS_GENE
CID_914,HSPA5,DRUG_TARGETS_GENE
CID_2742,HSPA5,DRUG_TARGETS_GENE
CID_199,HSPA5,DRUG_TARGETS_GENE
CID_2656,IFNG,DRUG_TARGETS_GENE
CID_748,IFNG,DRUG_TARGETS_GENE
CID_594,IFNG,DRUG_TARGETS_GENE
CID_2458,IL1A,DRUG_TARGETS_GENE
CID_2258,IL1B,DRUG_TARGETS_GENE
CID_2060,IL1B,DRUG_TARGETS_GENE
CID_3054,ITGB2,DRUG_TARGETS_GENE
CID_2013,ITGB2,DRUG_TARGETS_GENE
CID_722,JUN,DRUG_TARGETS_GENE
CID_2729,KLF2,DRUG_TARGETS_GENE
CID_557,MAP3K5,DRUG_TARGETS_GENE
CID_2052,MAPK1,DRUG_TARGETS_GENE
CID_2800,MAPK1,DRUG_TARGETS_GENE
CID_2187,MAPK1,DRUG_TARGETS_GENE
CID_592,MAPK1,DRUG_TARGETS_GENE
CID_2107,MAPK1,DRUG_TARGETS_GENE
CID_3151,MAPK1,DRUG_TARGETS_GENE
CID_1738,MAPK1,DRUG_TARGETS_GENE
CID_2910,MAPK1,DRUG_TARGETS_GENE
CID_2721,MAPK1,DRUG_TARGETS_GENE
CID_166,MAPK1,DRUG_TARGETS_GENE
CID_2917,MAPK1,DRUG_TARGETS_GENE
CID_193,MAPK1,DRUG_TARGETS_GENE
CID_1341,MAPK1,DRUG_TARGETS_GENE
CID_1315,MAPK14,DRUG_TARGETS_GENE
CID_264,MAPK3,DRUG_TARGETS_GENE
CID_1853,MAPK3,DRUG_TARGETS_GENE
CID_318,MAPK3,DRUG_TARGETS_GENE
CID_1864,MAPK3,DRUG_TARGETS_GENE
CID_1491,MAPK3,DRUG_TARGETS_GENE
CID_2338,MAPK3,DRUG_TARGETS_GENE
CID_2709,MAPK3,DRUG_TARGETS_GENE
CID_1998,MAPK3,DRUG_TARGETS_GENE
CID_1828,MAPK3,DRUG_TARGETS_GENE
CID_1045,MAPK3,DRUG_TARGETS_GENE
CID_1040,MAPK3,DRUG_TARGETS_GENE
CID_1242,MAPK3,DRUG_TARGETS_GENE
CID_2198,MAPK8,DRUG_TARGETS_GENE
CID_2067,MAPK8,DRUG_TARGETS_GENE
CID_413,MAPK8,DRUG_TARGETS_GENE
CID_2975,MAPK8,DRUG_TARGETS_GENE
CID_1382,MAPK8,DRUG_TARGETS_GENE
CID_1561,MAPK8,DRUG_TARGETS_GENE
CID_2371,MAPK8,DRUG_TARGETS_GENE
CID_1929,MAPK9,DRUG_TARGETS_GENE
CID_3081,MAPK9,DRUG_TARGETS_GENE
CID_546,MMP1,DRUG_TARGETS_GENE
CID_255,MMP1,DRUG_TARGETS_GENE
CID_2554,MMP13,DRUG_TARGETS_GENE
CID_3149,MMP9,DRUG_TARGETS_GENE
CID_1898,MMP9,DRUG_TARGETS_GENE
CID_1470,MTTP,DRUG_TARGETS_GENE
CID_2760,NDRG1,DRUG_TARGETS_GENE
CID_630,NFAT,DRUG_TARGETS_GENE
CID_590,NOS3,DRUG_TARGETS_GENE
CID_2398,NOS3,DRUG_TARGETS_GENE
CID_3073,NOS3,DRUG_TARGETS_GENE
CID_2929,NOS3,DRUG_TARGETS_GENE
CID_1774,NOS3,DRUG_TARGETS_GENE
CID_1713,NOS3,DRUG_TARGETS_GENE
CID_1830,NOS3,DRUG_TARGETS_GENE
CID_2794,NOS3,DRUG_TARGETS_GENE
CID_2987,NR3C1,DRUG_TARGETS_GENE
CID_1375,P2RY1,DRUG_TARGETS_GENE
CID_179,PARP1,DRUG_TARGETS_GENE
CID_3149,PARP1,DRUG_TARGETS_GENE
CID_375,PARP1,DRUG_TARGETS_GENE
CID_1654,PARP1,DRUG_TARGETS_GENE
CID_1539,PLA2G1B,DRUG_TARGETS_GENE
CID_1000,PLA2G1B,DRUG_TARGETS_GENE
CID_1696,PRKCB,DRUG_TARGETS_GENE
CID_936,PTK2B,DRUG_TARGETS_GENE
CID_2942,RAP1A,DRUG_TARGETS_GENE
CID_656,RELA,DRUG_TARGETS_GENE
CID_1987,RRM1,DRUG_TARGETS_GENE
CID_1878,RRM2,DRUG_TARGETS_GENE
CID_1772,S100A4,DRUG_TARGETS_GENE
CID_1494,S100A4,DRUG_TARGETS_GENE
CID_15,S100A4,DRUG_TARGETS_GENE
CID_668,S100A4,DRUG_TARGETS_GENE
CID_209,S100A4,DRUG_TARGETS_GENE
CID_186,SCN2A,DRUG_TARGETS_GENE
CID_1708,SCN3A,DRUG_TARGETS_GENE
CID_1177,SCT,DRUG_TARGETS_GENE
CID_1361,SIRT1,DRUG_TARGETS_GENE
CID_2897,SIRT1,DRUG_TARGETS_GENE
CID_1158,STAT1,DRUG_TARGETS_GENE
CID_2939,TFEB,DRUG_TARGETS_GENE
CID_2878,TNF,DRUG_TARGETS_GENE
CID_1666,TNF,DRUG_TARGETS_GENE
CID_2084,TNF,DRUG_TARGETS_GENE
CID_2459,VCAM1,DRUG_TARGETS_GENE
CID_822,VEGFA,DRUG_TARGETS_GENE
CID_1633,VEGFA,DRUG_TARGETS_GENE
CID_956,XBP1,DRUG_TARGETS_GENE
CID_1053,AR,DRUG_TARGETS_GENE
CID_2249,CASP3,DRUG_TARGETS_GENE
CID_2853,CASP9,DRUG_TARGETS_GENE
CID_224,CDKN1A,DRUG_TARGETS_GENE
CID_1224,KAT5,DRUG_TARGETS_GENE
CID_1003,KLK3,DRUG_TARGETS_GENE
CID_1183,TP53,DRUG_TARGETS_GENE
CID_233,CHRNA3,DRUG_TARGETS_GENE
CID_1050,CHRNA3,DRUG_TARGETS_GENE
CID_556,CHRNA3,DRUG_TARGETS_GENE
CID_2928,CHRNA3,DRUG_TARGETS_GENE
CID_439,CHRNB2,DRUG_TARGETS_GENE
CID_2388,CHRNB2,DRUG_TARGETS_GENE
CID_1302,CHRNB2,DRUG_TARGETS_GENE
CID_192,CHRNB2,DRUG_TARGETS_GENE
CID_1528,CHRNB4,DRUG_TARGETS_GENE
CID_3015,CHRNB4,DRUG_TARGETS_GENE
CID_2361,ANAPC2,DRUG_TARGETS_GENE
CID_1780,BUB1,DRUG_TARGETS_GENE
CID_3091,CASP2,DRUG_TARGETS_GENE
CID_1767,CASP2,DRUG_TARGETS_GENE
CID_1791,CASP3,DRUG_TARGETS_GENE
CID_222,CASP3,DRUG_TARGETS_GENE
CID_2085,CASP3,DRUG_TARGETS_GENE
CID_267,CASP3,DRUG_TARGETS_GENE
CID_2233,CASP3,DRUG_TARGETS_GENE
CID_204,CASP8,DRUG_TARGETS_GENE
CID_2876,CASP8,DRUG_TARGETS_GENE
CID_3151,CASP8,DRUG_TARGETS_GENE
CID_464,CASP9,DRUG_TARGETS_GENE
CID_2099,CASP9,DRUG_TARGETS_GENE
CID_28,CASP9,DRUG_TARGETS_GENE
CID_1098,CCAR1,DRUG_TARGETS_GENE
CID_930,CCAR1,DRUG_TARGETS_GENE
CID_1380,CCAR1,DRUG_TARGETS_GENE
CID_2370,CCAR1,DRUG_TARGETS_GENE
CID_2920,CCAR1,DRUG_TARGETS_GENE
CID_1369,CCAR1,DRUG_TARGETS_GENE
CID_2899,CCAR1,DRUG_TARGETS_GENE
CID_1288,CCAR1,DRUG_TARGETS_GENE
CID_2122,CCAR1,DRUG_TARGETS_GENE
CID_1950,CCAR1,DRUG_TARGETS_GENE
CID_417,CCAR1,DRUG_TARGETS_GENE
CID_1544,CCAR1,DRUG_TARGETS_GENE
CID_3149,CCAR1,DRUG_TARGETS_GENE
CID_2763,CCNB1,DRUG_TARGETS_GENE
CID_1714,CCNB1,DRUG_TARGETS_GENE
CID_2331,CCNE1,DRUG_TARGETS_GENE
CID_1463,CCNE2,DRUG_TARGETS_GENE
CID_426,CDC20,DRUG_TARGETS_GENE
CID_2360,CDC20,DRUG_TARGETS_GENE
CID_2616,CDC42,DRUG_TARGETS_GENE
CID_2355,CDH1,DRUG_TARGETS_GENE
CID_1019,CDKN1A,DRUG_TARGETS_GENE
CID_2997,CDKN1B,DRUG_TARGETS_GENE
CID_1508,CLDN3,DRUG_TARGETS_GENE
CID_852,CLDN7,DRUG_TARGETS_GENE
CID_2010,DDR1,DRUG_TARGETS_GENE
CID_2611,DDX1,DRUG_TARGETS_GENE
CID_1944,E2F2,DRUG_TARGETS_GENE
CID_2119,EFNB2,DRUG_TARGETS_GENE
CID_1708,EGFR,DRUG_TARGETS_GENE
CID_2902,EPCAM,DRUG_TARGETS_GENE
CID_2153,H2AX,DRUG_TARGETS_GENE
CID_2704,H2AX,DRUG_TARGETS_GENE
CID_2827,H2AX,DRUG_TARGETS_GENE
CID_2012,H2AX,DRUG_TARGETS_GENE
CID_131,IKBKG,DRUG_TARGETS_GENE
CID_1868,IKBKG,DRUG_TARGETS_GENE
CID_856,MAPK13,DRUG_TARGETS_GENE
CID_1243,MMP1,DRUG_TARGETS_GENE
CID_536,MMP10,DRUG_TARGETS_GENE
CID_543,MMP10,DRUG_TARGETS_GENE
CID_1927,MMP2,DRUG_TARGETS_GENE
CID_2365,MMP7,DRUG_TARGETS_GENE
CID_1454,MMP9,DRUG_TARGETS_GENE
CID_2267,MUC1,DRUG_TARGETS_GENE
CID_1571,MYC,DRUG_TARGETS_GENE
CID_799,NFKBIA,DRUG_TARGETS_GENE
CID_1105,NFKBIB,DRUG_TARGETS_GENE
CID_1748,NFKBIB,DRUG_TARGETS_GENE
CID_1503,NTF3,DRUG_TARGETS_GENE
CID_624,NTF3,DRUG_TARGETS_GENE
CID_2200,NTF3,DRUG_TARGETS_GENE
CID_963,PARP1,DRUG_TARGETS_GENE
CID_957,PARP1,DRUG_TARGETS_GENE
CID_1231,RAC1,DRUG_TARGETS_GENE
CID_1100,RAC1,DRUG_TARGETS_GENE
CID_680,RELA,DRUG_TARGETS_GENE
CID_2133,RELA,DRUG_TARGETS_GENE
CID_2817,RIPK4,DRUG_TARGETS_GENE
CID_696,SKP2,DRUG_TARGETS_GENE
CID_2404,TNFRSF9,DRUG_TARGETS_GENE
CID_1556,TNIP1,DRUG_TARGETS_GENE
CID_2340,TNIP1,DRUG_TARGETS_GENE
CID_115,TNIP2,DRUG_TARGETS_GENE
CID_967,TNIP2,DRUG_TARGETS_GENE
CID_491,TOP2B,DRUG_TARGETS_GENE
CID_264,WDR1,DRUG_TARGETS_GENE
CID_473,HIF1A,DRUG_TARGETS_GENE
CID_3144,HIF1A,DRUG_TARGETS_GENE
CID_873,MGMT,DRUG_TARGETS_GENE
CID_1666,AKR1C1,DRUG_TARGETS_GENE
CID_874,AKR1C3,DRUG_TARGETS_GENE
CID_78,AR,DRUG_TARGETS_GENE
CID_488,CASP3,DRUG_TARGETS_GENE
CID_1246,CASP8,DRUG_TARGETS_GENE
CID_1787,CASP9,DRUG_TARGETS_GENE
CID_590,DIABLO,DRUG_TARGETS_GENE
CID_2021,GCLC,DRUG_TARGETS_GENE
CID_2775,IL6,DRUG_TARGETS_GENE
CID_1841,KEAP1,DRUG_TARGETS_GENE
CID_356,NFE2L2,DRUG_TARGETS_GENE
CID_2027,NFE2L2,DRUG_TARGETS_GENE
CID_2452,NFE2L2,DRUG_TARGETS_GENE
CID_2394,NQO1,DRUG_TARGETS_GENE
CID_1253,CNR1,DRUG_TARGETS_GENE
CID_1399,CNR1,DRUG_TARGETS_GENE
CID_187,CNR2,DRUG_TARGETS_GENE
CID_2250,CNR2,DRUG_TARGETS_GENE
CID_1725,PRKCA,DRUG_TARGETS_GENE
CID_1517,PRKCB,DRUG_TARGETS_GENE
CID_3007,PRKCD,DRUG_TARGETS_GENE
CID_129,PRKD1,DRUG_TARGETS_GENE
CID_2536,SOD2,DRUG_TARGETS_GENE
CID_2712,SOD2,DRUG_TARGETS_GENE
CID_3174,GSK3B,DRUG_TARGETS_GENE
CID_641,GSK3B,DRUG_TARGETS_GENE
CID_2504,MAPT,DRUG_TARGETS_GENE
CID_2191,MAPT,DRUG_TARGETS_GENE
CID_1407,MAPT,DRUG_TARGETS_GENE
CID_1837,AKR1B10,DRUG_TARGETS_GENE
CID_2509,AKR1C2,DRUG_TARGETS_GENE
CID_2112,ASF1A,DRUG_TARGETS_GENE
CID_2211,GCLC,DRUG_TARGETS_GENE
CID_135,GCLM,DRUG_TARGETS_GENE
CID_2586,GPAT3,DRUG_TARGETS_GENE
CID_571,LIF,DRUG_TARGETS_GENE
CID_2525,SLC7A11,DRUG_TARGETS_GENE
CID_2096,SQSTM1,DRUG_TARGETS_GENE
CID_2346,SRXN1,DRUG_TARGETS_GENE
CID_186,CAT,DRUG_TARGETS_GENE
CID_652,GPR75-ASB3,DRUG_TARGETS_GENE
CID_91,KDM4C,DRUG_TARGETS_GENE
CID_679,MPO,DRUG_TARGETS_GENE
CID_1657,MPO,DRUG_TARGETS_GENE
CID_2741,H2AX,DRUG_TARGETS_GENE
CID_2710,KRAS,DRUG_TARGETS_GENE
CID_1141,KRAS,DRUG_TARGETS_GENE
CID_1889,MYC,DRUG_TARGETS_GENE
CID_1415,MYC,DRUG_TARGETS_GENE
CID_2519,TOP1,DRUG_TARGETS_GENE
CID_684,ATF3,DRUG_TARGETS_GENE
CID_3182,CXCL8,DRUG_TARGETS_GENE
CID_2171,DNAJB4,DRUG_TARGETS_GENE
CID_220,GCLM,DRUG_TARGETS_GENE
CID_1212,HMOX1,DRUG_TARGETS_GENE
CID_51,HSPA6,DRUG_TARGETS_GENE
CID_1973,IL18,DRUG_TARGETS_GENE
CID_1190,IL1B,DRUG_TARGETS_GENE
CID_592,GSTA1,DRUG_TARGETS_GENE
CID_2879,GSTA1,DRUG_TARGETS_GENE
CID_1217,GSTP1,DRUG_TARGETS_GENE
CID_2707,GSTP1,DRUG_TARGETS_GENE
CID_478,AR,DRUG_TARGETS_GENE
CID_2164,AR,DRUG_TARGETS_GENE
CID_988,AR,DRUG_TARGETS_GENE
CID_1702,AR,DRUG_TARGETS_GENE
CID_1407,AR,DRUG_TARGETS_GENE
CID_704,AR,DRUG_TARGETS_GENE
CID_2419,AR,DRUG_TARGETS_GENE
CID_877,AR,DRUG_TARGETS_GENE
CID_337,AR,DRUG_TARGETS_GENE
CID_2258,AR,DRUG_TARGETS_GENE
CID_2838,AR,DRUG_TARGETS_GENE
CID_1862,AR,DRUG_TARGETS_GENE
CID_3019,AR,DRUG_TARGETS_GENE
CID_2331,AR,DRUG_TARGETS_GENE
CID_1830,CYP11A1,DRUG_TARGETS_GENE
CID_2313,CYP17A1,DRUG_TARGETS_GENE
CID_2117,FOLH1,DRUG_TARGETS_GENE
CID_2143,FOLH1,DRUG_TARGETS_GENE
CID_642,FOLH1,DRUG_TARGETS_GENE
CID_217,KLK3,DRUG_TARGETS_GENE
CID_2752,KLK3,DRUG_TARGETS_GENE
CID_2627,KLK3,DRUG_TARGETS_GENE
CID_1319,KLK3,DRUG_TARGETS_GENE
CID_116,KLK3,DRUG_TARGETS_GENE
CID_2003,KLK3,DRUG_TARGETS_GENE
CID_1237,KLK3,DRUG_TARGETS_GENE
CID_2124,KLK3,DRUG_TARGETS_GENE
CID_1517,KLK3,DRUG_TARGETS_GENE
CID_2484,KLK3,DRUG_TARGETS_GENE
CID_2442,LCP1,DRUG_TARGETS_GENE
CID_1885,LCP1,DRUG_TARGETS_GENE
CID_2991,MSMB,DRUG_TARGETS_GENE
CID_2918,MSMB,DRUG_TARGETS_GENE
CID_1266,SRD5A1,DRUG_TARGETS_GENE
CID_8,STAR,DRUG_TARGETS_GENE
CID_2476,CYP2E1,DRUG_TARGETS_GENE
CID_2361,PIGA,DRUG_TARGETS_GENE
CID_2252,PIGA,DRUG_TARGETS_GENE
CID_462,PNLIP,DRUG_TARGETS_GENE
CID_2334,CEACAM7,DRUG_TARGETS_GENE
CID_2727,CPA3,DRUG_TARGETS_GENE
CID_1141,CXCL9,DRUG_TARGETS_GENE
CID_2473,DUSP1,DRUG_TARGETS_GENE
CID_2971,EDNRB,DRUG_TARGETS_GENE
CID_2207,GLRX,DRUG_TARGETS_GENE
CID_3095,RPA1,DRUG_TARGETS_GENE
CID_1368,RPL6,DRUG_TARGETS_GENE
CID_1348,HIF1A,DRUG_TARGETS_GENE
CID_841,HIF1A,DRUG_TARGETS_GENE
CID_77,PDK1,DRUG_TARGETS_GENE
CID_81,SLC2A1,DRUG_TARGETS_GENE
CID_1348,VEGFA,DRUG_TARGETS_GENE
CID_2516,UGT2A1,DRUG_TARGETS_GENE
CID_2873,AKT1,DRUG_TARGETS_GENE
CID_2255,CCND2,DRUG_TARGETS_GENE
CID_434,CCND2,DRUG_TARGETS_GENE
CID_2994,CCND3,DRUG_TARGETS_GENE
CID_2887,CCNE1,DRUG_TARGETS_GENE
CID_2052,CDK4,DRUG_TARGETS_GENE
CID_1207,CDK6,DRUG_TARGETS_GENE
CID_3154,CDKN1A,DRUG_TARGETS_GENE
CID_1400,E2F1,DRUG_TARGETS_GENE
CID_2933,MAPK1,DRUG_TARGETS_GENE
CID_798,MAPK3,DRUG_TARGETS_GENE
CID_677,ND1,DRUG_TARGETS_GENE
CID_3019,ND1,DRUG_TARGETS_GENE
CID_341,RB1,DRUG_TARGETS_GENE
CID_2975,TP53,DRUG_TARGETS_GENE
CID_690,NR1I3,DRUG_TARGETS_GENE
CID_243,AGT,DRUG_TARGETS_GENE
CID_2031,ATF4,DRUG_TARGETS_GENE
CID_2894,BAD,DRUG_TARGETS_GENE
CID_2396,BAX,DRUG_TARGETS_GENE
CID_1098,BCL2,DRUG_TARGETS_GENE
CID_1937,BECN1,DRUG_TARGETS_GENE
CID_2893,BECN1,DRUG_TARGETS_GENE
CID_2425,BECN1,DRUG_TARGETS_GENE
CID_1552,CASP3,DRUG_TARGETS_GENE
CID_2660,CASP3,DRUG_TARGETS_GENE
CID_2304,CASP3,DRUG_TARGETS_GENE
CID_2954,CASP3,DRUG_TARGETS_GENE
CID_1054,CASP3,DRUG_TARGETS_GENE
CID_628,CASP8,DRUG_TARGETS_GENE
CID_1318,CASP9,DRUG_TARGETS_GENE
CID_353,CASP9,DRUG_TARGETS_GENE
CID_3143,CASP9,DRUG_TARGETS_GENE
CID_1017,CASP9,DRUG_TARGETS_GENE
CID_1412,CASP9,DRUG_TARGETS_GENE
CID_1671,CCL2,DRUG_TARGETS_GENE
CID_1541,CDH1,DRUG_TARGETS_GENE
CID_989,CDK2,DRUG_TARGETS_GENE
CID_775,CDKN1A,DRUG_TARGETS_GENE
CID_3141,CTSB,DRUG_TARGETS_GENE
CID_933,CXCL1,DRUG_TARGETS_GENE
CID_1314,FN1,DRUG_TARGETS_GENE
CID_2202,FN1,DRUG_TARGETS_GENE
CID_1026,FN1,DRUG_TARGETS_GENE
CID_1242,H2AX,DRUG_TARGETS_GENE
CID_168,H2AX,DRUG_TARGETS_GENE
CID_80,HIF1A,DRUG_TARGETS_GENE
CID_1346,HMOX1,DRUG_TARGETS_GENE
CID_1700,HMOX1,DRUG_TARGETS_GENE
CID_2135,HMOX1,DRUG_TARGETS_GENE
CID_1793,HMOX1,DRUG_TARGETS_GENE
CID_1370,HMOX1,DRUG_TARGETS_GENE
CID_2652,IGF1,DRUG_TARGETS_GENE
CID_1214,IGF1,DRUG_TARGETS_GENE
CID_2096,IGF1,DRUG_TARGETS_GENE
CID_768,IGF1,DRUG_TARGETS_GENE
CID_842,IL1B,DRUG_TARGETS_GENE
CID_1551,IL24,DRUG_TARGETS_GENE
CID_1875,IL6,DRUG_TARGETS_GENE
CID_2849,IRS1,DRUG_TARGETS_GENE
CID_85,JAK2,DRUG_TARGETS_GENE
CID_2102,JUN,DRUG_TARGETS_GENE
CID_461,MAPK1,DRUG_TARGETS_GENE
CID_264,MAPK1,DRUG_TARGETS_GENE
CID_378,MAPK1,DRUG_TARGETS_GENE
CID_1865,MAPK3,DRUG_TARGETS_GENE
CID_1785,MAPK3,DRUG_TARGETS_GENE
CID_2573,MAPK3,DRUG_TARGETS_GENE
CID_715,MMP1,DRUG_TARGETS_GENE
CID_3175,MMP9,DRUG_TARGETS_GENE
CID_2191,MRTFA,DRUG_TARGETS_GENE
CID_866,NDRG1,DRUG_TARGETS_GENE
CID_2395,NDRG1,DRUG_TARGETS_GENE
CID_2928,NFE2L2,DRUG_TARGETS_GENE
CID_1826,NFKB1,DRUG_TARGETS_GENE
CID_2516,NOS3,DRUG_TARGETS_GENE
CID_785,PARP1,DRUG_TARGETS_GENE
CID_1978,PARP1,DRUG_TARGETS_GENE
CID_1148,PLK4,DRUG_TARGETS_GENE
CID_2095,PMAIP1,DRUG_TARGETS_GENE
CID_631,RELA,DRUG_TARGETS_GENE
CID_585,RHOA,DRUG_TARGETS_GENE
CID_516,SOD2,DRUG_TARGETS_GENE
CID_1995,SOD2,DRUG_TARGETS_GENE
CID_297,TGFB1,DRUG_TARGETS_GENE
CID_1578,TGFB1,DRUG_TARGETS_GENE
CID_343,VCAM1,DRUG_TARGETS_GENE
CID_712,CAT,DRUG_TARGETS_GENE
CID_635,GCLC,DRUG_TARGETS_GENE
CID_38,HMOX1,DRUG_TARGETS_GENE
CID_2946,HMOX1,DRUG_TARGETS_GENE
CID_1533,NFE2L2,DRUG_TARGETS_GENE
CID_2459,NFE2L2,DRUG_TARGETS_GENE
CID_1507,NFE2L2,DRUG_TARGETS_GENE
CID_263,SLC7A11,DRUG_TARGETS_GENE
CID_1161,SLC7A11,DRUG_TARGETS_GENE
CID_330,TOP2A,DRUG_TARGETS_GENE
CID_310,TOP2B,DRUG_TARGETS_GENE
CID_1956,CYP3A4,DRUG_TARGETS_GENE
CID_877,PON1,DRUG_TARGETS_GENE
CID_2430,H2AX,DRUG_TARGETS_GENE
CID_64,CYP1A2,DRUG_TARGETS_GENE
CID_2344,IYD,DRUG_TARGETS_GENE
CID_722,CASP3,DRUG_TARGETS_GENE
CID_964,CASP3,DRUG_TARGETS_GENE
CID_2052,CASP3,DRUG_TARGETS_GENE
CID_3159,CASP3,DRUG_TARGETS_GENE
CID_2913,CASP9,DRUG_TARGETS_GENE
CID_800,CASP9,DRUG_TARGETS_GENE
CID_2573,CASP9,DRUG_TARGETS_GENE
CID_3103,CAT,DRUG_TARGETS_GENE
CID_2004,CAT,DRUG_TARGETS_GENE
CID_1022,CAT,DRUG_TARGETS_GENE
CID_2894,CAT,DRUG_TARGETS_GENE
CID_2601,CAT,DRUG_TARGETS_GENE
CID_1889,CAT,DRUG_TARGETS_GENE
CID_1337,EGF,DRUG_TARGETS_GENE
CID_2579,EGF,DRUG_TARGETS_GENE
CID_1866,EGF,DRUG_TARGETS_GENE
CID_334,EGF,DRUG_TARGETS_GENE
CID_1305,EGF,DRUG_TARGETS_GENE
CID_878,EGF,DRUG_TARGETS_GENE
CID_138,EGF,DRUG_TARGETS_GENE
CID_2762,EGF,DRUG_TARGETS_GENE
CID_223,EGF,DRUG_TARGETS_GENE
CID_1638,EGF,DRUG_TARGETS_GENE
CID_1837,EGF,DRUG_TARGETS_GENE
CID_1802,EGF,DRUG_TARGETS_GENE
CID_866,EGF,DRUG_TARGETS_GENE
CID_3093,EGF,DRUG_TARGETS_GENE
CID_613,EGF,DRUG_TARGETS_GENE
CID_1815,EGF,DRUG_TARGETS_GENE
CID_2400,EGF,DRUG_TARGETS_GENE
CID_1226,EGF,DRUG_TARGETS_GENE
CID_2788,EGF,DRUG_TARGETS_GENE
CID_1388,EGF,DRUG_TARGETS_GENE
CID_1005,EGF,DRUG_TARGETS_GENE
CID_1592,EGF,DRUG_TARGETS_GENE
CID_1260,EGF,DRUG_TARGETS_GENE
CID_1750,EGF,DRUG_TARGETS_GENE
CID_2828,EGF,DRUG_TARGETS_GENE
CID_2205,EGF,DRUG_TARGETS_GENE
CID_30,EGF,DRUG_TARGETS_GENE
CID_1021,EGF,DRUG_TARGETS_GENE
CID_2539,EGF,DRUG_TARGETS_GENE
CID_1509,EGF,DRUG_TARGETS_GENE
CID_2917,EGF,DRUG_TARGETS_GENE
CID_2705,EGF,DRUG_TARGETS_GENE
CID_1274,MKI67,DRUG_TARGETS_GENE
CID_1841,MKI67,DRUG_TARGETS_GENE
CID_464,MKI67,DRUG_TARGETS_GENE
CID_273,MKI67,DRUG_TARGETS_GENE
CID_434,MKI67,DRUG_TARGETS_GENE
CID_903,MKI67,DRUG_TARGETS_GENE
CID_2190,MKI67,DRUG_TARGETS_GENE
CID_2906,SOD2,DRUG_TARGETS_GENE
CID_495,SOD2,DRUG_TARGETS_GENE
CID_850,SOD2,DRUG_TARGETS_GENE
CID_415,TP53,DRUG_TARGETS_GENE
CID_1174,TP53,DRUG_TARGETS_GENE
CID_2396,TP53,DRUG_TARGETS_GENE
CID_2832,SOD1,DRUG_TARGETS_GENE
CID_740,SOD1,DRUG_TARGETS_GENE
CID_2767,PON1,DRUG_TARGETS_GENE
CID_1821,PON1,DRUG_TARGETS_GENE
CID_3164,PON1,DRUG_TARGETS_GENE
CID_708,CXCL8,DRUG_TARGETS_GENE
CID_1240,IL6,DRUG_TARGETS_GENE
CID_36,PRNP,DRUG_TARGETS_GENE
CID_1996,PRNP,DRUG_TARGETS_GENE
CID_2870,PON1,DRUG_TARGETS_GENE
CID_2318,CASP3,DRUG_TARGETS_GENE
CID_2718,CASP3,DRUG_TARGETS_GENE
CID_97,CASP3,DRUG_TARGETS_GENE
CID_701,CASP3,DRUG_TARGETS_GENE
CID_361,CASP9,DRUG_TARGETS_GENE
CID_769,CASP9,DRUG_TARGETS_GENE
CID_325,CASP9,DRUG_TARGETS_GENE
CID_289,CAT,DRUG_TARGETS_GENE
CID_704,CAT,DRUG_TARGETS_GENE
CID_292,CAT,DRUG_TARGETS_GENE
CID_2097,CAT,DRUG_TARGETS_GENE
CID_2205,CAT,DRUG_TARGETS_GENE
CID_3156,CAT,DRUG_TARGETS_GENE
CID_1615,EGF,DRUG_TARGETS_GENE
CID_204,EGF,DRUG_TARGETS_GENE
CID_63,EGF,DRUG_TARGETS_GENE
CID_1797,EGF,DRUG_TARGETS_GENE
CID_482,EGF,DRUG_TARGETS_GENE
CID_1348,EGF,DRUG_TARGETS_GENE
CID_1448,EGF,DRUG_TARGETS_GENE
CID_1725,EGF,DRUG_TARGETS_GENE
CID_2922,EGF,DRUG_TARGETS_GENE
CID_641,EGF,DRUG_TARGETS_GENE
CID_1602,EGF,DRUG_TARGETS_GENE
CID_1249,EGF,DRUG_TARGETS_GENE
CID_2127,EGF,DRUG_TARGETS_GENE
CID_708,EGF,DRUG_TARGETS_GENE
CID_1907,EGF,DRUG_TARGETS_GENE
CID_1742,EGF,DRUG_TARGETS_GENE
CID_435,EGF,DRUG_TARGETS_GENE
CID_93,EGF,DRUG_TARGETS_GENE
CID_872,EGF,DRUG_TARGETS_GENE
CID_1970,EGF,DRUG_TARGETS_GENE
CID_1991,EGF,DRUG_TARGETS_GENE
CID_1587,EGF,DRUG_TARGETS_GENE
CID_1842,EGF,DRUG_TARGETS_GENE
CID_3058,EGF,DRUG_TARGETS_GENE
CID_261,EGF,DRUG_TARGETS_GENE
CID_120,EGF,DRUG_TARGETS_GENE
CID_1612,EGF,DRUG_TARGETS_GENE
CID_2574,EGF,DRUG_TARGETS_GENE
CID_818,EGF,DRUG_TARGETS_GENE
CID_2425,EGF,DRUG_TARGETS_GENE
CID_557,EGF,DRUG_TARGETS_GENE
CID_2374,EGF,DRUG_TARGETS_GENE
CID_2108,MKI67,DRUG_TARGETS_GENE
CID_2056,MKI67,DRUG_TARGETS_GENE
CID_2653,MKI67,DRUG_TARGETS_GENE
CID_1226,MKI67,DRUG_TARGETS_GENE
CID_1,MKI67,DRUG_TARGETS_GENE
CID_1092,MKI67,DRUG_TARGETS_GENE
CID_3071,SOD2,DRUG_TARGETS_GENE
CID_1491,SOD2,DRUG_TARGETS_GENE
CID_3003,SOD2,DRUG_TARGETS_GENE
CID_456,TP53,DRUG_TARGETS_GENE
CID_1065,TP53,DRUG_TARGETS_GENE
CID_368,TP53,DRUG_TARGETS_GENE
CID_2635,CASP3,DRUG_TARGETS_GENE
CID_2993,CASP3,DRUG_TARGETS_GENE
CID_20,CASP3,DRUG_TARGETS_GENE
CID_2661,CASP3,DRUG_TARGETS_GENE
CID_1785,CASP9,DRUG_TARGETS_GENE
CID_2763,CASP9,DRUG_TARGETS_GENE
CID_448,CAT,DRUG_TARGETS_GENE
CID_2693,CAT,DRUG_TARGETS_GENE
CID_1506,CAT,DRUG_TARGETS_GENE
CID_176,CAT,DRUG_TARGETS_GENE
CID_2,CAT,DRUG_TARGETS_GENE
CID_2872,CAT,DRUG_TARGETS_GENE
CID_492,EGF,DRUG_TARGETS_GENE
CID_2769,EGF,DRUG_TARGETS_GENE
CID_1806,EGF,DRUG_TARGETS_GENE
CID_1458,EGF,DRUG_TARGETS_GENE
CID_1018,EGF,DRUG_TARGETS_GENE
CID_673,EGF,DRUG_TARGETS_GENE
CID_724,EGF,DRUG_TARGETS_GENE
CID_1464,EGF,DRUG_TARGETS_GENE
CID_1735,EGF,DRUG_TARGETS_GENE
CID_1873,EGF,DRUG_TARGETS_GENE
CID_635,EGF,DRUG_TARGETS_GENE
CID_2719,EGF,DRUG_TARGETS_GENE
CID_1707,EGF,DRUG_TARGETS_GENE
CID_1301,EGF,DRUG_TARGETS_GENE
CID_1378,EGF,DRUG_TARGETS_GENE
CID_2546,EGF,DRUG_TARGETS_GENE
CID_1722,EGF,DRUG_TARGETS_GENE
CID_2563,EGF,DRUG_TARGETS_GENE
CID_1820,EGF,DRUG_TARGETS_GENE
CID_2858,EGF,DRUG_TARGETS_GENE
CID_968,EGF,DRUG_TARGETS_GENE
CID_1533,EGF,DRUG_TARGETS_GENE
CID_855,EGF,DRUG_TARGETS_GENE
CID_177,EGF,DRUG_TARGETS_GENE
CID_2319,EGF,DRUG_TARGETS_GENE
CID_105,EGF,DRUG_TARGETS_GENE
CID_1872,EGF,DRUG_TARGETS_GENE
CID_2215,EGF,DRUG_TARGETS_GENE
CID_2795,EGF,DRUG_TARGETS_GENE
CID_2648,EGF,DRUG_TARGETS_GENE
CID_2226,EGF,DRUG_TARGETS_GENE
CID_2990,EGF,DRUG_TARGETS_GENE
CID_3090,MKI67,DRUG_TARGETS_GENE
CID_1114,MKI67,DRUG_TARGETS_GENE
CID_1081,MKI67,DRUG_TARGETS_GENE
CID_1222,MKI67,DRUG_TARGETS_GENE
CID_1393,MKI67,DRUG_TARGETS_GENE
CID_847,MKI67,DRUG_TARGETS_GENE
CID_1710,MKI67,DRUG_TARGETS_GENE
CID_3136,SOD2,DRUG_TARGETS_GENE
CID_1926,SOD2,DRUG_TARGETS_GENE
CID_2188,SOD2,DRUG_TARGETS_GENE
CID_2463,TP53,DRUG_TARGETS_GENE
CID_2751,TP53,DRUG_TARGETS_GENE
CID_706,TP53,DRUG_TARGETS_GENE
CID_2517,GCLC,DRUG_TARGETS_GENE
CID_1216,GSR,DRUG_TARGETS_GENE
CID_1282,GSR,DRUG_TARGETS_GENE
CID_1032,IVL,DRUG_TARGETS_GENE
CID_1376,NQO1,DRUG_TARGETS_GENE
CID_382,NQO1,DRUG_TARGETS_GENE
CID_2222,NQO1,DRUG_TARGETS_GENE
CID_1691,PTGR1,DRUG_TARGETS_GENE
CID_2141,TXNRD1,DRUG_TARGETS_GENE
CID_1339,GSTT1,DRUG_TARGETS_GENE
CID_3087,GSTT1,DRUG_TARGETS_GENE
CID_1096,GSTT1,DRUG_TARGETS_GENE
CID_641,SLC6A2,DRUG_TARGETS_GENE
CID_2315,GPX1,DRUG_TARGETS_GENE
CID_2124,GPX4,DRUG_TARGETS_GENE
CID_1438,ALOX12,DRUG_TARGETS_GENE
CID_279,ALOX12,DRUG_TARGETS_GENE
CID_1281,ALOX12,DRUG_TARGETS_GENE
CID_2879,ALOX12,DRUG_TARGETS_GENE
CID_2039,ALOX12,DRUG_TARGETS_GENE
CID_783,ALOX12,DRUG_TARGETS_GENE
CID_2110,APP,DRUG_TARGETS_GENE
CID_2428,APP,DRUG_TARGETS_GENE
CID_37,APP,DRUG_TARGETS_GENE
CID_2593,APP,DRUG_TARGETS_GENE
CID_2950,EPHX2,DRUG_TARGETS_GENE
CID_536,HSD11B2,DRUG_TARGETS_GENE
CID_2095,HSD11B2,DRUG_TARGETS_GENE
CID_2085,HSD11B2,DRUG_TARGETS_GENE
CID_470,HSD11B2,DRUG_TARGETS_GENE
CID_983,HSD11B2,DRUG_TARGETS_GENE
CID_2145,HSD11B2,DRUG_TARGETS_GENE
CID_3159,HSD11B2,DRUG_TARGETS_GENE
CID_2512,MAPK1,DRUG_TARGETS_GENE
CID_984,MAPK3,DRUG_TARGETS_GENE
CID_881,NFKB1,DRUG_TARGETS_GENE
CID_901,NPPA,DRUG_TARGETS_GENE
CID_3150,NPPB,DRUG_TARGETS_GENE
CID_118,RELA,DRUG_TARGETS_GENE
CID_1268,VEGFA,DRUG_TARGETS_GENE
CID_1189,VEGFA,DRUG_TARGETS_GENE
CID_3134,PTGS1,DRUG_TARGETS_GENE
CID_2790,PTGS1,DRUG_TARGETS_GENE
CID_3059,TBXAS1,DRUG_TARGETS_GENE
CID_2009,ADH5,DRUG_TARGETS_GENE
CID_1926,ADH5,DRUG_TARGETS_GENE
CID_1874,CYP4V2,DRUG_TARGETS_GENE
CID_788,CYP4V2,DRUG_TARGETS_GENE
CID_2292,CYB5A,DRUG_TARGETS_GENE
CID_174,CYP2C19,DRUG_TARGETS_GENE
CID_1223,CYP2C9,DRUG_TARGETS_GENE
CID_354,CYP2D6,DRUG_TARGETS_GENE
CID_2941,CYP2E1,DRUG_TARGETS_GENE
CID_3139,CYP3A4,DRUG_TARGETS_GENE
CID_1406,CYP3A4,DRUG_TARGETS_GENE
CID_1750,CYP3A4,DRUG_TARGETS_GENE
CID_677,CYP3A4,DRUG_TARGETS_GENE
CID_893,CYP3A4,DRUG_TARGETS_GENE
CID_297,POR,DRUG_TARGETS_GENE
CID_330,POR,DRUG_TARGETS_GENE
CID_1240,TP53,DRUG_TARGETS_GENE
CID_2421,GABRR1,DRUG_TARGETS_GENE
CID_1930,ABCA1,DRUG_TARGETS_GENE
CID_3184,ABCG1,DRUG_TARGETS_GENE
CID_725,APOA1,DRUG_TARGETS_GENE
CID_754,APOA1,DRUG_TARGETS_GENE
CID_810,APOA1,DRUG_TARGETS_GENE
CID_2808,APOA1,DRUG_TARGETS_GENE
CID_2350,APOA1,DRUG_TARGETS_GENE
CID_2976,COL1A1,DRUG_TARGETS_GENE
CID_1871,LEP,DRUG_TARGETS_GENE
CID_2880,LEP,DRUG_TARGETS_GENE
CID_529,MAPK1,DRUG_TARGETS_GENE
CID_1398,MAPK3,DRUG_TARGETS_GENE
CID_2041,HTR1A,DRUG_TARGETS_GENE
CID_1132,GABRA1,DRUG_TARGETS_GENE
CID_220,GABRB2,DRUG_TARGETS_GENE
CID_1359,GABRG2,DRUG_TARGETS_GENE
CID_2700,CYP1A2,DRUG_TARGETS_GENE
CID_2481,CYP2C9,DRUG_TARGETS_GENE
CID_570,CYP2D6,DRUG_TARGETS_GENE
CID_64,CYP3A4,DRUG_TARGETS_GENE
CID_2327,NR1I2,DRUG_TARGETS_GENE
CID_2499,HCRTR1,DRUG_TARGETS_GENE
CID_309,CNR1,DRUG_TARGETS_GENE
CID_1119,CNR1,DRUG_TARGETS_GENE
CID_2066,CNR2,DRUG_TARGETS_GENE
CID_1162,CNR2,DRUG_TARGETS_GENE
CID_2397,GPR55,DRUG_TARGETS_GENE
CID_202,AHR,DRUG_TARGETS_GENE
CID_1884,AKR1A1,DRUG_TARGETS_GENE
CID_2241,AKR1B1,DRUG_TARGETS_GENE
CID_567,AKR7A2,DRUG_TARGETS_GENE
CID_2946,AKT1,DRUG_TARGETS_GENE
CID_424,CAT,DRUG_TARGETS_GENE
CID_307,CAT,DRUG_TARGETS_GENE
CID_2824,CAT,DRUG_TARGETS_GENE
CID_2759,CBR1,DRUG_TARGETS_GENE
CID_1944,CREB1,DRUG_TARGETS_GENE
CID_2444,CXCL8,DRUG_TARGETS_GENE
CID_1489,CXCL8,DRUG_TARGETS_GENE
CID_3002,CYP1A1,DRUG_TARGETS_GENE
CID_977,CYP1A1,DRUG_TARGETS_GENE
CID_2670,DCXR,DRUG_TARGETS_GENE
CID_2760,DCXR,DRUG_TARGETS_GENE
CID_2996,DHRS7,DRUG_TARGETS_GENE
CID_513,EGFR,DRUG_TARGETS_GENE
CID_734,EGFR,DRUG_TARGETS_GENE
CID_601,EGFR,DRUG_TARGETS_GENE
CID_2452,EGFR,DRUG_TARGETS_GENE
CID_127,FOS,DRUG_TARGETS_GENE
CID_2561,FOS,DRUG_TARGETS_GENE
CID_1031,FOS,DRUG_TARGETS_GENE
CID_716,GAPDH,DRUG_TARGETS_GENE
CID_1068,GAPDH,DRUG_TARGETS_GENE
CID_827,GAPDH,DRUG_TARGETS_GENE
CID_1251,GAPDH,DRUG_TARGETS_GENE
CID_2719,HMOX1,DRUG_TARGETS_GENE
CID_1155,HMOX1,DRUG_TARGETS_GENE
CID_856,MAPK1,DRUG_TARGETS_GENE
CID_894,MAPK1,DRUG_TARGETS_GENE
CID_90,MAPK1,DRUG_TARGETS_GENE
CID_2889,MAPK1,DRUG_TARGETS_GENE
CID_371,MAPK1,DRUG_TARGETS_GENE
CID_117,MAPK1,DRUG_TARGETS_GENE
CID_1934,MAPK1,DRUG_TARGETS_GENE
CID_2694,MAPK3,DRUG_TARGETS_GENE
CID_1682,MAPK3,DRUG_TARGETS_GENE
CID_2905,MAPK3,DRUG_TARGETS_GENE
CID_2218,MAPK3,DRUG_TARGETS_GENE
CID_2695,MAPK3,DRUG_TARGETS_GENE
CID_2191,MAPK3,DRUG_TARGETS_GENE
CID_1263,MAPK3,DRUG_TARGETS_GENE
CID_2708,NFE2L2,DRUG_TARGETS_GENE
CID_849,PRDX6,DRUG_TARGETS_GENE
CID_2849,PTGS2,DRUG_TARGETS_GENE
CID_1082,PTGS2,DRUG_TARGETS_GENE
CID_254,PTPN1,DRUG_TARGETS_GENE
CID_941,PTPN1,DRUG_TARGETS_GENE
CID_3048,TOP2A,DRUG_TARGETS_GENE
CID_165,TOP2A,DRUG_TARGETS_GENE
CID_1948,TOP2B,DRUG_TARGETS_GENE
CID_1091,TRPA1,DRUG_TARGETS_GENE
CID_533,TRPV3,DRUG_TARGETS_GENE
CID_342,UCHL1,DRUG_TARGETS_GENE
CID_847,UCHL1,DRUG_TARGETS_GENE
CID_1836,CYP3A4,DRUG_TARGETS_GENE
CID_2138,LCAT,DRUG_TARGETS_GENE
CID_1048,PON1,DRUG_TARGETS_GENE
CID_504,SOD1,DRUG_TARGETS_GENE
CID_2924,SOD1,DRUG_TARGETS_GENE
CID_1072,SOD1,DRUG_TARGETS_GENE
CID_1839,SOD1,DRUG_TARGETS_GENE
CID_2789,SOD1,DRUG_TARGETS_GENE
CID_32,SOD1,DRUG_TARGETS_GENE
CID_2780,SOD1,DRUG_TARGETS_GENE
CID_2702,SOD1,DRUG_TARGETS_GENE
CID_1092,SOD2,DRUG_TARGETS_GENE
CID_3160,SOD2,DRUG_TARGETS_GENE
CID_2290,SP1,DRUG_TARGETS_GENE
CID_1414,SP1,DRUG_TARGETS_GENE
CID_192,TRP53,DRUG_TARGETS_GENE
CID_1403,TRP53,DRUG_TARGETS_GENE
CID_1216,ABCG1,DRUG_TARGETS_GENE
CID_1015,ABHD4,DRUG_TARGETS_GENE
CID_1991,ACSL1,DRUG_TARGETS_GENE
CID_1205,ADCY1,DRUG_TARGETS_GENE
CID_685,AHR,DRUG_TARGETS_GENE
CID_2250,ANGPTL4,DRUG_TARGETS_GENE
CID_113,CCNG2,DRUG_TARGETS_GENE
CID_2814,CYP1B1,DRUG_TARGETS_GENE
CID_992,DHX37,DRUG_TARGETS_GENE
CID_1711,GABARAPL1,DRUG_TARGETS_GENE
CID_456,LAMA3,DRUG_TARGETS_GENE
CID_185,NEDD9,DRUG_TARGETS_GENE
CID_2321,OSGIN1,DRUG_TARGETS_GENE
CID_3032,SLC3A2,DRUG_TARGETS_GENE
CID_173,SLC7A11,DRUG_TARGETS_GENE
CID_3165,SLCO2B1,DRUG_TARGETS_GENE
CID_1297,SORL1,DRUG_TARGETS_GENE
CID_2015,SRXN1,DRUG_TARGETS_GENE
CID_2048,TIPARP,DRUG_TARGETS_GENE
CID_1652,TP53INP1,DRUG_TARGETS_GENE
CID_1051,PTGDR,DRUG_TARGETS_GENE
CID_189,PTGDR,DRUG_TARGETS_GENE
CID_2504,PTGDR2,DRUG_TARGETS_GENE
CID_1678,PTGDR2,DRUG_TARGETS_GENE
CID_1665,PTGR1,DRUG_TARGETS_GENE
CID_1485,PTGR1,DRUG_TARGETS_GENE
CID_1723,CHRNA4,DRUG_TARGETS_GENE
CID_1467,CHRNA7,DRUG_TARGETS_GENE
CID_2799,CHRNB2,DRUG_TARGETS_GENE
CID_1203,ATM,DRUG_TARGETS_GENE
CID_494,ATM,DRUG_TARGETS_GENE
CID_1146,CASP7,DRUG_TARGETS_GENE
CID_713,CASP7,DRUG_TARGETS_GENE
CID_965,CASP7,DRUG_TARGETS_GENE
CID_826,CASP8,DRUG_TARGETS_GENE
CID_3037,CASP8,DRUG_TARGETS_GENE
CID_285,CASP8,DRUG_TARGETS_GENE
CID_3109,CASP9,DRUG_TARGETS_GENE
CID_2063,CASP9,DRUG_TARGETS_GENE
CID_1565,CASP9,DRUG_TARGETS_GENE
CID_1003,CHEK1,DRUG_TARGETS_GENE
CID_2237,CHEK1,DRUG_TARGETS_GENE
CID_816,CHEK1,DRUG_TARGETS_GENE
CID_2868,CHEK1,DRUG_TARGETS_GENE
CID_2947,CHEK2,DRUG_TARGETS_GENE
CID_2955,CHEK2,DRUG_TARGETS_GENE
CID_1984,CHEK2,DRUG_TARGETS_GENE
CID_721,CHEK2,DRUG_TARGETS_GENE
CID_2104,CHEK2,DRUG_TARGETS_GENE
CID_2048,ERCC3,DRUG_TARGETS_GENE
CID_2017,ERCC5,DRUG_TARGETS_GENE
CID_1445,FANCD2,DRUG_TARGETS_GENE
CID_2966,MGMT,DRUG_TARGETS_GENE
CID_1723,MGMT,DRUG_TARGETS_GENE
CID_3155,PARP1,DRUG_TARGETS_GENE
CID_307,PARP1,DRUG_TARGETS_GENE
CID_160,RAD51,DRUG_TARGETS_GENE
CID_366,BAX,DRUG_TARGETS_GENE
CID_1493,BAX,DRUG_TARGETS_GENE
CID_398,BCL2,DRUG_TARGETS_GENE
CID_975,BCL2,DRUG_TARGETS_GENE
CID_3112,BID,DRUG_TARGETS_GENE
CID_1288,CASP3,DRUG_TARGETS_GENE
CID_2494,CASP3,DRUG_TARGETS_GENE
CID_2105,CASP3,DRUG_TARGETS_GENE
CID_2833,CASP8,DRUG_TARGETS_GENE
CID_846,CASP8,DRUG_TARGETS_GENE
CID_1314,CASP8,DRUG_TARGETS_GENE
CID_2284,CASP9,DRUG_TARGETS_GENE
CID_1657,CASP9,DRUG_TARGETS_GENE
CID_243,CYCS,DRUG_TARGETS_GENE
CID_1704,PARP1,DRUG_TARGETS_GENE
CID_1689,PARP1,DRUG_TARGETS_GENE
CID_1666,TNFRSF10A,DRUG_TARGETS_GENE
CID_2307,TNFRSF10B,DRUG_TARGETS_GENE
CID_2933,APP,DRUG_TARGETS_GENE
CID_113,PTGS1,DRUG_TARGETS_GENE
CID_1433,BAX,DRUG_TARGETS_GENE
CID_1429,BCL2,DRUG_TARGETS_GENE
CID_80,CASP3,DRUG_TARGETS_GENE
CID_1147,CXCL8,DRUG_TARGETS_GENE
CID_2245,CXCL8,DRUG_TARGETS_GENE
CID_1006,HMGB1,DRUG_TARGETS_GENE
CID_1954,HMGB1,DRUG_TARGETS_GENE
CID_2602,ICAM1,DRUG_TARGETS_GENE
CID_1138,IL1B,DRUG_TARGETS_GENE
CID_1231,IL1B,DRUG_TARGETS_GENE
CID_2189,IL1B,DRUG_TARGETS_GENE
CID_1378,IL6,DRUG_TARGETS_GENE
CID_1110,LY96,DRUG_TARGETS_GENE
CID_407,LY96,DRUG_TARGETS_GENE
CID_1,LY96,DRUG_TARGETS_GENE
CID_3182,LY96,DRUG_TARGETS_GENE
CID_2088,LY96,DRUG_TARGETS_GENE
CID_2125,LY96,DRUG_TARGETS_GENE
CID_3047,NCF1,DRUG_TARGETS_GENE
CID_2926,NOX4,DRUG_TARGETS_GENE
CID_821,NOX4,DRUG_TARGETS_GENE
CID_938,PARP1,DRUG_TARGETS_GENE
CID_2794,PTGS2,DRUG_TARGETS_GENE
CID_364,TLR4,DRUG_TARGETS_GENE
CID_1908,TLR4,DRUG_TARGETS_GENE
CID_1382,TLR4,DRUG_TARGETS_GENE
CID_2839,TLR4,DRUG_TARGETS_GENE
CID_3009,TNF,DRUG_TARGETS_GENE
CID_1211,TNF,DRUG_TARGETS_GENE
CID_1705,VCAM1,DRUG_TARGETS_GENE
CID_850,CYP1A2,DRUG_TARGETS_GENE
CID_2270,CYP1A2,DRUG_TARGETS_GENE
CID_3026,CYP1A2,DRUG_TARGETS_GENE
CID_1272,CYP1A2,DRUG_TARGETS_GENE
CID_714,CYP1A2,DRUG_TARGETS_GENE
CID_1870,CYP2C19,DRUG_TARGETS_GENE
CID_273,CYP2C19,DRUG_TARGETS_GENE
CID_2193,CYP2C19,DRUG_TARGETS_GENE
CID_2679,CYP2C19,DRUG_TARGETS_GENE
CID_2430,CYP2C19,DRUG_TARGETS_GENE
CID_2467,CYP2C8,DRUG_TARGETS_GENE
CID_1156,CYP2C8,DRUG_TARGETS_GENE
CID_2764,CYP2C8,DRUG_TARGETS_GENE
CID_281,CYP2C8,DRUG_TARGETS_GENE
CID_2886,CYP2C8,DRUG_TARGETS_GENE
CID_1767,CYP2C9,DRUG_TARGETS_GENE
CID_2867,CYP2C9,DRUG_TARGETS_GENE
CID_1206,CYP2C9,DRUG_TARGETS_GENE
CID_479,CYP2C9,DRUG_TARGETS_GENE
CID_2617,CYP2C9,DRUG_TARGETS_GENE
CID_1711,CYP2D6,DRUG_TARGETS_GENE
CID_58,CYP2D6,DRUG_TARGETS_GENE
CID_1890,CYP2D6,DRUG_TARGETS_GENE
CID_415,CYP2D6,DRUG_TARGETS_GENE
CID_3101,CYP2D6,DRUG_TARGETS_GENE
CID_2756,CYP3A4,DRUG_TARGETS_GENE
CID_339,CYP3A4,DRUG_TARGETS_GENE
CID_2934,CYP3A4,DRUG_TARGETS_GENE
CID_1199,CYP3A4,DRUG_TARGETS_GENE
CID_1059,CYP3A4,DRUG_TARGETS_GENE
CID_233,POR,DRUG_TARGETS_GENE
CID_1201,POR,DRUG_TARGETS_GENE
CID_1991,POR,DRUG_TARGETS_GENE
CID_214,POR,DRUG_TARGETS_GENE
CID_1806,POR,DRUG_TARGETS_GENE
CID_435,POR,DRUG_TARGETS_GENE
CID_808,MMP1,DRUG_TARGETS_GENE
CID_1738,MMP1,DRUG_TARGETS_GENE
CID_2319,MMP13,DRUG_TARGETS_GENE
CID_1636,MMP13,DRUG_TARGETS_GENE
CID_2013,MMP3,DRUG_TARGETS_GENE
CID_2066,MMP3,DRUG_TARGETS_GENE
CID_1525,NOS2,DRUG_TARGETS_GENE
CID_629,NOS2,DRUG_TARGETS_GENE
CID_1983,PTGS2,DRUG_TARGETS_GENE
CID_2996,PTGS2,DRUG_TARGETS_GENE
CID_2505,CYP2B6,DRUG_TARGETS_GENE
CID_217,CYP3A4,DRUG_TARGETS_GENE
CID_2002,AHR,DRUG_TARGETS_GENE
CID_2741,CYP1A2,DRUG_TARGETS_GENE
CID_837,CYP2C19,DRUG_TARGETS_GENE
CID_758,CYP3A4,DRUG_TARGETS_GENE
CID_2143,TERT,DRUG_TARGETS_GENE
CID_2161,CNR2,DRUG_TARGETS_GENE
CID_2887,SULT1E1,DRUG_TARGETS_GENE
CID_3152,ACHE,DRUG_TARGETS_GENE
CID_1709,ACHE,DRUG_TARGETS_GENE
CID_1960,ACHE,DRUG_TARGETS_GENE
CID_1309,ACACA,DRUG_TARGETS_GENE
CID_2937,ARNT2,DRUG_TARGETS_GENE
CID_452,ARNT2,DRUG_TARGETS_GENE
CID_893,ARNT2,DRUG_TARGETS_GENE
CID_2634,CA12,DRUG_TARGETS_GENE
CID_1161,CCND1,DRUG_TARGETS_GENE
CID_2838,CREBBP,DRUG_TARGETS_GENE
CID_1843,CREBBP,DRUG_TARGETS_GENE
CID_2394,CREBBP,DRUG_TARGETS_GENE
CID_2335,CXCL8,DRUG_TARGETS_GENE
CID_2612,CYP11A1,DRUG_TARGETS_GENE
CID_450,CYP11A1,DRUG_TARGETS_GENE
CID_1936,CYP11A1,DRUG_TARGETS_GENE
CID_1346,CYP11A1,DRUG_TARGETS_GENE
CID_9,CYP11A1,DRUG_TARGETS_GENE
CID_1783,DEK,DRUG_TARGETS_GENE
CID_2490,ESR1,DRUG_TARGETS_GENE
CID_3019,ESR1,DRUG_TARGETS_GENE
CID_1427,ESR1,DRUG_TARGETS_GENE
CID_511,ESR1,DRUG_TARGETS_GENE
CID_258,ESR1,DRUG_TARGETS_GENE
CID_2836,ESR1,DRUG_TARGETS_GENE
CID_1482,ESR1,DRUG_TARGETS_GENE
CID_1653,ESR1,DRUG_TARGETS_GENE
CID_1279,ESR1,DRUG_TARGETS_GENE
CID_741,ESR1,DRUG_TARGETS_GENE
CID_2604,ESR1,DRUG_TARGETS_GENE
CID_3024,ESR1,DRUG_TARGETS_GENE
CID_2102,ESR1,DRUG_TARGETS_GENE
CID_775,ESR1,DRUG_TARGETS_GENE
CID_2200,FASN,DRUG_TARGETS_GENE
CID_2173,FOS,DRUG_TARGETS_GENE
CID_1067,FOXO1,DRUG_TARGETS_GENE
CID_2473,FSHB,DRUG_TARGETS_GENE
CID_2242,FSHB,DRUG_TARGETS_GENE
CID_2177,FSHB,DRUG_TARGETS_GENE
CID_3097,FSHB,DRUG_TARGETS_GENE
CID_2145,FSHB,DRUG_TARGETS_GENE
CID_1997,FSHB,DRUG_TARGETS_GENE
CID_2693,FSHB,DRUG_TARGETS_GENE
CID_875,FSHB,DRUG_TARGETS_GENE
CID_1002,FSHB,DRUG_TARGETS_GENE
CID_1216,FSHB,DRUG_TARGETS_GENE
CID_2643,FSHB,DRUG_TARGETS_GENE
CID_1170,FSHB,DRUG_TARGETS_GENE
CID_217,FSHB,DRUG_TARGETS_GENE
CID_544,FSHB,DRUG_TARGETS_GENE
CID_2726,GREB1,DRUG_TARGETS_GENE
CID_224,HIF1A,DRUG_TARGETS_GENE
CID_2299,HIF1A,DRUG_TARGETS_GENE
CID_1291,HMGCR,DRUG_TARGETS_GENE
CID_1678,HSD3B,DRUG_TARGETS_GENE
CID_1642,HSD3B,DRUG_TARGETS_GENE
CID_314,HSD3B,DRUG_TARGETS_GENE
CID_980,HSD3B,DRUG_TARGETS_GENE
CID_353,HSD3B,DRUG_TARGETS_GENE
CID_198,IGF1,DRUG_TARGETS_GENE
CID_2009,IGF1,DRUG_TARGETS_GENE
CID_486,IGF1,DRUG_TARGETS_GENE
CID_1655,LDHA,DRUG_TARGETS_GENE
CID_1834,LDHA,DRUG_TARGETS_GENE
CID_2003,LDLR,DRUG_TARGETS_GENE
CID_1658,MAPK1,DRUG_TARGETS_GENE
CID_561,MAPK1,DRUG_TARGETS_GENE
CID_2739,MAPK3,DRUG_TARGETS_GENE
CID_2967,MAPK3,DRUG_TARGETS_GENE
CID_1872,MIR141,DRUG_TARGETS_GENE
CID_477,MIR200B,DRUG_TARGETS_GENE
CID_2303,MIR200C,DRUG_TARGETS_GENE
CID_2993,MIR203A,DRUG_TARGETS_GENE
CID_2110,MIR429,DRUG_TARGETS_GENE
CID_2732,MTOR,DRUG_TARGETS_GENE
CID_780,NCOA1,DRUG_TARGETS_GENE
CID_713,NCOA1,DRUG_TARGETS_GENE
CID_1449,NCOA1,DRUG_TARGETS_GENE
CID_845,NOS3,DRUG_TARGETS_GENE
CID_893,PCSK9,DRUG_TARGETS_GENE
CID_24,PCSK9,DRUG_TARGETS_GENE
CID_3176,PCSK9,DRUG_TARGETS_GENE
CID_2148,PPARGC1A,DRUG_TARGETS_GENE
CID_1325,PPARGC1A,DRUG_TARGETS_GENE
CID_2108,PPARGC1A,DRUG_TARGETS_GENE
CID_417,RB1,DRUG_TARGETS_GENE
CID_1631,SCD,DRUG_TARGETS_GENE
CID_1749,SIRT1,DRUG_TARGETS_GENE
CID_2743,SIRT1,DRUG_TARGETS_GENE
CID_3026,SREBF1,DRUG_TARGETS_GENE
CID_2234,SREBF1,DRUG_TARGETS_GENE
CID_2661,SREBF2,DRUG_TARGETS_GENE
CID_1110,SREBF2,DRUG_TARGETS_GENE
CID_1999,STAT3,DRUG_TARGETS_GENE
CID_2307,TERT,DRUG_TARGETS_GENE
CID_624,TGFB1,DRUG_TARGETS_GENE
CID_436,TGFB1,DRUG_TARGETS_GENE
CID_2066,TGFB1,DRUG_TARGETS_GENE
CID_2895,TGFB1,DRUG_TARGETS_GENE
CID_1503,TGFB1,DRUG_TARGETS_GENE
CID_309,TGFB1,DRUG_TARGETS_GENE
CID_3036,TGFB1,DRUG_TARGETS_GENE
CID_24,TGFB1,DRUG_TARGETS_GENE
CID_1158,TGFB1,DRUG_TARGETS_GENE
CID_111,TGFB1,DRUG_TARGETS_GENE
CID_2328,TGFB1,DRUG_TARGETS_GENE
CID_426,TGFB1,DRUG_TARGETS_GENE
CID_2794,TGFB1,DRUG_TARGETS_GENE
CID_51,TGFB1,DRUG_TARGETS_GENE
CID_561,CYP2E1,DRUG_TARGETS_GENE
CID_962,EPHX1,DRUG_TARGETS_GENE
CID_245,EPHX1,DRUG_TARGETS_GENE
CID_784,EPHX1,DRUG_TARGETS_GENE
CID_2825,EPHX1,DRUG_TARGETS_GENE
CID_966,GSTM1,DRUG_TARGETS_GENE
CID_267,GSTT1,DRUG_TARGETS_GENE
CID_2340,GSTT1,DRUG_TARGETS_GENE
CID_1171,HPRT1,DRUG_TARGETS_GENE
CID_2761,MPO,DRUG_TARGETS_GENE
CID_2574,TRPA1,DRUG_TARGETS_GENE
CID_810,XRCC1,DRUG_TARGETS_GENE
CID_2683,CYP2D6,DRUG_TARGETS_GENE
CID_806,CYP2D6,DRUG_TARGETS_GENE
CID_485,CYP3A4,DRUG_TARGETS_GENE
CID_3022,CYP3A4,DRUG_TARGETS_GENE
CID_771,GABBR2,DRUG_TARGETS_GENE
CID_1926,GABRA1,DRUG_TARGETS_GENE
CID_2563,GABRA1,DRUG_TARGETS_GENE
CID_1142,GABRA1,DRUG_TARGETS_GENE
CID_1035,GABRA1,DRUG_TARGETS_GENE
CID_2444,GABRA1,DRUG_TARGETS_GENE
CID_3130,GABRA1,DRUG_TARGETS_GENE
CID_2494,GABRA1,DRUG_TARGETS_GENE
CID_757,GABRB2,DRUG_TARGETS_GENE
CID_1894,GABRB2,DRUG_TARGETS_GENE
CID_2570,GABRB2,DRUG_TARGETS_GENE
CID_2401,GABRB2,DRUG_TARGETS_GENE
CID_2671,GABRB2,DRUG_TARGETS_GENE
CID_2829,GABRB2,DRUG_TARGETS_GENE
CID_3020,GABRG2,DRUG_TARGETS_GENE
CID_2394,GABRG2,DRUG_TARGETS_GENE
CID_2729,GABRG2,DRUG_TARGETS_GENE
CID_84,GABRG2,DRUG_TARGETS_GENE
CID_1260,GABRG2,DRUG_TARGETS_GENE
CID_634,GABRG2,DRUG_TARGETS_GENE
CID_2808,GABRG2,DRUG_TARGETS_GENE
CID_1654,HTR2A,DRUG_TARGETS_GENE
CID_2764,HTR2A,DRUG_TARGETS_GENE
CID_2626,HTR2A,DRUG_TARGETS_GENE
CID_2776,NR1I2,DRUG_TARGETS_GENE
CID_1677,NR1I2,DRUG_TARGETS_GENE
CID_694,PRL,DRUG_TARGETS_GENE
CID_1805,PRL,DRUG_TARGETS_GENE
CID_1554,PLA2G2A,DRUG_TARGETS_GENE
CID_2770,CYP3A4,DRUG_TARGETS_GENE
CID_1045,CYP3A4,DRUG_TARGETS_GENE
CID_2491,NR1I2,DRUG_TARGETS_GENE
CID_1894,RXRA,DRUG_TARGETS_GENE
CID_728,CHRNA4,DRUG_TARGETS_GENE
CID_320,CHRNA7,DRUG_TARGETS_GENE
CID_132,CHRNB2,DRUG_TARGETS_GENE
CID_1427,AHR,DRUG_TARGETS_GENE
CID_2076,IL1B,DRUG_TARGETS_GENE
CID_2177,MMP13,DRUG_TARGETS_GENE
CID_164,ALB,DRUG_TARGETS_GENE
CID_2004,CXCL8,DRUG_TARGETS_GENE
CID_1558,ACSL4,DRUG_TARGETS_GENE
CID_1041,ACSL4,DRUG_TARGETS_GENE
CID_1598,ACSL4,DRUG_TARGETS_GENE
CID_1180,ACSL4,DRUG_TARGETS_GENE
CID_2704,AKT1,DRUG_TARGETS_GENE
CID_916,AKT1,DRUG_TARGETS_GENE
CID_40,BMAL1,DRUG_TARGETS_GENE
CID_1025,BMAL1,DRUG_TARGETS_GENE
CID_2979,CTSD,DRUG_TARGETS_GENE
CID_1864,FASN,DRUG_TARGETS_GENE
CID_1853,FASN,DRUG_TARGETS_GENE
CID_628,FASN,DRUG_TARGETS_GENE
CID_2239,FASN,DRUG_TARGETS_GENE
CID_2326,FTH1,DRUG_TARGETS_GENE
CID_76,FTH1,DRUG_TARGETS_GENE
CID_2739,FTH1,DRUG_TARGETS_GENE
CID_936,GPX4,DRUG_TARGETS_GENE
CID_1466,GPX4,DRUG_TARGETS_GENE
CID_2835,GPX4,DRUG_TARGETS_GENE
CID_692,GPX4,DRUG_TARGETS_GENE
CID_2858,HMGCR,DRUG_TARGETS_GENE
CID_3145,HMGCR,DRUG_TARGETS_GENE
CID_1897,HMGCR,DRUG_TARGETS_GENE
CID_1397,HMGCR,DRUG_TARGETS_GENE
CID_84,HMOX1,DRUG_TARGETS_GENE
CID_629,HMOX1,DRUG_TARGETS_GENE
CID_927,HMOX1,DRUG_TARGETS_GENE
CID_2940,LAMP1,DRUG_TARGETS_GENE
CID_1961,MTOR,DRUG_TARGETS_GENE
CID_217,MTOR,DRUG_TARGETS_GENE
CID_138,NFE2L2,DRUG_TARGETS_GENE
CID_2134,PNPLA2,DRUG_TARGETS_GENE
CID_3072,PNPLA2,DRUG_TARGETS_GENE
CID_1548,PNPLA2,DRUG_TARGETS_GENE
CID_888,PPARA,DRUG_TARGETS_GENE
CID_2734,PPARA,DRUG_TARGETS_GENE
CID_1459,PPARA,DRUG_TARGETS_GENE
CID_2747,SLC40A1,DRUG_TARGETS_GENE
CID_1858,SLC40A1,DRUG_TARGETS_GENE
CID_2723,SLC40A1,DRUG_TARGETS_GENE
CID_1802,SLC7A11,DRUG_TARGETS_GENE
CID_1264,SLC7A11,DRUG_TARGETS_GENE
CID_649,SLC7A11,DRUG_TARGETS_GENE
CID_737,SREBF1,DRUG_TARGETS_GENE
CID_2456,SREBF1,DRUG_TARGETS_GENE
CID_579,SREBF1,DRUG_TARGETS_GENE
CID_2716,SREBF1,DRUG_TARGETS_GENE
CID_652,SREBF2,DRUG_TARGETS_GENE
CID_2943,SREBF2,DRUG_TARGETS_GENE
CID_1331,SREBF2,DRUG_TARGETS_GENE
CID_636,SREBF2,DRUG_TARGETS_GENE
CID_2201,ESR1,DRUG_TARGETS_GENE
CID_3046,ACTA2,DRUG_TARGETS_GENE
CID_3135,ACTA2,DRUG_TARGETS_GENE
CID_1234,ACTA2,DRUG_TARGETS_GENE
CID_2557,AHR,DRUG_TARGETS_GENE
CID_2040,AKT1,DRUG_TARGETS_GENE
CID_1979,AKT1,DRUG_TARGETS_GENE
CID_1711,AKT1,DRUG_TARGETS_GENE
CID_2462,CCND1,DRUG_TARGETS_GENE
CID_744,CDH1,DRUG_TARGETS_GENE
CID_2323,CDH1,DRUG_TARGETS_GENE
CID_1283,FOS,DRUG_TARGETS_GENE
CID_1352,GSK3B,DRUG_TARGETS_GENE
CID_177,GSK3B,DRUG_TARGETS_GENE
CID_1923,GSK3B,DRUG_TARGETS_GENE
CID_611,NFE2L2,DRUG_TARGETS_GENE
CID_75,NFE2L2,DRUG_TARGETS_GENE
CID_2413,NOTCH1,DRUG_TARGETS_GENE
CID_1635,NOTCH1,DRUG_TARGETS_GENE
CID_990,SNAI1,DRUG_TARGETS_GENE
CID_256,TNF,DRUG_TARGETS_GENE
CID_2982,TNF,DRUG_TARGETS_GENE
CID_2167,IGHE,DRUG_TARGETS_GENE
CID_2230,IL5,DRUG_TARGETS_GENE
CID_2181,ATF4,DRUG_TARGETS_GENE
CID_3173,ATF4,DRUG_TARGETS_GENE
CID_938,BCL2,DRUG_TARGETS_GENE
CID_122,BCL2,DRUG_TARGETS_GENE
CID_2167,BCL2,DRUG_TARGETS_GENE
CID_2943,BIRC5,DRUG_TARGETS_GENE
CID_791,CASP3,DRUG_TARGETS_GENE
CID_387,CASP3,DRUG_TARGETS_GENE
CID_966,CASP3,DRUG_TARGETS_GENE
CID_3105,CASP3,DRUG_TARGETS_GENE
CID_287,CAV1,DRUG_TARGETS_GENE
CID_240,CCND1,DRUG_TARGETS_GENE
CID_1390,CD28,DRUG_TARGETS_GENE
CID_798,CD28,DRUG_TARGETS_GENE
CID_2218,CD28,DRUG_TARGETS_GENE
CID_1266,CDH1,DRUG_TARGETS_GENE
CID_1167,CEBPB,DRUG_TARGETS_GENE
CID_2209,CEBPB,DRUG_TARGETS_GENE
CID_2070,CLDN5,DRUG_TARGETS_GENE
CID_1980,CTNNB1,DRUG_TARGETS_GENE
CID_2347,DDIT3,DRUG_TARGETS_GENE
CID_2576,DDIT3,DRUG_TARGETS_GENE
CID_1378,DDIT3,DRUG_TARGETS_GENE
CID_2153,DDIT3,DRUG_TARGETS_GENE
CID_3035,GSK3B,DRUG_TARGETS_GENE
CID_928,MYC,DRUG_TARGETS_GENE
CID_1005,SNAI1,DRUG_TARGETS_GENE
CID_1755,SNAI2,DRUG_TARGETS_GENE
CID_3104,TNFSF10,DRUG_TARGETS_GENE
CID_200,TNFSF10,DRUG_TARGETS_GENE
CID_2199,TRIB3,DRUG_TARGETS_GENE
CID_1984,TRIB3,DRUG_TARGETS_GENE
CID_2926,VIM,DRUG_TARGETS_GENE
CID_223,CNR1,DRUG_TARGETS_GENE
CID_1124,CNR1,DRUG_TARGETS_GENE
CID_1922,CNR2,DRUG_TARGETS_GENE
CID_1880,ALB,DRUG_TARGETS_GENE
CID_1199,ALB,DRUG_TARGETS_GENE
CID_2163,C5,DRUG_TARGETS_GENE
CID_2384,C5,DRUG_TARGETS_GENE
CID_1497,CCL2,DRUG_TARGETS_GENE
CID_144,CCL2,DRUG_TARGETS_GENE
CID_2135,CCL2,DRUG_TARGETS_GENE
CID_3158,CSF2,DRUG_TARGETS_GENE
CID_587,CSF2,DRUG_TARGETS_GENE
CID_2174,CXCL8,DRUG_TARGETS_GENE
CID_408,CXCL8,DRUG_TARGETS_GENE
CID_44,CXCL8,DRUG_TARGETS_GENE
CID_2563,CXCL8,DRUG_TARGETS_GENE
CID_1397,EDN1,DRUG_TARGETS_GENE
CID_1655,EDN1,DRUG_TARGETS_GENE
CID_1006,ELANE,DRUG_TARGETS_GENE
CID_968,ELANE,DRUG_TARGETS_GENE
CID_364,ELANE,DRUG_TARGETS_GENE
CID_1193,ICAM1,DRUG_TARGETS_GENE
CID_2283,ICAM1,DRUG_TARGETS_GENE
CID_497,IL1B,DRUG_TARGETS_GENE
CID_1593,IL6,DRUG_TARGETS_GENE
CID_2491,IL6,DRUG_TARGETS_GENE
CID_1599,MSR1,DRUG_TARGETS_GENE
CID_1661,MUC5AC,DRUG_TARGETS_GENE
CID_1697,MUC5AC,DRUG_TARGETS_GENE
CID_2848,MUC5AC,DRUG_TARGETS_GENE
CID_116,NFKB1,DRUG_TARGETS_GENE
CID_956,PCMT1,DRUG_TARGETS_GENE
CID_3119,RELA,DRUG_TARGETS_GENE
CID_876,TGFA,DRUG_TARGETS_GENE
CID_437,TNF,DRUG_TARGETS_GENE
CID_518,TNF,DRUG_TARGETS_GENE
CID_1534,TNF,DRUG_TARGETS_GENE
CID_3003,TNF,DRUG_TARGETS_GENE
CID_671,TNF,DRUG_TARGETS_GENE
CID_1747,TNF,DRUG_TARGETS_GENE
CID_658,TNF,DRUG_TARGETS_GENE
CID_1379,TNFRSF1A,DRUG_TARGETS_GENE
CID_2710,TNFRSF1A,DRUG_TARGETS_GENE
CID_7,HM13,DRUG_TARGETS_GENE
CID_2283,CYP1A1,DRUG_TARGETS_GENE
CID_2155,CYP1A1,DRUG_TARGETS_GENE
CID_2536,CYP1A2,DRUG_TARGETS_GENE
CID_1816,CYP1B1,DRUG_TARGETS_GENE
CID_1246,POR,DRUG_TARGETS_GENE
CID_547,POR,DRUG_TARGETS_GENE
CID_1556,POR,DRUG_TARGETS_GENE
CID_3057,NR1I3,DRUG_TARGETS_GENE
CID_2730,ADORA1,DRUG_TARGETS_GENE
CID_1545,ADORA2A,DRUG_TARGETS_GENE
CID_1357,ADORA2A,DRUG_TARGETS_GENE
CID_1984,ADORA2A,DRUG_TARGETS_GENE
CID_1420,ADORA2B,DRUG_TARGETS_GENE
CID_3179,KCNH2,DRUG_TARGETS_GENE
CID_1833,CAT,DRUG_TARGETS_GENE
CID_1944,CAV1,DRUG_TARGETS_GENE
CID_3101,MMP3,DRUG_TARGETS_GENE
CID_3046,MMP3,DRUG_TARGETS_GENE
CID_273,TNF,DRUG_TARGETS_GENE
CID_704,TNF,DRUG_TARGETS_GENE
CID_2579,VEGFA,DRUG_TARGETS_GENE
CID_3104,VEGFA,DRUG_TARGETS_GENE
CID_94,ALOX15,DRUG_TARGETS_GENE
CID_1276,ALOX15,DRUG_TARGETS_GENE
CID_1694,ALOX15,DRUG_TARGETS_GENE
CID_1818,ALOX15,DRUG_TARGETS_GENE
CID_3145,ALOX15,DRUG_TARGETS_GENE
CID_79,ALOX15,DRUG_TARGETS_GENE
CID_1983,CAT,DRUG_TARGETS_GENE
CID_2034,CYB5A,DRUG_TARGETS_GENE
CID_1006,CYB5A,DRUG_TARGETS_GENE
CID_1841,CYP1A1,DRUG_TARGETS_GENE
CID_1562,CYP1A2,DRUG_TARGETS_GENE
CID_2203,CYP1B1,DRUG_TARGETS_GENE
CID_2217,CYP2C19,DRUG_TARGETS_GENE
CID_2363,CYP2C9,DRUG_TARGETS_GENE
CID_1675,CYP2D6,DRUG_TARGETS_GENE
CID_589,CYP2E1,DRUG_TARGETS_GENE
CID_2415,CYP3A4,DRUG_TARGETS_GENE
CID_180,CYP3A4,DRUG_TARGETS_GENE
CID_32,CYP3A4,DRUG_TARGETS_GENE
CID_1292,CYP3A4,DRUG_TARGETS_GENE
CID_2978,CYP3A4,DRUG_TARGETS_GENE
CID_848,CYP3A4,DRUG_TARGETS_GENE
CID_240,POR,DRUG_TARGETS_GENE
CID_2318,POR,DRUG_TARGETS_GENE
CID_957,POR,DRUG_TARGETS_GENE
CID_2870,TP53,DRUG_TARGETS_GENE
CID_1821,TP53,DRUG_TARGETS_GENE
CID_540,GSTA1,DRUG_TARGETS_GENE
CID_190,GSTA4,DRUG_TARGETS_GENE
CID_642,ESR1,DRUG_TARGETS_GENE
CID_358,GABRA1,DRUG_TARGETS_GENE
CID_2183,GABRB2,DRUG_TARGETS_GENE
CID_621,GABRG2,DRUG_TARGETS_GENE
CID_2055,PGR,DRUG_TARGETS_GENE
CID_2522,TFF1,DRUG_TARGETS_GENE
CID_2370,TRPV1,DRUG_TARGETS_GENE
CID_2309,CLDN5,DRUG_TARGETS_GENE
CID_2889,ICAM1,DRUG_TARGETS_GENE
CID_1856,ICAM1,DRUG_TARGETS_GENE
CID_2668,OCLN,DRUG_TARGETS_GENE
CID_1723,TNF,DRUG_TARGETS_GENE
CID_1499,TNF,DRUG_TARGETS_GENE
CID_3065,VCAM1,DRUG_TARGETS_GENE
CID_1266,VCAM1,DRUG_TARGETS_GENE
CID_2668,EGFR,DRUG_TARGETS_GENE
CID_1838,EGFR,DRUG_TARGETS_GENE
CID_1389,AKT1,DRUG_TARGETS_GENE
CID_424,CYP1B1,DRUG_TARGETS_GENE
CID_1728,CYP2C19,DRUG_TARGETS_GENE
CID_2694,CYP2C8,DRUG_TARGETS_GENE
CID_284,CYP2C9,DRUG_TARGETS_GENE
CID_100,CYP2C9,DRUG_TARGETS_GENE
CID_912,CYP2J2,DRUG_TARGETS_GENE
CID_2390,CYP3A4,DRUG_TARGETS_GENE
CID_360,CYP3A4,DRUG_TARGETS_GENE
CID_1,FGF2,DRUG_TARGETS_GENE
CID_2877,RPS6KB1,DRUG_TARGETS_GENE
CID_3059,TGFB1,DRUG_TARGETS_GENE
CID_1363,TGFB1,DRUG_TARGETS_GENE
CID_2314,ATOSA,DRUG_TARGETS_GENE
CID_117,CCND1,DRUG_TARGETS_GENE
CID_386,CCNG2,DRUG_TARGETS_GENE
CID_973,EGFR,DRUG_TARGETS_GENE
CID_577,EIF4EBP1,DRUG_TARGETS_GENE
CID_2904,EIF4EBP1,DRUG_TARGETS_GENE
CID_192,ERBB3,DRUG_TARGETS_GENE
CID_2906,MAPK1,DRUG_TARGETS_GENE
CID_113,MAPK3,DRUG_TARGETS_GENE
CID_2106,MCL1,DRUG_TARGETS_GENE
CID_2799,MET,DRUG_TARGETS_GENE
CID_2722,MTOR,DRUG_TARGETS_GENE
CID_2448,PARP1,DRUG_TARGETS_GENE
CID_951,PIK3CA,DRUG_TARGETS_GENE
CID_2216,PIK3CA,DRUG_TARGETS_GENE
CID_2042,PIK3CA,DRUG_TARGETS_GENE
CID_400,PIK3CB,DRUG_TARGETS_GENE
CID_1566,PIK3CD,DRUG_TARGETS_GENE
CID_99,PIK3CG,DRUG_TARGETS_GENE
CID_1046,PIK3IP1,DRUG_TARGETS_GENE
CID_1426,PTEN,DRUG_TARGETS_GENE
CID_2481,PTEN,DRUG_TARGETS_GENE
CID_2257,STK11,DRUG_TARGETS_GENE
CID_291,TSC2,DRUG_TARGETS_GENE
CID_750,TSC2,DRUG_TARGETS_GENE
CID_2244,YPEL2,DRUG_TARGETS_GENE
CID_550,CASP3,DRUG_TARGETS_GENE
CID_17,CASP3,DRUG_TARGETS_GENE
CID_3083,CEBPB,DRUG_TARGETS_GENE
CID_3035,CEBPB,DRUG_TARGETS_GENE
CID_1127,DDIT3,DRUG_TARGETS_GENE
CID_706,DDIT3,DRUG_TARGETS_GENE
CID_2525,DDIT3,DRUG_TARGETS_GENE
CID_2967,EEF2,DRUG_TARGETS_GENE
CID_1643,EGFR,DRUG_TARGETS_GENE
CID_1876,EGFR,DRUG_TARGETS_GENE
CID_1546,EGFR,DRUG_TARGETS_GENE
CID_857,EGFR,DRUG_TARGETS_GENE
CID_158,EIF4EBP1,DRUG_TARGETS_GENE
CID_2632,EIF4EBP1,DRUG_TARGETS_GENE
CID_2236,EIF4G1,DRUG_TARGETS_GENE
CID_1694,EIF4G1,DRUG_TARGETS_GENE
CID_3140,EIF4G1,DRUG_TARGETS_GENE
CID_1550,EIF4G1,DRUG_TARGETS_GENE
CID_347,EIF4G1,DRUG_TARGETS_GENE
CID_1508,F3,DRUG_TARGETS_GENE
CID_2036,FOXG1,DRUG_TARGETS_GENE
CID_18,FOXG1,DRUG_TARGETS_GENE
CID_695,LARP1,DRUG_TARGETS_GENE
CID_1406,LARP1,DRUG_TARGETS_GENE
CID_2180,LARP1,DRUG_TARGETS_GENE
CID_2039,LARP1,DRUG_TARGETS_GENE
CID_2843,LARP1,DRUG_TARGETS_GENE
CID_2572,LARP1,DRUG_TARGETS_GENE
CID_1266,LARP1,DRUG_TARGETS_GENE
CID_1427,LARP1,DRUG_TARGETS_GENE
CID_1483,LARP1,DRUG_TARGETS_GENE
CID_2120,MTOR,DRUG_TARGETS_GENE
CID_35,MTOR,DRUG_TARGETS_GENE
CID_1146,PABPC1,DRUG_TARGETS_GENE
CID_905,PABPC1,DRUG_TARGETS_GENE
CID_212,PABPC1,DRUG_TARGETS_GENE
CID_2574,RAPTOR,DRUG_TARGETS_GENE
CID_725,RPL32,DRUG_TARGETS_GENE
CID_2484,RPL32,DRUG_TARGETS_GENE
CID_682,RPL32,DRUG_TARGETS_GENE
CID_2733,RPL32,DRUG_TARGETS_GENE
CID_2880,RPS20,DRUG_TARGETS_GENE
CID_868,RPS20,DRUG_TARGETS_GENE
CID_2657,RPS20,DRUG_TARGETS_GENE
CID_2106,RPS20,DRUG_TARGETS_GENE
CID_911,RPS6,DRUG_TARGETS_GENE
CID_323,RPS6,DRUG_TARGETS_GENE
CID_2716,RPS6,DRUG_TARGETS_GENE
CID_1121,RPS6,DRUG_TARGETS_GENE
CID_1948,RPS6KB1,DRUG_TARGETS_GENE
CID_3059,SOX9,DRUG_TARGETS_GENE
CID_1067,SOX9,DRUG_TARGETS_GENE
CID_2648,ULK1,DRUG_TARGETS_GENE
CID_771,CASP3,DRUG_TARGETS_GENE
CID_1371,MAPK1,DRUG_TARGETS_GENE
CID_940,MAPK1,DRUG_TARGETS_GENE
CID_2667,MAPK3,DRUG_TARGETS_GENE
CID_710,MAPK3,DRUG_TARGETS_GENE
CID_2341,TP53,DRUG_TARGETS_GENE
CID_2910,AHR,DRUG_TARGETS_GENE
CID_225,AHR,DRUG_TARGETS_GENE
CID_663,AKT1,DRUG_TARGETS_GENE
CID_1178,AKT1,DRUG_TARGETS_GENE
CID_2606,AKT1,DRUG_TARGETS_GENE
CID_1788,ANLN,DRUG_TARGETS_GENE
CID_484,AR,DRUG_TARGETS_GENE
CID_1883,AVP,DRUG_TARGETS_GENE
CID_996,AVP,DRUG_TARGETS_GENE
CID_696,CAMK2A,DRUG_TARGETS_GENE
CID_169,CAMKK2,DRUG_TARGETS_GENE
CID_2229,CAPN1,DRUG_TARGETS_GENE
CID_1171,CASP7,DRUG_TARGETS_GENE
CID_75,CCND1,DRUG_TARGETS_GENE
CID_833,CRMP1,DRUG_TARGETS_GENE
CID_2434,CXCL8,DRUG_TARGETS_GENE
CID_383,CYP1A1,DRUG_TARGETS_GENE
CID_952,CYP1A1,DRUG_TARGETS_GENE
CID_145,CYP1A1,DRUG_TARGETS_GENE
CID_428,CYP1A1,DRUG_TARGETS_GENE
CID_1200,CYP1A1,DRUG_TARGETS_GENE
CID_1878,CYP1B1,DRUG_TARGETS_GENE
CID_2791,DNMT1,DRUG_TARGETS_GENE
CID_3088,DPYSL2,DRUG_TARGETS_GENE
CID_2779,EAPP,DRUG_TARGETS_GENE
CID_2503,EFHD2,DRUG_TARGETS_GENE
CID_1417,EGFR,DRUG_TARGETS_GENE
CID_946,EGFR,DRUG_TARGETS_GENE
CID_461,EGFR,DRUG_TARGETS_GENE
CID_693,EGFR,DRUG_TARGETS_GENE
CID_2304,EIF3B,DRUG_TARGETS_GENE
CID_2011,EIF4G1,DRUG_TARGETS_GENE
CID_2463,EIF5,DRUG_TARGETS_GENE
CID_3141,ESR1,DRUG_TARGETS_GENE
CID_1521,ESR1,DRUG_TARGETS_GENE
CID_1247,ESR1,DRUG_TARGETS_GENE
CID_978,ESR1,DRUG_TARGETS_GENE
CID_906,ESRRA,DRUG_TARGETS_GENE
CID_1678,ESRRA,DRUG_TARGETS_GENE
CID_2863,ESRRA,DRUG_TARGETS_GENE
CID_93,ESRRA,DRUG_TARGETS_GENE
CID_1973,ESRRA,DRUG_TARGETS_GENE
CID_2592,FOS,DRUG_TARGETS_GENE
CID_1778,FOS,DRUG_TARGETS_GENE
CID_1807,FOXO3,DRUG_TARGETS_GENE
CID_2367,FOXO3,DRUG_TARGETS_GENE
CID_2810,FOXO3,DRUG_TARGETS_GENE
CID_1554,FOXO3,DRUG_TARGETS_GENE
CID_1577,FOXO3,DRUG_TARGETS_GENE
CID_477,G3BP1,DRUG_TARGETS_GENE
CID_1471,GDNF,DRUG_TARGETS_GENE
CID_2401,GIPC1,DRUG_TARGETS_GENE
CID_1013,GJA1,DRUG_TARGETS_GENE
CID_2538,GOLPH3,DRUG_TARGETS_GENE
CID_2586,GORASP2,DRUG_TARGETS_GENE
CID_3107,GPER1,DRUG_TARGETS_GENE
CID_34,GPER1,DRUG_TARGETS_GENE
CID_927,GPER1,DRUG_TARGETS_GENE
CID_2734,GPER1,DRUG_TARGETS_GENE
CID_1328,GPER1,DRUG_TARGETS_GENE
CID_959,GPER1,DRUG_TARGETS_GENE
CID_1211,GPER1,DRUG_TARGETS_GENE
CID_2019,GPER1,DRUG_TARGETS_GENE
CID_2055,GPER1,DRUG_TARGETS_GENE
CID_1629,GPER1,DRUG_TARGETS_GENE
CID_1644,GPER1,DRUG_TARGETS_GENE
CID_2499,GPER1,DRUG_TARGETS_GENE
CID_2761,GPER1,DRUG_TARGETS_GENE
CID_1689,GTF2I,DRUG_TARGETS_GENE
CID_1412,HBEGF,DRUG_TARGETS_GENE
CID_1460,HNRNPK,DRUG_TARGETS_GENE
CID_846,JUN,DRUG_TARGETS_GENE
CID_286,KLF2,DRUG_TARGETS_GENE
CID_453,LARP1,DRUG_TARGETS_GENE
CID_413,LMNA,DRUG_TARGETS_GENE
CID_2057,MAPK1,DRUG_TARGETS_GENE
CID_2554,MAPK1,DRUG_TARGETS_GENE
CID_1430,MAPK1,DRUG_TARGETS_GENE
CID_55,MAPK1,DRUG_TARGETS_GENE
CID_2994,MAPK1,DRUG_TARGETS_GENE
CID_518,MAPK1,DRUG_TARGETS_GENE
CID_2882,MAPK1,DRUG_TARGETS_GENE
CID_559,MAPK1,DRUG_TARGETS_GENE
CID_2032,MAPK1,DRUG_TARGETS_GENE
CID_1695,MAPK1,DRUG_TARGETS_GENE
CID_961,MAPK3,DRUG_TARGETS_GENE
CID_963,MAPK3,DRUG_TARGETS_GENE
CID_1362,MAPK3,DRUG_TARGETS_GENE
CID_756,MAPK3,DRUG_TARGETS_GENE
CID_2581,MAPK3,DRUG_TARGETS_GENE
CID_185,MAPK3,DRUG_TARGETS_GENE
CID_1875,MAPK3,DRUG_TARGETS_GENE
CID_1928,MAPK3,DRUG_TARGETS_GENE
CID_2874,MAPK3,DRUG_TARGETS_GENE
CID_2526,MAPK3,DRUG_TARGETS_GENE
CID_1944,MAPT,DRUG_TARGETS_GENE
CID_2527,MCM2,DRUG_TARGETS_GENE
CID_1202,MIR21,DRUG_TARGETS_GENE
CID_2586,MIR21,DRUG_TARGETS_GENE
CID_2991,MIR21,DRUG_TARGETS_GENE
CID_2156,MIR21,DRUG_TARGETS_GENE
CID_1689,MIR21,DRUG_TARGETS_GENE
CID_2002,MIR21,DRUG_TARGETS_GENE
CID_2225,MIR21,DRUG_TARGETS_GENE
CID_2803,MIR21,DRUG_TARGETS_GENE
CID_1521,MMP2,DRUG_TARGETS_GENE
CID_2494,MMP2,DRUG_TARGETS_GENE
CID_55,MMP2,DRUG_TARGETS_GENE
CID_668,MMP2,DRUG_TARGETS_GENE
CID_1317,MMP9,DRUG_TARGETS_GENE
CID_1832,MMP9,DRUG_TARGETS_GENE
CID_1573,MTOR,DRUG_TARGETS_GENE
CID_2971,MTOR,DRUG_TARGETS_GENE
CID_287,MTOR,DRUG_TARGETS_GENE
CID_3001,MTOR,DRUG_TARGETS_GENE
CID_2127,MTOR,DRUG_TARGETS_GENE
CID_2889,NDRG2,DRUG_TARGETS_GENE
CID_2218,NOS3,DRUG_TARGETS_GENE
CID_623,NUCLEOLIN,DRUG_TARGETS_GENE
CID_2832,PAK4,DRUG_TARGETS_GENE
CID_481,PARD6B,DRUG_TARGETS_GENE
CID_881,PCYT1A,DRUG_TARGETS_GENE
CID_2580,PEBP1,DRUG_TARGETS_GENE
CID_1571,PPP1R12A,DRUG_TARGETS_GENE
CID_900,PXN,DRUG_TARGETS_GENE
CID_2439,RACK1,DRUG_TARGETS_GENE
CID_1077,RELA,DRUG_TARGETS_GENE
CID_1468,RRN3,DRUG_TARGETS_GENE
CID_3038,SNW1,DRUG_TARGETS_GENE
CID_612,SPTBN1,DRUG_TARGETS_GENE
CID_1744,SRC,DRUG_TARGETS_GENE
CID_1311,SRC,DRUG_TARGETS_GENE
CID_2123,SRC,DRUG_TARGETS_GENE
CID_2272,SRC,DRUG_TARGETS_GENE
CID_1577,SRPK1,DRUG_TARGETS_GENE
CID_2098,STMN1,DRUG_TARGETS_GENE
CID_1015,TMPO,DRUG_TARGETS_GENE
CID_2964,TRIM16,DRUG_TARGETS_GENE
CID_1390,UFD1,DRUG_TARGETS_GENE
CID_2415,UNG,DRUG_TARGETS_GENE
CID_197,VIM,DRUG_TARGETS_GENE
CID_2849,WAPL,DRUG_TARGETS_GENE
CID_356,WWOX,DRUG_TARGETS_GENE
CID_2735,YBX1,DRUG_TARGETS_GENE
CID_271,CAT,DRUG_TARGETS_GENE
CID_1940,GPX1,DRUG_TARGETS_GENE
CID_935,NFE2L2,DRUG_TARGETS_GENE
CID_1700,ACHE,DRUG_TARGETS_GENE
CID_287,ACHE,DRUG_TARGETS_GENE
CID_1530,ACHE,DRUG_TARGETS_GENE
CID_187,ACHE,DRUG_TARGETS_GENE
CID_113,CASP3,DRUG_TARGETS_GENE
CID_951,CASP8,DRUG_TARGETS_GENE
CID_2085,CASP9,DRUG_TARGETS_GENE
CID_503,CYP2B6,DRUG_TARGETS_GENE
CID_1489,LTA4H,DRUG_TARGETS_GENE
CID_3073,LTA4H,DRUG_TARGETS_GENE
CID_42,CYP1A2,DRUG_TARGETS_GENE
CID_1720,CYP1A2,DRUG_TARGETS_GENE
CID_979,CYP2B1,DRUG_TARGETS_GENE
CID_1930,CYP2B10,DRUG_TARGETS_GENE
CID_2172,CYP2B10,DRUG_TARGETS_GENE
A,Hepatic Veno-Occlusive Disease,GENE_ASSOCIATED_WITH_DISEASE
A,Liver Neoplasms,GENE_ASSOCIATED_WITH_DISEASE
A1BG,Hepatomegaly,GENE_ASSOCIATED_WITH_DISEASE
A2M,"Adenoma, Liver Cell",GENE_ASSOCIATED_WITH_DISEASE
A2M,"Carcinoma, Hepatocellular",GENE_ASSOCIATED_WITH_DISEASE
A2M,Hepatolenticular Degeneration,GENE_ASSOCIATED_WITH_DISEASE
A2M,Liver Cirrhosis,GENE_ASSOCIATED_WITH_DISEASE
A2M,"Liver Cirrhosis, Experimental",GENE_ASSOCIATED_WITH_DISEASE
AADAC,"Liver Cirrhosis, Experimental",GENE_ASSOCIATED_WITH_DISEASE
AADAT,"Carcinoma, Hepatocellular",GENE_ASSOCIATED_WITH_DISEASE
AADAT,"Liver Cirrhosis, Experimental",GENE_ASSOCIATED_WITH_DISEASE
AASS,Chemical and Drug Induced Liver Injury,GENE_ASSOCIATED_WITH_DISEASE
ABAT,"Liver Cirrhosis, Experimental",GENE_ASSOCIATED_WITH_DISEASE
ABCA8A,"Liver Cirrhosis, Experimental",GENE_ASSOCIATED_WITH_DISEASE
ABCB1,"Carcinoma, Hepatocellular",GENE_ASSOCIATED_WITH_DISEASE
ABCB1,Chemical and Drug Induced Liver Injury,GENE_ASSOCIATED_WITH_DISEASE
ABCB1,"Heart Defects, Congenital",GENE_ASSOCIATED_WITH_DISEASE
ABCB1,"Liver Cirrhosis, Experimental",GENE_ASSOCIATED_WITH_DISEASE
ABCB1,Neuroblastoma,GENE_ASSOCIATED_WITH_DISEASE
ABCB1,Neurotoxicity Syndromes,GENE_ASSOCIATED_WITH_DISEASE
ABCB11,"CHOLESTASIS, BENIGN RECURRENT INTRAHEPATIC, 2",GENE_ASSOCIATED_WITH_DISEASE
ABCB11,"Cholestasis, Intrahepatic",GENE_ASSOCIATED_WITH_DISEASE
ABCB11,"Cholestasis, progressive familial intrahepatic 1",GENE_ASSOCIATED_WITH_DISEASE
ABCB11,"Cholestasis, progressive familial intrahepatic 2",GENE_ASSOCIATED_WITH_DISEASE
ABCB11,"Cholestasis, progressive familial intrahepatic 3",GENE_ASSOCIATED_WITH_DISEASE
ABCB1A,Cardiomyopathies,GENE_ASSOCIATED_WITH_DISEASE
ABCB1A,Chemical and Drug Induced Liver Injury,GENE_ASSOCIATED_WITH_DISEASE
ABCB1A,Heart Diseases,GENE_ASSOCIATED_WITH_DISEASE
ABCB1A,"Liver Cirrhosis, Experimental",GENE_ASSOCIATED_WITH_DISEASE
ABCB1B,Chemical and Drug Induced Liver Injury,GENE_ASSOCIATED_WITH_DISEASE
ABCB1B,Liver Neoplasms,GENE_ASSOCIATED_WITH_DISEASE
ABCB4,"Carcinoma, Hepatocellular",GENE_ASSOCIATED_WITH_DISEASE
ABCB4,"Cholestasis, progressive familial intrahepatic 1",GENE_ASSOCIATED_WITH_DISEASE
ABCB4,"Cholestasis, progressive familial intrahepatic 3",GENE_ASSOCIATED_WITH_DISEASE
ABCB4,End Stage Liver Disease,GENE_ASSOCIATED_WITH_DISEASE
ABCB4,Intrahepatic Cholestasis of Pregnancy,GENE_ASSOCIATED_WITH_DISEASE
ABCB4,Liver Cirrhosis,GENE_ASSOCIATED_WITH_DISEASE
ABCB4,"Liver Cirrhosis, Biliary",GENE_ASSOCIATED_WITH_DISEASE
ABCB4,Liver Diseases,GENE_ASSOCIATED_WITH_DISEASE
ABCB4,Non-alcoholic Fatty Liver Disease,GENE_ASSOCIATED_WITH_DISEASE
ABCC1,Chemical and Drug Induced Liver Injury,GENE_ASSOCIATED_WITH_DISEASE
ABCC1,Heart Diseases,GENE_ASSOCIATED_WITH_DISEASE
ABCC2,Cardiomyopathies,GENE_ASSOCIATED_WITH_DISEASE
ABCC2,Chemical and Drug Induced Liver Injury,GENE_ASSOCIATED_WITH_DISEASE
ABCC2,Heart Diseases,GENE_ASSOCIATED_WITH_DISEASE
ABCC2,"Liver Cirrhosis, Biliary",GENE_ASSOCIATED_WITH_DISEASE
ABCC2,"Liver Cirrhosis, Experimental",GENE_ASSOCIATED_WITH_DISEASE
ABCC2,Non-alcoholic Fatty Liver Disease,GENE_ASSOCIATED_WITH_DISEASE
ABCC3,Hepatomegaly,GENE_ASSOCIATED_WITH_DISEASE
ABCC5,"Liver Cirrhosis, Experimental",GENE_ASSOCIATED_WITH_DISEASE
ABCC9,"Cardiomyopathy, Dilated, 1o",GENE_ASSOCIATED_WITH_DISEASE
ABCG1,"Liver Cirrhosis, Experimental",GENE_ASSOCIATED_WITH_DISEASE
ABCG2,Cardiomyopathies,GENE_ASSOCIATED_WITH_DISEASE
ABCG2,Heart Failure,GENE_ASSOCIATED_WITH_DISEASE
ABCG2,"Liver Cirrhosis, Biliary",GENE_ASSOCIATED_WITH_DISEASE
ABCG5,"Liver Cirrhosis, Experimental",GENE_ASSOCIATED_WITH_DISEASE
ABCG8,"Liver Cirrhosis, Experimental",GENE_ASSOCIATED_WITH_DISEASE
ABHD12,"Polyneuropathy, Hearing Loss, Ataxia, Retinitis Pigmentosa, And Cataract",GENE_ASSOCIATED_WITH_DISEASE
ABI1,Chemical and Drug Induced Liver Injury,GENE_ASSOCIATED_WITH_DISEASE
ABL1,"Heart Defects, Congenital",GENE_ASSOCIATED_WITH_DISEASE
ABL1,Liver Neoplasms,GENE_ASSOCIATED_WITH_DISEASE
ABLIM3,"Liver Cirrhosis, Experimental",GENE_ASSOCIATED_WITH_DISEASE
ABRA,"Cardiomyopathy, Dilated",GENE_ASSOCIATED_WITH_DISEASE
ABTB3,Liver Neoplasms,GENE_ASSOCIATED_WITH_DISEASE
ACAA1B,Heart Failure,GENE_ASSOCIATED_WITH_DISEASE
ACACA,"Carcinoma, Hepatocellular",GENE_ASSOCIATED_WITH_DISEASE
ACACA,Heart Failure,GENE_ASSOCIATED_WITH_DISEASE
ACADM,Liver Failure,GENE_ASSOCIATED_WITH_DISEASE
ACADS,Heart Failure,GENE_ASSOCIATED_WITH_DISEASE
ACAT1,"Liver Cirrhosis, Experimental",GENE_ASSOCIATED_WITH_DISEASE
ACBD4,"Liver Cirrhosis, Experimental",GENE_ASSOCIATED_WITH_DISEASE
ACE,"Arrhythmias, Cardiac",GENE_ASSOCIATED_WITH_DISEASE
ACE,Brain Ischemia,GENE_ASSOCIATED_WITH_DISEASE
ACE,"Carcinoma, Hepatocellular",GENE_ASSOCIATED_WITH_DISEASE
ACE,Cardiovascular Diseases,GENE_ASSOCIATED_WITH_DISEASE
ACE,Cerebral Hemorrhage,GENE_ASSOCIATED_WITH_DISEASE
ACE,Heart Failure,GENE_ASSOCIATED_WITH_DISEASE
ACE,Myocardial Infarction,GENE_ASSOCIATED_WITH_DISEASE
ACE,Non-alcoholic Fatty Liver Disease,GENE_ASSOCIATED_WITH_DISEASE
ACE2,Cardiomyopathies,GENE_ASSOCIATED_WITH_DISEASE
ACE2,Endomyocardial Fibrosis,GENE_ASSOCIATED_WITH_DISEASE
ACE2,Heart Failure,GENE_ASSOCIATED_WITH_DISEASE
ACHE,"Liver Cirrhosis, Experimental",GENE_ASSOCIATED_WITH_DISEASE
ACKR3,"Liver Cirrhosis, Experimental",GENE_ASSOCIATED_WITH_DISEASE
ACKR5,"Carcinoma, Hepatocellular",GENE_ASSOCIATED_WITH_DISEASE
ACLY,"Carcinoma, Hepatocellular",GENE_ASSOCIATED_WITH_DISEASE
ACLY,Heart Failure,GENE_ASSOCIATED_WITH_DISEASE
ACO2,"Carcinoma, Hepatocellular",GENE_ASSOCIATED_WITH_DISEASE
ACOT1,Hepatomegaly,GENE_ASSOCIATED_WITH_DISEASE
ACOT1,Liver Neoplasms,GENE_ASSOCIATED_WITH_DISEASE
ACOT2,Myocardial Ischemia,GENE_ASSOCIATED_WITH_DISEASE
ACOT9,"Liver Cirrhosis, Experimental",GENE_ASSOCIATED_WITH_DISEASE
ACOX1,"Carcinoma, Hepatocellular",GENE_ASSOCIATED_WITH_DISEASE
ACOX2,"Liver Cirrhosis, Experimental",GENE_ASSOCIATED_WITH_DISEASE
ACOX3,Chemical and Drug Induced Liver Injury,GENE_ASSOCIATED_WITH_DISEASE
ACP5,"Liver Cirrhosis, Experimental",GENE_ASSOCIATED_WITH_DISEASE
ACSL1,Chemical and Drug Induced Liver Injury,GENE_ASSOCIATED_WITH_DISEASE
ACSL1,"Liver Cirrhosis, Experimental",GENE_ASSOCIATED_WITH_DISEASE
ACSL4,"Carcinoma, Hepatocellular",GENE_ASSOCIATED_WITH_DISEASE
ACTA2,"Cholestasis, Extrahepatic",GENE_ASSOCIATED_WITH_DISEASE
ACTA2,Copper-Overload Cirrhosis,GENE_ASSOCIATED_WITH_DISEASE
ACTA2,"Hepatitis, Chronic",GENE_ASSOCIATED_WITH_DISEASE
ACTA2,Liver Cirrhosis,GENE_ASSOCIATED_WITH_DISEASE
ACTA2,"Liver Cirrhosis, Experimental",GENE_ASSOCIATED_WITH_DISEASE
ACTA2,Liver Diseases,GENE_ASSOCIATED_WITH_DISEASE
ACTA2,Myocardial Infarction,GENE_ASSOCIATED_WITH_DISEASE
ACTB,"Carcinoma, Hepatocellular",GENE_ASSOCIATED_WITH_DISEASE
ACTB,Chemical and Drug Induced Liver Injury,GENE_ASSOCIATED_WITH_DISEASE
ACTB,Myocardial Ischemia,GENE_ASSOCIATED_WITH_DISEASE
ACTC1,"Cardiomyopathy, Dilated",GENE_ASSOCIATED_WITH_DISEASE
ACTC1,"Cardiomyopathy, Familial Hypertrophic, 11",GENE_ASSOCIATED_WITH_DISEASE
ACTN1,"Liver Cirrhosis, Experimental",GENE_ASSOCIATED_WITH_DISEASE
ACTN2,"Cardiomyopathy, Dilated, 1AA",GENE_ASSOCIATED_WITH_DISEASE
ACTN4,Chemical and Drug Induced Liver Injury,GENE_ASSOCIATED_WITH_DISEASE
ACTR3,Chemical and Drug Induced Liver Injury,GENE_ASSOCIATED_WITH_DISEASE
ADA,"Liver Cirrhosis, Experimental",GENE_ASSOCIATED_WITH_DISEASE
ADAM17,"Liver Cirrhosis, Experimental",GENE_ASSOCIATED_WITH_DISEASE
ADAM3A,Hepatomegaly,GENE_ASSOCIATED_WITH_DISEASE
ADAM8,Chemical and Drug Induced Liver Injury,GENE_ASSOCIATED_WITH_DISEASE
ADAMTS1,"Carcinoma, Hepatocellular",GENE_ASSOCIATED_WITH_DISEASE
ADAMTS13,"Carcinoma, Hepatocellular",GENE_ASSOCIATED_WITH_DISEASE
ADAMTS17,Liver Neoplasms,GENE_ASSOCIATED_WITH_DISEASE
ADAMTS19,Heart Valve Diseases,GENE_ASSOCIATED_WITH_DISEASE
ADAMTS5,Hepatomegaly,GENE_ASSOCIATED_WITH_DISEASE
ADAMTSL2,Heart Valve Diseases,GENE_ASSOCIATED_WITH_DISEASE
ADAMTSL2,Hepatomegaly,GENE_ASSOCIATED_WITH_DISEASE
ADAR,Aicardi-Goutieres syndrome,GENE_ASSOCIATED_WITH_DISEASE
ADAT3,"NEURODEVELOPMENTAL DISORDER WITH BRAIN ABNORMALITIES, POOR GROWTH, AND DYSMORPHIC FACIES",GENE_ASSOCIATED_WITH_DISEASE
ADCY5,Cardiomyopathies,GENE_ASSOCIATED_WITH_DISEASE
ADCY5,Neurodevelopmental Disorders,GENE_ASSOCIATED_WITH_DISEASE
ADCYAP1,Cardiomyopathies,GENE_ASSOCIATED_WITH_DISEASE
ADCYAP1,Neurotoxicity Syndromes,GENE_ASSOCIATED_WITH_DISEASE
ADD1,"Carcinoma, Hepatocellular",GENE_ASSOCIATED_WITH_DISEASE
ADD3,Brain Ischemia,GENE_ASSOCIATED_WITH_DISEASE
ADD3,"CEREBRAL PALSY, SPASTIC QUADRIPLEGIC, 3",GENE_ASSOCIATED_WITH_DISEASE
ADD3,"Liver Cirrhosis, Experimental",GENE_ASSOCIATED_WITH_DISEASE
ADD3,Neurotoxicity Syndromes,GENE_ASSOCIATED_WITH_DISEASE
ADGRE1,"Liver Cirrhosis, Experimental",GENE_ASSOCIATED_WITH_DISEASE
ADGRG7,"Carcinoma, Hepatocellular",GENE_ASSOCIATED_WITH_DISEASE
ADH1,"Liver Cirrhosis, Experimental",GENE_ASSOCIATED_WITH_DISEASE
ADH1A,"Liver Failure, Acute",GENE_ASSOCIATED_WITH_DISEASE
ADH1A,Non-alcoholic Fatty Liver Disease,GENE_ASSOCIATED_WITH_DISEASE
ADH1B,Cerebral Infarction,GENE_ASSOCIATED_WITH_DISEASE
ADH1B,"Liver Failure, Acute",GENE_ASSOCIATED_WITH_DISEASE
ADH1B,Non-alcoholic Fatty Liver Disease,GENE_ASSOCIATED_WITH_DISEASE
ADH4,"Carcinoma, Hepatocellular",GENE_ASSOCIATED_WITH_DISEASE
ADH4,"Liver Cirrhosis, Experimental",GENE_ASSOCIATED_WITH_DISEASE
ADH4,Non-alcoholic Fatty Liver Disease,GENE_ASSOCIATED_WITH_DISEASE
ADHFE1,"Liver Cirrhosis, Experimental",GENE_ASSOCIATED_WITH_DISEASE
ADIPOQ,Chemical and Drug Induced Liver Injury,GENE_ASSOCIATED_WITH_DISEASE
ADIPOQ,Heart Failure,GENE_ASSOCIATED_WITH_DISEASE
ADIPOQ,"Liver Cirrhosis, Experimental",GENE_ASSOCIATED_WITH_DISEASE
ADIPOQ,Myocardial Ischemia,GENE_ASSOCIATED_WITH_DISEASE
ADIPOQ,Myocardial Reperfusion Injury,GENE_ASSOCIATED_WITH_DISEASE
ADIPOQ,Non-alcoholic Fatty Liver Disease,GENE_ASSOCIATED_WITH_DISEASE
ADM,"Liver Cirrhosis, Experimental",GENE_ASSOCIATED_WITH_DISEASE
ADM2,Myocardial Ischemia,GENE_ASSOCIATED_WITH_DISEASE
ADNP,Neurodevelopmental Disorders,GENE_ASSOCIATED_WITH_DISEASE
ADORA1,Bradycardia,GENE_ASSOCIATED_WITH_DISEASE
ADORA1,"Infarction, Middle Cerebral Artery",GENE_ASSOCIATED_WITH_DISEASE
ADORA1,Myocardial Infarction,GENE_ASSOCIATED_WITH_DISEASE
ADORA2A,Cardiomyopathies,GENE_ASSOCIATED_WITH_DISEASE
ADORA2A,"Liver Cirrhosis, Experimental",GENE_ASSOCIATED_WITH_DISEASE
ADORA2B,Chemical and Drug Induced Liver Injury,GENE_ASSOCIATED_WITH_DISEASE
ADORA3,"Liver Cirrhosis, Experimental",GENE_ASSOCIATED_WITH_DISEASE
ADORA3,Myocardial Infarction,GENE_ASSOCIATED_WITH_DISEASE
ADRA1A,"Carcinoma, Hepatocellular",GENE_ASSOCIATED_WITH_DISEASE
ADRA1A,Liver Cirrhosis,GENE_ASSOCIATED_WITH_DISEASE
ADRA1B,Cardiomegaly,GENE_ASSOCIATED_WITH_DISEASE
ADRA1B,"Liver Cirrhosis, Experimental",GENE_ASSOCIATED_WITH_DISEASE
ADRA1B,Neurotoxicity Syndromes,GENE_ASSOCIATED_WITH_DISEASE
ADRA1D,"Heart Failure, Diastolic",GENE_ASSOCIATED_WITH_DISEASE
ADRA2A,Cardiomegaly,GENE_ASSOCIATED_WITH_DISEASE
ADRA2A,Heart Diseases,GENE_ASSOCIATED_WITH_DISEASE
ADRA2B,"Carcinoma, Hepatocellular",GENE_ASSOCIATED_WITH_DISEASE
ADRA2C,Cardiomegaly,GENE_ASSOCIATED_WITH_DISEASE
ADRA2C,Heart Failure,GENE_ASSOCIATED_WITH_DISEASE
ADRB1,"Cardiomyopathy, Dilated",GENE_ASSOCIATED_WITH_DISEASE
ADRB1,Cardiovascular Diseases,GENE_ASSOCIATED_WITH_DISEASE
ADRB1,Endomyocardial Fibrosis,GENE_ASSOCIATED_WITH_DISEASE
ADRB1,Heart Failure,GENE_ASSOCIATED_WITH_DISEASE
ADRB1,Myocardial Ischemia,GENE_ASSOCIATED_WITH_DISEASE
ADRB1,Myocardial Reperfusion Injury,GENE_ASSOCIATED_WITH_DISEASE
ADRB2,Cardiomyopathies,GENE_ASSOCIATED_WITH_DISEASE
ADRB2,"Cardiomyopathy, Dilated",GENE_ASSOCIATED_WITH_DISEASE
ADRB2,Myocardial Ischemia,GENE_ASSOCIATED_WITH_DISEASE
ADRB3,Heart Failure,GENE_ASSOCIATED_WITH_DISEASE
AEN,"Liver Cirrhosis, Experimental",GENE_ASSOCIATED_WITH_DISEASE
AFF4,"Heart Defects, Congenital",GENE_ASSOCIATED_WITH_DISEASE
AFG2A,"NEURODEVELOPMENTAL DISORDER WITH HEARING LOSS, SEIZURES, AND BRAIN ABNORMALITIES",GENE_ASSOCIATED_WITH_DISEASE
AFM,"Liver Cirrhosis, Experimental",GENE_ASSOCIATED_WITH_DISEASE
AFP,"Carcinoma, Hepatocellular",GENE_ASSOCIATED_WITH_DISEASE
AFP,"Liver Cirrhosis, Experimental",GENE_ASSOCIATED_WITH_DISEASE
AFP,Liver Diseases,GENE_ASSOCIATED_WITH_DISEASE
AFP,"Liver Neoplasms, Experimental",GENE_ASSOCIATED_WITH_DISEASE
AGER,"Infarction, Middle Cerebral Artery",GENE_ASSOCIATED_WITH_DISEASE
AGFG1,"Liver Cirrhosis, Experimental",GENE_ASSOCIATED_WITH_DISEASE
AGK,Cataract and cardiomyopathy,GENE_ASSOCIATED_WITH_DISEASE
AGL,"Liver Cirrhosis, Experimental",GENE_ASSOCIATED_WITH_DISEASE
AGPAT3,Neurodegenerative Diseases,GENE_ASSOCIATED_WITH_DISEASE
AGT,"Arrhythmias, Cardiac",GENE_ASSOCIATED_WITH_DISEASE
AGT,Bradycardia,GENE_ASSOCIATED_WITH_DISEASE
AGT,Cardiomegaly,GENE_ASSOCIATED_WITH_DISEASE
AGT,Cardiomyopathies,GENE_ASSOCIATED_WITH_DISEASE
AGT,"Cardiomyopathy, Alcoholic",GENE_ASSOCIATED_WITH_DISEASE
AGT,Cardiotoxicity,GENE_ASSOCIATED_WITH_DISEASE
AGT,Cardiovascular Abnormalities,GENE_ASSOCIATED_WITH_DISEASE
AGT,Cardiovascular Diseases,GENE_ASSOCIATED_WITH_DISEASE
AGT,Chemical and Drug Induced Liver Injury,GENE_ASSOCIATED_WITH_DISEASE
AGT,Diabetic Cardiomyopathies,GENE_ASSOCIATED_WITH_DISEASE
AGT,Endomyocardial Fibrosis,GENE_ASSOCIATED_WITH_DISEASE
AGT,Heart Diseases,GENE_ASSOCIATED_WITH_DISEASE
AGT,Heart Failure,GENE_ASSOCIATED_WITH_DISEASE
AGT,Liver Cirrhosis,GENE_ASSOCIATED_WITH_DISEASE
AGT,"Liver Cirrhosis, Experimental",GENE_ASSOCIATED_WITH_DISEASE
AGT,Myocardial Infarction,GENE_ASSOCIATED_WITH_DISEASE
AGT,Myocardial Ischemia,GENE_ASSOCIATED_WITH_DISEASE
AGT,Myocardial Reperfusion Injury,GENE_ASSOCIATED_WITH_DISEASE
AGT,Neurobehavioral Manifestations,GENE_ASSOCIATED_WITH_DISEASE
AGTR1,Heart Failure,GENE_ASSOCIATED_WITH_DISEASE
AGTR1A,Cardiomegaly,GENE_ASSOCIATED_WITH_DISEASE
AGTR1A,"Liver Cirrhosis, Experimental",GENE_ASSOCIATED_WITH_DISEASE
AGTR2,Diabetic Cardiomyopathies,GENE_ASSOCIATED_WITH_DISEASE
AHCY,Hepatolenticular Degeneration,GENE_ASSOCIATED_WITH_DISEASE
AHCY,Non-alcoholic Fatty Liver Disease,GENE_ASSOCIATED_WITH_DISEASE
AHNAK,"Liver Cirrhosis, Experimental",GENE_ASSOCIATED_WITH_DISEASE
AHR,Cardiomegaly,GENE_ASSOCIATED_WITH_DISEASE
AHR,Chemical and Drug Induced Liver Injury,GENE_ASSOCIATED_WITH_DISEASE
AHR,"Heart Defects, Congenital",GENE_ASSOCIATED_WITH_DISEASE
AHR,Hepatomegaly,GENE_ASSOCIATED_WITH_DISEASE
AHR,Liver Cirrhosis,GENE_ASSOCIATED_WITH_DISEASE
AHR,Liver Diseases,GENE_ASSOCIATED_WITH_DISEASE
AHR,Liver Neoplasms,GENE_ASSOCIATED_WITH_DISEASE
AHR,Non-alcoholic Fatty Liver Disease,GENE_ASSOCIATED_WITH_DISEASE
AHR,Tachycardia,GENE_ASSOCIATED_WITH_DISEASE
AHR2,"Heart Defects, Congenital",GENE_ASSOCIATED_WITH_DISEASE
AHR2,Heart Diseases,GENE_ASSOCIATED_WITH_DISEASE
AHR2,Non-alcoholic Fatty Liver Disease,GENE_ASSOCIATED_WITH_DISEASE
AIDA,"Liver Cirrhosis, Experimental",GENE_ASSOCIATED_WITH_DISEASE
AIF,Neuroinflammatory Diseases,GENE_ASSOCIATED_WITH_DISEASE
AIF1,"Liver Cirrhosis, Experimental",GENE_ASSOCIATED_WITH_DISEASE
AIFM1,Chemical and Drug Induced Liver Injury,GENE_ASSOCIATED_WITH_DISEASE
AK1,Myocardial Ischemia,GENE_ASSOCIATED_WITH_DISEASE
AKAP5,Cardiomegaly,GENE_ASSOCIATED_WITH_DISEASE
AKIP1,"Heart Failure, Diastolic",GENE_ASSOCIATED_WITH_DISEASE
AKR1A1,"Carcinoma, Hepatocellular",GENE_ASSOCIATED_WITH_DISEASE
AKR1A1,Chemical and Drug Induced Liver Injury,GENE_ASSOCIATED_WITH_DISEASE
AKR1B1,"Liver Cirrhosis, Experimental",GENE_ASSOCIATED_WITH_DISEASE
AKR1B10,"Carcinoma, Hepatocellular",GENE_ASSOCIATED_WITH_DISEASE
AKR1C1,"Liver Cirrhosis, Experimental",GENE_ASSOCIATED_WITH_DISEASE
AKR1C19,"Liver Cirrhosis, Experimental",GENE_ASSOCIATED_WITH_DISEASE
AKR1C2,"Carcinoma, Hepatocellular",GENE_ASSOCIATED_WITH_DISEASE
AKR1C3,"Liver Cirrhosis, Experimental",GENE_ASSOCIATED_WITH_DISEASE
AKR1C3L1,"Liver Cirrhosis, Experimental",GENE_ASSOCIATED_WITH_DISEASE
AKR7A3,Hepatomegaly,GENE_ASSOCIATED_WITH_DISEASE
AKT1,"Carcinoma, Hepatocellular",GENE_ASSOCIATED_WITH_DISEASE
AKT1,Cardiomegaly,GENE_ASSOCIATED_WITH_DISEASE
AKT1,Cardiomyopathies,GENE_ASSOCIATED_WITH_DISEASE
AKT1,Fatty Liver,GENE_ASSOCIATED_WITH_DISEASE
AKT1,Hepatomegaly,GENE_ASSOCIATED_WITH_DISEASE
AKTIP,"Liver Cirrhosis, Experimental",GENE_ASSOCIATED_WITH_DISEASE
ALAD,Liver Cirrhosis,GENE_ASSOCIATED_WITH_DISEASE
ALAD,Liver Diseases,GENE_ASSOCIATED_WITH_DISEASE
ALAD,"Porphyria, Acute Hepatic",GENE_ASSOCIATED_WITH_DISEASE
ALAD,"Porphyrias, Hepatic",GENE_ASSOCIATED_WITH_DISEASE
ALAS2,"Liver Neoplasms, Experimental",GENE_ASSOCIATED_WITH_DISEASE
ALB,Brain Diseases,GENE_ASSOCIATED_WITH_DISEASE
ALB,Brain Injuries,GENE_ASSOCIATED_WITH_DISEASE
ALB,Brain Ischemia,GENE_ASSOCIATED_WITH_DISEASE
ALB,Cardiovascular Diseases,GENE_ASSOCIATED_WITH_DISEASE
ALB,Chemical and Drug Induced Liver Injury,GENE_ASSOCIATED_WITH_DISEASE
ALB,"Cholestasis, Extrahepatic",GENE_ASSOCIATED_WITH_DISEASE
ALB,Heart Diseases,GENE_ASSOCIATED_WITH_DISEASE
ALB,Heart Failure,GENE_ASSOCIATED_WITH_DISEASE
ALB,Hepatic Insufficiency,GENE_ASSOCIATED_WITH_DISEASE
ALB,Hepatitis,GENE_ASSOCIATED_WITH_DISEASE
ALB,Hepatomegaly,GENE_ASSOCIATED_WITH_DISEASE
ALB,Liver Cirrhosis,GENE_ASSOCIATED_WITH_DISEASE
ALB,"Liver Cirrhosis, Biliary",GENE_ASSOCIATED_WITH_DISEASE
ALB,"Liver Cirrhosis, Experimental",GENE_ASSOCIATED_WITH_DISEASE
ALB,"Liver Failure, Acute",GENE_ASSOCIATED_WITH_DISEASE
ALB,Myocardial Reperfusion Injury,GENE_ASSOCIATED_WITH_DISEASE
ALDH1A1,"Liver Cirrhosis, Experimental",GENE_ASSOCIATED_WITH_DISEASE
ALDH1A1,Liver Diseases,GENE_ASSOCIATED_WITH_DISEASE
ALDH1A1,Non-alcoholic Fatty Liver Disease,GENE_ASSOCIATED_WITH_DISEASE
ALDH1A7,Heart Failure,GENE_ASSOCIATED_WITH_DISEASE
ALDH1A7,"Liver Cirrhosis, Experimental",GENE_ASSOCIATED_WITH_DISEASE
ALDH1B1,Hepatomegaly,GENE_ASSOCIATED_WITH_DISEASE
ALDH1B1,"Liver Cirrhosis, Experimental",GENE_ASSOCIATED_WITH_DISEASE
ALDH1B1,Non-alcoholic Fatty Liver Disease,GENE_ASSOCIATED_WITH_DISEASE
ALDH1L1,"Liver Cirrhosis, Experimental",GENE_ASSOCIATED_WITH_DISEASE
ALDH1L2,Chemical and Drug Induced Liver Injury,GENE_ASSOCIATED_WITH_DISEASE
ALDH1L2,"Liver Cirrhosis, Experimental",GENE_ASSOCIATED_WITH_DISEASE
ALDH2,Heart Injuries,GENE_ASSOCIATED_WITH_DISEASE
ALDH2,"Liver Cirrhosis, Experimental",GENE_ASSOCIATED_WITH_DISEASE
ALDH2,Non-alcoholic Fatty Liver Disease,GENE_ASSOCIATED_WITH_DISEASE
ALDH4A1,Non-alcoholic Fatty Liver Disease,GENE_ASSOCIATED_WITH_DISEASE
ALDH5A1,"Brain Diseases, Metabolic",GENE_ASSOCIATED_WITH_DISEASE
ALDH5A1,Neurologic Manifestations,GENE_ASSOCIATED_WITH_DISEASE
ALDH6A1,Myocardial Ischemia,GENE_ASSOCIATED_WITH_DISEASE
ALDH9A1,Chemical and Drug Induced Liver Injury,GENE_ASSOCIATED_WITH_DISEASE
ALDOA,Myocardial Ischemia,GENE_ASSOCIATED_WITH_DISEASE
ALDOB,Chemical and Drug Induced Liver Injury,GENE_ASSOCIATED_WITH_DISEASE
ALDOB,"Hepatitis, Autoimmune",GENE_ASSOCIATED_WITH_DISEASE
ALG13,Neurodevelopmental Disorders,GENE_ASSOCIATED_WITH_DISEASE
ALK,Brain Neoplasms,GENE_ASSOCIATED_WITH_DISEASE
ALK,Neuroblastoma,GENE_ASSOCIATED_WITH_DISEASE
ALMS1,"Cardiomyopathy, Dilated",GENE_ASSOCIATED_WITH_DISEASE
ALOX15,"Heart Failure, Diastolic",GENE_ASSOCIATED_WITH_DISEASE
ALOX5,"Infarction, Middle Cerebral Artery",GENE_ASSOCIATED_WITH_DISEASE
ALOX5AP,Liver Diseases,GENE_ASSOCIATED_WITH_DISEASE
ALOX5AP,Neurotoxicity Syndromes,GENE_ASSOCIATED_WITH_DISEASE
ALPL,Liver Diseases,GENE_ASSOCIATED_WITH_DISEASE
AMACR,Hereditary Sensory and Motor Neuropathy,GENE_ASSOCIATED_WITH_DISEASE
AMACR,"Liver Cirrhosis, Experimental",GENE_ASSOCIATED_WITH_DISEASE
AMACR,Liver Diseases,GENE_ASSOCIATED_WITH_DISEASE
AMBP,Chemical and Drug Induced Liver Injury,GENE_ASSOCIATED_WITH_DISEASE
AMN,Neurogenic Inflammation,GENE_ASSOCIATED_WITH_DISEASE
AMOT,Brain Neoplasms,GENE_ASSOCIATED_WITH_DISEASE
ANGPT1,Neuromuscular Manifestations,GENE_ASSOCIATED_WITH_DISEASE
ANGPT2,"Liver Failure, Acute",GENE_ASSOCIATED_WITH_DISEASE
ANGPTL3,"Liver Cirrhosis, Experimental",GENE_ASSOCIATED_WITH_DISEASE
ANGPTL4,Fatty Liver,GENE_ASSOCIATED_WITH_DISEASE
ANGPTL6,"Carcinoma, Hepatocellular",GENE_ASSOCIATED_WITH_DISEASE
ANK2,"Cardiac Arrhythmia, Ankyrin-B-Related",GENE_ASSOCIATED_WITH_DISEASE
ANK2,Neurodevelopmental Disorders,GENE_ASSOCIATED_WITH_DISEASE
ANKRD11,Neurodevelopmental Disorders,GENE_ASSOCIATED_WITH_DISEASE
ANKRD23,"Heart Failure, Diastolic",GENE_ASSOCIATED_WITH_DISEASE
ANKS1B,Hepatolenticular Degeneration,GENE_ASSOCIATED_WITH_DISEASE
ANKS6,Cardiovascular Abnormalities,GENE_ASSOCIATED_WITH_DISEASE
ANKS6,Liver Cirrhosis,GENE_ASSOCIATED_WITH_DISEASE
ANLN,"Carcinoma, Hepatocellular",GENE_ASSOCIATED_WITH_DISEASE
ANO6,"Liver Cirrhosis, Experimental",GENE_ASSOCIATED_WITH_DISEASE
ANP32A,"Liver Failure, Acute",GENE_ASSOCIATED_WITH_DISEASE
ANXA1,"Liver Cirrhosis, Experimental",GENE_ASSOCIATED_WITH_DISEASE
ANXA2,Chemical and Drug Induced Liver Injury,GENE_ASSOCIATED_WITH_DISEASE
ANXA2,"Liver Cirrhosis, Experimental",GENE_ASSOCIATED_WITH_DISEASE
ANXA2,Liver Neoplasms,GENE_ASSOCIATED_WITH_DISEASE
ANXA3,"Liver Cirrhosis, Experimental",GENE_ASSOCIATED_WITH_DISEASE
ANXA4,"Carcinoma, Hepatocellular",GENE_ASSOCIATED_WITH_DISEASE
ANXA4,"Liver Cirrhosis, Experimental",GENE_ASSOCIATED_WITH_DISEASE
ANXA4,Liver Neoplasms,GENE_ASSOCIATED_WITH_DISEASE
ANXA5,Hepatolenticular Degeneration,GENE_ASSOCIATED_WITH_DISEASE
ANXA5,"Liver Cirrhosis, Experimental",GENE_ASSOCIATED_WITH_DISEASE
ANXA6,Chemical and Drug Induced Liver Injury,GENE_ASSOCIATED_WITH_DISEASE
ANXA7,Liver Neoplasms,GENE_ASSOCIATED_WITH_DISEASE
AOC1,Cardiomegaly,GENE_ASSOCIATED_WITH_DISEASE
AP1S1,"Cholestasis, Intrahepatic",GENE_ASSOCIATED_WITH_DISEASE
AP1S2,"Liver Cirrhosis, Experimental",GENE_ASSOCIATED_WITH_DISEASE
AP3S1,"Liver Cirrhosis, Experimental",GENE_ASSOCIATED_WITH_DISEASE
APAF1,"Liver Cirrhosis, Experimental",GENE_ASSOCIATED_WITH_DISEASE
APBB1IP,"Liver Cirrhosis, Experimental",GENE_ASSOCIATED_WITH_DISEASE
APC,"Carcinoma, Hepatocellular",GENE_ASSOCIATED_WITH_DISEASE
APC,Liver Diseases,GENE_ASSOCIATED_WITH_DISEASE
APC,Liver Neoplasms,GENE_ASSOCIATED_WITH_DISEASE
APCS,"Carcinoma, Hepatocellular",GENE_ASSOCIATED_WITH_DISEASE
APCS,Heart Failure,GENE_ASSOCIATED_WITH_DISEASE
APCS,Liver Neoplasms,GENE_ASSOCIATED_WITH_DISEASE
APEX1,Brain Injuries,GENE_ASSOCIATED_WITH_DISEASE
APEX1,"Carcinoma, Hepatocellular",GENE_ASSOCIATED_WITH_DISEASE
APEX1,Heart Diseases,GENE_ASSOCIATED_WITH_DISEASE
APLN,"Carcinoma, Hepatocellular",GENE_ASSOCIATED_WITH_DISEASE
APLN,Cardiomegaly,GENE_ASSOCIATED_WITH_DISEASE
APLN,"Heart Failure, Diastolic",GENE_ASSOCIATED_WITH_DISEASE
APLP2,Myocardial Ischemia,GENE_ASSOCIATED_WITH_DISEASE
APMAP,"Liver Cirrhosis, Experimental",GENE_ASSOCIATED_WITH_DISEASE
APOA1,"Carcinoma, Hepatocellular",GENE_ASSOCIATED_WITH_DISEASE
APOA1,Chemical and Drug Induced Liver Injury,GENE_ASSOCIATED_WITH_DISEASE
APOA1,Diabetic Cardiomyopathies,GENE_ASSOCIATED_WITH_DISEASE
APOA4,"Liver Cirrhosis, Experimental",GENE_ASSOCIATED_WITH_DISEASE
APOA4,"Liver Neoplasms, Experimental",GENE_ASSOCIATED_WITH_DISEASE
APOB,Cardiovascular Diseases,GENE_ASSOCIATED_WITH_DISEASE
APOB,Fatty Liver,GENE_ASSOCIATED_WITH_DISEASE
APOBEC1,"Liver Cirrhosis, Experimental",GENE_ASSOCIATED_WITH_DISEASE
APOC1,Heart Failure,GENE_ASSOCIATED_WITH_DISEASE
APOC2,"Liver Failure, Acute",GENE_ASSOCIATED_WITH_DISEASE
APOC2,"Liver Neoplasms, Experimental",GENE_ASSOCIATED_WITH_DISEASE
APOC3,Cardiovascular Diseases,GENE_ASSOCIATED_WITH_DISEASE
APOD,Neurodegenerative Diseases,GENE_ASSOCIATED_WITH_DISEASE
APOE,Cardiovascular Diseases,GENE_ASSOCIATED_WITH_DISEASE
APOE,Cerebral Amyloid Angiopathy,GENE_ASSOCIATED_WITH_DISEASE
APOE,Chemical and Drug Induced Liver Injury,GENE_ASSOCIATED_WITH_DISEASE
APOE,Fatty Liver,GENE_ASSOCIATED_WITH_DISEASE
APOE,Hepatolenticular Degeneration,GENE_ASSOCIATED_WITH_DISEASE
APOE,Myocardial Infarction,GENE_ASSOCIATED_WITH_DISEASE
APOE,Neurobehavioral Manifestations,GENE_ASSOCIATED_WITH_DISEASE
APOF,"Carcinoma, Hepatocellular",GENE_ASSOCIATED_WITH_DISEASE
APOH,Chemical and Drug Induced Liver Injury,GENE_ASSOCIATED_WITH_DISEASE
APOH,Non-alcoholic Fatty Liver Disease,GENE_ASSOCIATED_WITH_DISEASE
APOL9A,"Liver Cirrhosis, Experimental",GENE_ASSOCIATED_WITH_DISEASE
APON,"Liver Cirrhosis, Experimental",GENE_ASSOCIATED_WITH_DISEASE
APP,Amyloid Neuropathies,GENE_ASSOCIATED_WITH_DISEASE
APP,"Amyloidosis, Cerebroarterial, App-Related",GENE_ASSOCIATED_WITH_DISEASE
APP,Brain Diseases,GENE_ASSOCIATED_WITH_DISEASE
APP,Cardiomyopathies,GENE_ASSOCIATED_WITH_DISEASE
APP,Cerebral Amyloid Angiopathy,GENE_ASSOCIATED_WITH_DISEASE
APP,"Liver Cirrhosis, Experimental",GENE_ASSOCIATED_WITH_DISEASE
APP,Neurodegenerative Diseases,GENE_ASSOCIATED_WITH_DISEASE
APP,Neurogenic Inflammation,GENE_ASSOCIATED_WITH_DISEASE
APPL,Neurodegenerative Diseases,GENE_ASSOCIATED_WITH_DISEASE
APPL1,"Liver Cirrhosis, Experimental",GENE_ASSOCIATED_WITH_DISEASE
AQP1,"Edema, Cardiac",GENE_ASSOCIATED_WITH_DISEASE
AQP2,Cardiomyopathies,GENE_ASSOCIATED_WITH_DISEASE
AQP4,Neuromyelitis Optica,GENE_ASSOCIATED_WITH_DISEASE
AQP7,"Liver Cirrhosis, Experimental",GENE_ASSOCIATED_WITH_DISEASE
AR,"Bulbospinal neuronopathy, X-linked recessive",GENE_ASSOCIATED_WITH_DISEASE
AR,"Carcinoma, Hepatocellular",GENE_ASSOCIATED_WITH_DISEASE
AREG,Myocardial Ischemia,GENE_ASSOCIATED_WITH_DISEASE
ARG1,Chemical and Drug Induced Liver Injury,GENE_ASSOCIATED_WITH_DISEASE
ARG2,Heart Failure,GENE_ASSOCIATED_WITH_DISEASE
ARHGAP11A,"Carcinoma, Hepatocellular",GENE_ASSOCIATED_WITH_DISEASE
ARHGAP30,"Liver Cirrhosis, Experimental",GENE_ASSOCIATED_WITH_DISEASE
ARHGAP31,Adams Oliver syndrome,GENE_ASSOCIATED_WITH_DISEASE
ARHGAP9,"Liver Cirrhosis, Experimental",GENE_ASSOCIATED_WITH_DISEASE
ARHGDIB,"Liver Cirrhosis, Experimental",GENE_ASSOCIATED_WITH_DISEASE
ARHGEF39,"Carcinoma, Hepatocellular",GENE_ASSOCIATED_WITH_DISEASE
ARID1A,"Carcinoma, Hepatocellular",GENE_ASSOCIATED_WITH_DISEASE
ARID1A,Neuroblastoma,GENE_ASSOCIATED_WITH_DISEASE
ARID1B,"Carcinoma, Hepatocellular",GENE_ASSOCIATED_WITH_DISEASE
ARID1B,Neuroblastoma,GENE_ASSOCIATED_WITH_DISEASE
ARID1B,Neurodevelopmental Disorders,GENE_ASSOCIATED_WITH_DISEASE
ARID2,"Carcinoma, Hepatocellular",GENE_ASSOCIATED_WITH_DISEASE
ARID3A,"Carcinoma, Hepatocellular",GENE_ASSOCIATED_WITH_DISEASE
ARL11,"Liver Cirrhosis, Experimental",GENE_ASSOCIATED_WITH_DISEASE
ARL8A,"Liver Cirrhosis, Experimental",GENE_ASSOCIATED_WITH_DISEASE
ARMCX1,"Liver Cirrhosis, Experimental",GENE_ASSOCIATED_WITH_DISEASE
ARNT,Chemical and Drug Induced Liver Injury,GENE_ASSOCIATED_WITH_DISEASE
ARNT,Liver Cirrhosis,GENE_ASSOCIATED_WITH_DISEASE
ARPC1B,"Liver Cirrhosis, Experimental",GENE_ASSOCIATED_WITH_DISEASE
ARRB1,Liver Cirrhosis,GENE_ASSOCIATED_WITH_DISEASE
ARRB2,Liver Cirrhosis,GENE_ASSOCIATED_WITH_DISEASE
ARRB2,"Liver Cirrhosis, Experimental",GENE_ASSOCIATED_WITH_DISEASE
ASAH1,"Liver Cirrhosis, Experimental",GENE_ASSOCIATED_WITH_DISEASE
ASAH2,Liver Diseases,GENE_ASSOCIATED_WITH_DISEASE
ASF1B,"Carcinoma, Hepatocellular",GENE_ASSOCIATED_WITH_DISEASE
ASH1L,Liver Neoplasms,GENE_ASSOCIATED_WITH_DISEASE
ASH1L,Neurodevelopmental Disorders,GENE_ASSOCIATED_WITH_DISEASE
ASIC1,Brain Injuries,GENE_ASSOCIATED_WITH_DISEASE
ASIC1,Brain Ischemia,GENE_ASSOCIATED_WITH_DISEASE
ASMT,Hepatolenticular Degeneration,GENE_ASSOCIATED_WITH_DISEASE
ASNS,"Liver Cirrhosis, Experimental",GENE_ASSOCIATED_WITH_DISEASE
ASNS,Liver Neoplasms,GENE_ASSOCIATED_WITH_DISEASE
ASPG,"Carcinoma, Hepatocellular",GENE_ASSOCIATED_WITH_DISEASE
ASPM,"Carcinoma, Hepatocellular",GENE_ASSOCIATED_WITH_DISEASE
ASPN,"Liver Cirrhosis, Experimental",GENE_ASSOCIATED_WITH_DISEASE
ASS1,Liver Diseases,GENE_ASSOCIATED_WITH_DISEASE
ASS1,"Liver Failure, Acute",GENE_ASSOCIATED_WITH_DISEASE
ASTN1,Brain Injuries,GENE_ASSOCIATED_WITH_DISEASE
ASXL3,Neurodevelopmental Disorders,GENE_ASSOCIATED_WITH_DISEASE
ATF3,Cardiomyopathies,GENE_ASSOCIATED_WITH_DISEASE
ATF3,"Infarction, Middle Cerebral Artery",GENE_ASSOCIATED_WITH_DISEASE
ATF3,"Liver Cirrhosis, Experimental",GENE_ASSOCIATED_WITH_DISEASE
ATF4,Fatty Liver,GENE_ASSOCIATED_WITH_DISEASE
ATG5,Chemical and Drug Induced Liver Injury,GENE_ASSOCIATED_WITH_DISEASE
ATG5,Hepatomegaly,GENE_ASSOCIATED_WITH_DISEASE
ATG5,Liver Cirrhosis,GENE_ASSOCIATED_WITH_DISEASE
ATG7,"Carcinoma, Hepatocellular",GENE_ASSOCIATED_WITH_DISEASE
ATG7,Chemical and Drug Induced Liver Injury,GENE_ASSOCIATED_WITH_DISEASE
ATG7,Hepatomegaly,GENE_ASSOCIATED_WITH_DISEASE
ATG7,Liver Failure,GENE_ASSOCIATED_WITH_DISEASE
ATL1,"NEUROPATHY, HEREDITARY SENSORY, TYPE ID",GENE_ASSOCIATED_WITH_DISEASE
ATL3,"NEUROPATHY, HEREDITARY SENSORY, TYPE IF",GENE_ASSOCIATED_WITH_DISEASE
ATM,"Carcinoma, Hepatocellular",GENE_ASSOCIATED_WITH_DISEASE
ATM,"Cardiomyopathy, Dilated",GENE_ASSOCIATED_WITH_DISEASE
ATM,Liver Cirrhosis,GENE_ASSOCIATED_WITH_DISEASE
ATM,Myocardial Infarction,GENE_ASSOCIATED_WITH_DISEASE
ATOH8,Chemical and Drug Induced Liver Injury,GENE_ASSOCIATED_WITH_DISEASE
ATOX1,"Hepatitis, Chronic",GENE_ASSOCIATED_WITH_DISEASE
ATP10D,"Liver Cirrhosis, Experimental",GENE_ASSOCIATED_WITH_DISEASE
ATP13A2,Neuronal Ceroid-Lipofuscinoses,GENE_ASSOCIATED_WITH_DISEASE
ATP1A1,Myocardial Infarction,GENE_ASSOCIATED_WITH_DISEASE
ATP1A1,Myocardial Ischemia,GENE_ASSOCIATED_WITH_DISEASE
ATP1A1,Myocardial Reperfusion Injury,GENE_ASSOCIATED_WITH_DISEASE
ATP1A3,Heart Failure,GENE_ASSOCIATED_WITH_DISEASE
ATP2A1,Heart Failure,GENE_ASSOCIATED_WITH_DISEASE
ATP2A2,Cardiomegaly,GENE_ASSOCIATED_WITH_DISEASE
ATP2A2,Diabetic Cardiomyopathies,GENE_ASSOCIATED_WITH_DISEASE
ATP2A2,Heart Diseases,GENE_ASSOCIATED_WITH_DISEASE
ATP2A2,Heart Failure,GENE_ASSOCIATED_WITH_DISEASE
ATP2A2,Myocardial Reperfusion Injury,GENE_ASSOCIATED_WITH_DISEASE
ATP2A2,Myocardial Stunning,GENE_ASSOCIATED_WITH_DISEASE
ATP5F1B,Non-alcoholic Fatty Liver Disease,GENE_ASSOCIATED_WITH_DISEASE
ATP5IF1,Fatty Liver,GENE_ASSOCIATED_WITH_DISEASE
ATP5ME,Heart Diseases,GENE_ASSOCIATED_WITH_DISEASE
ATP5PD,"Carcinoma, Hepatocellular",GENE_ASSOCIATED_WITH_DISEASE
ATP5PF,Heart Diseases,GENE_ASSOCIATED_WITH_DISEASE
ATP6,Neuropathy ataxia and retinitis pigmentosa,GENE_ASSOCIATED_WITH_DISEASE
ATP6V1D,Chemical and Drug Induced Liver Injury,GENE_ASSOCIATED_WITH_DISEASE
ATP6V1D,"Liver Cirrhosis, Experimental",GENE_ASSOCIATED_WITH_DISEASE
ATP7A,"Hepatitis, Chronic",GENE_ASSOCIATED_WITH_DISEASE
ATP7A,"Liver Neoplasms, Experimental",GENE_ASSOCIATED_WITH_DISEASE
ATP7A,Neurologic Manifestations,GENE_ASSOCIATED_WITH_DISEASE
ATP7B,Fatty Liver,GENE_ASSOCIATED_WITH_DISEASE
ATP7B,Hepatitis,GENE_ASSOCIATED_WITH_DISEASE
ATP7B,Hepatolenticular Degeneration,GENE_ASSOCIATED_WITH_DISEASE
ATP7B,Liver Cirrhosis,GENE_ASSOCIATED_WITH_DISEASE
ATP7B,Liver Diseases,GENE_ASSOCIATED_WITH_DISEASE
ATP7B,"Liver Failure, Acute",GENE_ASSOCIATED_WITH_DISEASE
ATP7B,Liver Neoplasms,GENE_ASSOCIATED_WITH_DISEASE
ATP7B,"Liver Neoplasms, Experimental",GENE_ASSOCIATED_WITH_DISEASE
ATP8B1,"Cholestasis, Intrahepatic",GENE_ASSOCIATED_WITH_DISEASE
ATP8B1,"Cholestasis, progressive familial intrahepatic 1",GENE_ASSOCIATED_WITH_DISEASE
ATP8B1,"Cholestasis, progressive familial intrahepatic 3",GENE_ASSOCIATED_WITH_DISEASE
ATP8B1,Intrahepatic Cholestasis of Pregnancy,GENE_ASSOCIATED_WITH_DISEASE
ATRN,"Liver Cirrhosis, Experimental",GENE_ASSOCIATED_WITH_DISEASE
ATRX,Neuroblastoma,GENE_ASSOCIATED_WITH_DISEASE
ATRX,Neuroendocrine Tumors,GENE_ASSOCIATED_WITH_DISEASE
ATXN1,Neurodegenerative Diseases,GENE_ASSOCIATED_WITH_DISEASE
AURKA,"Carcinoma, Hepatocellular",GENE_ASSOCIATED_WITH_DISEASE
AURKA,Neuroblastoma,GENE_ASSOCIATED_WITH_DISEASE
AURKB,"Carcinoma, Hepatocellular",GENE_ASSOCIATED_WITH_DISEASE
AVP,"Arrhythmias, Cardiac",GENE_ASSOCIATED_WITH_DISEASE
AVP,Cardiomyopathies,GENE_ASSOCIATED_WITH_DISEASE
AVP,"Diabetes Insipidus, Neurogenic",GENE_ASSOCIATED_WITH_DISEASE
AVP,Heart Failure,GENE_ASSOCIATED_WITH_DISEASE
AVPR2,Cardiomyopathies,GENE_ASSOCIATED_WITH_DISEASE
AVPR2,Heart Failure,GENE_ASSOCIATED_WITH_DISEASE
AXIN1,"Carcinoma, Hepatocellular",GENE_ASSOCIATED_WITH_DISEASE
AXIN2,"Cardiomyopathy, Dilated",GENE_ASSOCIATED_WITH_DISEASE
AXIN2,Myocardial Ischemia,GENE_ASSOCIATED_WITH_DISEASE
AXL,"Liver Cirrhosis, Experimental",GENE_ASSOCIATED_WITH_DISEASE
AXL,"Neurofibroma, Plexiform",GENE_ASSOCIATED_WITH_DISEASE
B2M,Heart Diseases,GENE_ASSOCIATED_WITH_DISEASE
B3GAT1,Non-alcoholic Fatty Liver Disease,GENE_ASSOCIATED_WITH_DISEASE
B3GAT3,"MULTIPLE JOINT DISLOCATIONS, SHORT STATURE, AND CRANIOFACIAL DYSMORPHISM WITH OR WITHOUT CONGENITAL HEART DEFECTS",GENE_ASSOCIATED_WITH_DISEASE
B4GALT5,"Liver Cirrhosis, Experimental",GENE_ASSOCIATED_WITH_DISEASE
B9D1,"Liver Cirrhosis, Experimental",GENE_ASSOCIATED_WITH_DISEASE
BACH1,Cardiotoxicity,GENE_ASSOCIATED_WITH_DISEASE
BAG3,"CARDIOMYOPATHY, DILATED, 1HH",GENE_ASSOCIATED_WITH_DISEASE
BAK1,"Liver Neoplasms, Experimental",GENE_ASSOCIATED_WITH_DISEASE
BAK1,Myocardial Infarction,GENE_ASSOCIATED_WITH_DISEASE
BAMBI,Cardiomegaly,GENE_ASSOCIATED_WITH_DISEASE
BAMBI,Heart Failure,GENE_ASSOCIATED_WITH_DISEASE
BAMBI,Liver Cirrhosis,GENE_ASSOCIATED_WITH_DISEASE
BAP1,Liver Neoplasms,GENE_ASSOCIATED_WITH_DISEASE
BAP1,Neuroendocrine Tumors,GENE_ASSOCIATED_WITH_DISEASE
BARD1,Neuroblastoma,GENE_ASSOCIATED_WITH_DISEASE
BAX,Cerebral Hemorrhage,GENE_ASSOCIATED_WITH_DISEASE
BAX,Chemical and Drug Induced Liver Injury,GENE_ASSOCIATED_WITH_DISEASE
BAX,Myocardial Infarction,GENE_ASSOCIATED_WITH_DISEASE
BAX,Myocardial Reperfusion Injury,GENE_ASSOCIATED_WITH_DISEASE
BBC3,Brain Ischemia,GENE_ASSOCIATED_WITH_DISEASE
BBC3,"Liver Neoplasms, Experimental",GENE_ASSOCIATED_WITH_DISEASE
BBOX1,"Liver Cirrhosis, Experimental",GENE_ASSOCIATED_WITH_DISEASE
BCHE,Cardiotoxicity,GENE_ASSOCIATED_WITH_DISEASE
BCHE,Neuroblastoma,GENE_ASSOCIATED_WITH_DISEASE
BCHE,Neurotoxicity Syndromes,GENE_ASSOCIATED_WITH_DISEASE
BCHE,Tachycardia,GENE_ASSOCIATED_WITH_DISEASE
BCL2,Cerebral Hemorrhage,GENE_ASSOCIATED_WITH_DISEASE
BCL2,"Liver Cirrhosis, Alcoholic",GENE_ASSOCIATED_WITH_DISEASE
BCL2,"Liver Neoplasms, Experimental",GENE_ASSOCIATED_WITH_DISEASE
BCL2,Myocardial Infarction,GENE_ASSOCIATED_WITH_DISEASE
BCL2A1D,"Liver Cirrhosis, Experimental",GENE_ASSOCIATED_WITH_DISEASE
BCL2L1,"Carcinoma, Hepatocellular",GENE_ASSOCIATED_WITH_DISEASE
BCL2L1,Cerebral Hemorrhage,GENE_ASSOCIATED_WITH_DISEASE
BCL2L1,Liver Diseases,GENE_ASSOCIATED_WITH_DISEASE
BCL2L1,"Liver Neoplasms, Experimental",GENE_ASSOCIATED_WITH_DISEASE
BCL2L1,Myocardial Infarction,GENE_ASSOCIATED_WITH_DISEASE
BCL2L1,Neurotoxicity Syndromes,GENE_ASSOCIATED_WITH_DISEASE
BCO2,"Carcinoma, Hepatocellular",GENE_ASSOCIATED_WITH_DISEASE
BCR,"Liver Cirrhosis, Experimental",GENE_ASSOCIATED_WITH_DISEASE
BDH1,Chemical and Drug Induced Liver Injury,GENE_ASSOCIATED_WITH_DISEASE
BDH1,"Liver Cirrhosis, Experimental",GENE_ASSOCIATED_WITH_DISEASE
BDKRB2,Cardiomyopathies,GENE_ASSOCIATED_WITH_DISEASE
BDKRB2,Chemical and Drug Induced Liver Injury,GENE_ASSOCIATED_WITH_DISEASE
BDNF,Brain Injuries,GENE_ASSOCIATED_WITH_DISEASE
BDNF,Brain Ischemia,GENE_ASSOCIATED_WITH_DISEASE
BECN1,Brain Injuries,GENE_ASSOCIATED_WITH_DISEASE
BECN1,Myocardial Infarction,GENE_ASSOCIATED_WITH_DISEASE
BGLAP,Heart Valve Diseases,GENE_ASSOCIATED_WITH_DISEASE
BGN,"Liver Cirrhosis, Experimental",GENE_ASSOCIATED_WITH_DISEASE
BHLHE40,Myocardial Ischemia,GENE_ASSOCIATED_WITH_DISEASE
BHMT,Hepatolenticular Degeneration,GENE_ASSOCIATED_WITH_DISEASE
BICD2,"Liver Cirrhosis, Experimental",GENE_ASSOCIATED_WITH_DISEASE
BID,"Carcinoma, Hepatocellular",GENE_ASSOCIATED_WITH_DISEASE
BIRC2,Neuroblastoma,GENE_ASSOCIATED_WITH_DISEASE
BIRC3,Fatty Liver,GENE_ASSOCIATED_WITH_DISEASE
BIRC3,"Liver Cirrhosis, Experimental",GENE_ASSOCIATED_WITH_DISEASE
BIRC3,Neuroblastoma,GENE_ASSOCIATED_WITH_DISEASE
BIRC5,"Carcinoma, Hepatocellular",GENE_ASSOCIATED_WITH_DISEASE
BKGD,"Liver Cirrhosis, Experimental",GENE_ASSOCIATED_WITH_DISEASE
BLOC1S2,"Liver Cirrhosis, Experimental",GENE_ASSOCIATED_WITH_DISEASE
BLVRA,HYPERBILIVERDINEMIA,GENE_ASSOCIATED_WITH_DISEASE
BLVRA,"Liver Cirrhosis, Experimental",GENE_ASSOCIATED_WITH_DISEASE
BLVRB,Chemical and Drug Induced Liver Injury,GENE_ASSOCIATED_WITH_DISEASE
BMAL1,Chemical and Drug Induced Liver Injury,GENE_ASSOCIATED_WITH_DISEASE
BMAL1,Myocardial Ischemia,GENE_ASSOCIATED_WITH_DISEASE
BMF,"Liver Cirrhosis, Experimental",GENE_ASSOCIATED_WITH_DISEASE
BMP10,"Heart Failure, Systolic",GENE_ASSOCIATED_WITH_DISEASE
BMP2,Cardiotoxicity,GENE_ASSOCIATED_WITH_DISEASE
BMP7,"Liver Cirrhosis, Experimental",GENE_ASSOCIATED_WITH_DISEASE
BMPER,"Carcinoma, Hepatocellular",GENE_ASSOCIATED_WITH_DISEASE
BPNT1,Chemical and Drug Induced Liver Injury,GENE_ASSOCIATED_WITH_DISEASE
BRAF,"Carcinoma, Hepatocellular",GENE_ASSOCIATED_WITH_DISEASE
BRAF,Cardiofaciocutaneous syndrome,GENE_ASSOCIATED_WITH_DISEASE
BRAF,Liver Neoplasms,GENE_ASSOCIATED_WITH_DISEASE
BRAF,Neuroendocrine Tumors,GENE_ASSOCIATED_WITH_DISEASE
BRAP,Myocardial Infarction,GENE_ASSOCIATED_WITH_DISEASE
BRD4,Chemical and Drug Induced Liver Injury,GENE_ASSOCIATED_WITH_DISEASE
BSG,"Carcinoma, Hepatocellular",GENE_ASSOCIATED_WITH_DISEASE
BSN,Heart Diseases,GENE_ASSOCIATED_WITH_DISEASE
BTD,Chemical and Drug Induced Liver Injury,GENE_ASSOCIATED_WITH_DISEASE
BTG2,"Carcinoma, Hepatocellular",GENE_ASSOCIATED_WITH_DISEASE
BUB1,"Carcinoma, Hepatocellular",GENE_ASSOCIATED_WITH_DISEASE
BUB1B,"Carcinoma, Hepatocellular",GENE_ASSOCIATED_WITH_DISEASE
C11H3ORF70,"Liver Cirrhosis, Experimental",GENE_ASSOCIATED_WITH_DISEASE
C13H1ORF21,"Liver Cirrhosis, Experimental",GENE_ASSOCIATED_WITH_DISEASE
C14ORF180,"Carcinoma, Hepatocellular",GENE_ASSOCIATED_WITH_DISEASE
C19ORF12,NEURODEGENERATION WITH BRAIN IRON ACCUMULATION 4,GENE_ASSOCIATED_WITH_DISEASE
C1QA,"Liver Cirrhosis, Experimental",GENE_ASSOCIATED_WITH_DISEASE
C1QB,Liver Cirrhosis,GENE_ASSOCIATED_WITH_DISEASE
C1QB,"Liver Cirrhosis, Experimental",GENE_ASSOCIATED_WITH_DISEASE
C1QB,Myocardial Ischemia,GENE_ASSOCIATED_WITH_DISEASE
C1QC,"Fatty Liver, Alcoholic",GENE_ASSOCIATED_WITH_DISEASE
C1QC,Hepatitis C,GENE_ASSOCIATED_WITH_DISEASE
C1QC,"Liver Cirrhosis, Experimental",GENE_ASSOCIATED_WITH_DISEASE
C1QC,Non-alcoholic Fatty Liver Disease,GENE_ASSOCIATED_WITH_DISEASE
C1S,"Hepatitis, Autoimmune",GENE_ASSOCIATED_WITH_DISEASE
C3,Chemical and Drug Induced Liver Injury,GENE_ASSOCIATED_WITH_DISEASE
C3,"Infarction, Middle Cerebral Artery",GENE_ASSOCIATED_WITH_DISEASE
C5AR1,"Liver Cirrhosis, Experimental",GENE_ASSOCIATED_WITH_DISEASE
C5H1ORF210,"Liver Cirrhosis, Experimental",GENE_ASSOCIATED_WITH_DISEASE
C6,Heart Valve Diseases,GENE_ASSOCIATED_WITH_DISEASE
C7,"Liver Cirrhosis, Experimental",GENE_ASSOCIATED_WITH_DISEASE
C8G,"Liver Cirrhosis, Experimental",GENE_ASSOCIATED_WITH_DISEASE
C9,"Carcinoma, Hepatocellular",GENE_ASSOCIATED_WITH_DISEASE
C9ORF72,Frontotemporal Dementia With Motor Neuron Disease,GENE_ASSOCIATED_WITH_DISEASE
CA2,"Carcinoma, Hepatocellular",GENE_ASSOCIATED_WITH_DISEASE
CA3,Chemical and Drug Induced Liver Injury,GENE_ASSOCIATED_WITH_DISEASE
CA3,"Liver Cirrhosis, Experimental",GENE_ASSOCIATED_WITH_DISEASE
CABCOCO1,Hepatomegaly,GENE_ASSOCIATED_WITH_DISEASE
CABIN1,Cardiomegaly,GENE_ASSOCIATED_WITH_DISEASE
CACNA1C,"Arrhythmias, Cardiac",GENE_ASSOCIATED_WITH_DISEASE
CACNA1D,Bradycardia,GENE_ASSOCIATED_WITH_DISEASE
CACNA1D,Heart Block,GENE_ASSOCIATED_WITH_DISEASE
CACNA1D,"Tachycardia, Supraventricular",GENE_ASSOCIATED_WITH_DISEASE
CACNA2D3,Neurodevelopmental Disorders,GENE_ASSOCIATED_WITH_DISEASE
CADPS2,Chemical and Drug Induced Liver Injury,GENE_ASSOCIATED_WITH_DISEASE
CALCA,Neurogenic Inflammation,GENE_ASSOCIATED_WITH_DISEASE
CALCA,Sciatic Neuropathy,GENE_ASSOCIATED_WITH_DISEASE
CALM1,Polymorphic Catecholaminergic Ventricular Tachycardia,GENE_ASSOCIATED_WITH_DISEASE
CALR,Myocardial Ischemia,GENE_ASSOCIATED_WITH_DISEASE
CAMK2A,Hepatolenticular Degeneration,GENE_ASSOCIATED_WITH_DISEASE
CAMK2A,Hepatomegaly,GENE_ASSOCIATED_WITH_DISEASE
CAMK2D,"Liver Cirrhosis, Experimental",GENE_ASSOCIATED_WITH_DISEASE
CAMK2D,Myocardial Ischemia,GENE_ASSOCIATED_WITH_DISEASE
CANX,Chemical and Drug Induced Liver Injury,GENE_ASSOCIATED_WITH_DISEASE
CANX,Myocardial Ischemia,GENE_ASSOCIATED_WITH_DISEASE
CAP1,Chemical and Drug Induced Liver Injury,GENE_ASSOCIATED_WITH_DISEASE
CAP2,"Carcinoma, Hepatocellular",GENE_ASSOCIATED_WITH_DISEASE
CAPG,"Liver Cirrhosis, Experimental",GENE_ASSOCIATED_WITH_DISEASE
CAPN2,Hypoplastic Left Heart Syndrome,GENE_ASSOCIATED_WITH_DISEASE
CAR3,Chemical and Drug Induced Liver Injury,GENE_ASSOCIATED_WITH_DISEASE
CAR3,Fatty Liver,GENE_ASSOCIATED_WITH_DISEASE
CAR3,"Liver Cirrhosis, Experimental",GENE_ASSOCIATED_WITH_DISEASE
CAR3,"Liver Neoplasms, Experimental",GENE_ASSOCIATED_WITH_DISEASE
CAR5A,"Liver Cirrhosis, Experimental",GENE_ASSOCIATED_WITH_DISEASE
CASK,Neurodevelopmental Disorders,GENE_ASSOCIATED_WITH_DISEASE
CASP1,"Liver Cirrhosis, Experimental",GENE_ASSOCIATED_WITH_DISEASE
CASP1,Myocardial Reperfusion Injury,GENE_ASSOCIATED_WITH_DISEASE
CASP12,"Liver Cirrhosis, Experimental",GENE_ASSOCIATED_WITH_DISEASE
CASP12,Myocardial Reperfusion Injury,GENE_ASSOCIATED_WITH_DISEASE
CASP3,Brain Ischemia,GENE_ASSOCIATED_WITH_DISEASE
CASP3,Cerebral Hemorrhage,GENE_ASSOCIATED_WITH_DISEASE
CASP3,Copper-Overload Cirrhosis,GENE_ASSOCIATED_WITH_DISEASE
CASP3,Diabetic Neuropathies,GENE_ASSOCIATED_WITH_DISEASE
CASP3,Heart Valve Diseases,GENE_ASSOCIATED_WITH_DISEASE
CASP3,"Hepatitis, Chronic",GENE_ASSOCIATED_WITH_DISEASE
CASP3,Myocardial Infarction,GENE_ASSOCIATED_WITH_DISEASE
CASP3,Myocardial Reperfusion Injury,GENE_ASSOCIATED_WITH_DISEASE
CASP3,Neurotoxicity Syndromes,GENE_ASSOCIATED_WITH_DISEASE
CASP4,"Liver Cirrhosis, Experimental",GENE_ASSOCIATED_WITH_DISEASE
CASP7,"Liver Cirrhosis, Experimental",GENE_ASSOCIATED_WITH_DISEASE
CASP7,Myocardial Reperfusion Injury,GENE_ASSOCIATED_WITH_DISEASE
CASP8,"Carcinoma, Hepatocellular",GENE_ASSOCIATED_WITH_DISEASE
CASP8,Cerebral Hemorrhage,GENE_ASSOCIATED_WITH_DISEASE
CASP8,Myocardial Reperfusion Injury,GENE_ASSOCIATED_WITH_DISEASE
CASP9,Brain Ischemia,GENE_ASSOCIATED_WITH_DISEASE
CASP9,Myocardial Reperfusion Injury,GENE_ASSOCIATED_WITH_DISEASE
CASQ2,Polymorphic Catecholaminergic Ventricular Tachycardia,GENE_ASSOCIATED_WITH_DISEASE
CASQ2,"Tachycardia, Ventricular",GENE_ASSOCIATED_WITH_DISEASE
CASQ2,"VENTRICULAR TACHYCARDIA, CATECHOLAMINERGIC POLYMORPHIC, 1, WITH OR WITHOUT ATRIAL DYSFUNCTION AND/OR DILATED CARDIOMYOPATHY",GENE_ASSOCIATED_WITH_DISEASE
CAST,"Liver Failure, Acute",GENE_ASSOCIATED_WITH_DISEASE
CAST,Myocarditis,GENE_ASSOCIATED_WITH_DISEASE
CAT,Brain Ischemia,GENE_ASSOCIATED_WITH_DISEASE
CAT,"Carcinoma, Hepatocellular",GENE_ASSOCIATED_WITH_DISEASE
CAT,Cardiomyopathies,GENE_ASSOCIATED_WITH_DISEASE
CAT,Cardiotoxicity,GENE_ASSOCIATED_WITH_DISEASE
CAT,Chemical and Drug Induced Liver Injury,GENE_ASSOCIATED_WITH_DISEASE
CAT,Diabetic Neuropathies,GENE_ASSOCIATED_WITH_DISEASE
CAT,Fatty Liver,GENE_ASSOCIATED_WITH_DISEASE
CAT,Heart Failure,GENE_ASSOCIATED_WITH_DISEASE
CAT,Hepatitis,GENE_ASSOCIATED_WITH_DISEASE
CAT,"Hepatitis, Chronic",GENE_ASSOCIATED_WITH_DISEASE
CAT,"Liver Cirrhosis, Alcoholic",GENE_ASSOCIATED_WITH_DISEASE
CAT,Myocardial Infarction,GENE_ASSOCIATED_WITH_DISEASE
CAT,Myocardial Reperfusion Injury,GENE_ASSOCIATED_WITH_DISEASE
CAT,Non-alcoholic Fatty Liver Disease,GENE_ASSOCIATED_WITH_DISEASE
CAT-2,Neurodegenerative Diseases,GENE_ASSOCIATED_WITH_DISEASE
CAV1,Cardiomegaly,GENE_ASSOCIATED_WITH_DISEASE
CAV1,"Liver Cirrhosis, Experimental",GENE_ASSOCIATED_WITH_DISEASE
CAV3,Cardiomegaly,GENE_ASSOCIATED_WITH_DISEASE
CAV3,"Cardiomyopathy, Familial Hypertrophic, 1",GENE_ASSOCIATED_WITH_DISEASE
CAV3,"Heart Defects, Congenital",GENE_ASSOCIATED_WITH_DISEASE
CBFB,"Heart Defects, Congenital",GENE_ASSOCIATED_WITH_DISEASE
CBR1,"Carcinoma, Hepatocellular",GENE_ASSOCIATED_WITH_DISEASE
CBR1,Cardiomyopathies,GENE_ASSOCIATED_WITH_DISEASE
CBS,Cardiovascular Diseases,GENE_ASSOCIATED_WITH_DISEASE
CCBE1,"Carcinoma, Hepatocellular",GENE_ASSOCIATED_WITH_DISEASE
CCDC126,"Liver Cirrhosis, Experimental",GENE_ASSOCIATED_WITH_DISEASE
CCDC134,Liver Neoplasms,GENE_ASSOCIATED_WITH_DISEASE
CCDC80,Chemical and Drug Induced Liver Injury,GENE_ASSOCIATED_WITH_DISEASE
CCK,Liver Diseases,GENE_ASSOCIATED_WITH_DISEASE
CCK,Neurobehavioral Manifestations,GENE_ASSOCIATED_WITH_DISEASE
CCK,Neurotoxicity Syndromes,GENE_ASSOCIATED_WITH_DISEASE
CCL11,Brain Ischemia,GENE_ASSOCIATED_WITH_DISEASE
CCL12,Brain Ischemia,GENE_ASSOCIATED_WITH_DISEASE
CCL14,"Carcinoma, Hepatocellular",GENE_ASSOCIATED_WITH_DISEASE
CCL2,Brain Injuries,GENE_ASSOCIATED_WITH_DISEASE
CCL2,Brain Ischemia,GENE_ASSOCIATED_WITH_DISEASE
CCL2,Cardiotoxicity,GENE_ASSOCIATED_WITH_DISEASE
CCL2,Cardiovascular Diseases,GENE_ASSOCIATED_WITH_DISEASE
CCL2,Chemical and Drug Induced Liver Injury,GENE_ASSOCIATED_WITH_DISEASE
CCL2,Fatty Liver,GENE_ASSOCIATED_WITH_DISEASE
CCL2,Heart Failure,GENE_ASSOCIATED_WITH_DISEASE
CCL2,Heart Valve Diseases,GENE_ASSOCIATED_WITH_DISEASE
CCL2,"Hepatitis, Autoimmune",GENE_ASSOCIATED_WITH_DISEASE
CCL2,"Infarction, Middle Cerebral Artery",GENE_ASSOCIATED_WITH_DISEASE
CCL2,Liver Cirrhosis,GENE_ASSOCIATED_WITH_DISEASE
CCL2,"Liver Cirrhosis, Experimental",GENE_ASSOCIATED_WITH_DISEASE
CCL2,Liver Diseases,GENE_ASSOCIATED_WITH_DISEASE
CCL2,Myocardial Ischemia,GENE_ASSOCIATED_WITH_DISEASE
CCL2,Myocardial Reperfusion Injury,GENE_ASSOCIATED_WITH_DISEASE
CCL20,"Liver Neoplasms, Experimental",GENE_ASSOCIATED_WITH_DISEASE
CCL3,Brain Ischemia,GENE_ASSOCIATED_WITH_DISEASE
CCL3,"Carcinoma, Hepatocellular",GENE_ASSOCIATED_WITH_DISEASE
CCL3,Myocardial Ischemia,GENE_ASSOCIATED_WITH_DISEASE
CCL4,Brain Ischemia,GENE_ASSOCIATED_WITH_DISEASE
CCL4,Myocardial Ischemia,GENE_ASSOCIATED_WITH_DISEASE
CCL5,"Hepatitis, Alcoholic",GENE_ASSOCIATED_WITH_DISEASE
CCL5,"Hepatitis, Autoimmune",GENE_ASSOCIATED_WITH_DISEASE
CCL5,"Liver Cirrhosis, Biliary",GENE_ASSOCIATED_WITH_DISEASE
CCL5,"Liver Cirrhosis, Experimental",GENE_ASSOCIATED_WITH_DISEASE
CCL6,Heart Valve Diseases,GENE_ASSOCIATED_WITH_DISEASE
CCL6,"Liver Cirrhosis, Experimental",GENE_ASSOCIATED_WITH_DISEASE
CCL7,"Infarction, Middle Cerebral Artery",GENE_ASSOCIATED_WITH_DISEASE
CCL9,Brain Ischemia,GENE_ASSOCIATED_WITH_DISEASE
CCM2,Cerebral Cavernous Malformations 2,GENE_ASSOCIATED_WITH_DISEASE
CCN1,"Carcinoma, Hepatocellular",GENE_ASSOCIATED_WITH_DISEASE
CCN2,"Cholestasis, Extrahepatic",GENE_ASSOCIATED_WITH_DISEASE
CCN2,Heart Failure,GENE_ASSOCIATED_WITH_DISEASE
CCN2,"Hepatitis B, Chronic",GENE_ASSOCIATED_WITH_DISEASE
CCN2,Liver Cirrhosis,GENE_ASSOCIATED_WITH_DISEASE
CCN2,"Liver Cirrhosis, Experimental",GENE_ASSOCIATED_WITH_DISEASE
CCN2A,Brain Neoplasms,GENE_ASSOCIATED_WITH_DISEASE
CCNA1,"Carcinoma, Hepatocellular",GENE_ASSOCIATED_WITH_DISEASE
CCNA2,"Liver Cirrhosis, Experimental",GENE_ASSOCIATED_WITH_DISEASE
CCNB1,"Carcinoma, Hepatocellular",GENE_ASSOCIATED_WITH_DISEASE
CCNB2,"Carcinoma, Hepatocellular",GENE_ASSOCIATED_WITH_DISEASE
CCNB2,"Liver Cirrhosis, Experimental",GENE_ASSOCIATED_WITH_DISEASE
CCND1,Brain Neoplasms,GENE_ASSOCIATED_WITH_DISEASE
CCND1,"Carcinoma, Hepatocellular",GENE_ASSOCIATED_WITH_DISEASE
CCND1,Liver Neoplasms,GENE_ASSOCIATED_WITH_DISEASE
CCND1,"Liver Neoplasms, Experimental",GENE_ASSOCIATED_WITH_DISEASE
CCND1,Myocardial Ischemia,GENE_ASSOCIATED_WITH_DISEASE
CCND2,Cardiomegaly,GENE_ASSOCIATED_WITH_DISEASE
CCND2,Myocardial Ischemia,GENE_ASSOCIATED_WITH_DISEASE
CCNDBP1,"Liver Neoplasms, Experimental",GENE_ASSOCIATED_WITH_DISEASE
CCNE1,"Carcinoma, Hepatocellular",GENE_ASSOCIATED_WITH_DISEASE
CCNF,"Carcinoma, Hepatocellular",GENE_ASSOCIATED_WITH_DISEASE
CCNG1,"Liver Cirrhosis, Experimental",GENE_ASSOCIATED_WITH_DISEASE
CCNH,Liver Neoplasms,GENE_ASSOCIATED_WITH_DISEASE
CCR1,"Carcinoma, Hepatocellular",GENE_ASSOCIATED_WITH_DISEASE
CCR1,Liver Diseases,GENE_ASSOCIATED_WITH_DISEASE
CCR2,Chemical and Drug Induced Liver Injury,GENE_ASSOCIATED_WITH_DISEASE
CCR2,Liver Diseases,GENE_ASSOCIATED_WITH_DISEASE
CCR4,Brain Ischemia,GENE_ASSOCIATED_WITH_DISEASE
CCR4,Liver Neoplasms,GENE_ASSOCIATED_WITH_DISEASE
CCR5,Hepatitis C,GENE_ASSOCIATED_WITH_DISEASE
CCS,"Hepatitis, Chronic",GENE_ASSOCIATED_WITH_DISEASE
CCT3,Chemical and Drug Induced Liver Injury,GENE_ASSOCIATED_WITH_DISEASE
CCT5,Chemical and Drug Induced Liver Injury,GENE_ASSOCIATED_WITH_DISEASE
CCT5,"Neuropathy, Hereditary Sensory, with Spastic Paraplegia, Autosomal Recessive",GENE_ASSOCIATED_WITH_DISEASE
CD14,Brain Injuries,GENE_ASSOCIATED_WITH_DISEASE
CD14,Liver Cirrhosis,GENE_ASSOCIATED_WITH_DISEASE
CD14,Non-alcoholic Fatty Liver Disease,GENE_ASSOCIATED_WITH_DISEASE
CD163,"Carcinoma, Hepatocellular",GENE_ASSOCIATED_WITH_DISEASE
CD163,"Liver Cirrhosis, Experimental",GENE_ASSOCIATED_WITH_DISEASE
CD200R1,"Liver Cirrhosis, Experimental",GENE_ASSOCIATED_WITH_DISEASE
CD200R2,"Liver Cirrhosis, Experimental",GENE_ASSOCIATED_WITH_DISEASE
CD209,Hepatitis C,GENE_ASSOCIATED_WITH_DISEASE
CD24,"Liver Cirrhosis, Experimental",GENE_ASSOCIATED_WITH_DISEASE
CD27,"Cardiomyopathy, Dilated",GENE_ASSOCIATED_WITH_DISEASE
CD27,Myocarditis,GENE_ASSOCIATED_WITH_DISEASE
CD274,"Carcinoma, Hepatocellular",GENE_ASSOCIATED_WITH_DISEASE
CD276,"Carcinoma, Hepatocellular",GENE_ASSOCIATED_WITH_DISEASE
CD276,"Liver Cirrhosis, Experimental",GENE_ASSOCIATED_WITH_DISEASE
CD34,"Carcinoma, Hepatocellular",GENE_ASSOCIATED_WITH_DISEASE
CD36,"Cardiomyopathy, Dilated",GENE_ASSOCIATED_WITH_DISEASE
CD36,"Liver Cirrhosis, Experimental",GENE_ASSOCIATED_WITH_DISEASE
CD36,Myocardial Ischemia,GENE_ASSOCIATED_WITH_DISEASE
CD38,"Liver Cirrhosis, Experimental",GENE_ASSOCIATED_WITH_DISEASE
CD38,Myocardial Ischemia,GENE_ASSOCIATED_WITH_DISEASE
CD3D,"Liver Cirrhosis, Biliary",GENE_ASSOCIATED_WITH_DISEASE
CD3D,Liver Diseases,GENE_ASSOCIATED_WITH_DISEASE
CD3D,Neurotoxicity Syndromes,GENE_ASSOCIATED_WITH_DISEASE
CD44,Neuroblastoma,GENE_ASSOCIATED_WITH_DISEASE
CD48,"Liver Cirrhosis, Experimental",GENE_ASSOCIATED_WITH_DISEASE
CD53,Gastro-enteropancreatic neuroendocrine tumor,GENE_ASSOCIATED_WITH_DISEASE
CD53,"Liver Cirrhosis, Experimental",GENE_ASSOCIATED_WITH_DISEASE
CD5L,"Carcinoma, Hepatocellular",GENE_ASSOCIATED_WITH_DISEASE
CD5L,"Liver Cirrhosis, Experimental",GENE_ASSOCIATED_WITH_DISEASE
CD63,"Liver Cirrhosis, Experimental",GENE_ASSOCIATED_WITH_DISEASE
CD63,"Liver Neoplasms, Experimental",GENE_ASSOCIATED_WITH_DISEASE
CD68,"Cholestasis, Extrahepatic",GENE_ASSOCIATED_WITH_DISEASE
CD68,"Liver Cirrhosis, Experimental",GENE_ASSOCIATED_WITH_DISEASE
CD7,"Liver Cirrhosis, Experimental",GENE_ASSOCIATED_WITH_DISEASE
CD70,"Cardiomyopathy, Dilated",GENE_ASSOCIATED_WITH_DISEASE
CD70,Myocarditis,GENE_ASSOCIATED_WITH_DISEASE
CD74,"Liver Cirrhosis, Experimental",GENE_ASSOCIATED_WITH_DISEASE
CD74,"Liver Failure, Acute",GENE_ASSOCIATED_WITH_DISEASE
CD79B,Liver Diseases,GENE_ASSOCIATED_WITH_DISEASE
CD80,"Liver Cirrhosis, Biliary",GENE_ASSOCIATED_WITH_DISEASE
CD81,Hepatitis C,GENE_ASSOCIATED_WITH_DISEASE
CD83,"Liver Cirrhosis, Experimental",GENE_ASSOCIATED_WITH_DISEASE
CD86,Gastro-enteropancreatic neuroendocrine tumor,GENE_ASSOCIATED_WITH_DISEASE
CD86,"Liver Cirrhosis, Experimental",GENE_ASSOCIATED_WITH_DISEASE
CD86,Liver Diseases,GENE_ASSOCIATED_WITH_DISEASE
CD9,Liver Cirrhosis,GENE_ASSOCIATED_WITH_DISEASE
CDC20,"Carcinoma, Hepatocellular",GENE_ASSOCIATED_WITH_DISEASE
CDC25B,Chemical and Drug Induced Liver Injury,GENE_ASSOCIATED_WITH_DISEASE
CDC25B,"Heart Failure, Diastolic",GENE_ASSOCIATED_WITH_DISEASE
CDC25C,"Carcinoma, Hepatocellular",GENE_ASSOCIATED_WITH_DISEASE
CDC42BPB,Neurodevelopmental Disorders,GENE_ASSOCIATED_WITH_DISEASE
CDC42SE1,"Liver Cirrhosis, Experimental",GENE_ASSOCIATED_WITH_DISEASE
CDC45,"Carcinoma, Hepatocellular",GENE_ASSOCIATED_WITH_DISEASE
CDC6,"Carcinoma, Hepatocellular",GENE_ASSOCIATED_WITH_DISEASE
CDCA2,"Carcinoma, Hepatocellular",GENE_ASSOCIATED_WITH_DISEASE
CDCA3,"Carcinoma, Hepatocellular",GENE_ASSOCIATED_WITH_DISEASE
CDCA5,"Carcinoma, Hepatocellular",GENE_ASSOCIATED_WITH_DISEASE
CDCA8,"Carcinoma, Hepatocellular",GENE_ASSOCIATED_WITH_DISEASE
CDH1,Liver Cirrhosis,GENE_ASSOCIATED_WITH_DISEASE
CDH1,"Liver Neoplasms, Experimental",GENE_ASSOCIATED_WITH_DISEASE
CDH13,"Carcinoma, Hepatocellular",GENE_ASSOCIATED_WITH_DISEASE
CDH2,Myocardial Ischemia,GENE_ASSOCIATED_WITH_DISEASE
CDH5,"Liver Cirrhosis, Biliary",GENE_ASSOCIATED_WITH_DISEASE
CDH5,"Liver Cirrhosis, Experimental",GENE_ASSOCIATED_WITH_DISEASE
CDK1,"Carcinoma, Hepatocellular",GENE_ASSOCIATED_WITH_DISEASE
CDK1,"Liver Cirrhosis, Experimental",GENE_ASSOCIATED_WITH_DISEASE
CDK13,"CONGENITAL HEART DEFECTS, DYSMORPHIC FACIAL FEATURES, AND INTELLECTUAL DEVELOPMENTAL DISORDER",GENE_ASSOCIATED_WITH_DISEASE
CDK14,"Carcinoma, Hepatocellular",GENE_ASSOCIATED_WITH_DISEASE
CDK4,Brain Neoplasms,GENE_ASSOCIATED_WITH_DISEASE
CDK4,Brain Stem Neoplasms,GENE_ASSOCIATED_WITH_DISEASE
CDK4,"Carcinoma, Hepatocellular",GENE_ASSOCIATED_WITH_DISEASE
CDK5R1,Brain Diseases,GENE_ASSOCIATED_WITH_DISEASE
CDK6,Brain Stem Neoplasms,GENE_ASSOCIATED_WITH_DISEASE
CDKL5,Neurodevelopmental Disorders,GENE_ASSOCIATED_WITH_DISEASE
CDKN1A,Brain Injuries,GENE_ASSOCIATED_WITH_DISEASE
CDKN1A,"Liver Cirrhosis, Experimental",GENE_ASSOCIATED_WITH_DISEASE
CDKN1A,Liver Neoplasms,GENE_ASSOCIATED_WITH_DISEASE
CDKN1B,"Adenoma, Liver Cell",GENE_ASSOCIATED_WITH_DISEASE
CDKN1B,"Carcinoma, Hepatocellular",GENE_ASSOCIATED_WITH_DISEASE
CDKN1B,Liver Neoplasms,GENE_ASSOCIATED_WITH_DISEASE
CDKN1B,Neuroendocrine Tumors,GENE_ASSOCIATED_WITH_DISEASE
CDKN2A,Brain Neoplasms,GENE_ASSOCIATED_WITH_DISEASE
CDKN2A,Brain Stem Neoplasms,GENE_ASSOCIATED_WITH_DISEASE
CDKN2A,"Carcinoma, Hepatocellular",GENE_ASSOCIATED_WITH_DISEASE
CDKN2A,Liver Neoplasms,GENE_ASSOCIATED_WITH_DISEASE
CDKN2A,Neuroblastoma,GENE_ASSOCIATED_WITH_DISEASE
CDKN2B,"Carcinoma, Hepatocellular",GENE_ASSOCIATED_WITH_DISEASE
CDKN2B,Liver Neoplasms,GENE_ASSOCIATED_WITH_DISEASE
CDKN2B-AS1,Heart Failure,GENE_ASSOCIATED_WITH_DISEASE
CDKN2C,"Carcinoma, Hepatocellular",GENE_ASSOCIATED_WITH_DISEASE
CDKN3,"Carcinoma, Hepatocellular",GENE_ASSOCIATED_WITH_DISEASE
CDKN3,"Liver Cirrhosis, Experimental",GENE_ASSOCIATED_WITH_DISEASE
CDO1,"Liver Cirrhosis, Experimental",GENE_ASSOCIATED_WITH_DISEASE
CDS1,Chemical and Drug Induced Liver Injury,GENE_ASSOCIATED_WITH_DISEASE
CDT1,"Carcinoma, Hepatocellular",GENE_ASSOCIATED_WITH_DISEASE
CEBPA,"Carcinoma, Hepatocellular",GENE_ASSOCIATED_WITH_DISEASE
CEBPB,Brain Injuries,GENE_ASSOCIATED_WITH_DISEASE
CEBPB,Brain Ischemia,GENE_ASSOCIATED_WITH_DISEASE
CEBPB,"Carcinoma, Hepatocellular",GENE_ASSOCIATED_WITH_DISEASE
CEBPB,Cardiomegaly,GENE_ASSOCIATED_WITH_DISEASE
CEBPB,Fatty Liver,GENE_ASSOCIATED_WITH_DISEASE
CEBPD,"Carcinoma, Hepatocellular",GENE_ASSOCIATED_WITH_DISEASE
CEBPD,"Liver Cirrhosis, Experimental",GENE_ASSOCIATED_WITH_DISEASE
CEBPD,Myocardial Ischemia,GENE_ASSOCIATED_WITH_DISEASE
CELA1,Chemical and Drug Induced Liver Injury,GENE_ASSOCIATED_WITH_DISEASE
CELA1,"Liver Cirrhosis, Experimental",GENE_ASSOCIATED_WITH_DISEASE
CELF2,"Liver Cirrhosis, Experimental",GENE_ASSOCIATED_WITH_DISEASE
CELSR3,"Carcinoma, Hepatocellular",GENE_ASSOCIATED_WITH_DISEASE
CEMIP2,"Liver Cirrhosis, Experimental",GENE_ASSOCIATED_WITH_DISEASE
CENPA,"Carcinoma, Hepatocellular",GENE_ASSOCIATED_WITH_DISEASE
CENPE,"Carcinoma, Hepatocellular",GENE_ASSOCIATED_WITH_DISEASE
CENPF,"Carcinoma, Hepatocellular",GENE_ASSOCIATED_WITH_DISEASE
CENPM,"Carcinoma, Hepatocellular",GENE_ASSOCIATED_WITH_DISEASE
CENPU,"Carcinoma, Hepatocellular",GENE_ASSOCIATED_WITH_DISEASE
CENPW,"Carcinoma, Hepatocellular",GENE_ASSOCIATED_WITH_DISEASE
CEP131,"Carcinoma, Hepatocellular",GENE_ASSOCIATED_WITH_DISEASE
CEP55,"Carcinoma, Hepatocellular",GENE_ASSOCIATED_WITH_DISEASE
CERK,"Liver Cirrhosis, Experimental",GENE_ASSOCIATED_WITH_DISEASE
CERT1,Neurodevelopmental Disorders,GENE_ASSOCIATED_WITH_DISEASE
CERT1,"NEURODEVELOPMENTAL DISORDER WITH HYPOTONIA, SPEECH DELAY, AND DYSMORPHIC FACIES",GENE_ASSOCIATED_WITH_DISEASE
CES1,Brain Injuries,GENE_ASSOCIATED_WITH_DISEASE
CES1G,Fatty Liver,GENE_ASSOCIATED_WITH_DISEASE
CES2,"Liver Cirrhosis, Experimental",GENE_ASSOCIATED_WITH_DISEASE
CES3,"Liver Cirrhosis, Experimental",GENE_ASSOCIATED_WITH_DISEASE
CES3,Myocardial Ischemia,GENE_ASSOCIATED_WITH_DISEASE
CETP,"Carcinoma, Hepatocellular",GENE_ASSOCIATED_WITH_DISEASE
CETP,Cardiovascular Diseases,GENE_ASSOCIATED_WITH_DISEASE
CFAP20,Chemical and Drug Induced Liver Injury,GENE_ASSOCIATED_WITH_DISEASE
CFB,Brain Injuries,GENE_ASSOCIATED_WITH_DISEASE
CFD,Heart Failure,GENE_ASSOCIATED_WITH_DISEASE
CFD,"Liver Cirrhosis, Experimental",GENE_ASSOCIATED_WITH_DISEASE
CFH,Chemical and Drug Induced Liver Injury,GENE_ASSOCIATED_WITH_DISEASE
CFP,"Carcinoma, Hepatocellular",GENE_ASSOCIATED_WITH_DISEASE
CFP,"Liver Cirrhosis, Experimental",GENE_ASSOCIATED_WITH_DISEASE
CGREF1,Liver Neoplasms,GENE_ASSOCIATED_WITH_DISEASE
CHAF1B,"Carcinoma, Hepatocellular",GENE_ASSOCIATED_WITH_DISEASE
CHAMP1,"NEURODEVELOPMENTAL DISORDER WITH HYPOTONIA, IMPAIRED LANGUAGE, AND DYSMORPHIC FEATURES",GENE_ASSOCIATED_WITH_DISEASE
CHD2,Neurodevelopmental Disorders,GENE_ASSOCIATED_WITH_DISEASE
CHD5,Neuroblastoma,GENE_ASSOCIATED_WITH_DISEASE
CHD6,Neuroblastoma,GENE_ASSOCIATED_WITH_DISEASE
CHDH,Heart Failure,GENE_ASSOCIATED_WITH_DISEASE
CHEK2,Neuroblastoma,GENE_ASSOCIATED_WITH_DISEASE
CHN2,Liver Neoplasms,GENE_ASSOCIATED_WITH_DISEASE
CHRM1,Brain Ischemia,GENE_ASSOCIATED_WITH_DISEASE
CHRM2,Bradycardia,GENE_ASSOCIATED_WITH_DISEASE
CHRM2,Brain Injuries,GENE_ASSOCIATED_WITH_DISEASE
CHRM2,Diabetic Neuropathies,GENE_ASSOCIATED_WITH_DISEASE
CHRM2,"Urinary Bladder, Neurogenic",GENE_ASSOCIATED_WITH_DISEASE
CHRM2A,Bradycardia,GENE_ASSOCIATED_WITH_DISEASE
CHRM3,Chemical and Drug Induced Liver Injury,GENE_ASSOCIATED_WITH_DISEASE
CHRM3,Liver Cirrhosis,GENE_ASSOCIATED_WITH_DISEASE
CHRNA7,Brain Injuries,GENE_ASSOCIATED_WITH_DISEASE
CHRNA7,Neurobehavioral Manifestations,GENE_ASSOCIATED_WITH_DISEASE
CHST3,"MULTIPLE JOINT DISLOCATIONS, SHORT STATURE, AND CRANIOFACIAL DYSMORPHISM WITH OR WITHOUT CONGENITAL HEART DEFECTS",GENE_ASSOCIATED_WITH_DISEASE
CHSY1,"Liver Cirrhosis, Experimental",GENE_ASSOCIATED_WITH_DISEASE
CIDEA,Heart Failure,GENE_ASSOCIATED_WITH_DISEASE
CIDEA,"Liver Cirrhosis, Experimental",GENE_ASSOCIATED_WITH_DISEASE
CIDEA,Liver Neoplasms,GENE_ASSOCIATED_WITH_DISEASE
CIITA,Gastro-enteropancreatic neuroendocrine tumor,GENE_ASSOCIATED_WITH_DISEASE
CILK1,Endocrine-Cerebroosteodysplasia,GENE_ASSOCIATED_WITH_DISEASE
CIRBP,Myocardial Ischemia,GENE_ASSOCIATED_WITH_DISEASE
CIRBP,Neurogenic Inflammation,GENE_ASSOCIATED_WITH_DISEASE
CITED2,Heart Septal Defects,GENE_ASSOCIATED_WITH_DISEASE
CITED2,"Heart Septal Defects, Ventricular",GENE_ASSOCIATED_WITH_DISEASE
CKAP2L,"Carcinoma, Hepatocellular",GENE_ASSOCIATED_WITH_DISEASE
CKB,Chemical and Drug Induced Liver Injury,GENE_ASSOCIATED_WITH_DISEASE
CKB,Myocardial Infarction,GENE_ASSOCIATED_WITH_DISEASE
CKLF,"Liver Cirrhosis, Experimental",GENE_ASSOCIATED_WITH_DISEASE
CKM,Myocardial Infarction,GENE_ASSOCIATED_WITH_DISEASE
CLEC10A,Myocardial Ischemia,GENE_ASSOCIATED_WITH_DISEASE
CLEC16A,"Liver Cirrhosis, Biliary",GENE_ASSOCIATED_WITH_DISEASE
CLEC1B,"Carcinoma, Hepatocellular",GENE_ASSOCIATED_WITH_DISEASE
CLEC4A,"Liver Cirrhosis, Experimental",GENE_ASSOCIATED_WITH_DISEASE
CLEC4A1,"Liver Cirrhosis, Experimental",GENE_ASSOCIATED_WITH_DISEASE
CLEC4A3,"Liver Cirrhosis, Experimental",GENE_ASSOCIATED_WITH_DISEASE
CLEC4B2,Liver Diseases,GENE_ASSOCIATED_WITH_DISEASE
CLEC4E,Brain Injuries,GENE_ASSOCIATED_WITH_DISEASE
CLEC4F,"Liver Cirrhosis, Experimental",GENE_ASSOCIATED_WITH_DISEASE
CLEC4G,"Carcinoma, Hepatocellular",GENE_ASSOCIATED_WITH_DISEASE
CLEC4M,"Carcinoma, Hepatocellular",GENE_ASSOCIATED_WITH_DISEASE
CLIC1,"Liver Cirrhosis, Experimental",GENE_ASSOCIATED_WITH_DISEASE
CLIC2,"Liver Cirrhosis, Experimental",GENE_ASSOCIATED_WITH_DISEASE
CLN3,Neuronal Ceroid-Lipofuscinoses,GENE_ASSOCIATED_WITH_DISEASE
CLN5,"Ceroid lipofuscinosis, neuronal 5",GENE_ASSOCIATED_WITH_DISEASE
CLN6,"Ceroid Lipofuscinosis, Neuronal, 6",GENE_ASSOCIATED_WITH_DISEASE
CLN6,Neuronal Ceroid-Lipofuscinoses,GENE_ASSOCIATED_WITH_DISEASE
CLN8,"Ceroid lipofuscinosis, neuronal 8",GENE_ASSOCIATED_WITH_DISEASE
CLN8,Neuronal Ceroid-Lipofuscinoses,GENE_ASSOCIATED_WITH_DISEASE
CLP1,"Liver Cirrhosis, Experimental",GENE_ASSOCIATED_WITH_DISEASE
CLSTN2,Liver Neoplasms,GENE_ASSOCIATED_WITH_DISEASE
CLTRN,"Carcinoma, Hepatocellular",GENE_ASSOCIATED_WITH_DISEASE
CLU,Chemical and Drug Induced Liver Injury,GENE_ASSOCIATED_WITH_DISEASE
CMTM3,"Liver Cirrhosis, Experimental",GENE_ASSOCIATED_WITH_DISEASE
CNDP1,"Carcinoma, Hepatocellular",GENE_ASSOCIATED_WITH_DISEASE
CNDP1,"Liver Cirrhosis, Experimental",GENE_ASSOCIATED_WITH_DISEASE
CNDP1,Neurologic Manifestations,GENE_ASSOCIATED_WITH_DISEASE
CNDP2,Fatty Liver,GENE_ASSOCIATED_WITH_DISEASE
CNNM2,"Arrhythmias, Cardiac",GENE_ASSOCIATED_WITH_DISEASE
CNP,"Liver Cirrhosis, Experimental",GENE_ASSOCIATED_WITH_DISEASE
CNPY4,"Liver Cirrhosis, Experimental",GENE_ASSOCIATED_WITH_DISEASE
CNR1,Liver Cirrhosis,GENE_ASSOCIATED_WITH_DISEASE
CNR1,"Liver Cirrhosis, Experimental",GENE_ASSOCIATED_WITH_DISEASE
CNR2,Liver Cirrhosis,GENE_ASSOCIATED_WITH_DISEASE
CNTF,Cerebral Hemorrhage,GENE_ASSOCIATED_WITH_DISEASE
CNTNAP4,"Carcinoma, Hepatocellular",GENE_ASSOCIATED_WITH_DISEASE
COA5,"Cardioencephalomyopathy, Fatal Infantile, due to Cytochrome C Oxidase Deficiency",GENE_ASSOCIATED_WITH_DISEASE
COA6,"Cardioencephalomyopathy, Fatal Infantile, due to Cytochrome C Oxidase Deficiency",GENE_ASSOCIATED_WITH_DISEASE
COASY,NEURODEGENERATION WITH BRAIN IRON ACCUMULATION 6,GENE_ASSOCIATED_WITH_DISEASE
COBLL1,Myocardial Reperfusion Injury,GENE_ASSOCIATED_WITH_DISEASE
COBLL1,Non-alcoholic Fatty Liver Disease,GENE_ASSOCIATED_WITH_DISEASE
COL12A1,"Liver Cirrhosis, Experimental",GENE_ASSOCIATED_WITH_DISEASE
COL14A1,Chemical and Drug Induced Liver Injury,GENE_ASSOCIATED_WITH_DISEASE
COL15A1,"Carcinoma, Hepatocellular",GENE_ASSOCIATED_WITH_DISEASE
COL18A1,Heart Valve Diseases,GENE_ASSOCIATED_WITH_DISEASE
COL1A1,"Cholestasis, Extrahepatic",GENE_ASSOCIATED_WITH_DISEASE
COL1A1,Heart Valve Diseases,GENE_ASSOCIATED_WITH_DISEASE
COL1A1,Liver Cirrhosis,GENE_ASSOCIATED_WITH_DISEASE
COL1A1,"Liver Cirrhosis, Experimental",GENE_ASSOCIATED_WITH_DISEASE
COL1A2,"Ehlers-Danlos syndrome, cardiac valvular form",GENE_ASSOCIATED_WITH_DISEASE
COL1A2,Heart Valve Diseases,GENE_ASSOCIATED_WITH_DISEASE
COL1A2,Liver Cirrhosis,GENE_ASSOCIATED_WITH_DISEASE
COL1A2,"Liver Cirrhosis, Experimental",GENE_ASSOCIATED_WITH_DISEASE
COL3A1,Chemical and Drug Induced Liver Injury,GENE_ASSOCIATED_WITH_DISEASE
COL3A1,"Cholestasis, Extrahepatic",GENE_ASSOCIATED_WITH_DISEASE
COL3A1,Endomyocardial Fibrosis,GENE_ASSOCIATED_WITH_DISEASE
COL3A1,Fatty Liver,GENE_ASSOCIATED_WITH_DISEASE
COL3A1,Liver Cirrhosis,GENE_ASSOCIATED_WITH_DISEASE
COL3A1,"Liver Cirrhosis, Alcoholic",GENE_ASSOCIATED_WITH_DISEASE
COL3A1,"Liver Cirrhosis, Experimental",GENE_ASSOCIATED_WITH_DISEASE
COL3A1,Liver Diseases,GENE_ASSOCIATED_WITH_DISEASE
COL4A1,BRAIN SMALL VESSEL DISEASE 1 WITH OR WITHOUT OCULAR ANOMALIES,GENE_ASSOCIATED_WITH_DISEASE
COL4A1,Cerebral Hemorrhage,GENE_ASSOCIATED_WITH_DISEASE
COL4A1,Cerebral Small Vessel Diseases,GENE_ASSOCIATED_WITH_DISEASE
COL4A1,"Heart Failure, Diastolic",GENE_ASSOCIATED_WITH_DISEASE
COL4A1,"Liver Cirrhosis, Experimental",GENE_ASSOCIATED_WITH_DISEASE
COL4A2,Cerebral Hemorrhage,GENE_ASSOCIATED_WITH_DISEASE
COL4A2,"Liver Cirrhosis, Experimental",GENE_ASSOCIATED_WITH_DISEASE
COL5A1,"Liver Cirrhosis, Experimental",GENE_ASSOCIATED_WITH_DISEASE
COL5A2,Liver Cirrhosis,GENE_ASSOCIATED_WITH_DISEASE
COL5A2,"Liver Cirrhosis, Experimental",GENE_ASSOCIATED_WITH_DISEASE
COL6A1,"Heart Failure, Diastolic",GENE_ASSOCIATED_WITH_DISEASE
COL6A1,"Liver Cirrhosis, Experimental",GENE_ASSOCIATED_WITH_DISEASE
COL6A2,"Liver Cirrhosis, Experimental",GENE_ASSOCIATED_WITH_DISEASE
COL8A1,"Heart Failure, Diastolic",GENE_ASSOCIATED_WITH_DISEASE
COLEC10,"Carcinoma, Hepatocellular",GENE_ASSOCIATED_WITH_DISEASE
COLEC12,"Liver Cirrhosis, Experimental",GENE_ASSOCIATED_WITH_DISEASE
COMMD1,Copper-Overload Cirrhosis,GENE_ASSOCIATED_WITH_DISEASE
COMMD1,"Hepatitis, Chronic",GENE_ASSOCIATED_WITH_DISEASE
COMMD1,Liver Cirrhosis,GENE_ASSOCIATED_WITH_DISEASE
COMT,"Carcinoma, Hepatocellular",GENE_ASSOCIATED_WITH_DISEASE
COPS3,Hepatomegaly,GENE_ASSOCIATED_WITH_DISEASE
COPS5,"Carcinoma, Hepatocellular",GENE_ASSOCIATED_WITH_DISEASE
COQ10A,"Liver Cirrhosis, Experimental",GENE_ASSOCIATED_WITH_DISEASE
COQ9,Chemical and Drug Induced Liver Injury,GENE_ASSOCIATED_WITH_DISEASE
COTL1,"Liver Cirrhosis, Experimental",GENE_ASSOCIATED_WITH_DISEASE
COX1,Cardiomyopathies,GENE_ASSOCIATED_WITH_DISEASE
COX15,"Cardioencephalomyopathy, Fatal Infantile, due to Cytochrome C Oxidase Deficiency",GENE_ASSOCIATED_WITH_DISEASE
COX17,"Hepatitis, Chronic",GENE_ASSOCIATED_WITH_DISEASE
COX2,Neuroblastoma,GENE_ASSOCIATED_WITH_DISEASE
COX5B,Myocardial Ischemia,GENE_ASSOCIATED_WITH_DISEASE
COX7B2,"Carcinoma, Hepatocellular",GENE_ASSOCIATED_WITH_DISEASE
CP,Brain Diseases,GENE_ASSOCIATED_WITH_DISEASE
CP,"Carcinoma, Hepatocellular",GENE_ASSOCIATED_WITH_DISEASE
CP,Chemical and Drug Induced Liver Injury,GENE_ASSOCIATED_WITH_DISEASE
CP,"Hepatitis, Chronic",GENE_ASSOCIATED_WITH_DISEASE
CP,Hepatolenticular Degeneration,GENE_ASSOCIATED_WITH_DISEASE
CP,Liver Cirrhosis,GENE_ASSOCIATED_WITH_DISEASE
CP,"Liver Neoplasms, Experimental",GENE_ASSOCIATED_WITH_DISEASE
CPEB3,"Carcinoma, Hepatocellular",GENE_ASSOCIATED_WITH_DISEASE
CPQ,"Liver Cirrhosis, Experimental",GENE_ASSOCIATED_WITH_DISEASE
CPS1,Chemical and Drug Induced Liver Injury,GENE_ASSOCIATED_WITH_DISEASE
CPS1,"Liver Cirrhosis, Experimental",GENE_ASSOCIATED_WITH_DISEASE
CPT1A,Non-alcoholic Fatty Liver Disease,GENE_ASSOCIATED_WITH_DISEASE
CPT1B,Cardiomegaly,GENE_ASSOCIATED_WITH_DISEASE
CPT1B,Liver Neoplasms,GENE_ASSOCIATED_WITH_DISEASE
CPT1B,Myocardial Ischemia,GENE_ASSOCIATED_WITH_DISEASE
CPT2,"Brain Diseases, Metabolic",GENE_ASSOCIATED_WITH_DISEASE
CRABP1,Liver Neoplasms,GENE_ASSOCIATED_WITH_DISEASE
CREB1,Myocardial Infarction,GENE_ASSOCIATED_WITH_DISEASE
CREG1,"Heart Failure, Diastolic",GENE_ASSOCIATED_WITH_DISEASE
CREM,Myocardial Infarction,GENE_ASSOCIATED_WITH_DISEASE
CRH,Bradycardia,GENE_ASSOCIATED_WITH_DISEASE
CRHBP,"Carcinoma, Hepatocellular",GENE_ASSOCIATED_WITH_DISEASE
CRIP,"Liver Cirrhosis, Experimental",GENE_ASSOCIATED_WITH_DISEASE
CRISPLD2,Liver Diseases,GENE_ASSOCIATED_WITH_DISEASE
CRISPLD2,Neurotoxicity Syndromes,GENE_ASSOCIATED_WITH_DISEASE
CRK,Myocardial Ischemia,GENE_ASSOCIATED_WITH_DISEASE
CROT,"Liver Cirrhosis, Experimental",GENE_ASSOCIATED_WITH_DISEASE
CRP,"Carcinoma, Hepatocellular",GENE_ASSOCIATED_WITH_DISEASE
CRP,Cardiovascular Diseases,GENE_ASSOCIATED_WITH_DISEASE
CRP,Cerebrovascular Disorders,GENE_ASSOCIATED_WITH_DISEASE
CRP,Chemical and Drug Induced Liver Injury,GENE_ASSOCIATED_WITH_DISEASE
CRP,Heart Diseases,GENE_ASSOCIATED_WITH_DISEASE
CRP,Heart Failure,GENE_ASSOCIATED_WITH_DISEASE
CRP,Myocardial Ischemia,GENE_ASSOCIATED_WITH_DISEASE
CRP,Myocarditis,GENE_ASSOCIATED_WITH_DISEASE
CRTAP,"Liver Cirrhosis, Experimental",GENE_ASSOCIATED_WITH_DISEASE
CRY1,"Liver Cirrhosis, Experimental",GENE_ASSOCIATED_WITH_DISEASE
CRYAB,"CARDIOMYOPATHY, DILATED, 1II",GENE_ASSOCIATED_WITH_DISEASE
CRYAB,"Liver Cirrhosis, Experimental",GENE_ASSOCIATED_WITH_DISEASE
CRYAB,Neurodegenerative Diseases,GENE_ASSOCIATED_WITH_DISEASE
CRYGD,Hepatomegaly,GENE_ASSOCIATED_WITH_DISEASE
CRYM,Heart Failure,GENE_ASSOCIATED_WITH_DISEASE
CS,Cardiomyopathies,GENE_ASSOCIATED_WITH_DISEASE
CS,Heart Failure,GENE_ASSOCIATED_WITH_DISEASE
CSAD,"Liver Cirrhosis, Experimental",GENE_ASSOCIATED_WITH_DISEASE
CSF1,Cardiotoxicity,GENE_ASSOCIATED_WITH_DISEASE
CSF1R,"Liver Cirrhosis, Experimental",GENE_ASSOCIATED_WITH_DISEASE
CSF2,Heart Failure,GENE_ASSOCIATED_WITH_DISEASE
CSF2,Liver Neoplasms,GENE_ASSOCIATED_WITH_DISEASE
CSF2,Non-alcoholic Fatty Liver Disease,GENE_ASSOCIATED_WITH_DISEASE
CSF3,Brain Injuries,GENE_ASSOCIATED_WITH_DISEASE
CSF3,"Cardiomyopathy, Dilated",GENE_ASSOCIATED_WITH_DISEASE
CSF3,Chemical and Drug Induced Liver Injury,GENE_ASSOCIATED_WITH_DISEASE
CSF3,Heart Diseases,GENE_ASSOCIATED_WITH_DISEASE
CSF3,Heart Failure,GENE_ASSOCIATED_WITH_DISEASE
CSF3,Hepatic Veno-Occlusive Disease,GENE_ASSOCIATED_WITH_DISEASE
CSF3,"Liver Cirrhosis, Experimental",GENE_ASSOCIATED_WITH_DISEASE
CSF3,Liver Diseases,GENE_ASSOCIATED_WITH_DISEASE
CSF3,"Liver Failure, Acute",GENE_ASSOCIATED_WITH_DISEASE
CSF3,Liver Neoplasms,GENE_ASSOCIATED_WITH_DISEASE
CSGALNACT1,"Liver Cirrhosis, Experimental",GENE_ASSOCIATED_WITH_DISEASE
CSMD1,"Carcinoma, Hepatocellular",GENE_ASSOCIATED_WITH_DISEASE
CSNK2A1,OKUR-CHUNG NEURODEVELOPMENTAL SYNDROME,GENE_ASSOCIATED_WITH_DISEASE
CSPG4,"Carcinoma, Hepatocellular",GENE_ASSOCIATED_WITH_DISEASE
CSRNP1,"Carcinoma, Hepatocellular",GENE_ASSOCIATED_WITH_DISEASE
CSRNP1,"Cardiomyopathy, Dilated",GENE_ASSOCIATED_WITH_DISEASE
CSRP3,"Cardiomyopathy, Dilated, 1M",GENE_ASSOCIATED_WITH_DISEASE
CSRP3,"CARDIOMYOPATHY, FAMILIAL HYPERTROPHIC, 12",GENE_ASSOCIATED_WITH_DISEASE
CST3,Cardiovascular Diseases,GENE_ASSOCIATED_WITH_DISEASE
CST3,"Cerebral Amyloid Angiopathy, Familial",GENE_ASSOCIATED_WITH_DISEASE
CTC1,Brain Diseases,GENE_ASSOCIATED_WITH_DISEASE
CTC1,Cerebroretinal Microangiopathy with Calcifications and Cysts,GENE_ASSOCIATED_WITH_DISEASE
CTDP1,"Congenital Cataracts, Facial Dysmorphism, And Neuropathy",GENE_ASSOCIATED_WITH_DISEASE
CTF1,Cardiomegaly,GENE_ASSOCIATED_WITH_DISEASE
CTLA2A,"Liver Cirrhosis, Experimental",GENE_ASSOCIATED_WITH_DISEASE
CTNNA3,"ARRHYTHMOGENIC RIGHT VENTRICULAR DYSPLASIA, FAMILIAL, 13",GENE_ASSOCIATED_WITH_DISEASE
CTNNB1,"Adenoma, Liver Cell",GENE_ASSOCIATED_WITH_DISEASE
CTNNB1,"Carcinoma, Hepatocellular",GENE_ASSOCIATED_WITH_DISEASE
CTNNB1,"Cardiomyopathy, Dilated",GENE_ASSOCIATED_WITH_DISEASE
CTNNB1,Chemical and Drug Induced Liver Injury,GENE_ASSOCIATED_WITH_DISEASE
CTNNB1,Hepatoblastoma,GENE_ASSOCIATED_WITH_DISEASE
CTNNB1,Liver Cirrhosis,GENE_ASSOCIATED_WITH_DISEASE
CTNNB1,Liver Neoplasms,GENE_ASSOCIATED_WITH_DISEASE
CTNNB1,"Liver Neoplasms, Experimental",GENE_ASSOCIATED_WITH_DISEASE
CTNNB1,Myocardial Ischemia,GENE_ASSOCIATED_WITH_DISEASE
CTNNB1,Neurodevelopmental Disorders,GENE_ASSOCIATED_WITH_DISEASE
CTNNB1,NEURODEVELOPMENTAL DISORDER WITH SPASTIC DIPLEGIA AND VISUAL DEFECTS,GENE_ASSOCIATED_WITH_DISEASE
CTSC,Myocardial Ischemia,GENE_ASSOCIATED_WITH_DISEASE
CTSD,"Carcinoma, Hepatocellular",GENE_ASSOCIATED_WITH_DISEASE
CTSD,"Ceroid Lipofuscinosis, Neuronal, 10",GENE_ASSOCIATED_WITH_DISEASE
CTSE,Chemical and Drug Induced Liver Injury,GENE_ASSOCIATED_WITH_DISEASE
CTSE,"Liver Cirrhosis, Experimental",GENE_ASSOCIATED_WITH_DISEASE
CTSF,"CEROID LIPOFUSCINOSIS, NEURONAL, 13 (KUFS TYPE)",GENE_ASSOCIATED_WITH_DISEASE
CTSS,"Liver Cirrhosis, Experimental",GENE_ASSOCIATED_WITH_DISEASE
CTSZ,"Liver Cirrhosis, Experimental",GENE_ASSOCIATED_WITH_DISEASE
CTTNBP2,Myocardial Ischemia,GENE_ASSOCIATED_WITH_DISEASE
CTTNBP2NL,"Liver Cirrhosis, Experimental",GENE_ASSOCIATED_WITH_DISEASE
CUL3,Neurodevelopmental Disorders,GENE_ASSOCIATED_WITH_DISEASE
CX3CL1,Myocardial Ischemia,GENE_ASSOCIATED_WITH_DISEASE
CXADR,"Liver Cirrhosis, Experimental",GENE_ASSOCIATED_WITH_DISEASE
CXCL1,Chemical and Drug Induced Liver Injury,GENE_ASSOCIATED_WITH_DISEASE
CXCL1,"Hepatitis, Autoimmune",GENE_ASSOCIATED_WITH_DISEASE
CXCL1,"Liver Cirrhosis, Experimental",GENE_ASSOCIATED_WITH_DISEASE
CXCL1,Liver Neoplasms,GENE_ASSOCIATED_WITH_DISEASE
CXCL10,Brain Injuries,GENE_ASSOCIATED_WITH_DISEASE
CXCL10,Brain Ischemia,GENE_ASSOCIATED_WITH_DISEASE
CXCL10,Cardiovascular Diseases,GENE_ASSOCIATED_WITH_DISEASE
CXCL10,Cerebrovascular Disorders,GENE_ASSOCIATED_WITH_DISEASE
CXCL10,Chemical and Drug Induced Liver Injury,GENE_ASSOCIATED_WITH_DISEASE
CXCL10,"Liver Cirrhosis, Biliary",GENE_ASSOCIATED_WITH_DISEASE
CXCL10,"Liver Cirrhosis, Experimental",GENE_ASSOCIATED_WITH_DISEASE
CXCL10,Myocardial Ischemia,GENE_ASSOCIATED_WITH_DISEASE
CXCL12,"Carcinoma, Hepatocellular",GENE_ASSOCIATED_WITH_DISEASE
CXCL12,Endomyocardial Fibrosis,GENE_ASSOCIATED_WITH_DISEASE
CXCL12,"Liver Cirrhosis, Experimental",GENE_ASSOCIATED_WITH_DISEASE
CXCL13,"Liver Cirrhosis, Experimental",GENE_ASSOCIATED_WITH_DISEASE
CXCL14,"Carcinoma, Hepatocellular",GENE_ASSOCIATED_WITH_DISEASE
CXCL14,Chemical and Drug Induced Liver Injury,GENE_ASSOCIATED_WITH_DISEASE
CXCL14,Liver Cirrhosis,GENE_ASSOCIATED_WITH_DISEASE
CXCL15,Liver Cirrhosis,GENE_ASSOCIATED_WITH_DISEASE
CXCL16,"Liver Cirrhosis, Experimental",GENE_ASSOCIATED_WITH_DISEASE
CXCL2,Heart Failure,GENE_ASSOCIATED_WITH_DISEASE
CXCL2,"Infarction, Middle Cerebral Artery",GENE_ASSOCIATED_WITH_DISEASE
CXCL2,Myocardial Ischemia,GENE_ASSOCIATED_WITH_DISEASE
CXCL3,"Heart Failure, Diastolic",GENE_ASSOCIATED_WITH_DISEASE
CXCL8,"Carcinoma, Hepatocellular",GENE_ASSOCIATED_WITH_DISEASE
CXCL8,Cardiotoxicity,GENE_ASSOCIATED_WITH_DISEASE
CXCL8,Fatty Liver,GENE_ASSOCIATED_WITH_DISEASE
CXCL8,Heart Failure,GENE_ASSOCIATED_WITH_DISEASE
CXCL8,"Hepatitis, Alcoholic",GENE_ASSOCIATED_WITH_DISEASE
CXCL8,Hepatolenticular Degeneration,GENE_ASSOCIATED_WITH_DISEASE
CXCL9,"Liver Cirrhosis, Biliary",GENE_ASSOCIATED_WITH_DISEASE
CXCL9,"Liver Cirrhosis, Experimental",GENE_ASSOCIATED_WITH_DISEASE
CXCL9,"Liver Neoplasms, Experimental",GENE_ASSOCIATED_WITH_DISEASE
CXCR2,Brain Diseases,GENE_ASSOCIATED_WITH_DISEASE
CXCR2,"Infarction, Middle Cerebral Artery",GENE_ASSOCIATED_WITH_DISEASE
CXCR2,Liver Diseases,GENE_ASSOCIATED_WITH_DISEASE
CXCR5,"Liver Cirrhosis, Biliary",GENE_ASSOCIATED_WITH_DISEASE
CYBA,Heart Diseases,GENE_ASSOCIATED_WITH_DISEASE
CYBA,Hepatomegaly,GENE_ASSOCIATED_WITH_DISEASE
CYBA,Liver Cirrhosis,GENE_ASSOCIATED_WITH_DISEASE
CYBA,"Liver Cirrhosis, Experimental",GENE_ASSOCIATED_WITH_DISEASE
CYBA,Neuroinflammatory Diseases,GENE_ASSOCIATED_WITH_DISEASE
CYBB,Brain Infarction,GENE_ASSOCIATED_WITH_DISEASE
CYBB,Heart Failure,GENE_ASSOCIATED_WITH_DISEASE
CYBB,"Liver Cirrhosis, Experimental",GENE_ASSOCIATED_WITH_DISEASE
CYBB,Myocardial Reperfusion Injury,GENE_ASSOCIATED_WITH_DISEASE
CYBB,Neuroinflammatory Diseases,GENE_ASSOCIATED_WITH_DISEASE
CYCS,Brain Ischemia,GENE_ASSOCIATED_WITH_DISEASE
CYCS,Fatty Liver,GENE_ASSOCIATED_WITH_DISEASE
CYGB,"Cholestasis, Extrahepatic",GENE_ASSOCIATED_WITH_DISEASE
CYGB,Hepatic Insufficiency,GENE_ASSOCIATED_WITH_DISEASE
CYGB,Hepatomegaly,GENE_ASSOCIATED_WITH_DISEASE
CYGB,"Liver Cirrhosis, Biliary",GENE_ASSOCIATED_WITH_DISEASE
CYGB,"Liver Cirrhosis, Experimental",GENE_ASSOCIATED_WITH_DISEASE
CYLD,"Carcinoma, Hepatocellular",GENE_ASSOCIATED_WITH_DISEASE
CYP17A1,"Carcinoma, Hepatocellular",GENE_ASSOCIATED_WITH_DISEASE
CYP17A1,"Liver Cirrhosis, Experimental",GENE_ASSOCIATED_WITH_DISEASE
CYP17A1,Non-alcoholic Fatty Liver Disease,GENE_ASSOCIATED_WITH_DISEASE
CYP19A1,Fatty Liver,GENE_ASSOCIATED_WITH_DISEASE
CYP1A1,Bradycardia,GENE_ASSOCIATED_WITH_DISEASE
CYP1A1,"Carcinoma, Hepatocellular",GENE_ASSOCIATED_WITH_DISEASE
CYP1A1,Cardiomegaly,GENE_ASSOCIATED_WITH_DISEASE
CYP1A1,Chemical and Drug Induced Liver Injury,GENE_ASSOCIATED_WITH_DISEASE
CYP1A1,Hepatomegaly,GENE_ASSOCIATED_WITH_DISEASE
CYP1A1,"Tachycardia, Sinus",GENE_ASSOCIATED_WITH_DISEASE
CYP1A2,"Carcinoma, Hepatocellular",GENE_ASSOCIATED_WITH_DISEASE
CYP1A2,Chemical and Drug Induced Liver Injury,GENE_ASSOCIATED_WITH_DISEASE
CYP1A2,Hepatomegaly,GENE_ASSOCIATED_WITH_DISEASE
CYP1A2,Liver Cirrhosis,GENE_ASSOCIATED_WITH_DISEASE
CYP1A2,"Liver Cirrhosis, Experimental",GENE_ASSOCIATED_WITH_DISEASE
CYP1A2,Liver Diseases,GENE_ASSOCIATED_WITH_DISEASE
CYP1A2,"Liver Neoplasms, Experimental",GENE_ASSOCIATED_WITH_DISEASE
CYP1A2,Non-alcoholic Fatty Liver Disease,GENE_ASSOCIATED_WITH_DISEASE
CYP1B1,Cardiomegaly,GENE_ASSOCIATED_WITH_DISEASE
CYP1B1,Chemical and Drug Induced Liver Injury,GENE_ASSOCIATED_WITH_DISEASE
CYP1B1,Fatty Liver,GENE_ASSOCIATED_WITH_DISEASE
CYP1B1,Hepatomegaly,GENE_ASSOCIATED_WITH_DISEASE
CYP26A1,"Liver Cirrhosis, Experimental",GENE_ASSOCIATED_WITH_DISEASE
CYP27A1,Liver Cirrhosis,GENE_ASSOCIATED_WITH_DISEASE
CYP27A1,"Xanthomatosis, Cerebrotendinous",GENE_ASSOCIATED_WITH_DISEASE
CYP2A2,"Liver Cirrhosis, Experimental",GENE_ASSOCIATED_WITH_DISEASE
CYP2A4,"Liver Neoplasms, Experimental",GENE_ASSOCIATED_WITH_DISEASE
CYP2A5,Chemical and Drug Induced Liver Injury,GENE_ASSOCIATED_WITH_DISEASE
CYP2A6,Brain Diseases,GENE_ASSOCIATED_WITH_DISEASE
CYP2A6,Chemical and Drug Induced Liver Injury,GENE_ASSOCIATED_WITH_DISEASE
CYP2A6,Hepatitis B,GENE_ASSOCIATED_WITH_DISEASE
CYP2A6,Hepatitis C,GENE_ASSOCIATED_WITH_DISEASE
CYP2A6,"Liver Diseases, Parasitic",GENE_ASSOCIATED_WITH_DISEASE
CYP2B1,Hepatitis C,GENE_ASSOCIATED_WITH_DISEASE
CYP2B1,Hepatomegaly,GENE_ASSOCIATED_WITH_DISEASE
CYP2B6,"Carcinoma, Hepatocellular",GENE_ASSOCIATED_WITH_DISEASE
CYP2B6,Chemical and Drug Induced Liver Injury,GENE_ASSOCIATED_WITH_DISEASE
CYP2C,"Liver Cirrhosis, Experimental",GENE_ASSOCIATED_WITH_DISEASE
CYP2C11,Cardiomegaly,GENE_ASSOCIATED_WITH_DISEASE
CYP2C11,Chemical and Drug Induced Liver Injury,GENE_ASSOCIATED_WITH_DISEASE
CYP2C11,"Liver Cirrhosis, Experimental",GENE_ASSOCIATED_WITH_DISEASE
CYP2C19,Cardiovascular Diseases,GENE_ASSOCIATED_WITH_DISEASE
CYP2C19,Chemical and Drug Induced Liver Injury,GENE_ASSOCIATED_WITH_DISEASE
CYP2C29,"Liver Neoplasms, Experimental",GENE_ASSOCIATED_WITH_DISEASE
CYP2C8,"Carcinoma, Hepatocellular",GENE_ASSOCIATED_WITH_DISEASE
CYP2C9,Brain Neoplasms,GENE_ASSOCIATED_WITH_DISEASE
CYP2C9,Cardiomyopathies,GENE_ASSOCIATED_WITH_DISEASE
CYP2C9,Chemical and Drug Induced Liver Injury,GENE_ASSOCIATED_WITH_DISEASE
CYP2D4,"Liver Cirrhosis, Experimental",GENE_ASSOCIATED_WITH_DISEASE
CYP2D6,Bradycardia,GENE_ASSOCIATED_WITH_DISEASE
CYP2E1,"Carcinoma, Hepatocellular",GENE_ASSOCIATED_WITH_DISEASE
CYP2E1,Cardiomegaly,GENE_ASSOCIATED_WITH_DISEASE
CYP2E1,Chemical and Drug Induced Liver Injury,GENE_ASSOCIATED_WITH_DISEASE
CYP2E1,Fatty Liver,GENE_ASSOCIATED_WITH_DISEASE
CYP2E1,"Fatty Liver, Alcoholic",GENE_ASSOCIATED_WITH_DISEASE
CYP2E1,"Liver Cirrhosis, Alcoholic",GENE_ASSOCIATED_WITH_DISEASE
CYP2E1,Liver Neoplasms,GENE_ASSOCIATED_WITH_DISEASE
CYP2E1,"Liver Neoplasms, Experimental",GENE_ASSOCIATED_WITH_DISEASE
CYP2E1,Non-alcoholic Fatty Liver Disease,GENE_ASSOCIATED_WITH_DISEASE
CYP2F2,"Liver Neoplasms, Experimental",GENE_ASSOCIATED_WITH_DISEASE
CYP2K18,Chemical and Drug Induced Liver Injury,GENE_ASSOCIATED_WITH_DISEASE
CYP2R1,Liver Cirrhosis,GENE_ASSOCIATED_WITH_DISEASE
CYP2T1,"Liver Cirrhosis, Experimental",GENE_ASSOCIATED_WITH_DISEASE
CYP39A1,"Carcinoma, Hepatocellular",GENE_ASSOCIATED_WITH_DISEASE
CYP3A11,"Liver Cirrhosis, Experimental",GENE_ASSOCIATED_WITH_DISEASE
CYP3A13,"Liver Cirrhosis, Experimental",GENE_ASSOCIATED_WITH_DISEASE
CYP3A16,"Liver Neoplasms, Experimental",GENE_ASSOCIATED_WITH_DISEASE
CYP3A23-3A1,"Adenoma, Liver Cell",GENE_ASSOCIATED_WITH_DISEASE
CYP3A23-3A1,Chemical and Drug Induced Liver Injury,GENE_ASSOCIATED_WITH_DISEASE
CYP3A4,Chemical and Drug Induced Liver Injury,GENE_ASSOCIATED_WITH_DISEASE
CYP3A4,Hepatitis C,GENE_ASSOCIATED_WITH_DISEASE
CYP3A5,Neurotoxicity Syndromes,GENE_ASSOCIATED_WITH_DISEASE
CYP3A9,"Liver Cirrhosis, Experimental",GENE_ASSOCIATED_WITH_DISEASE
CYP4A11,"Carcinoma, Hepatocellular",GENE_ASSOCIATED_WITH_DISEASE
CYP4A11,Liver Cirrhosis,GENE_ASSOCIATED_WITH_DISEASE
CYP4A14,"Hepatitis, Animal",GENE_ASSOCIATED_WITH_DISEASE
CYP4A3,Cardiomegaly,GENE_ASSOCIATED_WITH_DISEASE
CYP4A3,Chemical and Drug Induced Liver Injury,GENE_ASSOCIATED_WITH_DISEASE
CYP7B1,Fatty Liver,GENE_ASSOCIATED_WITH_DISEASE
CYP7B1,Liver Diseases,GENE_ASSOCIATED_WITH_DISEASE
CYP8B1,Chemical and Drug Induced Liver Injury,GENE_ASSOCIATED_WITH_DISEASE
CYRIA,"Liver Cirrhosis, Experimental",GENE_ASSOCIATED_WITH_DISEASE
CYRIB,"Heart Failure, Diastolic",GENE_ASSOCIATED_WITH_DISEASE
CYRIB,"Liver Cirrhosis, Experimental",GENE_ASSOCIATED_WITH_DISEASE
CYSTM1,"Liver Cirrhosis, Experimental",GENE_ASSOCIATED_WITH_DISEASE
DAB2IP,Myocardial Infarction,GENE_ASSOCIATED_WITH_DISEASE
DACT2,Liver Neoplasms,GENE_ASSOCIATED_WITH_DISEASE
DAO,"Liver Cirrhosis, Experimental",GENE_ASSOCIATED_WITH_DISEASE
DAPK1,Brain Neoplasms,GENE_ASSOCIATED_WITH_DISEASE
DAPK2,Hepatomegaly,GENE_ASSOCIATED_WITH_DISEASE
DARS1,HYPOMYELINATION WITH BRAINSTEM AND SPINAL CORD INVOLVEMENT AND LEG SPASTICITY,GENE_ASSOCIATED_WITH_DISEASE
DARS2,Leukoencephalopathy with Brainstem and Spinal Cord Involvement and Lactate Elevation,GENE_ASSOCIATED_WITH_DISEASE
DAXX,Neuroendocrine Tumors,GENE_ASSOCIATED_WITH_DISEASE
DBH,"Carcinoma, Hepatocellular",GENE_ASSOCIATED_WITH_DISEASE
DBH,Neuroblastoma,GENE_ASSOCIATED_WITH_DISEASE
DBNDD2,"Liver Cirrhosis, Experimental",GENE_ASSOCIATED_WITH_DISEASE
DBT,Chemical and Drug Induced Liver Injury,GENE_ASSOCIATED_WITH_DISEASE
DCAF4L2,"Carcinoma, Hepatocellular",GENE_ASSOCIATED_WITH_DISEASE
DCAF8,"Giant Axonal Neuropathy, Autosomal Dominant",GENE_ASSOCIATED_WITH_DISEASE
DCD,Liver Neoplasms,GENE_ASSOCIATED_WITH_DISEASE
DCN,"Carcinoma, Hepatocellular",GENE_ASSOCIATED_WITH_DISEASE
DCN,Myocardial Ischemia,GENE_ASSOCIATED_WITH_DISEASE
DCTN1,"Neuronopathy, Distal Hereditary Motor, Type Viib",GENE_ASSOCIATED_WITH_DISEASE
DCXR,"Liver Cirrhosis, Experimental",GENE_ASSOCIATED_WITH_DISEASE
DDAH1,Liver Diseases,GENE_ASSOCIATED_WITH_DISEASE
DDB1,Chemical and Drug Induced Liver Injury,GENE_ASSOCIATED_WITH_DISEASE
DDC,"Liver Cirrhosis, Experimental",GENE_ASSOCIATED_WITH_DISEASE
DDIT3,Fatty Liver,GENE_ASSOCIATED_WITH_DISEASE
DDIT3,Myocardial Infarction,GENE_ASSOCIATED_WITH_DISEASE
DDX3X,Neurodevelopmental Disorders,GENE_ASSOCIATED_WITH_DISEASE
DDX54,Liver Neoplasms,GENE_ASSOCIATED_WITH_DISEASE
DEAF1,NEURODEVELOPMENTAL DISORDER WITH HYPOTONIA AND IMPAIRED EXPRESSIVE LANGUAGE AND WITH OR WITHOUT SEIZURES,GENE_ASSOCIATED_WITH_DISEASE
DENND1B,"Liver Cirrhosis, Biliary",GENE_ASSOCIATED_WITH_DISEASE
DEPDC1,"Carcinoma, Hepatocellular",GENE_ASSOCIATED_WITH_DISEASE
DEPDC1B,"Carcinoma, Hepatocellular",GENE_ASSOCIATED_WITH_DISEASE
DEPDC5,"Carcinoma, Hepatocellular",GENE_ASSOCIATED_WITH_DISEASE
DEPDC7,"Liver Cirrhosis, Experimental",GENE_ASSOCIATED_WITH_DISEASE
DES,"Cardiomyopathy, Dilated, 1i",GENE_ASSOCIATED_WITH_DISEASE
DES,"Scapuloperoneal Syndrome, Neurogenic, Kaeser Type",GENE_ASSOCIATED_WITH_DISEASE
DGAT2,Chemical and Drug Induced Liver Injury,GENE_ASSOCIATED_WITH_DISEASE
DGKZ,Myocardial Infarction,GENE_ASSOCIATED_WITH_DISEASE
DGUOK,MITOCHONDRIAL DNA DEPLETION SYNDROME 3 (HEPATOCEREBRAL TYPE),GENE_ASSOCIATED_WITH_DISEASE
DHCR7,Liver Cirrhosis,GENE_ASSOCIATED_WITH_DISEASE
DHFR,Chemical and Drug Induced Liver Injury,GENE_ASSOCIATED_WITH_DISEASE
DHH,"46,Xy Gonadal Dysgenesis, Partial, With Minifascicular Neuropathy",GENE_ASSOCIATED_WITH_DISEASE
DHRS3,"Liver Cirrhosis, Experimental",GENE_ASSOCIATED_WITH_DISEASE
DHRS7,Chemical and Drug Induced Liver Injury,GENE_ASSOCIATED_WITH_DISEASE
DHRS7,Fatty Liver,GENE_ASSOCIATED_WITH_DISEASE
DHRS7,"Liver Cirrhosis, Experimental",GENE_ASSOCIATED_WITH_DISEASE
DHTKD1,"Liver Cirrhosis, Experimental",GENE_ASSOCIATED_WITH_DISEASE
DIABLO,Brain Ischemia,GENE_ASSOCIATED_WITH_DISEASE
DIABLO,Myocardial Reperfusion Injury,GENE_ASSOCIATED_WITH_DISEASE
DIAPH3,"Auditory Neuropathy, Autosomal Dominant, 1",GENE_ASSOCIATED_WITH_DISEASE
DICER1,Liver Neoplasms,GENE_ASSOCIATED_WITH_DISEASE
DIO1,"Liver Cirrhosis, Experimental",GENE_ASSOCIATED_WITH_DISEASE
DIPK2A,"Liver Cirrhosis, Experimental",GENE_ASSOCIATED_WITH_DISEASE
DIPK2B,"Carcinoma, Hepatocellular",GENE_ASSOCIATED_WITH_DISEASE
DIRAS3,"Carcinoma, Hepatocellular",GENE_ASSOCIATED_WITH_DISEASE
DLAT,Chemical and Drug Induced Liver Injury,GENE_ASSOCIATED_WITH_DISEASE
DLAT,Myocardial Ischemia,GENE_ASSOCIATED_WITH_DISEASE
DLG4,Neurodevelopmental Disorders,GENE_ASSOCIATED_WITH_DISEASE
DLGAP1,Neurodevelopmental Disorders,GENE_ASSOCIATED_WITH_DISEASE
DLGAP5,"Carcinoma, Hepatocellular",GENE_ASSOCIATED_WITH_DISEASE
DLL1,Brain Neoplasms,GENE_ASSOCIATED_WITH_DISEASE
DLL4,Adams Oliver syndrome,GENE_ASSOCIATED_WITH_DISEASE
DMD,Cardiomegaly,GENE_ASSOCIATED_WITH_DISEASE
DMD,Cardiomyopathies,GENE_ASSOCIATED_WITH_DISEASE
DMD,"Cardiomyopathy, Dilated",GENE_ASSOCIATED_WITH_DISEASE
DMD,"CARDIOMYOPATHY, DILATED, 3B",GENE_ASSOCIATED_WITH_DISEASE
DNAJB2,"NEURONOPATHY, DISTAL HEREDITARY MOTOR, AUTOSOMAL RECESSIVE 5",GENE_ASSOCIATED_WITH_DISEASE
DNAJB9,Chemical and Drug Induced Liver Injury,GENE_ASSOCIATED_WITH_DISEASE
DNAJC12,Chemical and Drug Induced Liver Injury,GENE_ASSOCIATED_WITH_DISEASE
DNAJC6,"Carcinoma, Hepatocellular",GENE_ASSOCIATED_WITH_DISEASE
DNASE1L3,"Carcinoma, Hepatocellular",GENE_ASSOCIATED_WITH_DISEASE
DNM1,Neurodevelopmental Disorders,GENE_ASSOCIATED_WITH_DISEASE
DNM1L,Myocardial Ischemia,GENE_ASSOCIATED_WITH_DISEASE
DNM1L,Myocarditis,GENE_ASSOCIATED_WITH_DISEASE
DNMT1,Hereditary Sensory and Autonomic Neuropathies,GENE_ASSOCIATED_WITH_DISEASE
DNMT1,"NEUROPATHY, HEREDITARY SENSORY, TYPE IE",GENE_ASSOCIATED_WITH_DISEASE
DOCK10,"Liver Cirrhosis, Experimental",GENE_ASSOCIATED_WITH_DISEASE
DOCK6,Adams Oliver syndrome,GENE_ASSOCIATED_WITH_DISEASE
DOCK7,"Liver Cirrhosis, Experimental",GENE_ASSOCIATED_WITH_DISEASE
DOCK8,Neuroblastoma,GENE_ASSOCIATED_WITH_DISEASE
DOCK8,Neurodevelopmental Disorders,GENE_ASSOCIATED_WITH_DISEASE
DPP10,Liver Neoplasms,GENE_ASSOCIATED_WITH_DISEASE
DPP7,"Liver Cirrhosis, Experimental",GENE_ASSOCIATED_WITH_DISEASE
DPYD,"Carcinoma, Hepatocellular",GENE_ASSOCIATED_WITH_DISEASE
DPYS,"Liver Cirrhosis, Experimental",GENE_ASSOCIATED_WITH_DISEASE
DRAM1,"Liver Cirrhosis, Experimental",GENE_ASSOCIATED_WITH_DISEASE
DRD2,Bradycardia,GENE_ASSOCIATED_WITH_DISEASE
DRD2,Tachycardia,GENE_ASSOCIATED_WITH_DISEASE
DSC2,"Arrhythmogenic Right Ventricular Dysplasia, Familial, 11",GENE_ASSOCIATED_WITH_DISEASE
DSC2,Chemical and Drug Induced Liver Injury,GENE_ASSOCIATED_WITH_DISEASE
DSCAM,Hepatomegaly,GENE_ASSOCIATED_WITH_DISEASE
DSCAM,Neurodevelopmental Disorders,GENE_ASSOCIATED_WITH_DISEASE
DSG2,"Arrhythmogenic Right Ventricular Dysplasia, Familial, 10",GENE_ASSOCIATED_WITH_DISEASE
DSG2,"Cardiomyopathy, Dilated, 1BB",GENE_ASSOCIATED_WITH_DISEASE
DSP,"Arrhythmogenic Right Ventricular Dysplasia, Familial, 8",GENE_ASSOCIATED_WITH_DISEASE
DSP,Cardiomyopathy dilated with woolly hair and keratoderma,GENE_ASSOCIATED_WITH_DISEASE
DSP,"CARDIOMYOPATHY, DILATED, WITH WOOLLY HAIR, KERATODERMA, AND TOOTH AGENESIS",GENE_ASSOCIATED_WITH_DISEASE
DSP,"Death, Sudden, Cardiac",GENE_ASSOCIATED_WITH_DISEASE
DST,"NEUROPATHY, HEREDITARY SENSORY AND AUTONOMIC, TYPE VI",GENE_ASSOCIATED_WITH_DISEASE
DSTN,Heart Failure,GENE_ASSOCIATED_WITH_DISEASE
DTL,"Carcinoma, Hepatocellular",GENE_ASSOCIATED_WITH_DISEASE
DTX2,Brain Neoplasms,GENE_ASSOCIATED_WITH_DISEASE
DUS1L,"Liver Cirrhosis, Experimental",GENE_ASSOCIATED_WITH_DISEASE
DUSP1,Myocardial Ischemia,GENE_ASSOCIATED_WITH_DISEASE
DUSP16,"Liver Cirrhosis, Experimental",GENE_ASSOCIATED_WITH_DISEASE
DUSP6,"Liver Cirrhosis, Experimental",GENE_ASSOCIATED_WITH_DISEASE
DUSP6,Myocardial Ischemia,GENE_ASSOCIATED_WITH_DISEASE
DUXAP9,"Carcinoma, Hepatocellular",GENE_ASSOCIATED_WITH_DISEASE
DYNC1H1,"CORTICAL DYSPLASIA, COMPLEX, WITH OTHER BRAIN MALFORMATIONS 13",GENE_ASSOCIATED_WITH_DISEASE
DYNLL1,Brain Ischemia,GENE_ASSOCIATED_WITH_DISEASE
DYRK1A,Neurodevelopmental Disorders,GENE_ASSOCIATED_WITH_DISEASE
DYSF,"Liver Cirrhosis, Experimental",GENE_ASSOCIATED_WITH_DISEASE
E2F1,"Carcinoma, Hepatocellular",GENE_ASSOCIATED_WITH_DISEASE
E2F1,Chemical and Drug Induced Liver Injury,GENE_ASSOCIATED_WITH_DISEASE
E2F8,"Carcinoma, Hepatocellular",GENE_ASSOCIATED_WITH_DISEASE
EAF2,"Carcinoma, Hepatocellular",GENE_ASSOCIATED_WITH_DISEASE
ECE1,"Heart Defects, Congenital",GENE_ASSOCIATED_WITH_DISEASE
ECE1,"Hirschsprung Disease, Cardiac Defects, and Autonomic Dysfunction",GENE_ASSOCIATED_WITH_DISEASE
ECHDC1,Chemical and Drug Induced Liver Injury,GENE_ASSOCIATED_WITH_DISEASE
ECHS1,Chemical and Drug Induced Liver Injury,GENE_ASSOCIATED_WITH_DISEASE
ECM1,"Carcinoma, Hepatocellular",GENE_ASSOCIATED_WITH_DISEASE
ECT2,"Carcinoma, Hepatocellular",GENE_ASSOCIATED_WITH_DISEASE
ECT2,"Liver Cirrhosis, Experimental",GENE_ASSOCIATED_WITH_DISEASE
EDEM1,Chemical and Drug Induced Liver Injury,GENE_ASSOCIATED_WITH_DISEASE
EDN1,"Arrhythmias, Cardiac",GENE_ASSOCIATED_WITH_DISEASE
EDN1,Bradycardia,GENE_ASSOCIATED_WITH_DISEASE
EDN1,Cardiomegaly,GENE_ASSOCIATED_WITH_DISEASE
EDN1,Cardiomyopathies,GENE_ASSOCIATED_WITH_DISEASE
EDN1,Cardiovascular Abnormalities,GENE_ASSOCIATED_WITH_DISEASE
EDN1,Cardiovascular Diseases,GENE_ASSOCIATED_WITH_DISEASE
EDN1,Cerebrovascular Disorders,GENE_ASSOCIATED_WITH_DISEASE
EDN1,"Heart Defects, Congenital",GENE_ASSOCIATED_WITH_DISEASE
EDN1,Heart Failure,GENE_ASSOCIATED_WITH_DISEASE
EDN1,Hepatorenal Syndrome,GENE_ASSOCIATED_WITH_DISEASE
EDN1,"Infarction, Middle Cerebral Artery",GENE_ASSOCIATED_WITH_DISEASE
EDN1,"Liver Cirrhosis, Experimental",GENE_ASSOCIATED_WITH_DISEASE
EDN1,Myocardial Ischemia,GENE_ASSOCIATED_WITH_DISEASE
EDN1,Myocardial Reperfusion Injury,GENE_ASSOCIATED_WITH_DISEASE
EDN2,Bradycardia,GENE_ASSOCIATED_WITH_DISEASE
EDN3,Bradycardia,GENE_ASSOCIATED_WITH_DISEASE
EDNRA,"Heart Defects, Congenital",GENE_ASSOCIATED_WITH_DISEASE
EDNRA,Heart Failure,GENE_ASSOCIATED_WITH_DISEASE
EDNRB,Heart Failure,GENE_ASSOCIATED_WITH_DISEASE
EEF1A2,Neurodevelopmental Disorders,GENE_ASSOCIATED_WITH_DISEASE
EEIG2,"Liver Cirrhosis, Experimental",GENE_ASSOCIATED_WITH_DISEASE
EFNB2,Liver Neoplasms,GENE_ASSOCIATED_WITH_DISEASE
EGF,"Carcinoma, Hepatocellular",GENE_ASSOCIATED_WITH_DISEASE
EGF,"Liver Cirrhosis, Experimental",GENE_ASSOCIATED_WITH_DISEASE
EGFR,"Carcinoma, Hepatocellular",GENE_ASSOCIATED_WITH_DISEASE
EGFR,"Cardiomyopathy, Dilated",GENE_ASSOCIATED_WITH_DISEASE
EGLN1,Neurotoxicity Syndromes,GENE_ASSOCIATED_WITH_DISEASE
EGLN3,Liver Neoplasms,GENE_ASSOCIATED_WITH_DISEASE
EGR1,Brain Ischemia,GENE_ASSOCIATED_WITH_DISEASE
EGR1,"Carcinoma, Hepatocellular",GENE_ASSOCIATED_WITH_DISEASE
EGR1,"Cholestasis, Intrahepatic",GENE_ASSOCIATED_WITH_DISEASE
EGR2,"Carcinoma, Hepatocellular",GENE_ASSOCIATED_WITH_DISEASE
EGR2,Hereditary Sensory and Motor Neuropathy,GENE_ASSOCIATED_WITH_DISEASE
EGR2,Myocardial Ischemia,GENE_ASSOCIATED_WITH_DISEASE
EHD3,"Carcinoma, Hepatocellular",GENE_ASSOCIATED_WITH_DISEASE
EIF2A,Myocardial Ischemia,GENE_ASSOCIATED_WITH_DISEASE
EIF2AK1,Chemical and Drug Induced Liver Injury,GENE_ASSOCIATED_WITH_DISEASE
EIF2AK1,Non-alcoholic Fatty Liver Disease,GENE_ASSOCIATED_WITH_DISEASE
EIF2AK3,Myocardial Ischemia,GENE_ASSOCIATED_WITH_DISEASE
EIF3H,"Carcinoma, Hepatocellular",GENE_ASSOCIATED_WITH_DISEASE
EIF4E3,"Liver Cirrhosis, Experimental",GENE_ASSOCIATED_WITH_DISEASE
EIF4EBP2,Chemical and Drug Induced Liver Injury,GENE_ASSOCIATED_WITH_DISEASE
ELK3,"Heart Failure, Diastolic",GENE_ASSOCIATED_WITH_DISEASE
ELN,Myocardial Ischemia,GENE_ASSOCIATED_WITH_DISEASE
ELOVL5,"Liver Cirrhosis, Experimental",GENE_ASSOCIATED_WITH_DISEASE
ELOVL6,Heart Failure,GENE_ASSOCIATED_WITH_DISEASE
EMB,"Liver Cirrhosis, Experimental",GENE_ASSOCIATED_WITH_DISEASE
EML1,Band Heterotopia of Brain,GENE_ASSOCIATED_WITH_DISEASE
EML4,Brain Neoplasms,GENE_ASSOCIATED_WITH_DISEASE
EMP1,"Liver Cirrhosis, Experimental",GENE_ASSOCIATED_WITH_DISEASE
ENC1,"Liver Cirrhosis, Experimental",GENE_ASSOCIATED_WITH_DISEASE
ENO1,"Carcinoma, Hepatocellular",GENE_ASSOCIATED_WITH_DISEASE
ENO1,Chemical and Drug Induced Liver Injury,GENE_ASSOCIATED_WITH_DISEASE
ENO2,Brain Injuries,GENE_ASSOCIATED_WITH_DISEASE
ENO2,"Liver Neoplasms, Experimental",GENE_ASSOCIATED_WITH_DISEASE
ENO3,Liver Diseases,GENE_ASSOCIATED_WITH_DISEASE
ENPEP,"Liver Cirrhosis, Experimental",GENE_ASSOCIATED_WITH_DISEASE
ENPP2,Hepatitis,GENE_ASSOCIATED_WITH_DISEASE
ENPP2,"Liver Cirrhosis, Experimental",GENE_ASSOCIATED_WITH_DISEASE
ENSA,Myocardial Ischemia,GENE_ASSOCIATED_WITH_DISEASE
ENTPD2,"Liver Cirrhosis, Biliary",GENE_ASSOCIATED_WITH_DISEASE
EOGT,Adams Oliver syndrome,GENE_ASSOCIATED_WITH_DISEASE
EOMES,Gastro-enteropancreatic neuroendocrine tumor,GENE_ASSOCIATED_WITH_DISEASE
EPAS1,"Carcinoma, Hepatocellular",GENE_ASSOCIATED_WITH_DISEASE
EPB41L2,"Liver Cirrhosis, Experimental",GENE_ASSOCIATED_WITH_DISEASE
EPCAM,"Liver Cirrhosis, Experimental",GENE_ASSOCIATED_WITH_DISEASE
EPG5,Cardiomyopathies,GENE_ASSOCIATED_WITH_DISEASE
EPHB2,PROSTATE CANCER/BRAIN CANCER SUSCEPTIBILITY,GENE_ASSOCIATED_WITH_DISEASE
EPHX1,"Carcinoma, Hepatocellular",GENE_ASSOCIATED_WITH_DISEASE
EPHX1,Chemical and Drug Induced Liver Injury,GENE_ASSOCIATED_WITH_DISEASE
EPHX1,Myocardial Ischemia,GENE_ASSOCIATED_WITH_DISEASE
EPHX2,Heart Failure,GENE_ASSOCIATED_WITH_DISEASE
EPHX2,Myocardial Ischemia,GENE_ASSOCIATED_WITH_DISEASE
EPHX2,Myocardial Reperfusion Injury,GENE_ASSOCIATED_WITH_DISEASE
EPN3,"Heart Failure, Diastolic",GENE_ASSOCIATED_WITH_DISEASE
EPO,Brain Injuries,GENE_ASSOCIATED_WITH_DISEASE
EPO,Cardiomyopathies,GENE_ASSOCIATED_WITH_DISEASE
EPO,Heart Diseases,GENE_ASSOCIATED_WITH_DISEASE
EPO,"Heart Septal Defects, Ventricular",GENE_ASSOCIATED_WITH_DISEASE
EPO,Myocardial Infarction,GENE_ASSOCIATED_WITH_DISEASE
EPO,Neurodegenerative Diseases,GENE_ASSOCIATED_WITH_DISEASE
EPO,Polyneuropathies,GENE_ASSOCIATED_WITH_DISEASE
EPO,"Shock, Cardiogenic",GENE_ASSOCIATED_WITH_DISEASE
EPO,"Tachycardia, Ventricular",GENE_ASSOCIATED_WITH_DISEASE
EPS8L3,"Carcinoma, Hepatocellular",GENE_ASSOCIATED_WITH_DISEASE
ERAP1,"Liver Cirrhosis, Experimental",GENE_ASSOCIATED_WITH_DISEASE
ERBB3,Neuronal intestinal pseudoobstruction,GENE_ASSOCIATED_WITH_DISEASE
ERCC1,Cerebrooculofacioskeletal Syndrome 4,GENE_ASSOCIATED_WITH_DISEASE
ERCC2,Cerebrooculofacioskeletal Syndrome 2,GENE_ASSOCIATED_WITH_DISEASE
ERCC5,Cerebrooculofacioskeletal Syndrome 3,GENE_ASSOCIATED_WITH_DISEASE
ERCC6,Cerebrooculofacioskeletal Syndrome 1,GENE_ASSOCIATED_WITH_DISEASE
EREG,"Carcinoma, Hepatocellular",GENE_ASSOCIATED_WITH_DISEASE
ERGIC1,Arthrogryposis multiplex congenita neurogenic type,GENE_ASSOCIATED_WITH_DISEASE
ERLEC1,Chemical and Drug Induced Liver Injury,GENE_ASSOCIATED_WITH_DISEASE
ERN1,Chemical and Drug Induced Liver Injury,GENE_ASSOCIATED_WITH_DISEASE
ERN1,"Liver Cirrhosis, Experimental",GENE_ASSOCIATED_WITH_DISEASE
ERP29,"Carcinoma, Hepatocellular",GENE_ASSOCIATED_WITH_DISEASE
ES2,"Liver Cirrhosis, Experimental",GENE_ASSOCIATED_WITH_DISEASE
ESM1,"Carcinoma, Hepatocellular",GENE_ASSOCIATED_WITH_DISEASE
ESM1,Liver Neoplasms,GENE_ASSOCIATED_WITH_DISEASE
ESR1,"Carcinoma, Hepatocellular",GENE_ASSOCIATED_WITH_DISEASE
ESR1,Liver Neoplasms,GENE_ASSOCIATED_WITH_DISEASE
ESR1,"Liver Neoplasms, Experimental",GENE_ASSOCIATED_WITH_DISEASE
ESR1,Myocardial Infarction,GENE_ASSOCIATED_WITH_DISEASE
ESR1,Neuroblastoma,GENE_ASSOCIATED_WITH_DISEASE
ESR1,Non-alcoholic Fatty Liver Disease,GENE_ASSOCIATED_WITH_DISEASE
ESR2,"Arrhythmias, Cardiac",GENE_ASSOCIATED_WITH_DISEASE
ETFA,"Carcinoma, Hepatocellular",GENE_ASSOCIATED_WITH_DISEASE
EWSR1,"Neuroectodermal Tumors, Primitive",GENE_ASSOCIATED_WITH_DISEASE
EXO1,"Carcinoma, Hepatocellular",GENE_ASSOCIATED_WITH_DISEASE
EXOSC2,Liver Neoplasms,GENE_ASSOCIATED_WITH_DISEASE
EXTL1,"Liver Cirrhosis, Experimental",GENE_ASSOCIATED_WITH_DISEASE
EXTL3,IMMUNOSKELETAL DYSPLASIA WITH NEURODEVELOPMENTAL ABNORMALITIES,GENE_ASSOCIATED_WITH_DISEASE
EYA1,Cayler cardiofacial syndrome,GENE_ASSOCIATED_WITH_DISEASE
EYA1,"Heart Defects, Congenital",GENE_ASSOCIATED_WITH_DISEASE
EYA4,"Cardiomyopathy, Dilated, 1J",GENE_ASSOCIATED_WITH_DISEASE
EZH2,"Carcinoma, Hepatocellular",GENE_ASSOCIATED_WITH_DISEASE
EZR,"Liver Cirrhosis, Experimental",GENE_ASSOCIATED_WITH_DISEASE
F12,"Liver Neoplasms, Experimental",GENE_ASSOCIATED_WITH_DISEASE
F13A1,Myocardial Infarction,GENE_ASSOCIATED_WITH_DISEASE
F2,Brain Ischemia,GENE_ASSOCIATED_WITH_DISEASE
F2,"Carcinoma, Hepatocellular",GENE_ASSOCIATED_WITH_DISEASE
F2,Fatty Liver,GENE_ASSOCIATED_WITH_DISEASE
F2,"Infarction, Middle Cerebral Artery",GENE_ASSOCIATED_WITH_DISEASE
F2,Liver Cirrhosis,GENE_ASSOCIATED_WITH_DISEASE
F2,Liver Failure,GENE_ASSOCIATED_WITH_DISEASE
F2,Myocardial Infarction,GENE_ASSOCIATED_WITH_DISEASE
F2,Non-alcoholic Fatty Liver Disease,GENE_ASSOCIATED_WITH_DISEASE
F2R,Fatty Liver,GENE_ASSOCIATED_WITH_DISEASE
F2R,Hepatitis,GENE_ASSOCIATED_WITH_DISEASE
F2R,Liver Cirrhosis,GENE_ASSOCIATED_WITH_DISEASE
F2R,"Liver Cirrhosis, Experimental",GENE_ASSOCIATED_WITH_DISEASE
F2RL1,Myocardial Ischemia,GENE_ASSOCIATED_WITH_DISEASE
F2RL3,Chemical and Drug Induced Liver Injury,GENE_ASSOCIATED_WITH_DISEASE
F2RL3,Peliosis Hepatis,GENE_ASSOCIATED_WITH_DISEASE
F3,Chemical and Drug Induced Liver Injury,GENE_ASSOCIATED_WITH_DISEASE
F3,Liver Cirrhosis,GENE_ASSOCIATED_WITH_DISEASE
F3,Myocardial Ischemia,GENE_ASSOCIATED_WITH_DISEASE
F5,Brain Ischemia,GENE_ASSOCIATED_WITH_DISEASE
F5,Liver Cirrhosis,GENE_ASSOCIATED_WITH_DISEASE
F5,Myocardial Infarction,GENE_ASSOCIATED_WITH_DISEASE
F7,Cerebral Hemorrhage,GENE_ASSOCIATED_WITH_DISEASE
F7,"Liver Failure, Acute",GENE_ASSOCIATED_WITH_DISEASE
F7,Myocardial Infarction,GENE_ASSOCIATED_WITH_DISEASE
FA2H,"SPASTIC PARAPLEGIA 35, AUTOSOMAL RECESSIVE, WITH OR WITHOUT NEURODEGENERATION",GENE_ASSOCIATED_WITH_DISEASE
FABP1,"Liver Failure, Acute",GENE_ASSOCIATED_WITH_DISEASE
FABP2,"Liver Cirrhosis, Experimental",GENE_ASSOCIATED_WITH_DISEASE
FABP5,"Carcinoma, Hepatocellular",GENE_ASSOCIATED_WITH_DISEASE
FABP5,Myocardial Ischemia,GENE_ASSOCIATED_WITH_DISEASE
FABP7,"Liver Cirrhosis, Experimental",GENE_ASSOCIATED_WITH_DISEASE
FADD,"IMMUNODEFICIENCY 90 WITH ENCEPHALOPATHY, FUNCTIONAL HYPOSPLENIA, AND HEPATIC DYSFUNCTION",GENE_ASSOCIATED_WITH_DISEASE
FADS1,Chemical and Drug Induced Liver Injury,GENE_ASSOCIATED_WITH_DISEASE
FADS2,Chemical and Drug Induced Liver Injury,GENE_ASSOCIATED_WITH_DISEASE
FAHD1,"Liver Cirrhosis, Experimental",GENE_ASSOCIATED_WITH_DISEASE
FAM111B,"Carcinoma, Hepatocellular",GENE_ASSOCIATED_WITH_DISEASE
FAM134B,"Carcinoma, Hepatocellular",GENE_ASSOCIATED_WITH_DISEASE
FAM167B,"Liver Cirrhosis, Experimental",GENE_ASSOCIATED_WITH_DISEASE
FAM180A,"Carcinoma, Hepatocellular",GENE_ASSOCIATED_WITH_DISEASE
FAM43A,"Liver Cirrhosis, Experimental",GENE_ASSOCIATED_WITH_DISEASE
FAM65C,"Carcinoma, Hepatocellular",GENE_ASSOCIATED_WITH_DISEASE
FAM72B,"Carcinoma, Hepatocellular",GENE_ASSOCIATED_WITH_DISEASE
FAM89A,"Liver Cirrhosis, Experimental",GENE_ASSOCIATED_WITH_DISEASE
FANCD2,"Carcinoma, Hepatocellular",GENE_ASSOCIATED_WITH_DISEASE
FANCI,"Carcinoma, Hepatocellular",GENE_ASSOCIATED_WITH_DISEASE
FARSB,RAJAB INTERSTITIAL LUNG DISEASE WITH BRAIN CALCIFICATIONS 1,GENE_ASSOCIATED_WITH_DISEASE
FAS,Cardiomyopathies,GENE_ASSOCIATED_WITH_DISEASE
FAS,"Cardiomyopathy, Dilated",GENE_ASSOCIATED_WITH_DISEASE
FAS,Cardiotoxicity,GENE_ASSOCIATED_WITH_DISEASE
FAS,"Liver Cirrhosis, Experimental",GENE_ASSOCIATED_WITH_DISEASE
FAS,"Liver Failure, Acute",GENE_ASSOCIATED_WITH_DISEASE
FAS,"Liver Neoplasms, Experimental",GENE_ASSOCIATED_WITH_DISEASE
FAS,Non-alcoholic Fatty Liver Disease,GENE_ASSOCIATED_WITH_DISEASE
FAS,"Pregnancy Complications, Cardiovascular",GENE_ASSOCIATED_WITH_DISEASE
FASL,Cardiotoxicity,GENE_ASSOCIATED_WITH_DISEASE
FASLG,Cardiomyopathies,GENE_ASSOCIATED_WITH_DISEASE
FASLG,"Cardiomyopathy, Dilated",GENE_ASSOCIATED_WITH_DISEASE
FASLG,Cardiotoxicity,GENE_ASSOCIATED_WITH_DISEASE
FASLG,Hepatitis,GENE_ASSOCIATED_WITH_DISEASE
FASLG,"Liver Failure, Acute",GENE_ASSOCIATED_WITH_DISEASE
FASN,"Carcinoma, Hepatocellular",GENE_ASSOCIATED_WITH_DISEASE
FASN,"Cardiomyopathy, Dilated",GENE_ASSOCIATED_WITH_DISEASE
FASN,"Cardiomyopathy, Hypertrophic",GENE_ASSOCIATED_WITH_DISEASE
FASN,Chemical and Drug Induced Liver Injury,GENE_ASSOCIATED_WITH_DISEASE
FASN,Heart Failure,GENE_ASSOCIATED_WITH_DISEASE
FAT1,"Liver Cirrhosis, Experimental",GENE_ASSOCIATED_WITH_DISEASE
FATE1,"Carcinoma, Hepatocellular",GENE_ASSOCIATED_WITH_DISEASE
FBLN5,Heart Failure,GENE_ASSOCIATED_WITH_DISEASE
FBN1,Liver Cirrhosis,GENE_ASSOCIATED_WITH_DISEASE
FBN1,"Liver Cirrhosis, Experimental",GENE_ASSOCIATED_WITH_DISEASE
FBP1,"Carcinoma, Hepatocellular",GENE_ASSOCIATED_WITH_DISEASE
FBP1,"Liver Failure, Acute",GENE_ASSOCIATED_WITH_DISEASE
FBP2,"Liver Failure, Acute",GENE_ASSOCIATED_WITH_DISEASE
FBXL18,"Carcinoma, Hepatocellular",GENE_ASSOCIATED_WITH_DISEASE
FBXO38,"NEURONOPATHY, DISTAL HEREDITARY MOTOR, AUTOSOMAL DOMINANT 6",GENE_ASSOCIATED_WITH_DISEASE
FBXO9,"Liver Cirrhosis, Experimental",GENE_ASSOCIATED_WITH_DISEASE
FCER1G,"Liver Cirrhosis, Experimental",GENE_ASSOCIATED_WITH_DISEASE
FCGR1A,Heart Valve Diseases,GENE_ASSOCIATED_WITH_DISEASE
FCGR1A,"Liver Cirrhosis, Experimental",GENE_ASSOCIATED_WITH_DISEASE
FCGR3A,"Liver Cirrhosis, Experimental",GENE_ASSOCIATED_WITH_DISEASE
FCMR,Chemical and Drug Induced Liver Injury,GENE_ASSOCIATED_WITH_DISEASE
FCN1,"Liver Cirrhosis, Experimental",GENE_ASSOCIATED_WITH_DISEASE
FCN2,"Carcinoma, Hepatocellular",GENE_ASSOCIATED_WITH_DISEASE
FCN3,"Carcinoma, Hepatocellular",GENE_ASSOCIATED_WITH_DISEASE
FDFT1,"Carcinoma, Hepatocellular",GENE_ASSOCIATED_WITH_DISEASE
FEV,Myocardial Ischemia,GENE_ASSOCIATED_WITH_DISEASE
FEZ2,Myocardial Ischemia,GENE_ASSOCIATED_WITH_DISEASE
FFAR2,Neuroinflammatory Diseases,GENE_ASSOCIATED_WITH_DISEASE
FFAR3,Neuroinflammatory Diseases,GENE_ASSOCIATED_WITH_DISEASE
FGA,Chemical and Drug Induced Liver Injury,GENE_ASSOCIATED_WITH_DISEASE
FGF1,Myocardial Ischemia,GENE_ASSOCIATED_WITH_DISEASE
FGF12,Hepatomegaly,GENE_ASSOCIATED_WITH_DISEASE
FGF15,Hepatic Insufficiency,GENE_ASSOCIATED_WITH_DISEASE
FGF15,Liver Cirrhosis,GENE_ASSOCIATED_WITH_DISEASE
FGF19,"Carcinoma, Hepatocellular",GENE_ASSOCIATED_WITH_DISEASE
FGF2,Brain Infarction,GENE_ASSOCIATED_WITH_DISEASE
FGF2,Brain Injuries,GENE_ASSOCIATED_WITH_DISEASE
FGF2,Cardiomegaly,GENE_ASSOCIATED_WITH_DISEASE
FGF2,Liver Cirrhosis,GENE_ASSOCIATED_WITH_DISEASE
FGF2,"Liver Cirrhosis, Experimental",GENE_ASSOCIATED_WITH_DISEASE
FGF2,Myocardial Ischemia,GENE_ASSOCIATED_WITH_DISEASE
FGF21,Fatty Liver,GENE_ASSOCIATED_WITH_DISEASE
FGF21,"Infarction, Middle Cerebral Artery",GENE_ASSOCIATED_WITH_DISEASE
FGF21,Non-alcoholic Fatty Liver Disease,GENE_ASSOCIATED_WITH_DISEASE
FGF3,"Carcinoma, Hepatocellular",GENE_ASSOCIATED_WITH_DISEASE
FGF4,"Carcinoma, Hepatocellular",GENE_ASSOCIATED_WITH_DISEASE
FGF7,Liver Cirrhosis,GENE_ASSOCIATED_WITH_DISEASE
FGF8,Cardiovascular Abnormalities,GENE_ASSOCIATED_WITH_DISEASE
FGFR1,"Carcinoma, Hepatocellular",GENE_ASSOCIATED_WITH_DISEASE
FGFR1,Heart Valve Diseases,GENE_ASSOCIATED_WITH_DISEASE
FGFR2,Liver Cirrhosis,GENE_ASSOCIATED_WITH_DISEASE
FGL2,"Liver Cirrhosis, Experimental",GENE_ASSOCIATED_WITH_DISEASE
FGR,"Liver Cirrhosis, Experimental",GENE_ASSOCIATED_WITH_DISEASE
FHIT,Liver Neoplasms,GENE_ASSOCIATED_WITH_DISEASE
FHL1,"Heart Failure, Diastolic",GENE_ASSOCIATED_WITH_DISEASE
FHL1,"Liver Cirrhosis, Experimental",GENE_ASSOCIATED_WITH_DISEASE
FHL2,Cardiomegaly,GENE_ASSOCIATED_WITH_DISEASE
FHL2,"Liver Cirrhosis, Experimental",GENE_ASSOCIATED_WITH_DISEASE
FIBIN,"Heart Failure, Diastolic",GENE_ASSOCIATED_WITH_DISEASE
FIP1L1,Heart Failure,GENE_ASSOCIATED_WITH_DISEASE
FIS1,"Ceroid lipofuscinosis, neuronal 1, infantile",GENE_ASSOCIATED_WITH_DISEASE
FJX1,Brain Neoplasms,GENE_ASSOCIATED_WITH_DISEASE
FKBP1A,"Liver Cirrhosis, Experimental",GENE_ASSOCIATED_WITH_DISEASE
FKBP5,Neurobehavioral Manifestations,GENE_ASSOCIATED_WITH_DISEASE
FKTN,"Cardiomyopathy, Dilated, 1x",GENE_ASSOCIATED_WITH_DISEASE
FLCN,Liver Neoplasms,GENE_ASSOCIATED_WITH_DISEASE
FLI1,"Liver Cirrhosis, Experimental",GENE_ASSOCIATED_WITH_DISEASE
FLNA,"Cardiac valvular dysplasia, X-linked",GENE_ASSOCIATED_WITH_DISEASE
FLNA,"Liver Cirrhosis, Experimental",GENE_ASSOCIATED_WITH_DISEASE
FLNA,Non-alcoholic Fatty Liver Disease,GENE_ASSOCIATED_WITH_DISEASE
FLNC,"CARDIOMYOPATHY, FAMILIAL HYPERTROPHIC, 26",GENE_ASSOCIATED_WITH_DISEASE
FLT1,Cerebral Hemorrhage,GENE_ASSOCIATED_WITH_DISEASE
FLT1,Chemical and Drug Induced Liver Injury,GENE_ASSOCIATED_WITH_DISEASE
FLT1,Liver Cirrhosis,GENE_ASSOCIATED_WITH_DISEASE
FLVCR1,"Carcinoma, Hepatocellular",GENE_ASSOCIATED_WITH_DISEASE
FMNL1,"Liver Cirrhosis, Experimental",GENE_ASSOCIATED_WITH_DISEASE
FMNL2,"Liver Cirrhosis, Experimental",GENE_ASSOCIATED_WITH_DISEASE
FMO1,"Liver Cirrhosis, Experimental",GENE_ASSOCIATED_WITH_DISEASE
FMO3,Chemical and Drug Induced Liver Injury,GENE_ASSOCIATED_WITH_DISEASE
FNDC5,Cardiomegaly,GENE_ASSOCIATED_WITH_DISEASE
FNDC5,Endomyocardial Fibrosis,GENE_ASSOCIATED_WITH_DISEASE
FOCAD,Liver Cirrhosis,GENE_ASSOCIATED_WITH_DISEASE
FOLR1,"Brain Diseases, Metabolic, Inborn",GENE_ASSOCIATED_WITH_DISEASE
FOLR1,"Heart Defects, Congenital",GENE_ASSOCIATED_WITH_DISEASE
FOLR1,Neurodegeneration Due To Cerebral Folate Transport Deficiency,GENE_ASSOCIATED_WITH_DISEASE
FOLR2,"Liver Cirrhosis, Experimental",GENE_ASSOCIATED_WITH_DISEASE
FOLR2,Non-alcoholic Fatty Liver Disease,GENE_ASSOCIATED_WITH_DISEASE
FOS,Brain Injuries,GENE_ASSOCIATED_WITH_DISEASE
FOS,"Carcinoma, Hepatocellular",GENE_ASSOCIATED_WITH_DISEASE
FOS,"Cholestasis, Extrahepatic",GENE_ASSOCIATED_WITH_DISEASE
FOS,"Infarction, Middle Cerebral Artery",GENE_ASSOCIATED_WITH_DISEASE
FOS,"Liver Cirrhosis, Experimental",GENE_ASSOCIATED_WITH_DISEASE
FOS,Neurotoxicity Syndromes,GENE_ASSOCIATED_WITH_DISEASE
FOSB,"Carcinoma, Hepatocellular",GENE_ASSOCIATED_WITH_DISEASE
FOSB,Liver Neoplasms,GENE_ASSOCIATED_WITH_DISEASE
FOXA1,Fatty Liver,GENE_ASSOCIATED_WITH_DISEASE
FOXA2,"Liver Cirrhosis, Experimental",GENE_ASSOCIATED_WITH_DISEASE
FOXC2,Cardiovascular Abnormalities,GENE_ASSOCIATED_WITH_DISEASE
FOXG1,Neurodevelopmental Disorders,GENE_ASSOCIATED_WITH_DISEASE
FOXM1,"Carcinoma, Hepatocellular",GENE_ASSOCIATED_WITH_DISEASE
FOXM1,"Liver Neoplasms, Experimental",GENE_ASSOCIATED_WITH_DISEASE
FOXO3,Liver Cirrhosis,GENE_ASSOCIATED_WITH_DISEASE
FOXP1,Neurodevelopmental Disorders,GENE_ASSOCIATED_WITH_DISEASE
FOXP4-AS1,"Carcinoma, Hepatocellular",GENE_ASSOCIATED_WITH_DISEASE
FOXP4-AS1,"Liver Neoplasms, Experimental",GENE_ASSOCIATED_WITH_DISEASE
FRY,"Liver Cirrhosis, Experimental",GENE_ASSOCIATED_WITH_DISEASE
FST,"Carcinoma, Hepatocellular",GENE_ASSOCIATED_WITH_DISEASE
FST,"Liver Failure, Acute",GENE_ASSOCIATED_WITH_DISEASE
FST,Liver Neoplasms,GENE_ASSOCIATED_WITH_DISEASE
FSTL1,"Liver Cirrhosis, Experimental",GENE_ASSOCIATED_WITH_DISEASE
FTCD,"Liver Cirrhosis, Experimental",GENE_ASSOCIATED_WITH_DISEASE
FTH1,Neurodegenerative Diseases,GENE_ASSOCIATED_WITH_DISEASE
FTH1,Neurotoxicity Syndromes,GENE_ASSOCIATED_WITH_DISEASE
FTL,Neuroferritinopathy,GENE_ASSOCIATED_WITH_DISEASE
FTL1,Chemical and Drug Induced Liver Injury,GENE_ASSOCIATED_WITH_DISEASE
FTL1,Neurodegenerative Diseases,GENE_ASSOCIATED_WITH_DISEASE
FTO,Non-alcoholic Fatty Liver Disease,GENE_ASSOCIATED_WITH_DISEASE
FXN,Neurobehavioral Manifestations,GENE_ASSOCIATED_WITH_DISEASE
FXYD2,"Liver Cirrhosis, Experimental",GENE_ASSOCIATED_WITH_DISEASE
FXYD3,"Heart Failure, Diastolic",GENE_ASSOCIATED_WITH_DISEASE
FXYD5,"Liver Cirrhosis, Experimental",GENE_ASSOCIATED_WITH_DISEASE
FXYD6,"Liver Cirrhosis, Experimental",GENE_ASSOCIATED_WITH_DISEASE
FYN,"Liver Cirrhosis, Experimental",GENE_ASSOCIATED_WITH_DISEASE
FZD8,"Liver Cirrhosis, Experimental",GENE_ASSOCIATED_WITH_DISEASE
G0S2,"Liver Cirrhosis, Experimental",GENE_ASSOCIATED_WITH_DISEASE
G6PC1,Hepatorenal form of glycogen storage disease,GENE_ASSOCIATED_WITH_DISEASE
G6PC1,"Liver Cirrhosis, Experimental",GENE_ASSOCIATED_WITH_DISEASE
GAA,"Cardiomyopathy, Hypertrophic",GENE_ASSOCIATED_WITH_DISEASE
GABRA1,Hepatic Encephalopathy,GENE_ASSOCIATED_WITH_DISEASE
GABRA6,"Infarction, Middle Cerebral Artery",GENE_ASSOCIATED_WITH_DISEASE
GABRB1,Hepatic Encephalopathy,GENE_ASSOCIATED_WITH_DISEASE
GABRB2,Neurodevelopmental Disorders,GENE_ASSOCIATED_WITH_DISEASE
GABRB3,Brain Injuries,GENE_ASSOCIATED_WITH_DISEASE
GABRB3,Neurodevelopmental Disorders,GENE_ASSOCIATED_WITH_DISEASE
GABRD,"Carcinoma, Hepatocellular",GENE_ASSOCIATED_WITH_DISEASE
GABRG2,Hepatic Encephalopathy,GENE_ASSOCIATED_WITH_DISEASE
GABRG3,Brain Injuries,GENE_ASSOCIATED_WITH_DISEASE
GABRR2,Liver Diseases,GENE_ASSOCIATED_WITH_DISEASE
GABRR2,Neurotoxicity Syndromes,GENE_ASSOCIATED_WITH_DISEASE
GADD45A,Chemical and Drug Induced Liver Injury,GENE_ASSOCIATED_WITH_DISEASE
GADL1,Liver Neoplasms,GENE_ASSOCIATED_WITH_DISEASE
GAL,Tachycardia,GENE_ASSOCIATED_WITH_DISEASE
GALC,"Liver Cirrhosis, Experimental",GENE_ASSOCIATED_WITH_DISEASE
GALNT13,Hepatomegaly,GENE_ASSOCIATED_WITH_DISEASE
GAN,Giant Axonal Neuropathy,GENE_ASSOCIATED_WITH_DISEASE
GANAB,Chemical and Drug Induced Liver Injury,GENE_ASSOCIATED_WITH_DISEASE
GAPDH,"Carcinoma, Hepatocellular",GENE_ASSOCIATED_WITH_DISEASE
GARS1,"Neuronopathy, Distal Hereditary Motor, Type V",GENE_ASSOCIATED_WITH_DISEASE
GAS5,Myocardial Ischemia,GENE_ASSOCIATED_WITH_DISEASE
GAS6,Cardiomegaly,GENE_ASSOCIATED_WITH_DISEASE
GASK1B,"Liver Cirrhosis, Experimental",GENE_ASSOCIATED_WITH_DISEASE
GATA2,Cardiovascular Abnormalities,GENE_ASSOCIATED_WITH_DISEASE
GATA3,Gastro-enteropancreatic neuroendocrine tumor,GENE_ASSOCIATED_WITH_DISEASE
GATA3,Neuroblastoma,GENE_ASSOCIATED_WITH_DISEASE
GATA4,Cardiomegaly,GENE_ASSOCIATED_WITH_DISEASE
GATA4,"Heart Septal Defects, Ventricular",GENE_ASSOCIATED_WITH_DISEASE
GATA4,Myocardial Infarction,GENE_ASSOCIATED_WITH_DISEASE
GATA4,TESTICULAR ANOMALIES WITH OR WITHOUT CONGENITAL HEART DISEASE,GENE_ASSOCIATED_WITH_DISEASE
GATA6,CONOTRUNCAL HEART MALFORMATIONS,GENE_ASSOCIATED_WITH_DISEASE
GATA6,"HEART DEFECTS, CONGENITAL, AND OTHER CONGENITAL ANOMALIES",GENE_ASSOCIATED_WITH_DISEASE
GATAD1,"CARDIOMYOPATHY, DILATED, 2B",GENE_ASSOCIATED_WITH_DISEASE
GATM,Heart Failure,GENE_ASSOCIATED_WITH_DISEASE
GATM,Myocardial Ischemia,GENE_ASSOCIATED_WITH_DISEASE
GBA3,"Carcinoma, Hepatocellular",GENE_ASSOCIATED_WITH_DISEASE
GBP2,"Liver Cirrhosis, Experimental",GENE_ASSOCIATED_WITH_DISEASE
GBP2,Myocardial Ischemia,GENE_ASSOCIATED_WITH_DISEASE
GBP4,"Liver Cirrhosis, Experimental",GENE_ASSOCIATED_WITH_DISEASE
GC,Chemical and Drug Induced Liver Injury,GENE_ASSOCIATED_WITH_DISEASE
GC,Hepatic Encephalopathy,GENE_ASSOCIATED_WITH_DISEASE
GC,Liver Cirrhosis,GENE_ASSOCIATED_WITH_DISEASE
GC,"Liver Cirrhosis, Experimental",GENE_ASSOCIATED_WITH_DISEASE
GC,"Liver Failure, Acute",GENE_ASSOCIATED_WITH_DISEASE
GCAT,"Liver Cirrhosis, Experimental",GENE_ASSOCIATED_WITH_DISEASE
GCG,Bradycardia,GENE_ASSOCIATED_WITH_DISEASE
GCG,Heart Diseases,GENE_ASSOCIATED_WITH_DISEASE
GCG,Heart Failure,GENE_ASSOCIATED_WITH_DISEASE
GCG,Tachycardia,GENE_ASSOCIATED_WITH_DISEASE
GCG,"Tachycardia, Sinus",GENE_ASSOCIATED_WITH_DISEASE
GCH1,Myocardial Ischemia,GENE_ASSOCIATED_WITH_DISEASE
GCHFR,"Liver Cirrhosis, Experimental",GENE_ASSOCIATED_WITH_DISEASE
GCK,"Liver Cirrhosis, Experimental",GENE_ASSOCIATED_WITH_DISEASE
GCLC,Chemical and Drug Induced Liver Injury,GENE_ASSOCIATED_WITH_DISEASE
GCLC,Myocardial Infarction,GENE_ASSOCIATED_WITH_DISEASE
GCLC,Myocardial Ischemia,GENE_ASSOCIATED_WITH_DISEASE
GCLM,Chemical and Drug Induced Liver Injury,GENE_ASSOCIATED_WITH_DISEASE
GCLM,Myocardial Infarction,GENE_ASSOCIATED_WITH_DISEASE
GCNT1,"Liver Cirrhosis, Experimental",GENE_ASSOCIATED_WITH_DISEASE
GDA,Chemical and Drug Induced Liver Injury,GENE_ASSOCIATED_WITH_DISEASE
GDF1,"CONGENITAL HEART DEFECTS, MULTIPLE TYPES, 6",GENE_ASSOCIATED_WITH_DISEASE
GDF1,"Heart Defects, Congenital",GENE_ASSOCIATED_WITH_DISEASE
GDF15,"Carcinoma, Hepatocellular",GENE_ASSOCIATED_WITH_DISEASE
GDF15,Heart Failure,GENE_ASSOCIATED_WITH_DISEASE
GDF15,Myocardial Ischemia,GENE_ASSOCIATED_WITH_DISEASE
GDF2,"Carcinoma, Hepatocellular",GENE_ASSOCIATED_WITH_DISEASE
GDF3,"Heart Defects, Congenital",GENE_ASSOCIATED_WITH_DISEASE
GDI1,Chemical and Drug Induced Liver Injury,GENE_ASSOCIATED_WITH_DISEASE
GDNF,Neurodegenerative Diseases,GENE_ASSOCIATED_WITH_DISEASE
GDNF,Neurologic Manifestations,GENE_ASSOCIATED_WITH_DISEASE
GET1,"Liver Cirrhosis, Experimental",GENE_ASSOCIATED_WITH_DISEASE
GFAP,"Ceroid lipofuscinosis, neuronal 1, infantile",GENE_ASSOCIATED_WITH_DISEASE
GFAP,Neuromyelitis Optica,GENE_ASSOCIATED_WITH_DISEASE
GFER,"Liver Failure, Acute",GENE_ASSOCIATED_WITH_DISEASE
GFI1,Gastro-enteropancreatic neuroendocrine tumor,GENE_ASSOCIATED_WITH_DISEASE
GFRA1,"Liver Cirrhosis, Experimental",GENE_ASSOCIATED_WITH_DISEASE
GGH,Chemical and Drug Induced Liver Injury,GENE_ASSOCIATED_WITH_DISEASE
GGH,"Liver Cirrhosis, Experimental",GENE_ASSOCIATED_WITH_DISEASE
GGT1,Liver Diseases,GENE_ASSOCIATED_WITH_DISEASE
GGT1,Myocardial Infarction,GENE_ASSOCIATED_WITH_DISEASE
GGTA1,"Liver Cirrhosis, Experimental",GENE_ASSOCIATED_WITH_DISEASE
GH1,Cardiovascular Diseases,GENE_ASSOCIATED_WITH_DISEASE
GH1,"Liver Cirrhosis, Experimental",GENE_ASSOCIATED_WITH_DISEASE
GHR,"Carcinoma, Hepatocellular",GENE_ASSOCIATED_WITH_DISEASE
GHR,"Liver Cirrhosis, Experimental",GENE_ASSOCIATED_WITH_DISEASE
GHR,Myocardial Ischemia,GENE_ASSOCIATED_WITH_DISEASE
GHRL,Chemical and Drug Induced Liver Injury,GENE_ASSOCIATED_WITH_DISEASE
GHRL,Heart Failure,GENE_ASSOCIATED_WITH_DISEASE
GIGYF2,Neurodevelopmental Disorders,GENE_ASSOCIATED_WITH_DISEASE
GINS1,"Carcinoma, Hepatocellular",GENE_ASSOCIATED_WITH_DISEASE
GJA1,"Arrhythmias, Cardiac",GENE_ASSOCIATED_WITH_DISEASE
GJA1,"Liver Cirrhosis, Experimental",GENE_ASSOCIATED_WITH_DISEASE
GJA1,Myocardial Reperfusion Injury,GENE_ASSOCIATED_WITH_DISEASE
GJA4,"Liver Cirrhosis, Experimental",GENE_ASSOCIATED_WITH_DISEASE
GJB1,"Carcinoma, Hepatocellular",GENE_ASSOCIATED_WITH_DISEASE
GJB1,Liver Neoplasms,GENE_ASSOCIATED_WITH_DISEASE
GJB1,"Liver Neoplasms, Experimental",GENE_ASSOCIATED_WITH_DISEASE
GK,"Liver Cirrhosis, Experimental",GENE_ASSOCIATED_WITH_DISEASE
GK,Myocardial Ischemia,GENE_ASSOCIATED_WITH_DISEASE
GLAZ,Neurodegenerative Diseases,GENE_ASSOCIATED_WITH_DISEASE
GLI1,"Carcinoma, Hepatocellular",GENE_ASSOCIATED_WITH_DISEASE
GLIPR1,"Liver Cirrhosis, Experimental",GENE_ASSOCIATED_WITH_DISEASE
GLRX3,Cardiomegaly,GENE_ASSOCIATED_WITH_DISEASE
GLS,"Liver Cirrhosis, Experimental",GENE_ASSOCIATED_WITH_DISEASE
GLS2,"Liver Cirrhosis, Experimental",GENE_ASSOCIATED_WITH_DISEASE
GLT8D1,"Liver Cirrhosis, Experimental",GENE_ASSOCIATED_WITH_DISEASE
GLUD1,Chemical and Drug Induced Liver Injury,GENE_ASSOCIATED_WITH_DISEASE
GLUL,"Brain Diseases, Metabolic, Inborn",GENE_ASSOCIATED_WITH_DISEASE
GLUL,"Carcinoma, Hepatocellular",GENE_ASSOCIATED_WITH_DISEASE
GLUL,Hepatic Encephalopathy,GENE_ASSOCIATED_WITH_DISEASE
GLUL,"Liver Neoplasms, Experimental",GENE_ASSOCIATED_WITH_DISEASE
GMFG,"Liver Cirrhosis, Experimental",GENE_ASSOCIATED_WITH_DISEASE
GMNN,"Carcinoma, Hepatocellular",GENE_ASSOCIATED_WITH_DISEASE
GNA11,"Heart Defects, Congenital",GENE_ASSOCIATED_WITH_DISEASE
GNA12,Myocardial Ischemia,GENE_ASSOCIATED_WITH_DISEASE
GNA14,"Liver Cirrhosis, Experimental",GENE_ASSOCIATED_WITH_DISEASE
GNAI2,Bradycardia,GENE_ASSOCIATED_WITH_DISEASE
GNAI2,"Liver Cirrhosis, Experimental",GENE_ASSOCIATED_WITH_DISEASE
GNAI2,"VENTRICULAR TACHYCARDIA, FAMILIAL",GENE_ASSOCIATED_WITH_DISEASE
GNAO1,"Carcinoma, Hepatocellular",GENE_ASSOCIATED_WITH_DISEASE
GNAO1,Neurodevelopmental Disorders,GENE_ASSOCIATED_WITH_DISEASE
GNAQ,"Heart Defects, Congenital",GENE_ASSOCIATED_WITH_DISEASE
GNAS,"Liver Diseases, Parasitic",GENE_ASSOCIATED_WITH_DISEASE
GNAS,Neuroblastoma,GENE_ASSOCIATED_WITH_DISEASE
GNAS,Tachycardia,GENE_ASSOCIATED_WITH_DISEASE
GNAZ,"Carcinoma, Hepatocellular",GENE_ASSOCIATED_WITH_DISEASE
GNB5,"LODDER-MERLA SYNDROME, TYPE 1, WITH IMPAIRED INTELLECTUAL DEVELOPMENT AND CARDIAC ARRHYTHMIA",GENE_ASSOCIATED_WITH_DISEASE
GNB5,"LODDER-MERLA SYNDROME, TYPE 2, WITH DEVELOPMENTAL DELAY AND WITH OR WITHOUT CARDIAC ARRHYTHMIA",GENE_ASSOCIATED_WITH_DISEASE
GNG8,Liver Diseases,GENE_ASSOCIATED_WITH_DISEASE
GNGT2,"Liver Cirrhosis, Experimental",GENE_ASSOCIATED_WITH_DISEASE
GNMT,"Carcinoma, Hepatocellular",GENE_ASSOCIATED_WITH_DISEASE
GNMT,Hepatitis,GENE_ASSOCIATED_WITH_DISEASE
GNMT,"Hepatitis, Chronic",GENE_ASSOCIATED_WITH_DISEASE
GNMT,Liver Neoplasms,GENE_ASSOCIATED_WITH_DISEASE
GNMT,Non-alcoholic Fatty Liver Disease,GENE_ASSOCIATED_WITH_DISEASE
GNPDA1,"Liver Cirrhosis, Experimental",GENE_ASSOCIATED_WITH_DISEASE
GNRH1,Bradycardia,GENE_ASSOCIATED_WITH_DISEASE
GNRH1,Tachycardia,GENE_ASSOCIATED_WITH_DISEASE
GOT1,Chemical and Drug Induced Liver Injury,GENE_ASSOCIATED_WITH_DISEASE
GOT1,"Liver Cirrhosis, Experimental",GENE_ASSOCIATED_WITH_DISEASE
GP1BA,"NONARTERITIC ANTERIOR ISCHEMIC OPTIC NEUROPATHY, SUSCEPTIBILITY TO",GENE_ASSOCIATED_WITH_DISEASE
GP1BB,"Heart Defects, Congenital",GENE_ASSOCIATED_WITH_DISEASE
GPAM,"Liver Cirrhosis, Experimental",GENE_ASSOCIATED_WITH_DISEASE
GPC3,"Carcinoma, Hepatocellular",GENE_ASSOCIATED_WITH_DISEASE
GPD1,Chemical and Drug Induced Liver Injury,GENE_ASSOCIATED_WITH_DISEASE
GPD1L,Fatty Liver,GENE_ASSOCIATED_WITH_DISEASE
GPER1,Hepatomegaly,GENE_ASSOCIATED_WITH_DISEASE
GPER1,Liver Neoplasms,GENE_ASSOCIATED_WITH_DISEASE
GPM6A,"Carcinoma, Hepatocellular",GENE_ASSOCIATED_WITH_DISEASE
GPNMB,"Liver Cirrhosis, Experimental",GENE_ASSOCIATED_WITH_DISEASE
GPNMB,"Liver Failure, Acute",GENE_ASSOCIATED_WITH_DISEASE
GPR137B-PS,Liver Cirrhosis,GENE_ASSOCIATED_WITH_DISEASE
GPR155,Hepatomegaly,GENE_ASSOCIATED_WITH_DISEASE
GPR158,"Carcinoma, Hepatocellular",GENE_ASSOCIATED_WITH_DISEASE
GPR17,Brain Infarction,GENE_ASSOCIATED_WITH_DISEASE
GPR68,"Liver Cirrhosis, Experimental",GENE_ASSOCIATED_WITH_DISEASE
GPT,Chemical and Drug Induced Liver Injury,GENE_ASSOCIATED_WITH_DISEASE
GPT,Fatty Liver,GENE_ASSOCIATED_WITH_DISEASE
GPT,"Liver Cirrhosis, Experimental",GENE_ASSOCIATED_WITH_DISEASE
GPT,Liver Diseases,GENE_ASSOCIATED_WITH_DISEASE
GPT,Non-alcoholic Fatty Liver Disease,GENE_ASSOCIATED_WITH_DISEASE
GPT2,NEURODEVELOPMENTAL DISORDER WITH SPASTIC PARAPLEGIA AND MICROCEPHALY,GENE_ASSOCIATED_WITH_DISEASE
GPX1,Brain Ischemia,GENE_ASSOCIATED_WITH_DISEASE
GPX1,"Cardiomyopathy, Dilated",GENE_ASSOCIATED_WITH_DISEASE
GPX1,Cardiovascular Diseases,GENE_ASSOCIATED_WITH_DISEASE
GPX1,Fatty Liver,GENE_ASSOCIATED_WITH_DISEASE
GPX1,"Hepatitis, Chronic",GENE_ASSOCIATED_WITH_DISEASE
GPX2,Liver Neoplasms,GENE_ASSOCIATED_WITH_DISEASE
GPX3,Liver Neoplasms,GENE_ASSOCIATED_WITH_DISEASE
GPX3,Neurodegenerative Diseases,GENE_ASSOCIATED_WITH_DISEASE
GPX4,Fatty Liver,GENE_ASSOCIATED_WITH_DISEASE
GPX4,Heart Failure,GENE_ASSOCIATED_WITH_DISEASE
GPX8,"Liver Cirrhosis, Experimental",GENE_ASSOCIATED_WITH_DISEASE
GRIK2,Liver Neoplasms,GENE_ASSOCIATED_WITH_DISEASE
GRIN1,"NEURODEVELOPMENTAL DISORDER WITH OR WITHOUT HYPERKINETIC MOVEMENTS AND SEIZURES, AUTOSOMAL DOMINANT",GENE_ASSOCIATED_WITH_DISEASE
GRIN2B,Neurodevelopmental Disorders,GENE_ASSOCIATED_WITH_DISEASE
GRK2,Cardiomegaly,GENE_ASSOCIATED_WITH_DISEASE
GRK2,Cardiomyopathies,GENE_ASSOCIATED_WITH_DISEASE
GRK2,Cardiotoxicity,GENE_ASSOCIATED_WITH_DISEASE
GRK2,Cardiovascular Diseases,GENE_ASSOCIATED_WITH_DISEASE
GRK2,Heart Failure,GENE_ASSOCIATED_WITH_DISEASE
GRK4,Chemical and Drug Induced Liver Injury,GENE_ASSOCIATED_WITH_DISEASE
GRK5,Cardiovascular Diseases,GENE_ASSOCIATED_WITH_DISEASE
GRK5,Liver Diseases,GENE_ASSOCIATED_WITH_DISEASE
GRM5,Diabetic Neuropathies,GENE_ASSOCIATED_WITH_DISEASE
GRM8,Brain Injuries,GENE_ASSOCIATED_WITH_DISEASE
GRN,"CEROID LIPOFUSCINOSIS, NEURONAL, 11",GENE_ASSOCIATED_WITH_DISEASE
GRN,"Liver Cirrhosis, Experimental",GENE_ASSOCIATED_WITH_DISEASE
GRP,"Liver Neoplasms, Experimental",GENE_ASSOCIATED_WITH_DISEASE
GSK3B,Brain Injuries,GENE_ASSOCIATED_WITH_DISEASE
GSK3B,Cardiomegaly,GENE_ASSOCIATED_WITH_DISEASE
GSK3B,"Ceroid Lipofuscinosis, Neuronal, 6",GENE_ASSOCIATED_WITH_DISEASE
GSK3B,Heart Failure,GENE_ASSOCIATED_WITH_DISEASE
GSK3B,Myocardial Infarction,GENE_ASSOCIATED_WITH_DISEASE
GSN,Cardiomegaly,GENE_ASSOCIATED_WITH_DISEASE
GSN,Chemical and Drug Induced Liver Injury,GENE_ASSOCIATED_WITH_DISEASE
GSN,"Liver Cirrhosis, Experimental",GENE_ASSOCIATED_WITH_DISEASE
GSR,Chemical and Drug Induced Liver Injury,GENE_ASSOCIATED_WITH_DISEASE
GSR,Neurodegenerative Diseases,GENE_ASSOCIATED_WITH_DISEASE
GSTA1,Chemical and Drug Induced Liver Injury,GENE_ASSOCIATED_WITH_DISEASE
GSTA1,Myocardial Ischemia,GENE_ASSOCIATED_WITH_DISEASE
GSTA1,Non-alcoholic Fatty Liver Disease,GENE_ASSOCIATED_WITH_DISEASE
GSTA2,"Liver Cirrhosis, Experimental",GENE_ASSOCIATED_WITH_DISEASE
GSTA3,"Liver Cirrhosis, Experimental",GENE_ASSOCIATED_WITH_DISEASE
GSTA4,Chemical and Drug Induced Liver Injury,GENE_ASSOCIATED_WITH_DISEASE
GSTM1,"Carcinoma, Hepatocellular",GENE_ASSOCIATED_WITH_DISEASE
GSTM1,Chemical and Drug Induced Liver Injury,GENE_ASSOCIATED_WITH_DISEASE
GSTM1,"Liver Cirrhosis, Experimental",GENE_ASSOCIATED_WITH_DISEASE
GSTM1,Liver Neoplasms,GENE_ASSOCIATED_WITH_DISEASE
GSTM1,Neurodegenerative Diseases,GENE_ASSOCIATED_WITH_DISEASE
GSTM1,Non-alcoholic Fatty Liver Disease,GENE_ASSOCIATED_WITH_DISEASE
GSTM2,Chemical and Drug Induced Liver Injury,GENE_ASSOCIATED_WITH_DISEASE
GSTM2,Myocardial Ischemia,GENE_ASSOCIATED_WITH_DISEASE
GSTM2,Neurodegenerative Diseases,GENE_ASSOCIATED_WITH_DISEASE
GSTM3,Chemical and Drug Induced Liver Injury,GENE_ASSOCIATED_WITH_DISEASE
GSTM4,Chemical and Drug Induced Liver Injury,GENE_ASSOCIATED_WITH_DISEASE
GSTM4,Neurodegenerative Diseases,GENE_ASSOCIATED_WITH_DISEASE
GSTM5,Neurodegenerative Diseases,GENE_ASSOCIATED_WITH_DISEASE
GSTM6,Neurodegenerative Diseases,GENE_ASSOCIATED_WITH_DISEASE
GSTO1,Chemical and Drug Induced Liver Injury,GENE_ASSOCIATED_WITH_DISEASE
GSTO1,Neurodegenerative Diseases,GENE_ASSOCIATED_WITH_DISEASE
GSTP1,"Carcinoma, Hepatocellular",GENE_ASSOCIATED_WITH_DISEASE
GSTP1,Chemical and Drug Induced Liver Injury,GENE_ASSOCIATED_WITH_DISEASE
GSTP1,"Liver Neoplasms, Experimental",GENE_ASSOCIATED_WITH_DISEASE
GSTP1,Myocardial Ischemia,GENE_ASSOCIATED_WITH_DISEASE
GSTP1,Non-alcoholic Fatty Liver Disease,GENE_ASSOCIATED_WITH_DISEASE
GSTP3,"Liver Cirrhosis, Experimental",GENE_ASSOCIATED_WITH_DISEASE
GSTT1,Chemical and Drug Induced Liver Injury,GENE_ASSOCIATED_WITH_DISEASE
GSTT1,Non-alcoholic Fatty Liver Disease,GENE_ASSOCIATED_WITH_DISEASE
GSTT1B,Chemical and Drug Induced Liver Injury,GENE_ASSOCIATED_WITH_DISEASE
GTSE1,"Carcinoma, Hepatocellular",GENE_ASSOCIATED_WITH_DISEASE
GULO,Chemical and Drug Induced Liver Injury,GENE_ASSOCIATED_WITH_DISEASE
GULO,Fatty Liver,GENE_ASSOCIATED_WITH_DISEASE
GULO,"Liver Cirrhosis, Experimental",GENE_ASSOCIATED_WITH_DISEASE
GULP1,"Liver Cirrhosis, Experimental",GENE_ASSOCIATED_WITH_DISEASE
GYG1,"Arrhythmias, Cardiac",GENE_ASSOCIATED_WITH_DISEASE
GYG1,Myocardial Ischemia,GENE_ASSOCIATED_WITH_DISEASE
GYS2,"Carcinoma, Hepatocellular",GENE_ASSOCIATED_WITH_DISEASE
GYS2,"Glycogen Storage Disease 0, Liver",GENE_ASSOCIATED_WITH_DISEASE
GZMA,"Liver Cirrhosis, Experimental",GENE_ASSOCIATED_WITH_DISEASE
GZMB,Hepatitis,GENE_ASSOCIATED_WITH_DISEASE
H19,Chemical and Drug Induced Liver Injury,GENE_ASSOCIATED_WITH_DISEASE
H19,Heart Failure,GENE_ASSOCIATED_WITH_DISEASE
H19,"Hepatitis, Animal",GENE_ASSOCIATED_WITH_DISEASE
H19,"Liver Neoplasms, Experimental",GENE_ASSOCIATED_WITH_DISEASE
H2-T23,Myocardial Ischemia,GENE_ASSOCIATED_WITH_DISEASE
H4C1,"Liver Failure, Acute",GENE_ASSOCIATED_WITH_DISEASE
HACE1,Neuroblastoma,GENE_ASSOCIATED_WITH_DISEASE
HACL1,Chemical and Drug Induced Liver Injury,GENE_ASSOCIATED_WITH_DISEASE
HADHA,Chemical and Drug Induced Liver Injury,GENE_ASSOCIATED_WITH_DISEASE
HADHA,Myocardial Ischemia,GENE_ASSOCIATED_WITH_DISEASE
HADHA,Trifunctional Protein Deficiency With Myopathy And Neuropathy,GENE_ASSOCIATED_WITH_DISEASE
HADHB,Fatty Liver,GENE_ASSOCIATED_WITH_DISEASE
HADHB,Heart Diseases,GENE_ASSOCIATED_WITH_DISEASE
HAGH,"Liver Cirrhosis, Experimental",GENE_ASSOCIATED_WITH_DISEASE
HAL,"Liver Cirrhosis, Experimental",GENE_ASSOCIATED_WITH_DISEASE
HAMP,"Carcinoma, Hepatocellular",GENE_ASSOCIATED_WITH_DISEASE
HAMP,"Heart Failure, Diastolic",GENE_ASSOCIATED_WITH_DISEASE
HAMP,Hepatolenticular Degeneration,GENE_ASSOCIATED_WITH_DISEASE
HAND2,Cardiomegaly,GENE_ASSOCIATED_WITH_DISEASE
HAND2,"Heart Defects, Congenital",GENE_ASSOCIATED_WITH_DISEASE
HAND2,Heart Failure,GENE_ASSOCIATED_WITH_DISEASE
HAND2,Neuroblastoma,GENE_ASSOCIATED_WITH_DISEASE
HAO1,"Liver Cirrhosis, Experimental",GENE_ASSOCIATED_WITH_DISEASE
HAO2,"Carcinoma, Hepatocellular",GENE_ASSOCIATED_WITH_DISEASE
HAO2,Chemical and Drug Induced Liver Injury,GENE_ASSOCIATED_WITH_DISEASE
HAO2,"Liver Cirrhosis, Experimental",GENE_ASSOCIATED_WITH_DISEASE
HAS3,Fatty Liver,GENE_ASSOCIATED_WITH_DISEASE
HAVCR1,Chemical and Drug Induced Liver Injury,GENE_ASSOCIATED_WITH_DISEASE
HBA1,Cerebral Infarction,GENE_ASSOCIATED_WITH_DISEASE
HBA-A1,Chemical and Drug Induced Liver Injury,GENE_ASSOCIATED_WITH_DISEASE
HBEGF,Cardiotoxicity,GENE_ASSOCIATED_WITH_DISEASE
HBEGFA,Brain Neoplasms,GENE_ASSOCIATED_WITH_DISEASE
HBEGFB,Brain Neoplasms,GENE_ASSOCIATED_WITH_DISEASE
HCAR3,Neuroinflammatory Diseases,GENE_ASSOCIATED_WITH_DISEASE
HCFC1,Liver Neoplasms,GENE_ASSOCIATED_WITH_DISEASE
HCK,"Liver Cirrhosis, Experimental",GENE_ASSOCIATED_WITH_DISEASE
HCRT,Neurodegenerative Diseases,GENE_ASSOCIATED_WITH_DISEASE
HDAC1,Heart Diseases,GENE_ASSOCIATED_WITH_DISEASE
HDAC2,Cardiomegaly,GENE_ASSOCIATED_WITH_DISEASE
HDAC2,Liver Cirrhosis,GENE_ASSOCIATED_WITH_DISEASE
HDAC3,Heart Diseases,GENE_ASSOCIATED_WITH_DISEASE
HDAC6,"Cardiomyopathy, Dilated",GENE_ASSOCIATED_WITH_DISEASE
HDC,Hepatomegaly,GENE_ASSOCIATED_WITH_DISEASE
HEBP2,Liver Neoplasms,GENE_ASSOCIATED_WITH_DISEASE
HECW2,"NEURODEVELOPMENTAL DISORDER WITH HYPOTONIA, SEIZURES, AND ABSENT LANGUAGE",GENE_ASSOCIATED_WITH_DISEASE
HELLS,"Liver Cirrhosis, Experimental",GENE_ASSOCIATED_WITH_DISEASE
HERC3,Liver Neoplasms,GENE_ASSOCIATED_WITH_DISEASE
HERC5,"Carcinoma, Hepatocellular",GENE_ASSOCIATED_WITH_DISEASE
HES1,"Neuroectodermal Tumors, Primitive",GENE_ASSOCIATED_WITH_DISEASE
HES5,Brain Neoplasms,GENE_ASSOCIATED_WITH_DISEASE
HEXIM1,"Liver Cirrhosis, Experimental",GENE_ASSOCIATED_WITH_DISEASE
HEY1,"Neuroectodermal Tumors, Primitive",GENE_ASSOCIATED_WITH_DISEASE
HEY2,"Cardiomyopathy, Hypertrophic",GENE_ASSOCIATED_WITH_DISEASE
HFE,Hepatitis C,GENE_ASSOCIATED_WITH_DISEASE
HGF,"Carcinoma, Hepatocellular",GENE_ASSOCIATED_WITH_DISEASE
HGF,Cardiomyopathies,GENE_ASSOCIATED_WITH_DISEASE
HGF,Copper-Overload Cirrhosis,GENE_ASSOCIATED_WITH_DISEASE
HGF,Diabetic Neuropathies,GENE_ASSOCIATED_WITH_DISEASE
HGF,"Hepatitis, Chronic",GENE_ASSOCIATED_WITH_DISEASE
HGF,Liver Cirrhosis,GENE_ASSOCIATED_WITH_DISEASE
HGF,"Liver Cirrhosis, Experimental",GENE_ASSOCIATED_WITH_DISEASE
HGF,"Liver Failure, Acute",GENE_ASSOCIATED_WITH_DISEASE
HGF,Liver Neoplasms,GENE_ASSOCIATED_WITH_DISEASE
HGF,"Liver Neoplasms, Experimental",GENE_ASSOCIATED_WITH_DISEASE
HGF,Myocardial Ischemia,GENE_ASSOCIATED_WITH_DISEASE
HGF,Neuroblastoma,GENE_ASSOCIATED_WITH_DISEASE
HGFAC,"Carcinoma, Hepatocellular",GENE_ASSOCIATED_WITH_DISEASE
HHEX,Fatty Liver,GENE_ASSOCIATED_WITH_DISEASE
HHIP,"Carcinoma, Hepatocellular",GENE_ASSOCIATED_WITH_DISEASE
HIF1A,Brain Ischemia,GENE_ASSOCIATED_WITH_DISEASE
HIF1A,Cardiomegaly,GENE_ASSOCIATED_WITH_DISEASE
HIF1A,"Heart Defects, Congenital",GENE_ASSOCIATED_WITH_DISEASE
HIF1A,Heart Failure,GENE_ASSOCIATED_WITH_DISEASE
HIF1A,"Hypoxia-Ischemia, Brain",GENE_ASSOCIATED_WITH_DISEASE
HIF1A,Liver Cirrhosis,GENE_ASSOCIATED_WITH_DISEASE
HIF1A,"Liver Cirrhosis, Biliary",GENE_ASSOCIATED_WITH_DISEASE
HIF1A,Myocardial Reperfusion Injury,GENE_ASSOCIATED_WITH_DISEASE
HIGD2A,Liver Neoplasms,GENE_ASSOCIATED_WITH_DISEASE
HINT1,Inherited Peripheral Neuropathy,GENE_ASSOCIATED_WITH_DISEASE
HIP1,"Liver Cirrhosis, Experimental",GENE_ASSOCIATED_WITH_DISEASE
HIVEP2,Myocardial Ischemia,GENE_ASSOCIATED_WITH_DISEASE
HIVEP3,Neurodevelopmental Disorders,GENE_ASSOCIATED_WITH_DISEASE
HJURP,"Carcinoma, Hepatocellular",GENE_ASSOCIATED_WITH_DISEASE
HJV,"Liver Cirrhosis, Experimental",GENE_ASSOCIATED_WITH_DISEASE
HK1,Myocardial Ischemia,GENE_ASSOCIATED_WITH_DISEASE
HK1,"Neuropathy, hereditary motor and sensory, Russe type",GENE_ASSOCIATED_WITH_DISEASE
HK2,Myocardial Ischemia,GENE_ASSOCIATED_WITH_DISEASE
HK3,Liver Diseases,GENE_ASSOCIATED_WITH_DISEASE
HLA-A,Chemical and Drug Induced Liver Injury,GENE_ASSOCIATED_WITH_DISEASE
HLA-B,Chemical and Drug Induced Liver Injury,GENE_ASSOCIATED_WITH_DISEASE
HLA-C,"Hepatitis B, Chronic",GENE_ASSOCIATED_WITH_DISEASE
HLA-DPA1,"Hepatitis B, Chronic",GENE_ASSOCIATED_WITH_DISEASE
HLA-DPB1,"Hepatitis B, Chronic",GENE_ASSOCIATED_WITH_DISEASE
HLA-DQB1,Chemical and Drug Induced Liver Injury,GENE_ASSOCIATED_WITH_DISEASE
HLA-DRB1,Chemical and Drug Induced Liver Injury,GENE_ASSOCIATED_WITH_DISEASE
HMGB1,Chemical and Drug Induced Liver Injury,GENE_ASSOCIATED_WITH_DISEASE
HMGB1,"Cholestasis, Extrahepatic",GENE_ASSOCIATED_WITH_DISEASE
HMGB1,Myocardial Infarction,GENE_ASSOCIATED_WITH_DISEASE
HMGB1,Myocardial Ischemia,GENE_ASSOCIATED_WITH_DISEASE
HMGB1,Myocardial Reperfusion Injury,GENE_ASSOCIATED_WITH_DISEASE
HMGB1,"Neuropathy, Painful",GENE_ASSOCIATED_WITH_DISEASE
HMGB2,"Carcinoma, Hepatocellular",GENE_ASSOCIATED_WITH_DISEASE
HMGCR,"Carcinoma, Hepatocellular",GENE_ASSOCIATED_WITH_DISEASE
HMGCR,"Liver Cirrhosis, Experimental",GENE_ASSOCIATED_WITH_DISEASE
HMGCS2,Heart Failure,GENE_ASSOCIATED_WITH_DISEASE
HMGCS2,Myocardial Ischemia,GENE_ASSOCIATED_WITH_DISEASE
HMGN5B,"Liver Cirrhosis, Experimental",GENE_ASSOCIATED_WITH_DISEASE
HMMR,"Carcinoma, Hepatocellular",GENE_ASSOCIATED_WITH_DISEASE
HMMR-AS1,"Carcinoma, Hepatocellular",GENE_ASSOCIATED_WITH_DISEASE
HMOX1,Cardiomegaly,GENE_ASSOCIATED_WITH_DISEASE
HMOX1,Cerebral Hemorrhage,GENE_ASSOCIATED_WITH_DISEASE
HMOX1,Chemical and Drug Induced Liver Injury,GENE_ASSOCIATED_WITH_DISEASE
HMOX1,Heart Failure,GENE_ASSOCIATED_WITH_DISEASE
HMOX1,Hepatitis,GENE_ASSOCIATED_WITH_DISEASE
HMOX1,Hepatorenal Syndrome,GENE_ASSOCIATED_WITH_DISEASE
HMOX1,"Liver Cirrhosis, Experimental",GENE_ASSOCIATED_WITH_DISEASE
HMOX1,Liver Diseases,GENE_ASSOCIATED_WITH_DISEASE
HMOX1,Liver Neoplasms,GENE_ASSOCIATED_WITH_DISEASE
HMOX1,Myocardial Ischemia,GENE_ASSOCIATED_WITH_DISEASE
HMOX1,Neurodegenerative Diseases,GENE_ASSOCIATED_WITH_DISEASE
HMOX2,Cerebral Hemorrhage,GENE_ASSOCIATED_WITH_DISEASE
HNF1A,"Hepatic Adenomas, Familial",GENE_ASSOCIATED_WITH_DISEASE
HNRNPU,Neurodevelopmental Disorders,GENE_ASSOCIATED_WITH_DISEASE
HOPX,"Liver Cirrhosis, Experimental",GENE_ASSOCIATED_WITH_DISEASE
HOTAIR,"Carcinoma, Hepatocellular",GENE_ASSOCIATED_WITH_DISEASE
HOTTIP,Heart Failure,GENE_ASSOCIATED_WITH_DISEASE
HOXA1,Athabaskan brainstem dysgenesis,GENE_ASSOCIATED_WITH_DISEASE
HOXA1,"Heart Defects, Congenital",GENE_ASSOCIATED_WITH_DISEASE
HOXA10,"Carcinoma, Hepatocellular",GENE_ASSOCIATED_WITH_DISEASE
HOXA11-AS,Heart Failure,GENE_ASSOCIATED_WITH_DISEASE
HOXA13,"Carcinoma, Hepatocellular",GENE_ASSOCIATED_WITH_DISEASE
HOXA3,"Heart Defects, Congenital",GENE_ASSOCIATED_WITH_DISEASE
HOXA3,"Liver Cirrhosis, Experimental",GENE_ASSOCIATED_WITH_DISEASE
HOXD9,"Carcinoma, Hepatocellular",GENE_ASSOCIATED_WITH_DISEASE
HP,Cardiovascular Diseases,GENE_ASSOCIATED_WITH_DISEASE
HP,Hepatitis B,GENE_ASSOCIATED_WITH_DISEASE
HP,"Hepatitis B, Chronic",GENE_ASSOCIATED_WITH_DISEASE
HP,"Hepatitis C, Chronic",GENE_ASSOCIATED_WITH_DISEASE
HP,Myocardial Infarction,GENE_ASSOCIATED_WITH_DISEASE
HPCAL1,"Liver Cirrhosis, Experimental",GENE_ASSOCIATED_WITH_DISEASE
HPD,Chemical and Drug Induced Liver Injury,GENE_ASSOCIATED_WITH_DISEASE
HPDL,NEURODEVELOPMENTAL DISORDER WITH PROGRESSIVE SPASTICITY AND BRAIN WHITE MATTER ABNORMALITIES,GENE_ASSOCIATED_WITH_DISEASE
HPGDS,"Liver Cirrhosis, Experimental",GENE_ASSOCIATED_WITH_DISEASE
HPGDS,Liver Diseases,GENE_ASSOCIATED_WITH_DISEASE
HPRT1,Chemical and Drug Induced Liver Injury,GENE_ASSOCIATED_WITH_DISEASE
HPSE,"Liver Cirrhosis, Experimental",GENE_ASSOCIATED_WITH_DISEASE
HPX,Chemical and Drug Induced Liver Injury,GENE_ASSOCIATED_WITH_DISEASE
HRAS,"Adenoma, Liver Cell",GENE_ASSOCIATED_WITH_DISEASE
HRAS,Brain Neoplasms,GENE_ASSOCIATED_WITH_DISEASE
HRAS,"Carcinoma, Hepatocellular",GENE_ASSOCIATED_WITH_DISEASE
HRAS,Cardiofaciocutaneous syndrome,GENE_ASSOCIATED_WITH_DISEASE
HRAS,Liver Neoplasms,GENE_ASSOCIATED_WITH_DISEASE
HRAS,"Liver Neoplasms, Experimental",GENE_ASSOCIATED_WITH_DISEASE
HRAS,Neuroblastoma,GENE_ASSOCIATED_WITH_DISEASE
HRC,Cardiomegaly,GENE_ASSOCIATED_WITH_DISEASE
HRH2,Chemical and Drug Induced Liver Injury,GENE_ASSOCIATED_WITH_DISEASE
HSD11B2,Liver Cirrhosis,GENE_ASSOCIATED_WITH_DISEASE
HSD11B2,Myocardial Infarction,GENE_ASSOCIATED_WITH_DISEASE
HSD17B2,"Liver Cirrhosis, Experimental",GENE_ASSOCIATED_WITH_DISEASE
HSD17B6,"Liver Cirrhosis, Experimental",GENE_ASSOCIATED_WITH_DISEASE
HSD3B2,"Carcinoma, Hepatocellular",GENE_ASSOCIATED_WITH_DISEASE
HSDL2,Liver Neoplasms,GENE_ASSOCIATED_WITH_DISEASE
HSP27,Myocardial Infarction,GENE_ASSOCIATED_WITH_DISEASE
HSPA1A,Brain Injuries,GENE_ASSOCIATED_WITH_DISEASE
HSPA1A,Liver Diseases,GENE_ASSOCIATED_WITH_DISEASE
HSPA1A,Myocardial Ischemia,GENE_ASSOCIATED_WITH_DISEASE
HSPA2,Myocardial Ischemia,GENE_ASSOCIATED_WITH_DISEASE
HSPA5,"Carcinoma, Hepatocellular",GENE_ASSOCIATED_WITH_DISEASE
HSPA5,Chemical and Drug Induced Liver Injury,GENE_ASSOCIATED_WITH_DISEASE
HSPA5,Myocardial Infarction,GENE_ASSOCIATED_WITH_DISEASE
HSPA9,"Carcinoma, Hepatocellular",GENE_ASSOCIATED_WITH_DISEASE
HSPA9,Myocardial Ischemia,GENE_ASSOCIATED_WITH_DISEASE
HSPB1,"Carcinoma, Hepatocellular",GENE_ASSOCIATED_WITH_DISEASE
HSPB1,"Cardiomyopathy, Hypertrophic",GENE_ASSOCIATED_WITH_DISEASE
HSPB1,Heart Failure,GENE_ASSOCIATED_WITH_DISEASE
HSPB1,"Neuronopathy, Distal Hereditary Motor, Type IIB",GENE_ASSOCIATED_WITH_DISEASE
HSPB3,"NEURONOPATHY, DISTAL HEREDITARY MOTOR, AUTOSOMAL DOMINANT 4",GENE_ASSOCIATED_WITH_DISEASE
HSPB6,Heart Diseases,GENE_ASSOCIATED_WITH_DISEASE
HSPB8,"Neuropathy, Distal Hereditary Motor, Type IIA",GENE_ASSOCIATED_WITH_DISEASE
HSPD1,Cardiomyopathies,GENE_ASSOCIATED_WITH_DISEASE
HSPD1,"Cardiomyopathy, Hypertrophic",GENE_ASSOCIATED_WITH_DISEASE
HSPD1,"Infarction, Middle Cerebral Artery",GENE_ASSOCIATED_WITH_DISEASE
HSPE1,Cardiomyopathies,GENE_ASSOCIATED_WITH_DISEASE
HTATIP2,"Carcinoma, Hepatocellular",GENE_ASSOCIATED_WITH_DISEASE
HTR1A,Bradycardia,GENE_ASSOCIATED_WITH_DISEASE
HTR2B,Cardiomegaly,GENE_ASSOCIATED_WITH_DISEASE
HTR2B,Heart Failure,GENE_ASSOCIATED_WITH_DISEASE
HTR2B,Heart Valve Diseases,GENE_ASSOCIATED_WITH_DISEASE
HTR4,"Arrhythmias, Cardiac",GENE_ASSOCIATED_WITH_DISEASE
HTR4,Tachycardia,GENE_ASSOCIATED_WITH_DISEASE
HTRA1,"CEREBRAL ARTERIOPATHY, AUTOSOMAL RECESSIVE, WITH SUBCORTICAL INFARCTS AND LEUKOENCEPHALOPATHY 2",GENE_ASSOCIATED_WITH_DISEASE
HULC,Liver Neoplasms,GENE_ASSOCIATED_WITH_DISEASE
HYKK,"Liver Cirrhosis, Experimental",GENE_ASSOCIATED_WITH_DISEASE
IARS1,"GROWTH RETARDATION, IMPAIRED INTELLECTUAL DEVELOPMENT, HYPOTONIA, AND HEPATOPATHY",GENE_ASSOCIATED_WITH_DISEASE
IARS2,"CATARACTS, GROWTH HORMONE DEFICIENCY, SENSORY NEUROPATHY, SENSORINEURAL HEARING LOSS, AND SKELETAL DYSPLASIA",GENE_ASSOCIATED_WITH_DISEASE
ICAM1,"Brain Injuries, Traumatic",GENE_ASSOCIATED_WITH_DISEASE
ICAM1,Brain Ischemia,GENE_ASSOCIATED_WITH_DISEASE
ICAM1,Cardiovascular Diseases,GENE_ASSOCIATED_WITH_DISEASE
ICAM1,"Infarction, Middle Cerebral Artery",GENE_ASSOCIATED_WITH_DISEASE
ICAM1,Myocardial Infarction,GENE_ASSOCIATED_WITH_DISEASE
ICAM1,Myocardial Ischemia,GENE_ASSOCIATED_WITH_DISEASE
ICAM1,Myocardial Reperfusion Injury,GENE_ASSOCIATED_WITH_DISEASE
ICAM2,"Liver Cirrhosis, Experimental",GENE_ASSOCIATED_WITH_DISEASE
ICAM3,"Liver Cirrhosis, Biliary",GENE_ASSOCIATED_WITH_DISEASE
ID1,Myocardial Ischemia,GENE_ASSOCIATED_WITH_DISEASE
ID2,"Liver Cirrhosis, Experimental",GENE_ASSOCIATED_WITH_DISEASE
ID3,Myocardial Ischemia,GENE_ASSOCIATED_WITH_DISEASE
ID4,"Liver Cirrhosis, Experimental",GENE_ASSOCIATED_WITH_DISEASE
IDH1,"Carcinoma, Hepatocellular",GENE_ASSOCIATED_WITH_DISEASE
IDH1,"Liver Failure, Acute",GENE_ASSOCIATED_WITH_DISEASE
IDH2,Cardiomegaly,GENE_ASSOCIATED_WITH_DISEASE
IDH2,"Cardiomyopathy, Hypertrophic",GENE_ASSOCIATED_WITH_DISEASE
IDO1,Neurodegenerative Diseases,GENE_ASSOCIATED_WITH_DISEASE
IDO2,Chemical and Drug Induced Liver Injury,GENE_ASSOCIATED_WITH_DISEASE
IDO2,Liver Cirrhosis,GENE_ASSOCIATED_WITH_DISEASE
IFI204,"Liver Cirrhosis, Experimental",GENE_ASSOCIATED_WITH_DISEASE
IFI27L2B,"Liver Cirrhosis, Experimental",GENE_ASSOCIATED_WITH_DISEASE
IFI30,Non-alcoholic Fatty Liver Disease,GENE_ASSOCIATED_WITH_DISEASE
IFI35,"Liver Cirrhosis, Experimental",GENE_ASSOCIATED_WITH_DISEASE
IFIH1,Aicardi-Goutieres syndrome,GENE_ASSOCIATED_WITH_DISEASE
IFIT3,Heart Failure,GENE_ASSOCIATED_WITH_DISEASE
IFITM1,"Liver Cirrhosis, Experimental",GENE_ASSOCIATED_WITH_DISEASE
IFNA,"Hepatitis C, Chronic",GENE_ASSOCIATED_WITH_DISEASE
IFNA1,"Carcinoma, Hepatocellular",GENE_ASSOCIATED_WITH_DISEASE
IFNA1,Hepatitis B,GENE_ASSOCIATED_WITH_DISEASE
IFNA1,Liver Cirrhosis,GENE_ASSOCIATED_WITH_DISEASE
IFNA1,"Liver Cirrhosis, Experimental",GENE_ASSOCIATED_WITH_DISEASE
IFNA1,Liver Neoplasms,GENE_ASSOCIATED_WITH_DISEASE
IFNA2,Chemical and Drug Induced Liver Injury,GENE_ASSOCIATED_WITH_DISEASE
IFNA2,Fatty Liver,GENE_ASSOCIATED_WITH_DISEASE
IFNA2,Hepatitis B,GENE_ASSOCIATED_WITH_DISEASE
IFNA2,"Hepatitis B, Chronic",GENE_ASSOCIATED_WITH_DISEASE
IFNA2,Hepatitis C,GENE_ASSOCIATED_WITH_DISEASE
IFNA2,"Hepatitis C, Chronic",GENE_ASSOCIATED_WITH_DISEASE
IFNA2,"Hepatitis, Chronic",GENE_ASSOCIATED_WITH_DISEASE
IFNA2,Hepatomegaly,GENE_ASSOCIATED_WITH_DISEASE
IFNA2,"Liver Cirrhosis, Experimental",GENE_ASSOCIATED_WITH_DISEASE
IFNA2,Myocardial Infarction,GENE_ASSOCIATED_WITH_DISEASE
IFNA2,"Optic Neuropathy, Ischemic",GENE_ASSOCIATED_WITH_DISEASE
IFNAR2,Hepatitis B,GENE_ASSOCIATED_WITH_DISEASE
IFNB1,Brain Diseases,GENE_ASSOCIATED_WITH_DISEASE
IFNB1,Hepatitis B,GENE_ASSOCIATED_WITH_DISEASE
IFNB1,Neuroblastoma,GENE_ASSOCIATED_WITH_DISEASE
IFNG,Brain Diseases,GENE_ASSOCIATED_WITH_DISEASE
IFNG,Chemical and Drug Induced Liver Injury,GENE_ASSOCIATED_WITH_DISEASE
IFNG,Heart Arrest,GENE_ASSOCIATED_WITH_DISEASE
IFNG,Heart Failure,GENE_ASSOCIATED_WITH_DISEASE
IFNG,Hepatitis,GENE_ASSOCIATED_WITH_DISEASE
IFNG,"Hepatitis, Autoimmune",GENE_ASSOCIATED_WITH_DISEASE
IFNG,Hepatitis B,GENE_ASSOCIATED_WITH_DISEASE
IFNG,Hepatitis C,GENE_ASSOCIATED_WITH_DISEASE
IFNG,"Liver Cirrhosis, Experimental",GENE_ASSOCIATED_WITH_DISEASE
IFNGR1,Hepatitis B,GENE_ASSOCIATED_WITH_DISEASE
IFNGR1,"Liver Cirrhosis, Experimental",GENE_ASSOCIATED_WITH_DISEASE
IFNGR1,Myocardial Ischemia,GENE_ASSOCIATED_WITH_DISEASE
IFNL3,Brain Injuries,GENE_ASSOCIATED_WITH_DISEASE
IFNL3,"Hepatic Fibrosis, Congenital",GENE_ASSOCIATED_WITH_DISEASE
IFNL3,Hepatitis C,GENE_ASSOCIATED_WITH_DISEASE
IFRD1,"Liver Cirrhosis, Experimental",GENE_ASSOCIATED_WITH_DISEASE
IFT122,"Edema, Cardiac",GENE_ASSOCIATED_WITH_DISEASE
IFT88,Liver Neoplasms,GENE_ASSOCIATED_WITH_DISEASE
IGBP1,"Carcinoma, Hepatocellular",GENE_ASSOCIATED_WITH_DISEASE
IGF1,"Carcinoma, Hepatocellular",GENE_ASSOCIATED_WITH_DISEASE
IGF1,Cardiomegaly,GENE_ASSOCIATED_WITH_DISEASE
IGF1,Chemical and Drug Induced Liver Injury,GENE_ASSOCIATED_WITH_DISEASE
IGF1,Diabetic Cardiomyopathies,GENE_ASSOCIATED_WITH_DISEASE
IGF1,"Infarction, Middle Cerebral Artery",GENE_ASSOCIATED_WITH_DISEASE
IGF1,Liver Cirrhosis,GENE_ASSOCIATED_WITH_DISEASE
IGF1,"Liver Cirrhosis, Experimental",GENE_ASSOCIATED_WITH_DISEASE
IGF1,Myocardial Ischemia,GENE_ASSOCIATED_WITH_DISEASE
IGF1,Neurodevelopmental Disorders,GENE_ASSOCIATED_WITH_DISEASE
IGF1R,"Carcinoma, Hepatocellular",GENE_ASSOCIATED_WITH_DISEASE
IGF2,"Carcinoma, Hepatocellular",GENE_ASSOCIATED_WITH_DISEASE
IGF2,Hepatoblastoma,GENE_ASSOCIATED_WITH_DISEASE
IGF2,Liver Neoplasms,GENE_ASSOCIATED_WITH_DISEASE
IGF2BP1,"Carcinoma, Hepatocellular",GENE_ASSOCIATED_WITH_DISEASE
IGF2BP1,Neuroblastoma,GENE_ASSOCIATED_WITH_DISEASE
IGF2BP3,"Carcinoma, Hepatocellular",GENE_ASSOCIATED_WITH_DISEASE
IGF2BP3,"Liver Cirrhosis, Experimental",GENE_ASSOCIATED_WITH_DISEASE
IGF2R,"Carcinoma, Hepatocellular",GENE_ASSOCIATED_WITH_DISEASE
IGF2R,Diabetic Cardiomyopathies,GENE_ASSOCIATED_WITH_DISEASE
IGF2R,Endomyocardial Fibrosis,GENE_ASSOCIATED_WITH_DISEASE
IGF2R,"Liver Cirrhosis, Experimental",GENE_ASSOCIATED_WITH_DISEASE
IGFALS,"Carcinoma, Hepatocellular",GENE_ASSOCIATED_WITH_DISEASE
IGFALS,"Liver Cirrhosis, Experimental",GENE_ASSOCIATED_WITH_DISEASE
IGFBP1,Liver Cirrhosis,GENE_ASSOCIATED_WITH_DISEASE
IGFBP1,"Liver Cirrhosis, Biliary",GENE_ASSOCIATED_WITH_DISEASE
IGFBP1,"Liver Cirrhosis, Experimental",GENE_ASSOCIATED_WITH_DISEASE
IGFBP2,Liver Cirrhosis,GENE_ASSOCIATED_WITH_DISEASE
IGFBP2,"Liver Cirrhosis, Experimental",GENE_ASSOCIATED_WITH_DISEASE
IGFBP3,"Liver Cirrhosis, Experimental",GENE_ASSOCIATED_WITH_DISEASE
IGFBP3,Myocardial Ischemia,GENE_ASSOCIATED_WITH_DISEASE
IGFBP7,"Liver Cirrhosis, Experimental",GENE_ASSOCIATED_WITH_DISEASE
IGG-2A,Hepatomegaly,GENE_ASSOCIATED_WITH_DISEASE
IGH-6,Hepatomegaly,GENE_ASSOCIATED_WITH_DISEASE
IGKC,Hepatomegaly,GENE_ASSOCIATED_WITH_DISEASE
IGSF6,"Liver Cirrhosis, Experimental",GENE_ASSOCIATED_WITH_DISEASE
IKBKG,"Liver Cirrhosis, Experimental",GENE_ASSOCIATED_WITH_DISEASE
IKBKG,"Liver Neoplasms, Experimental",GENE_ASSOCIATED_WITH_DISEASE
IKBKG,Non-alcoholic Fatty Liver Disease,GENE_ASSOCIATED_WITH_DISEASE
IKZF1,Gastro-enteropancreatic neuroendocrine tumor,GENE_ASSOCIATED_WITH_DISEASE
IKZF3,Gastro-enteropancreatic neuroendocrine tumor,GENE_ASSOCIATED_WITH_DISEASE
IL10,Brain Injuries,GENE_ASSOCIATED_WITH_DISEASE
IL10,Gastro-enteropancreatic neuroendocrine tumor,GENE_ASSOCIATED_WITH_DISEASE
IL10,"Hepatitis, Autoimmune",GENE_ASSOCIATED_WITH_DISEASE
IL10,Hepatolenticular Degeneration,GENE_ASSOCIATED_WITH_DISEASE
IL10,"Liver Cirrhosis, Experimental",GENE_ASSOCIATED_WITH_DISEASE
IL10,Myocardial Infarction,GENE_ASSOCIATED_WITH_DISEASE
IL10RB,Brain Ischemia,GENE_ASSOCIATED_WITH_DISEASE
IL10RB,Hepatitis B,GENE_ASSOCIATED_WITH_DISEASE
IL11,Chemical and Drug Induced Liver Injury,GENE_ASSOCIATED_WITH_DISEASE
IL11,"Infarction, Middle Cerebral Artery",GENE_ASSOCIATED_WITH_DISEASE
IL11,Liver Diseases,GENE_ASSOCIATED_WITH_DISEASE
IL12A,"Liver Cirrhosis, Biliary",GENE_ASSOCIATED_WITH_DISEASE
IL12A,Liver Neoplasms,GENE_ASSOCIATED_WITH_DISEASE
IL12B,Chemical and Drug Induced Liver Injury,GENE_ASSOCIATED_WITH_DISEASE
IL12B,"Liver Cirrhosis, Biliary",GENE_ASSOCIATED_WITH_DISEASE
IL12B,Liver Neoplasms,GENE_ASSOCIATED_WITH_DISEASE
IL12RB1,Brain Ischemia,GENE_ASSOCIATED_WITH_DISEASE
IL12RB2,Brain Injuries,GENE_ASSOCIATED_WITH_DISEASE
IL13,"Hepatitis, Autoimmune",GENE_ASSOCIATED_WITH_DISEASE
IL13RA2,Brain Injuries,GENE_ASSOCIATED_WITH_DISEASE
IL17A,Brain Ischemia,GENE_ASSOCIATED_WITH_DISEASE
IL17A,Cardiovascular Diseases,GENE_ASSOCIATED_WITH_DISEASE
IL17A,Cerebrovascular Disorders,GENE_ASSOCIATED_WITH_DISEASE
IL17A,Chemical and Drug Induced Liver Injury,GENE_ASSOCIATED_WITH_DISEASE
IL17RA,Brain Ischemia,GENE_ASSOCIATED_WITH_DISEASE
IL17RD,Brain Injuries,GENE_ASSOCIATED_WITH_DISEASE
IL18,Brain Ischemia,GENE_ASSOCIATED_WITH_DISEASE
IL18,Cardiomegaly,GENE_ASSOCIATED_WITH_DISEASE
IL18,Chemical and Drug Induced Liver Injury,GENE_ASSOCIATED_WITH_DISEASE
IL18,Heart Valve Diseases,GENE_ASSOCIATED_WITH_DISEASE
IL18,"Hepatitis, Autoimmune",GENE_ASSOCIATED_WITH_DISEASE
IL18,"Liver Cirrhosis, Experimental",GENE_ASSOCIATED_WITH_DISEASE
IL18BP,"Liver Cirrhosis, Experimental",GENE_ASSOCIATED_WITH_DISEASE
IL18R1,Brain Injuries,GENE_ASSOCIATED_WITH_DISEASE
IL1A,Brain Injuries,GENE_ASSOCIATED_WITH_DISEASE
IL1A,Brain Ischemia,GENE_ASSOCIATED_WITH_DISEASE
IL1A,Cardiomyopathies,GENE_ASSOCIATED_WITH_DISEASE
IL1A,Chemical and Drug Induced Liver Injury,GENE_ASSOCIATED_WITH_DISEASE
IL1A,Myocardial Ischemia,GENE_ASSOCIATED_WITH_DISEASE
IL1A,Non-alcoholic Fatty Liver Disease,GENE_ASSOCIATED_WITH_DISEASE
IL1B,Brain Injuries,GENE_ASSOCIATED_WITH_DISEASE
IL1B,"Brain Injuries, Traumatic",GENE_ASSOCIATED_WITH_DISEASE
IL1B,Brain Ischemia,GENE_ASSOCIATED_WITH_DISEASE
IL1B,Cardiomegaly,GENE_ASSOCIATED_WITH_DISEASE
IL1B,Cardiomyopathies,GENE_ASSOCIATED_WITH_DISEASE
IL1B,Cardiotoxicity,GENE_ASSOCIATED_WITH_DISEASE
IL1B,Chemical and Drug Induced Liver Injury,GENE_ASSOCIATED_WITH_DISEASE
IL1B,"Cholestasis, Extrahepatic",GENE_ASSOCIATED_WITH_DISEASE
IL1B,Heart Failure,GENE_ASSOCIATED_WITH_DISEASE
IL1B,Heart Valve Diseases,GENE_ASSOCIATED_WITH_DISEASE
IL1B,"Infarction, Middle Cerebral Artery",GENE_ASSOCIATED_WITH_DISEASE
IL1B,"Liver Cirrhosis, Experimental",GENE_ASSOCIATED_WITH_DISEASE
IL1B,Myocardial Infarction,GENE_ASSOCIATED_WITH_DISEASE
IL1B,Myocardial Ischemia,GENE_ASSOCIATED_WITH_DISEASE
IL1B,Neuroblastoma,GENE_ASSOCIATED_WITH_DISEASE
IL1B,Neuroinflammatory Diseases,GENE_ASSOCIATED_WITH_DISEASE
IL1B,Non-alcoholic Fatty Liver Disease,GENE_ASSOCIATED_WITH_DISEASE
IL1R1,Brain Injuries,GENE_ASSOCIATED_WITH_DISEASE
IL1R2,Chemical and Drug Induced Liver Injury,GENE_ASSOCIATED_WITH_DISEASE
IL1R2,Liver Diseases,GENE_ASSOCIATED_WITH_DISEASE
IL1RAP,"Carcinoma, Hepatocellular",GENE_ASSOCIATED_WITH_DISEASE
IL1RAP,Liver Diseases,GENE_ASSOCIATED_WITH_DISEASE
IL1RN,Brain Injuries,GENE_ASSOCIATED_WITH_DISEASE
IL1RN,Brain Ischemia,GENE_ASSOCIATED_WITH_DISEASE
IL1RN,"Carcinoma, Hepatocellular",GENE_ASSOCIATED_WITH_DISEASE
IL1RN,Cardiovascular Diseases,GENE_ASSOCIATED_WITH_DISEASE
IL1RN,Cerebrovascular Disorders,GENE_ASSOCIATED_WITH_DISEASE
IL1RN,"Liver Failure, Acute",GENE_ASSOCIATED_WITH_DISEASE
IL1RN,Myocardial Infarction,GENE_ASSOCIATED_WITH_DISEASE
IL1RN,Non-alcoholic Fatty Liver Disease,GENE_ASSOCIATED_WITH_DISEASE
IL2,Brain Injuries,GENE_ASSOCIATED_WITH_DISEASE
IL2,Brain Neoplasms,GENE_ASSOCIATED_WITH_DISEASE
IL2,"Hepatitis, Autoimmune",GENE_ASSOCIATED_WITH_DISEASE
IL2,Liver Neoplasms,GENE_ASSOCIATED_WITH_DISEASE
IL22,Chemical and Drug Induced Liver Injury,GENE_ASSOCIATED_WITH_DISEASE
IL22,"Hepatitis, Autoimmune",GENE_ASSOCIATED_WITH_DISEASE
IL22,"Infarction, Middle Cerebral Artery",GENE_ASSOCIATED_WITH_DISEASE
IL2RB,Gastro-enteropancreatic neuroendocrine tumor,GENE_ASSOCIATED_WITH_DISEASE
IL2RB,"Liver Cirrhosis, Experimental",GENE_ASSOCIATED_WITH_DISEASE
IL2RG,"Liver Cirrhosis, Experimental",GENE_ASSOCIATED_WITH_DISEASE
IL3,Non-alcoholic Fatty Liver Disease,GENE_ASSOCIATED_WITH_DISEASE
IL31RA,Brain Injuries,GENE_ASSOCIATED_WITH_DISEASE
IL33,"Liver Cirrhosis, Experimental",GENE_ASSOCIATED_WITH_DISEASE
IL4,Cardiomyopathies,GENE_ASSOCIATED_WITH_DISEASE
IL4,Chemical and Drug Induced Liver Injury,GENE_ASSOCIATED_WITH_DISEASE
IL4,"Hepatitis, Autoimmune",GENE_ASSOCIATED_WITH_DISEASE
IL4,Non-alcoholic Fatty Liver Disease,GENE_ASSOCIATED_WITH_DISEASE
IL5,"Hepatitis, Autoimmune",GENE_ASSOCIATED_WITH_DISEASE
IL6,Brain Injuries,GENE_ASSOCIATED_WITH_DISEASE
IL6,Brain Ischemia,GENE_ASSOCIATED_WITH_DISEASE
IL6,"Carcinoma, Hepatocellular",GENE_ASSOCIATED_WITH_DISEASE
IL6,Cardiomyopathies,GENE_ASSOCIATED_WITH_DISEASE
IL6,Chemical and Drug Induced Liver Injury,GENE_ASSOCIATED_WITH_DISEASE
IL6,"Cholestasis, Extrahepatic",GENE_ASSOCIATED_WITH_DISEASE
IL6,Heart Failure,GENE_ASSOCIATED_WITH_DISEASE
IL6,"Hepatitis, Autoimmune",GENE_ASSOCIATED_WITH_DISEASE
IL6,Hepatolenticular Degeneration,GENE_ASSOCIATED_WITH_DISEASE
IL6,"Infarction, Middle Cerebral Artery",GENE_ASSOCIATED_WITH_DISEASE
IL6,Liver Cirrhosis,GENE_ASSOCIATED_WITH_DISEASE
IL6,"Liver Cirrhosis, Alcoholic",GENE_ASSOCIATED_WITH_DISEASE
IL6,"Liver Neoplasms, Experimental",GENE_ASSOCIATED_WITH_DISEASE
IL6,Myocardial Infarction,GENE_ASSOCIATED_WITH_DISEASE
IL6,Myocardial Ischemia,GENE_ASSOCIATED_WITH_DISEASE
IL6,Myocarditis,GENE_ASSOCIATED_WITH_DISEASE
IL6,Neurodegenerative Diseases,GENE_ASSOCIATED_WITH_DISEASE
IL6,"Pregnancy Complications, Cardiovascular",GENE_ASSOCIATED_WITH_DISEASE
IL6RA,"Infarction, Middle Cerebral Artery",GENE_ASSOCIATED_WITH_DISEASE
IL6ST,"Infarction, Middle Cerebral Artery",GENE_ASSOCIATED_WITH_DISEASE
IL6ST,Myocardial Ischemia,GENE_ASSOCIATED_WITH_DISEASE
IL7,Brain Injuries,GENE_ASSOCIATED_WITH_DISEASE
IL7R,"Liver Cirrhosis, Biliary",GENE_ASSOCIATED_WITH_DISEASE
IL7R,"Liver Cirrhosis, Experimental",GENE_ASSOCIATED_WITH_DISEASE
IL9,"Hepatitis, Autoimmune",GENE_ASSOCIATED_WITH_DISEASE
IL9R,Brain Injuries,GENE_ASSOCIATED_WITH_DISEASE
IL9R,Liver Diseases,GENE_ASSOCIATED_WITH_DISEASE
ILF2,Neurodevelopmental Disorders,GENE_ASSOCIATED_WITH_DISEASE
ILK,"Liver Cirrhosis, Experimental",GENE_ASSOCIATED_WITH_DISEASE
IMMT,Chemical and Drug Induced Liver Injury,GENE_ASSOCIATED_WITH_DISEASE
INHBA,"Liver Failure, Acute",GENE_ASSOCIATED_WITH_DISEASE
INHBC,"Liver Cirrhosis, Experimental",GENE_ASSOCIATED_WITH_DISEASE
INHBE,"Liver Cirrhosis, Experimental",GENE_ASSOCIATED_WITH_DISEASE
INMT,"Carcinoma, Hepatocellular",GENE_ASSOCIATED_WITH_DISEASE
INMT,"Liver Cirrhosis, Experimental",GENE_ASSOCIATED_WITH_DISEASE
INPP4B,"Carcinoma, Hepatocellular",GENE_ASSOCIATED_WITH_DISEASE
INPP5D,"Liver Cirrhosis, Experimental",GENE_ASSOCIATED_WITH_DISEASE
INPPL1,"Liver Cirrhosis, Experimental",GENE_ASSOCIATED_WITH_DISEASE
INS,"Cardiomyopathy, Hypertrophic",GENE_ASSOCIATED_WITH_DISEASE
INS,Diabetic Cardiomyopathies,GENE_ASSOCIATED_WITH_DISEASE
INS,Fatty Liver,GENE_ASSOCIATED_WITH_DISEASE
INS,Heart Arrest,GENE_ASSOCIATED_WITH_DISEASE
INS,Heart Failure,GENE_ASSOCIATED_WITH_DISEASE
INS,Hepatitis,GENE_ASSOCIATED_WITH_DISEASE
INS,"Liver Cirrhosis, Experimental",GENE_ASSOCIATED_WITH_DISEASE
INS,Liver Diseases,GENE_ASSOCIATED_WITH_DISEASE
INS,"Liver Failure, Acute",GENE_ASSOCIATED_WITH_DISEASE
INS,Neurocognitive Disorders,GENE_ASSOCIATED_WITH_DISEASE
INS,Non-alcoholic Fatty Liver Disease,GENE_ASSOCIATED_WITH_DISEASE
INS,Tachycardia,GENE_ASSOCIATED_WITH_DISEASE
INS1,Bradycardia,GENE_ASSOCIATED_WITH_DISEASE
INS1,Diabetic Cardiomyopathies,GENE_ASSOCIATED_WITH_DISEASE
INSIG2,"Liver Cirrhosis, Experimental",GENE_ASSOCIATED_WITH_DISEASE
INS-IGF2,"Carcinoma, Hepatocellular",GENE_ASSOCIATED_WITH_DISEASE
INSR,Diabetic Neuropathies,GENE_ASSOCIATED_WITH_DISEASE
IQGAP1,Brain Neoplasms,GENE_ASSOCIATED_WITH_DISEASE
IQGAP1,"Carcinoma, Hepatocellular",GENE_ASSOCIATED_WITH_DISEASE
IQGAP1,"Liver Cirrhosis, Experimental",GENE_ASSOCIATED_WITH_DISEASE
IQGAP2,Brain Neoplasms,GENE_ASSOCIATED_WITH_DISEASE
IQGAP2,"Carcinoma, Hepatocellular",GENE_ASSOCIATED_WITH_DISEASE
IQGAP3,"Carcinoma, Hepatocellular",GENE_ASSOCIATED_WITH_DISEASE
IQSEC2,Neurodevelopmental Disorders,GENE_ASSOCIATED_WITH_DISEASE
IRAK1,Chemical and Drug Induced Liver Injury,GENE_ASSOCIATED_WITH_DISEASE
IRAK1,"Hypoxia-Ischemia, Brain",GENE_ASSOCIATED_WITH_DISEASE
IRAK4,"Hypoxia-Ischemia, Brain",GENE_ASSOCIATED_WITH_DISEASE
IRF1,Brain Injuries,GENE_ASSOCIATED_WITH_DISEASE
IRF1,Myocardial Ischemia,GENE_ASSOCIATED_WITH_DISEASE
IRF2,"Carcinoma, Hepatocellular",GENE_ASSOCIATED_WITH_DISEASE
IRF8,"Liver Cirrhosis, Experimental",GENE_ASSOCIATED_WITH_DISEASE
IRS1,"Carcinoma, Hepatocellular",GENE_ASSOCIATED_WITH_DISEASE
IRS2,"Carcinoma, Hepatocellular",GENE_ASSOCIATED_WITH_DISEASE
IRX5,"Heart Defects, Congenital",GENE_ASSOCIATED_WITH_DISEASE
ISG15,"Carcinoma, Hepatocellular",GENE_ASSOCIATED_WITH_DISEASE
ISG20,"Liver Cirrhosis, Experimental",GENE_ASSOCIATED_WITH_DISEASE
ISL1,Neuroblastoma,GENE_ASSOCIATED_WITH_DISEASE
ISYNA1,"Liver Cirrhosis, Experimental",GENE_ASSOCIATED_WITH_DISEASE
ITGA2B,Cerebral Hemorrhage,GENE_ASSOCIATED_WITH_DISEASE
ITGA2B,"Liver Cirrhosis, Experimental",GENE_ASSOCIATED_WITH_DISEASE
ITGAL,"Liver Cirrhosis, Experimental",GENE_ASSOCIATED_WITH_DISEASE
ITGAV,Cerebral Hemorrhage,GENE_ASSOCIATED_WITH_DISEASE
ITGB1,"Brain Injuries, Traumatic",GENE_ASSOCIATED_WITH_DISEASE
ITGB1,Cardiomyopathies,GENE_ASSOCIATED_WITH_DISEASE
ITGB1,"Cardiomyopathy, Dilated",GENE_ASSOCIATED_WITH_DISEASE
ITGB1,Heart Failure,GENE_ASSOCIATED_WITH_DISEASE
ITGB1,"Liver Cirrhosis, Experimental",GENE_ASSOCIATED_WITH_DISEASE
ITGB2,Brain Neoplasms,GENE_ASSOCIATED_WITH_DISEASE
ITGB2,Heart Valve Diseases,GENE_ASSOCIATED_WITH_DISEASE
ITGB2,"Liver Cirrhosis, Experimental",GENE_ASSOCIATED_WITH_DISEASE
ITGB3,Cerebral Hemorrhage,GENE_ASSOCIATED_WITH_DISEASE
ITGB3,"Liver Cirrhosis, Experimental",GENE_ASSOCIATED_WITH_DISEASE
ITGB3,Myocardial Infarction,GENE_ASSOCIATED_WITH_DISEASE
ITGB6,"Hepatitis C, Chronic",GENE_ASSOCIATED_WITH_DISEASE
ITGB6,"Liver Cirrhosis, Experimental",GENE_ASSOCIATED_WITH_DISEASE
ITGB6,Liver Diseases,GENE_ASSOCIATED_WITH_DISEASE
ITIH1,Liver Neoplasms,GENE_ASSOCIATED_WITH_DISEASE
ITIH3,"Carcinoma, Hepatocellular",GENE_ASSOCIATED_WITH_DISEASE
ITM2B,"CEREBRAL AMYLOID ANGIOPATHY, ITM2B-RELATED, 1",GENE_ASSOCIATED_WITH_DISEASE
ITPR1,Chemical and Drug Induced Liver Injury,GENE_ASSOCIATED_WITH_DISEASE
ITPR1,"Hypoxia, Brain",GENE_ASSOCIATED_WITH_DISEASE
ITPR1,Neurodevelopmental Disorders,GENE_ASSOCIATED_WITH_DISEASE
ITPR2,Cardiomegaly,GENE_ASSOCIATED_WITH_DISEASE
ITPR2,"Hypoxia, Brain",GENE_ASSOCIATED_WITH_DISEASE
IVD,"Liver Cirrhosis, Experimental",GENE_ASSOCIATED_WITH_DISEASE
IYD,"Liver Cirrhosis, Experimental",GENE_ASSOCIATED_WITH_DISEASE
JAG1,"Heart Defects, Congenital",GENE_ASSOCIATED_WITH_DISEASE
JAK2,Heart Valve Diseases,GENE_ASSOCIATED_WITH_DISEASE
JAK2,"Liver Cirrhosis, Experimental",GENE_ASSOCIATED_WITH_DISEASE
JAK2,"Liver Neoplasms, Experimental",GENE_ASSOCIATED_WITH_DISEASE
JAK2,Myocardial Ischemia,GENE_ASSOCIATED_WITH_DISEASE
JAK2,Non-alcoholic Fatty Liver Disease,GENE_ASSOCIATED_WITH_DISEASE
JAM3,"HEMORRHAGIC DESTRUCTION OF THE BRAIN, SUBEPENDYMAL CALCIFICATION, AND CATARACTS",GENE_ASSOCIATED_WITH_DISEASE
JDP2,"Carcinoma, Hepatocellular",GENE_ASSOCIATED_WITH_DISEASE
JDP2,"Liver Cirrhosis, Experimental",GENE_ASSOCIATED_WITH_DISEASE
JPH2,"CARDIOMYOPATHY, FAMILIAL HYPERTROPHIC, 17",GENE_ASSOCIATED_WITH_DISEASE
JUN,Brain Injuries,GENE_ASSOCIATED_WITH_DISEASE
JUN,Brain Ischemia,GENE_ASSOCIATED_WITH_DISEASE
JUN,"Carcinoma, Hepatocellular",GENE_ASSOCIATED_WITH_DISEASE
JUN,"Cholestasis, Extrahepatic",GENE_ASSOCIATED_WITH_DISEASE
JUN,Liver Neoplasms,GENE_ASSOCIATED_WITH_DISEASE
JUNB,"Infarction, Middle Cerebral Artery",GENE_ASSOCIATED_WITH_DISEASE
JUNB,Myocardial Ischemia,GENE_ASSOCIATED_WITH_DISEASE
JUND,Chemical and Drug Induced Liver Injury,GENE_ASSOCIATED_WITH_DISEASE
JUND,Liver Cirrhosis,GENE_ASSOCIATED_WITH_DISEASE
JUP,"Arrhythmogenic Right Ventricular Dysplasia, Familial, 12",GENE_ASSOCIATED_WITH_DISEASE
JUP,Liver Diseases,GENE_ASSOCIATED_WITH_DISEASE
KANK1,"Cerebral Palsy, Spastic Quadriplegic, 2",GENE_ASSOCIATED_WITH_DISEASE
KANK1,"Liver Cirrhosis, Experimental",GENE_ASSOCIATED_WITH_DISEASE
KANK2,"Heart Failure, Diastolic",GENE_ASSOCIATED_WITH_DISEASE
KAT8,"Cardiomyopathy, Hypertrophic",GENE_ASSOCIATED_WITH_DISEASE
KAT8,Heart Failure,GENE_ASSOCIATED_WITH_DISEASE
KATNAL2,Neurodevelopmental Disorders,GENE_ASSOCIATED_WITH_DISEASE
KBTBD11,"Carcinoma, Hepatocellular",GENE_ASSOCIATED_WITH_DISEASE
KCNH1,Neurodevelopmental Disorders,GENE_ASSOCIATED_WITH_DISEASE
KCNH2,"Arrhythmias, Cardiac",GENE_ASSOCIATED_WITH_DISEASE
KCNJ2,"Arrhythmias, Cardiac",GENE_ASSOCIATED_WITH_DISEASE
KCNJ2,"Tachycardia, Ventricular",GENE_ASSOCIATED_WITH_DISEASE
KCNJ5,Heart Block,GENE_ASSOCIATED_WITH_DISEASE
KCNJ8,"Liver Cirrhosis, Experimental",GENE_ASSOCIATED_WITH_DISEASE
KCNJ8,Myocardial Ischemia,GENE_ASSOCIATED_WITH_DISEASE
KCNN2,"Arrhythmias, Cardiac",GENE_ASSOCIATED_WITH_DISEASE
KCNN2,"Carcinoma, Hepatocellular",GENE_ASSOCIATED_WITH_DISEASE
KCNN2,Cardiotoxicity,GENE_ASSOCIATED_WITH_DISEASE
KCNN2,Heart Arrest,GENE_ASSOCIATED_WITH_DISEASE
KCNQ2,Brain Diseases,GENE_ASSOCIATED_WITH_DISEASE
KCNQ2,Neurodevelopmental Disorders,GENE_ASSOCIATED_WITH_DISEASE
KDM8,"Carcinoma, Hepatocellular",GENE_ASSOCIATED_WITH_DISEASE
KDR,Cerebral Hemorrhage,GENE_ASSOCIATED_WITH_DISEASE
KDR,"Liver Neoplasms, Experimental",GENE_ASSOCIATED_WITH_DISEASE
KDR,Myocardial Ischemia,GENE_ASSOCIATED_WITH_DISEASE
KEAP1,"Cholestasis, Extrahepatic",GENE_ASSOCIATED_WITH_DISEASE
KEAP1,Hepatic Insufficiency,GENE_ASSOCIATED_WITH_DISEASE
KEAP1,Hepatitis,GENE_ASSOCIATED_WITH_DISEASE
KEAP1,Hepatomegaly,GENE_ASSOCIATED_WITH_DISEASE
KEAP1,"Liver Cirrhosis, Biliary",GENE_ASSOCIATED_WITH_DISEASE
KIF11,"Carcinoma, Hepatocellular",GENE_ASSOCIATED_WITH_DISEASE
KIF14,"Carcinoma, Hepatocellular",GENE_ASSOCIATED_WITH_DISEASE
KIF15,"Carcinoma, Hepatocellular",GENE_ASSOCIATED_WITH_DISEASE
KIF18A,"Carcinoma, Hepatocellular",GENE_ASSOCIATED_WITH_DISEASE
KIF18B,"Carcinoma, Hepatocellular",GENE_ASSOCIATED_WITH_DISEASE
KIF1A,"NEUROPATHY, HEREDITARY SENSORY AND AUTONOMIC, TYPE IIA",GENE_ASSOCIATED_WITH_DISEASE
KIF1A,"NEUROPATHY, HEREDITARY SENSORY, TYPE IIC",GENE_ASSOCIATED_WITH_DISEASE
KIF1B,Neuroblastoma,GENE_ASSOCIATED_WITH_DISEASE
KIF20A,"Carcinoma, Hepatocellular",GENE_ASSOCIATED_WITH_DISEASE
KIF23,"Carcinoma, Hepatocellular",GENE_ASSOCIATED_WITH_DISEASE
KIF2A,"CORTICAL DYSPLASIA, COMPLEX, WITH OTHER BRAIN MALFORMATIONS 3",GENE_ASSOCIATED_WITH_DISEASE
KIF2C,"Carcinoma, Hepatocellular",GENE_ASSOCIATED_WITH_DISEASE
KIF4A,"Carcinoma, Hepatocellular",GENE_ASSOCIATED_WITH_DISEASE
KIF5C,"CORTICAL DYSPLASIA, COMPLEX, WITH OTHER BRAIN MALFORMATIONS 2",GENE_ASSOCIATED_WITH_DISEASE
KIF6,Myocardial Infarction,GENE_ASSOCIATED_WITH_DISEASE
KIFC1,"Carcinoma, Hepatocellular",GENE_ASSOCIATED_WITH_DISEASE
KIT,"Neuroectodermal Tumors, Primitive, Peripheral",GENE_ASSOCIATED_WITH_DISEASE
KITL,Chemical and Drug Induced Liver Injury,GENE_ASSOCIATED_WITH_DISEASE
KITLG,Myocardial Ischemia,GENE_ASSOCIATED_WITH_DISEASE
KLB,Non-alcoholic Fatty Liver Disease,GENE_ASSOCIATED_WITH_DISEASE
KLC2,"Spastic Paraplegia, Optic Atrophy, and Neuropathy",GENE_ASSOCIATED_WITH_DISEASE
KLF11,Hepatomegaly,GENE_ASSOCIATED_WITH_DISEASE
KLF13,Myocardial Infarction,GENE_ASSOCIATED_WITH_DISEASE
KLF15,Endomyocardial Fibrosis,GENE_ASSOCIATED_WITH_DISEASE
KLF4,"Heart Defects, Congenital",GENE_ASSOCIATED_WITH_DISEASE
KLF4,Myocardial Ischemia,GENE_ASSOCIATED_WITH_DISEASE
KLF5,Liver Cirrhosis,GENE_ASSOCIATED_WITH_DISEASE
KLF6,"Liver Cirrhosis, Experimental",GENE_ASSOCIATED_WITH_DISEASE
KLF9,"Heart Failure, Diastolic",GENE_ASSOCIATED_WITH_DISEASE
KLHL24,"EPIDERMOLYSIS BULLOSA SIMPLEX 6, GENERALIZED INTERMEDIATE, WITH OR WITHOUT CARDIOMYOPATHY",GENE_ASSOCIATED_WITH_DISEASE
KLK1,Diabetic Cardiomyopathies,GENE_ASSOCIATED_WITH_DISEASE
KLK1,Myocardial Infarction,GENE_ASSOCIATED_WITH_DISEASE
KMO,"Liver Cirrhosis, Experimental",GENE_ASSOCIATED_WITH_DISEASE
KMT2A,"Carcinoma, Hepatocellular",GENE_ASSOCIATED_WITH_DISEASE
KMT2A,Neurodevelopmental Disorders,GENE_ASSOCIATED_WITH_DISEASE
KMT2B,"Carcinoma, Hepatocellular",GENE_ASSOCIATED_WITH_DISEASE
KMT2C,"Carcinoma, Hepatocellular",GENE_ASSOCIATED_WITH_DISEASE
KMT2C,"Liver Diseases, Parasitic",GENE_ASSOCIATED_WITH_DISEASE
KMT2C,Neurodevelopmental Disorders,GENE_ASSOCIATED_WITH_DISEASE
KMT2E,Neurodevelopmental Disorders,GENE_ASSOCIATED_WITH_DISEASE
KMT5B,Neurodevelopmental Disorders,GENE_ASSOCIATED_WITH_DISEASE
KNG1,"Arrhythmias, Cardiac",GENE_ASSOCIATED_WITH_DISEASE
KNG1,Bradycardia,GENE_ASSOCIATED_WITH_DISEASE
KNG1,Chemical and Drug Induced Liver Injury,GENE_ASSOCIATED_WITH_DISEASE
KNG1,"Liver Cirrhosis, Experimental",GENE_ASSOCIATED_WITH_DISEASE
KNG1,Myocardial Reperfusion Injury,GENE_ASSOCIATED_WITH_DISEASE
KNG1,Tachycardia,GENE_ASSOCIATED_WITH_DISEASE
KRAS,"Carcinoma, Hepatocellular",GENE_ASSOCIATED_WITH_DISEASE
KRAS,Cardiofaciocutaneous syndrome,GENE_ASSOCIATED_WITH_DISEASE
KRAS,"Liver Diseases, Parasitic",GENE_ASSOCIATED_WITH_DISEASE
KRAS,Liver Neoplasms,GENE_ASSOCIATED_WITH_DISEASE
KRAS,"Liver Neoplasms, Experimental",GENE_ASSOCIATED_WITH_DISEASE
KRAS,Neuroblastoma,GENE_ASSOCIATED_WITH_DISEASE
KRASP1,Heart Failure,GENE_ASSOCIATED_WITH_DISEASE
KRT18,Chemical and Drug Induced Liver Injury,GENE_ASSOCIATED_WITH_DISEASE
KRT18,"Cirrhosis, Familial",GENE_ASSOCIATED_WITH_DISEASE
KRT18,Liver Cirrhosis,GENE_ASSOCIATED_WITH_DISEASE
KRT18,"Liver Cirrhosis, Experimental",GENE_ASSOCIATED_WITH_DISEASE
KRT18,"Liver Failure, Acute",GENE_ASSOCIATED_WITH_DISEASE
KRT18,Liver Neoplasms,GENE_ASSOCIATED_WITH_DISEASE
KRT19,Copper-Overload Cirrhosis,GENE_ASSOCIATED_WITH_DISEASE
KRT19,"Hepatitis, Chronic",GENE_ASSOCIATED_WITH_DISEASE
KRT19,"Liver Cirrhosis, Experimental",GENE_ASSOCIATED_WITH_DISEASE
KRT7,Copper-Overload Cirrhosis,GENE_ASSOCIATED_WITH_DISEASE
KRT7,"Hepatitis, Chronic",GENE_ASSOCIATED_WITH_DISEASE
KRT7,"Liver Cirrhosis, Biliary",GENE_ASSOCIATED_WITH_DISEASE
KRT8,Chemical and Drug Induced Liver Injury,GENE_ASSOCIATED_WITH_DISEASE
KRT8,Liver Cirrhosis,GENE_ASSOCIATED_WITH_DISEASE
KRT8,"Liver Cirrhosis, Experimental",GENE_ASSOCIATED_WITH_DISEASE
KRT8,"Liver Failure, Acute",GENE_ASSOCIATED_WITH_DISEASE
KRT8,Liver Neoplasms,GENE_ASSOCIATED_WITH_DISEASE
KRT90,Hepatomegaly,GENE_ASSOCIATED_WITH_DISEASE
KTN1,"Liver Cirrhosis, Experimental",GENE_ASSOCIATED_WITH_DISEASE
KYNU,"Liver Cirrhosis, Experimental",GENE_ASSOCIATED_WITH_DISEASE
KYNU,Neurodegenerative Diseases,GENE_ASSOCIATED_WITH_DISEASE
L1CAM,"Gait Disorders, Neurologic",GENE_ASSOCIATED_WITH_DISEASE
L3HYPDH,"Liver Cirrhosis, Experimental",GENE_ASSOCIATED_WITH_DISEASE
LAMA1,"Brain Injuries, Traumatic",GENE_ASSOCIATED_WITH_DISEASE
LAMA1,Non-alcoholic Fatty Liver Disease,GENE_ASSOCIATED_WITH_DISEASE
LAMA4,"CARDIOMYOPATHY, DILATED, 1JJ",GENE_ASSOCIATED_WITH_DISEASE
LAMC1,Neuromuscular Manifestations,GENE_ASSOCIATED_WITH_DISEASE
LAMC2,Liver Cirrhosis,GENE_ASSOCIATED_WITH_DISEASE
LAMC3,Brain Diseases,GENE_ASSOCIATED_WITH_DISEASE
LAP3,Chemical and Drug Induced Liver Injury,GENE_ASSOCIATED_WITH_DISEASE
LAPTM5,"Liver Cirrhosis, Experimental",GENE_ASSOCIATED_WITH_DISEASE
LARGE1,Liver Neoplasms,GENE_ASSOCIATED_WITH_DISEASE
LARS1,INFANTILE LIVER FAILURE SYNDROME 1,GENE_ASSOCIATED_WITH_DISEASE
LAT,Liver Diseases,GENE_ASSOCIATED_WITH_DISEASE
LAT,Neurotoxicity Syndromes,GENE_ASSOCIATED_WITH_DISEASE
LBH,"Liver Cirrhosis, Experimental",GENE_ASSOCIATED_WITH_DISEASE
LBP,Chemical and Drug Induced Liver Injury,GENE_ASSOCIATED_WITH_DISEASE
LBP,"Liver Cirrhosis, Experimental",GENE_ASSOCIATED_WITH_DISEASE
LCAT,"Carcinoma, Hepatocellular",GENE_ASSOCIATED_WITH_DISEASE
LCN2,Chemical and Drug Induced Liver Injury,GENE_ASSOCIATED_WITH_DISEASE
LCN2,Heart Valve Diseases,GENE_ASSOCIATED_WITH_DISEASE
LCN2,"Hepatitis, Animal",GENE_ASSOCIATED_WITH_DISEASE
LCN2,"Liver Cirrhosis, Experimental",GENE_ASSOCIATED_WITH_DISEASE
LCP1,"Liver Cirrhosis, Experimental",GENE_ASSOCIATED_WITH_DISEASE
LCP2,"Liver Cirrhosis, Experimental",GENE_ASSOCIATED_WITH_DISEASE
LDB3,"Cardiomyopathy, Dilated, 1C",GENE_ASSOCIATED_WITH_DISEASE
LDHA,Cardiomyopathies,GENE_ASSOCIATED_WITH_DISEASE
LDHA,"Liver Failure, Acute",GENE_ASSOCIATED_WITH_DISEASE
LDHA,Myocardial Infarction,GENE_ASSOCIATED_WITH_DISEASE
LDHB,"Liver Cirrhosis, Experimental",GENE_ASSOCIATED_WITH_DISEASE
LDLR,Chemical and Drug Induced Liver Injury,GENE_ASSOCIATED_WITH_DISEASE
LDLR,Fatty Liver,GENE_ASSOCIATED_WITH_DISEASE
LDLR,Hepatomegaly,GENE_ASSOCIATED_WITH_DISEASE
LDLR,Liver Cirrhosis,GENE_ASSOCIATED_WITH_DISEASE
LDLR,Non-alcoholic Fatty Liver Disease,GENE_ASSOCIATED_WITH_DISEASE
LEMD2,"CATARACT 46, JUVENILE-ONSET, WITH OR WITHOUT ARRHYTHMIC CARDIOMYOPATHY",GENE_ASSOCIATED_WITH_DISEASE
LEP,Cardiomegaly,GENE_ASSOCIATED_WITH_DISEASE
LEP,Fatty Liver,GENE_ASSOCIATED_WITH_DISEASE
LEP,"Hepatitis, Autoimmune",GENE_ASSOCIATED_WITH_DISEASE
LEP,Hepatomegaly,GENE_ASSOCIATED_WITH_DISEASE
LEP,"Liver Cirrhosis, Experimental",GENE_ASSOCIATED_WITH_DISEASE
LEP,Non-alcoholic Fatty Liver Disease,GENE_ASSOCIATED_WITH_DISEASE
LEP,Tachycardia,GENE_ASSOCIATED_WITH_DISEASE
LEPR,Cardiomegaly,GENE_ASSOCIATED_WITH_DISEASE
LEPR,Cardiomyopathies,GENE_ASSOCIATED_WITH_DISEASE
LEPR,Diabetic Cardiomyopathies,GENE_ASSOCIATED_WITH_DISEASE
LEPR,Diabetic Neuropathies,GENE_ASSOCIATED_WITH_DISEASE
LEPR,Fatty Liver,GENE_ASSOCIATED_WITH_DISEASE
LEPR,Hepatomegaly,GENE_ASSOCIATED_WITH_DISEASE
LETM1,"Carcinoma, Hepatocellular",GENE_ASSOCIATED_WITH_DISEASE
LGALS1,Liver Cirrhosis,GENE_ASSOCIATED_WITH_DISEASE
LGALS1,"Liver Cirrhosis, Experimental",GENE_ASSOCIATED_WITH_DISEASE
LGALS2,"Liver Cirrhosis, Experimental",GENE_ASSOCIATED_WITH_DISEASE
LGALS2,Myocardial Infarction,GENE_ASSOCIATED_WITH_DISEASE
LGALS3,Chemical and Drug Induced Liver Injury,GENE_ASSOCIATED_WITH_DISEASE
LGALS3,"Liver Cirrhosis, Experimental",GENE_ASSOCIATED_WITH_DISEASE
LGALS3,Myocardial Infarction,GENE_ASSOCIATED_WITH_DISEASE
LGALS3,ST Elevation Myocardial Infarction,GENE_ASSOCIATED_WITH_DISEASE
LGALS3BP,Liver Cirrhosis,GENE_ASSOCIATED_WITH_DISEASE
LGALSL,"Liver Cirrhosis, Experimental",GENE_ASSOCIATED_WITH_DISEASE
LGI4,"ARTHROGRYPOSIS MULTIPLEX CONGENITA 1, NEUROGENIC, WITH MYELIN DEFECT",GENE_ASSOCIATED_WITH_DISEASE
LGMN,"Liver Cirrhosis, Experimental",GENE_ASSOCIATED_WITH_DISEASE
LHB,Bradycardia,GENE_ASSOCIATED_WITH_DISEASE
LHB,Tachycardia,GENE_ASSOCIATED_WITH_DISEASE
LHFPL6,"Liver Cirrhosis, Experimental",GENE_ASSOCIATED_WITH_DISEASE
LIF,Cardiomegaly,GENE_ASSOCIATED_WITH_DISEASE
LIF,Non-alcoholic Fatty Liver Disease,GENE_ASSOCIATED_WITH_DISEASE
LIFR,"Carcinoma, Hepatocellular",GENE_ASSOCIATED_WITH_DISEASE
LILRB5,"Carcinoma, Hepatocellular",GENE_ASSOCIATED_WITH_DISEASE
LIMK2,"Liver Cirrhosis, Experimental",GENE_ASSOCIATED_WITH_DISEASE
LIMS2,"MUSCULAR DYSTROPHY, AUTOSOMAL RECESSIVE, WITH CARDIOMYOPATHY AND TRIANGULAR TONGUE",GENE_ASSOCIATED_WITH_DISEASE
LIN28B,Neuroblastoma,GENE_ASSOCIATED_WITH_DISEASE
LIN7A,"Liver Cirrhosis, Experimental",GENE_ASSOCIATED_WITH_DISEASE
LINC00221,"Carcinoma, Hepatocellular",GENE_ASSOCIATED_WITH_DISEASE
LINC01588,Myocardial Infarction,GENE_ASSOCIATED_WITH_DISEASE
LINC01588,Myocardial Reperfusion Injury,GENE_ASSOCIATED_WITH_DISEASE
LINC-ROR,Liver Neoplasms,GENE_ASSOCIATED_WITH_DISEASE
LINGO2,Liver Neoplasms,GENE_ASSOCIATED_WITH_DISEASE
LIPC,HEPATIC LIPASE DEFICIENCY,GENE_ASSOCIATED_WITH_DISEASE
LMNA,"Cardiomyopathy, Dilated",GENE_ASSOCIATED_WITH_DISEASE
LMNA,"CARDIOMYOPATHY, DILATED, WITH HYPERGONADOTROPIC HYPOGONADISM",GENE_ASSOCIATED_WITH_DISEASE
LMNA,"Death, Sudden, Cardiac",GENE_ASSOCIATED_WITH_DISEASE
LMNA,Heart Block,GENE_ASSOCIATED_WITH_DISEASE
LMNA,"Heart-hand syndrome, Slovenian type",GENE_ASSOCIATED_WITH_DISEASE
LMNA,"Tachycardia, Ventricular",GENE_ASSOCIATED_WITH_DISEASE
LMO2,"Liver Cirrhosis, Experimental",GENE_ASSOCIATED_WITH_DISEASE
LMX1B,Neurodevelopmental Disorders,GENE_ASSOCIATED_WITH_DISEASE
LOX,Hepatitis B,GENE_ASSOCIATED_WITH_DISEASE
LOX,Hepatitis C,GENE_ASSOCIATED_WITH_DISEASE
LOX,Hepatolenticular Degeneration,GENE_ASSOCIATED_WITH_DISEASE
LOX,Liver Cirrhosis,GENE_ASSOCIATED_WITH_DISEASE
LOX,"Liver Cirrhosis, Biliary",GENE_ASSOCIATED_WITH_DISEASE
LOX,"Liver Cirrhosis, Experimental",GENE_ASSOCIATED_WITH_DISEASE
LOXL1,Liver Cirrhosis,GENE_ASSOCIATED_WITH_DISEASE
LOXL2,Hepatitis B,GENE_ASSOCIATED_WITH_DISEASE
LOXL2,Hepatitis C,GENE_ASSOCIATED_WITH_DISEASE
LOXL2,Hepatolenticular Degeneration,GENE_ASSOCIATED_WITH_DISEASE
LOXL2,"Liver Cirrhosis, Biliary",GENE_ASSOCIATED_WITH_DISEASE
LOXL2,"Liver Cirrhosis, Experimental",GENE_ASSOCIATED_WITH_DISEASE
LOXL3,"Carcinoma, Hepatocellular",GENE_ASSOCIATED_WITH_DISEASE
LPA,"Carcinoma, Hepatocellular",GENE_ASSOCIATED_WITH_DISEASE
LPA,Cardiovascular Diseases,GENE_ASSOCIATED_WITH_DISEASE
LPL,Cardiomyopathies,GENE_ASSOCIATED_WITH_DISEASE
LPL,Cardiovascular Diseases,GENE_ASSOCIATED_WITH_DISEASE
LPL,Hepatitis C,GENE_ASSOCIATED_WITH_DISEASE
LPL,"Liver Cirrhosis, Experimental",GENE_ASSOCIATED_WITH_DISEASE
LPXN,"Liver Cirrhosis, Experimental",GENE_ASSOCIATED_WITH_DISEASE
LRAT,"Carcinoma, Hepatocellular",GENE_ASSOCIATED_WITH_DISEASE
LRAT,Chemical and Drug Induced Liver Injury,GENE_ASSOCIATED_WITH_DISEASE
LRAT,"Liver Cirrhosis, Experimental",GENE_ASSOCIATED_WITH_DISEASE
LRP8,Myocardial Infarction,GENE_ASSOCIATED_WITH_DISEASE
LRRC1,"Carcinoma, Hepatocellular",GENE_ASSOCIATED_WITH_DISEASE
LRRC10,Heart Failure,GENE_ASSOCIATED_WITH_DISEASE
LRRC28,"Liver Cirrhosis, Experimental",GENE_ASSOCIATED_WITH_DISEASE
LRRC59,"Carcinoma, Hepatocellular",GENE_ASSOCIATED_WITH_DISEASE
LRRFIP1,"Liver Cirrhosis, Experimental",GENE_ASSOCIATED_WITH_DISEASE
LSG1,Brain Injuries,GENE_ASSOCIATED_WITH_DISEASE
LSP1,Heart Valve Diseases,GENE_ASSOCIATED_WITH_DISEASE
LTA,Hepatic Encephalopathy,GENE_ASSOCIATED_WITH_DISEASE
LTA,Myocardial Infarction,GENE_ASSOCIATED_WITH_DISEASE
LTA4H,"Liver Cirrhosis, Experimental",GENE_ASSOCIATED_WITH_DISEASE
LTB,"Liver Cirrhosis, Experimental",GENE_ASSOCIATED_WITH_DISEASE
LTB4R,Liver Diseases,GENE_ASSOCIATED_WITH_DISEASE
LTB4R1,Chemical and Drug Induced Liver Injury,GENE_ASSOCIATED_WITH_DISEASE
LTBP1,"Liver Cirrhosis, Experimental",GENE_ASSOCIATED_WITH_DISEASE
LTF,Chemical and Drug Induced Liver Injury,GENE_ASSOCIATED_WITH_DISEASE
LTF,Liver Neoplasms,GENE_ASSOCIATED_WITH_DISEASE
LUM,Liver Cirrhosis,GENE_ASSOCIATED_WITH_DISEASE
LUM,"Liver Cirrhosis, Experimental",GENE_ASSOCIATED_WITH_DISEASE
LURAP1L,"Liver Cirrhosis, Experimental",GENE_ASSOCIATED_WITH_DISEASE
LY86,Brain Injuries,GENE_ASSOCIATED_WITH_DISEASE
LY86,Heart Valve Diseases,GENE_ASSOCIATED_WITH_DISEASE
LY86,"Liver Cirrhosis, Experimental",GENE_ASSOCIATED_WITH_DISEASE
LY96,"Liver Cirrhosis, Experimental",GENE_ASSOCIATED_WITH_DISEASE
LYVE1,"Carcinoma, Hepatocellular",GENE_ASSOCIATED_WITH_DISEASE
MACIR,Liver Neoplasms,GENE_ASSOCIATED_WITH_DISEASE
MACROD2,Liver Neoplasms,GENE_ASSOCIATED_WITH_DISEASE
MAD2L1,"Carcinoma, Hepatocellular",GENE_ASSOCIATED_WITH_DISEASE
MAF,"Cholestasis, Intrahepatic",GENE_ASSOCIATED_WITH_DISEASE
MAFG,"Cholestasis, Intrahepatic",GENE_ASSOCIATED_WITH_DISEASE
MAGEA1,"Carcinoma, Hepatocellular",GENE_ASSOCIATED_WITH_DISEASE
MAGEA3,"Carcinoma, Hepatocellular",GENE_ASSOCIATED_WITH_DISEASE
MAGEA6,"Carcinoma, Hepatocellular",GENE_ASSOCIATED_WITH_DISEASE
MAGEC2,"Carcinoma, Hepatocellular",GENE_ASSOCIATED_WITH_DISEASE
MAGEE1,"Liver Cirrhosis, Experimental",GENE_ASSOCIATED_WITH_DISEASE
MAGI2,Neurobehavioral Manifestations,GENE_ASSOCIATED_WITH_DISEASE
MALAT1,"Carcinoma, Hepatocellular",GENE_ASSOCIATED_WITH_DISEASE
MALAT1,Chemical and Drug Induced Liver Injury,GENE_ASSOCIATED_WITH_DISEASE
MALAT1,"Liver Cirrhosis, Experimental",GENE_ASSOCIATED_WITH_DISEASE
MALAT1,Liver Neoplasms,GENE_ASSOCIATED_WITH_DISEASE
MAML3,"Heart Defects, Congenital",GENE_ASSOCIATED_WITH_DISEASE
MAOA,End Stage Liver Disease,GENE_ASSOCIATED_WITH_DISEASE
MAOA,Hepatic Encephalopathy,GENE_ASSOCIATED_WITH_DISEASE
MAOB,Hepatic Encephalopathy,GENE_ASSOCIATED_WITH_DISEASE
MAP1LC3A,"Liver Cirrhosis, Experimental",GENE_ASSOCIATED_WITH_DISEASE
MAP1LC3B,Chemical and Drug Induced Liver Injury,GENE_ASSOCIATED_WITH_DISEASE
MAP2K1,Brain Ischemia,GENE_ASSOCIATED_WITH_DISEASE
MAP2K1,Cardiofaciocutaneous syndrome,GENE_ASSOCIATED_WITH_DISEASE
MAP2K1,Heart Failure,GENE_ASSOCIATED_WITH_DISEASE
MAP2K2,Cardiofaciocutaneous syndrome,GENE_ASSOCIATED_WITH_DISEASE
MAP2K7,Heart Failure,GENE_ASSOCIATED_WITH_DISEASE
MAP3K5,Cardiomyopathies,GENE_ASSOCIATED_WITH_DISEASE
MAP3K5,Chemical and Drug Induced Liver Injury,GENE_ASSOCIATED_WITH_DISEASE
MAP3K7,"Cholestasis, Extrahepatic",GENE_ASSOCIATED_WITH_DISEASE
MAP3K8,"Liver Cirrhosis, Experimental",GENE_ASSOCIATED_WITH_DISEASE
MAP3K8,Myocardial Ischemia,GENE_ASSOCIATED_WITH_DISEASE
MAPK1,Brain Ischemia,GENE_ASSOCIATED_WITH_DISEASE
MAPK1,Cardiomyopathies,GENE_ASSOCIATED_WITH_DISEASE
MAPK1,"Ceroid Lipofuscinosis, Neuronal, 6",GENE_ASSOCIATED_WITH_DISEASE
MAPK1,"Cholestasis, Extrahepatic",GENE_ASSOCIATED_WITH_DISEASE
MAPK1,"Liver Neoplasms, Experimental",GENE_ASSOCIATED_WITH_DISEASE
MAPK10,Heart Failure,GENE_ASSOCIATED_WITH_DISEASE
MAPK11,Cardiomyopathies,GENE_ASSOCIATED_WITH_DISEASE
MAPK14,Cardiomyopathies,GENE_ASSOCIATED_WITH_DISEASE
MAPK14,"Cholestasis, Extrahepatic",GENE_ASSOCIATED_WITH_DISEASE
MAPK14,Hepatic Insufficiency,GENE_ASSOCIATED_WITH_DISEASE
MAPK14,Hepatomegaly,GENE_ASSOCIATED_WITH_DISEASE
MAPK14,"Liver Cirrhosis, Biliary",GENE_ASSOCIATED_WITH_DISEASE
MAPK14,Liver Neoplasms,GENE_ASSOCIATED_WITH_DISEASE
MAPK14,Myocardial Ischemia,GENE_ASSOCIATED_WITH_DISEASE
MAPK3,Brain Ischemia,GENE_ASSOCIATED_WITH_DISEASE
MAPK3,Cardiomyopathies,GENE_ASSOCIATED_WITH_DISEASE
MAPK3,"Ceroid Lipofuscinosis, Neuronal, 6",GENE_ASSOCIATED_WITH_DISEASE
MAPK3,"Cholestasis, Extrahepatic",GENE_ASSOCIATED_WITH_DISEASE
MAPK3,"Liver Neoplasms, Experimental",GENE_ASSOCIATED_WITH_DISEASE
MAPK8,"Cholestasis, Extrahepatic",GENE_ASSOCIATED_WITH_DISEASE
MAPK8,"Liver Failure, Acute",GENE_ASSOCIATED_WITH_DISEASE
MAPK9,"Cholestasis, Extrahepatic",GENE_ASSOCIATED_WITH_DISEASE
MAPRE1,Myocardial Ischemia,GENE_ASSOCIATED_WITH_DISEASE
MAPT,"Carcinoma, Hepatocellular",GENE_ASSOCIATED_WITH_DISEASE
MAPT,Cardiomyopathies,GENE_ASSOCIATED_WITH_DISEASE
MAPT,Neurodegenerative Diseases,GENE_ASSOCIATED_WITH_DISEASE
MAPT,Pick Disease of the Brain,GENE_ASSOCIATED_WITH_DISEASE
MARCO,"Carcinoma, Hepatocellular",GENE_ASSOCIATED_WITH_DISEASE
MARS1,INTERSTITIAL LUNG AND LIVER DISEASE,GENE_ASSOCIATED_WITH_DISEASE
MAT1A,Brain Diseases,GENE_ASSOCIATED_WITH_DISEASE
MAT1A,"Carcinoma, Hepatocellular",GENE_ASSOCIATED_WITH_DISEASE
MAT1A,Chemical and Drug Induced Liver Injury,GENE_ASSOCIATED_WITH_DISEASE
MAT1A,Fatty Liver,GENE_ASSOCIATED_WITH_DISEASE
MBOAT2,Hepatomegaly,GENE_ASSOCIATED_WITH_DISEASE
MBOAT7,"Liver Cirrhosis, Alcoholic",GENE_ASSOCIATED_WITH_DISEASE
MBP,Cerebrovascular Disorders,GENE_ASSOCIATED_WITH_DISEASE
MBP,Neuromyelitis Optica,GENE_ASSOCIATED_WITH_DISEASE
MBTPS1,"Carcinoma, Hepatocellular",GENE_ASSOCIATED_WITH_DISEASE
MBTPS2,"Carcinoma, Hepatocellular",GENE_ASSOCIATED_WITH_DISEASE
MCAM,Neurogenic Inflammation,GENE_ASSOCIATED_WITH_DISEASE
MCCC1,Chemical and Drug Induced Liver Injury,GENE_ASSOCIATED_WITH_DISEASE
MCM10,"Carcinoma, Hepatocellular",GENE_ASSOCIATED_WITH_DISEASE
MCM2,"Carcinoma, Hepatocellular",GENE_ASSOCIATED_WITH_DISEASE
MDH1,Chemical and Drug Induced Liver Injury,GENE_ASSOCIATED_WITH_DISEASE
MDH1,"Liver Cirrhosis, Experimental",GENE_ASSOCIATED_WITH_DISEASE
MDH1,"Liver Failure, Acute",GENE_ASSOCIATED_WITH_DISEASE
ME1,"Carcinoma, Hepatocellular",GENE_ASSOCIATED_WITH_DISEASE
ME1,Chemical and Drug Induced Liver Injury,GENE_ASSOCIATED_WITH_DISEASE
MECP2,"Carcinoma, Hepatocellular",GENE_ASSOCIATED_WITH_DISEASE
MECP2,Neurodevelopmental Disorders,GENE_ASSOCIATED_WITH_DISEASE
MED1,"Carcinoma, Hepatocellular",GENE_ASSOCIATED_WITH_DISEASE
MED1,Chemical and Drug Induced Liver Injury,GENE_ASSOCIATED_WITH_DISEASE
MED13L,IMPAIRED INTELLECTUAL DEVELOPMENT AND DISTINCTIVE FACIAL FEATURES WITH OR WITHOUT CARDIAC DEFECTS,GENE_ASSOCIATED_WITH_DISEASE
MED13L,Neurodevelopmental Disorders,GENE_ASSOCIATED_WITH_DISEASE
MED17,"MICROCEPHALY, POSTNATAL PROGRESSIVE, WITH SEIZURES AND BRAIN ATROPHY",GENE_ASSOCIATED_WITH_DISEASE
MEF2C,Neurodevelopmental Disorders,GENE_ASSOCIATED_WITH_DISEASE
MEF2C,"NEURODEVELOPMENTAL DISORDER WITH HYPOTONIA, STEREOTYPIC HAND MOVEMENTS, AND IMPAIRED LANGUAGE",GENE_ASSOCIATED_WITH_DISEASE
MEIS2,"Cardiac Malformation, Cleft Lip-Palate, Microcephaly and Digital Anomalies",GENE_ASSOCIATED_WITH_DISEASE
MELK,"Carcinoma, Hepatocellular",GENE_ASSOCIATED_WITH_DISEASE
MEN1,Neuroendocrine Tumors,GENE_ASSOCIATED_WITH_DISEASE
MEOX2,"Liver Cirrhosis, Experimental",GENE_ASSOCIATED_WITH_DISEASE
MEOX2,Myocardial Ischemia,GENE_ASSOCIATED_WITH_DISEASE
MET,"Carcinoma, Hepatocellular",GENE_ASSOCIATED_WITH_DISEASE
MET,Copper-Overload Cirrhosis,GENE_ASSOCIATED_WITH_DISEASE
MET,Fatty Liver,GENE_ASSOCIATED_WITH_DISEASE
MET,"Hepatitis, Chronic",GENE_ASSOCIATED_WITH_DISEASE
MET,Hepatomegaly,GENE_ASSOCIATED_WITH_DISEASE
MET,"Liver Neoplasms, Experimental",GENE_ASSOCIATED_WITH_DISEASE
MET,Neuroblastoma,GENE_ASSOCIATED_WITH_DISEASE
METRNL,"Liver Cirrhosis, Experimental",GENE_ASSOCIATED_WITH_DISEASE
METTL14,Cardiomyopathies,GENE_ASSOCIATED_WITH_DISEASE
METTL14,Cardiotoxicity,GENE_ASSOCIATED_WITH_DISEASE
METTL3,Fatty Liver,GENE_ASSOCIATED_WITH_DISEASE
METTL3,Liver Cirrhosis,GENE_ASSOCIATED_WITH_DISEASE
MFAP4,"Liver Cirrhosis, Experimental",GENE_ASSOCIATED_WITH_DISEASE
MFF,Myocardial Infarction,GENE_ASSOCIATED_WITH_DISEASE
MFGE8,"Liver Neoplasms, Experimental",GENE_ASSOCIATED_WITH_DISEASE
MFN1,"Ceroid lipofuscinosis, neuronal 1, infantile",GENE_ASSOCIATED_WITH_DISEASE
MFN2,Cardiomegaly,GENE_ASSOCIATED_WITH_DISEASE
MFN2,Hereditary Motor And Sensory Neuropathy VI,GENE_ASSOCIATED_WITH_DISEASE
MFSD2A,"Carcinoma, Hepatocellular",GENE_ASSOCIATED_WITH_DISEASE
MFSD2A,"NEURODEVELOPMENTAL DISORDER WITH PROGRESSIVE MICROCEPHALY, SPASTICITY, AND BRAIN IMAGING ABNORMALITIES",GENE_ASSOCIATED_WITH_DISEASE
MFSD8,"Ceroid Lipofuscinosis, Neuronal, 7",GENE_ASSOCIATED_WITH_DISEASE
MGAT5,"Liver Cirrhosis, Experimental",GENE_ASSOCIATED_WITH_DISEASE
MGLL,Liver Cirrhosis,GENE_ASSOCIATED_WITH_DISEASE
MGMT,Brain Neoplasms,GENE_ASSOCIATED_WITH_DISEASE
MGMT,"Liver Cirrhosis, Experimental",GENE_ASSOCIATED_WITH_DISEASE
MGP,"Liver Cirrhosis, Experimental",GENE_ASSOCIATED_WITH_DISEASE
MGST1,Neurodegenerative Diseases,GENE_ASSOCIATED_WITH_DISEASE
MIA3,Myocardial Infarction,GENE_ASSOCIATED_WITH_DISEASE
MIAT,Myocardial Infarction,GENE_ASSOCIATED_WITH_DISEASE
MICA,"Carcinoma, Hepatocellular",GENE_ASSOCIATED_WITH_DISEASE
MICAL2,Liver Cirrhosis,GENE_ASSOCIATED_WITH_DISEASE
MID1IP1,"Liver Cirrhosis, Experimental",GENE_ASSOCIATED_WITH_DISEASE
MINDY3,"Liver Cirrhosis, Experimental",GENE_ASSOCIATED_WITH_DISEASE
MIR100,Chemical and Drug Induced Liver Injury,GENE_ASSOCIATED_WITH_DISEASE
MIR100,Hepatitis B,GENE_ASSOCIATED_WITH_DISEASE
MIR103-1,Chemical and Drug Induced Liver Injury,GENE_ASSOCIATED_WITH_DISEASE
MIR106B,Heart Failure,GENE_ASSOCIATED_WITH_DISEASE
MIR107,Chemical and Drug Induced Liver Injury,GENE_ASSOCIATED_WITH_DISEASE
MIR107,Heart Failure,GENE_ASSOCIATED_WITH_DISEASE
MIR10A,Chemical and Drug Induced Liver Injury,GENE_ASSOCIATED_WITH_DISEASE
MIR10A,"Liver Neoplasms, Experimental",GENE_ASSOCIATED_WITH_DISEASE
MIR10A,Myocardial Reperfusion Injury,GENE_ASSOCIATED_WITH_DISEASE
MIR10B,Chemical and Drug Induced Liver Injury,GENE_ASSOCIATED_WITH_DISEASE
MIR10B,Fatty Liver,GENE_ASSOCIATED_WITH_DISEASE
MIR10B,Myocardial Reperfusion Injury,GENE_ASSOCIATED_WITH_DISEASE
MIR1-1,Chemical and Drug Induced Liver Injury,GENE_ASSOCIATED_WITH_DISEASE
MIR122,Chemical and Drug Induced Liver Injury,GENE_ASSOCIATED_WITH_DISEASE
MIR122,Hepatitis B,GENE_ASSOCIATED_WITH_DISEASE
MIR1246,Chemical and Drug Induced Liver Injury,GENE_ASSOCIATED_WITH_DISEASE
MIR1247,Chemical and Drug Induced Liver Injury,GENE_ASSOCIATED_WITH_DISEASE
MIR1249,Chemical and Drug Induced Liver Injury,GENE_ASSOCIATED_WITH_DISEASE
MIR125A,Heart Failure,GENE_ASSOCIATED_WITH_DISEASE
MIR125A,"Liver Neoplasms, Experimental",GENE_ASSOCIATED_WITH_DISEASE
MIR125B1,Chemical and Drug Induced Liver Injury,GENE_ASSOCIATED_WITH_DISEASE
MIR125B2,Cardiomegaly,GENE_ASSOCIATED_WITH_DISEASE
MIR125B2,Chemical and Drug Induced Liver Injury,GENE_ASSOCIATED_WITH_DISEASE
MIR125B2,Endomyocardial Fibrosis,GENE_ASSOCIATED_WITH_DISEASE
MIR125B2,Hepatitis B,GENE_ASSOCIATED_WITH_DISEASE
MIR125B2,Myocardial Infarction,GENE_ASSOCIATED_WITH_DISEASE
MIR126,Heart Failure,GENE_ASSOCIATED_WITH_DISEASE
MIR126,Myocardial Reperfusion Injury,GENE_ASSOCIATED_WITH_DISEASE
MIR1260A,Chemical and Drug Induced Liver Injury,GENE_ASSOCIATED_WITH_DISEASE
MIR1260B,Chemical and Drug Induced Liver Injury,GENE_ASSOCIATED_WITH_DISEASE
MIR1268A,Heart Failure,GENE_ASSOCIATED_WITH_DISEASE
MIR1273H,Chemical and Drug Induced Liver Injury,GENE_ASSOCIATED_WITH_DISEASE
MIR1275,Heart Failure,GENE_ASSOCIATED_WITH_DISEASE
MIR1285-1,Chemical and Drug Induced Liver Injury,GENE_ASSOCIATED_WITH_DISEASE
MIR1290,Chemical and Drug Induced Liver Injury,GENE_ASSOCIATED_WITH_DISEASE
MIR1291,Chemical and Drug Induced Liver Injury,GENE_ASSOCIATED_WITH_DISEASE
MIR1303,Chemical and Drug Induced Liver Injury,GENE_ASSOCIATED_WITH_DISEASE
MIR1304,Chemical and Drug Induced Liver Injury,GENE_ASSOCIATED_WITH_DISEASE
MIR1306,Chemical and Drug Induced Liver Injury,GENE_ASSOCIATED_WITH_DISEASE
MIR1307,Chemical and Drug Induced Liver Injury,GENE_ASSOCIATED_WITH_DISEASE
MIR130A,Chemical and Drug Induced Liver Injury,GENE_ASSOCIATED_WITH_DISEASE
MIR130B,Chemical and Drug Induced Liver Injury,GENE_ASSOCIATED_WITH_DISEASE
MIR132,Brain Injuries,GENE_ASSOCIATED_WITH_DISEASE
MIR132,Chemical and Drug Induced Liver Injury,GENE_ASSOCIATED_WITH_DISEASE
MIR133A2,Heart Failure,GENE_ASSOCIATED_WITH_DISEASE
MIR134,Fatty Liver,GENE_ASSOCIATED_WITH_DISEASE
MIR134,Myocardial Reperfusion Injury,GENE_ASSOCIATED_WITH_DISEASE
MIR1343,Chemical and Drug Induced Liver Injury,GENE_ASSOCIATED_WITH_DISEASE
MIR137,Myocardial Reperfusion Injury,GENE_ASSOCIATED_WITH_DISEASE
MIR139,Fatty Liver,GENE_ASSOCIATED_WITH_DISEASE
MIR140,Heart Failure,GENE_ASSOCIATED_WITH_DISEASE
MIR141,Chemical and Drug Induced Liver Injury,GENE_ASSOCIATED_WITH_DISEASE
MIR141,"Liver Cirrhosis, Alcoholic",GENE_ASSOCIATED_WITH_DISEASE
MIR142,Chemical and Drug Induced Liver Injury,GENE_ASSOCIATED_WITH_DISEASE
MIR142,Myocardial Reperfusion Injury,GENE_ASSOCIATED_WITH_DISEASE
MIR143,Chemical and Drug Induced Liver Injury,GENE_ASSOCIATED_WITH_DISEASE
MIR144,Heart Failure,GENE_ASSOCIATED_WITH_DISEASE
MIR145,Heart Failure,GENE_ASSOCIATED_WITH_DISEASE
MIR145,"Liver Neoplasms, Experimental",GENE_ASSOCIATED_WITH_DISEASE
MIR145,Myocardial Infarction,GENE_ASSOCIATED_WITH_DISEASE
MIR1468,Chemical and Drug Induced Liver Injury,GENE_ASSOCIATED_WITH_DISEASE
MIR1468,Hepatitis B,GENE_ASSOCIATED_WITH_DISEASE
MIR148A,Chemical and Drug Induced Liver Injury,GENE_ASSOCIATED_WITH_DISEASE
MIR148A,Heart Failure,GENE_ASSOCIATED_WITH_DISEASE
MIR148A,Hepatitis B,GENE_ASSOCIATED_WITH_DISEASE
MIR148A,Liver Neoplasms,GENE_ASSOCIATED_WITH_DISEASE
MIR148B,Fatty Liver,GENE_ASSOCIATED_WITH_DISEASE
MIR149,Chemical and Drug Induced Liver Injury,GENE_ASSOCIATED_WITH_DISEASE
MIR150,Chemical and Drug Induced Liver Injury,GENE_ASSOCIATED_WITH_DISEASE
MIR150,Fatty Liver,GENE_ASSOCIATED_WITH_DISEASE
MIR150,Heart Failure,GENE_ASSOCIATED_WITH_DISEASE
MIR151,"Liver Neoplasms, Experimental",GENE_ASSOCIATED_WITH_DISEASE
MIR151A,Heart Failure,GENE_ASSOCIATED_WITH_DISEASE
MIR151B,Chemical and Drug Induced Liver Injury,GENE_ASSOCIATED_WITH_DISEASE
MIR152,Chemical and Drug Induced Liver Injury,GENE_ASSOCIATED_WITH_DISEASE
MIR153,Liver Cirrhosis,GENE_ASSOCIATED_WITH_DISEASE
MIR153C,Neurobehavioral Manifestations,GENE_ASSOCIATED_WITH_DISEASE
MIR154,Fatty Liver,GENE_ASSOCIATED_WITH_DISEASE
MIR15A,Heart Failure,GENE_ASSOCIATED_WITH_DISEASE
MIR15A,Myocardial Reperfusion Injury,GENE_ASSOCIATED_WITH_DISEASE
MIR15B,Heart Failure,GENE_ASSOCIATED_WITH_DISEASE
MIR17,Chemical and Drug Induced Liver Injury,GENE_ASSOCIATED_WITH_DISEASE
MIR17,Fatty Liver,GENE_ASSOCIATED_WITH_DISEASE
MIR17,Heart Failure,GENE_ASSOCIATED_WITH_DISEASE
MIR17,"Liver Cirrhosis, Alcoholic",GENE_ASSOCIATED_WITH_DISEASE
MIR181C,Chemical and Drug Induced Liver Injury,GENE_ASSOCIATED_WITH_DISEASE
MIR181C,"Liver Neoplasms, Experimental",GENE_ASSOCIATED_WITH_DISEASE
MIR181C,Myocardial Reperfusion Injury,GENE_ASSOCIATED_WITH_DISEASE
MIR181D,"Liver Neoplasms, Experimental",GENE_ASSOCIATED_WITH_DISEASE
MIR183,Brain Injuries,GENE_ASSOCIATED_WITH_DISEASE
MIR183,Fatty Liver,GENE_ASSOCIATED_WITH_DISEASE
MIR183,"Liver Neoplasms, Experimental",GENE_ASSOCIATED_WITH_DISEASE
MIR183,Myocardial Reperfusion Injury,GENE_ASSOCIATED_WITH_DISEASE
MIR186,"Liver Neoplasms, Experimental",GENE_ASSOCIATED_WITH_DISEASE
MIR186,Myocardial Reperfusion Injury,GENE_ASSOCIATED_WITH_DISEASE
MIR188,Chemical and Drug Induced Liver Injury,GENE_ASSOCIATED_WITH_DISEASE
MIR188,Myocardial Reperfusion Injury,GENE_ASSOCIATED_WITH_DISEASE
MIR18A,Chemical and Drug Induced Liver Injury,GENE_ASSOCIATED_WITH_DISEASE
MIR18A,Heart Failure,GENE_ASSOCIATED_WITH_DISEASE
MIR18A,"Liver Neoplasms, Experimental",GENE_ASSOCIATED_WITH_DISEASE
MIR18B,Heart Failure,GENE_ASSOCIATED_WITH_DISEASE
MIR190A,Hepatitis B,GENE_ASSOCIATED_WITH_DISEASE
MIR191,Chemical and Drug Induced Liver Injury,GENE_ASSOCIATED_WITH_DISEASE
MIR191,Heart Failure,GENE_ASSOCIATED_WITH_DISEASE
MIR192,Chemical and Drug Induced Liver Injury,GENE_ASSOCIATED_WITH_DISEASE
MIR192,Hepatitis B,GENE_ASSOCIATED_WITH_DISEASE
MIR192,Hepatomegaly,GENE_ASSOCIATED_WITH_DISEASE
MIR193A,Chemical and Drug Induced Liver Injury,GENE_ASSOCIATED_WITH_DISEASE
MIR193A,Myocardial Reperfusion Injury,GENE_ASSOCIATED_WITH_DISEASE
MIR193B,Chemical and Drug Induced Liver Injury,GENE_ASSOCIATED_WITH_DISEASE
MIR193B,Heart Failure,GENE_ASSOCIATED_WITH_DISEASE
MIR193B,Hepatitis B,GENE_ASSOCIATED_WITH_DISEASE
MIR193B,"Liver Cirrhosis, Alcoholic",GENE_ASSOCIATED_WITH_DISEASE
MIR194-1,Chemical and Drug Induced Liver Injury,GENE_ASSOCIATED_WITH_DISEASE
MIR194-2,Hepatitis B,GENE_ASSOCIATED_WITH_DISEASE
MIR195,Heart Failure,GENE_ASSOCIATED_WITH_DISEASE
MIR195,"Liver Neoplasms, Experimental",GENE_ASSOCIATED_WITH_DISEASE
MIR196B,"Liver Neoplasms, Experimental",GENE_ASSOCIATED_WITH_DISEASE
MIR196B,Myocardial Reperfusion Injury,GENE_ASSOCIATED_WITH_DISEASE
MIR197,Fatty Liver,GENE_ASSOCIATED_WITH_DISEASE
MIR197,Myocardial Reperfusion Injury,GENE_ASSOCIATED_WITH_DISEASE
MIR19A,Chemical and Drug Induced Liver Injury,GENE_ASSOCIATED_WITH_DISEASE
MIR19A,Heart Failure,GENE_ASSOCIATED_WITH_DISEASE
MIR200B,"Liver Neoplasms, Experimental",GENE_ASSOCIATED_WITH_DISEASE
MIR200C,Chemical and Drug Induced Liver Injury,GENE_ASSOCIATED_WITH_DISEASE
MIR201,Myocardial Reperfusion Injury,GENE_ASSOCIATED_WITH_DISEASE
MIR203,Chemical and Drug Induced Liver Injury,GENE_ASSOCIATED_WITH_DISEASE
MIR203,Liver Cirrhosis,GENE_ASSOCIATED_WITH_DISEASE
MIR204,Hepatitis B,GENE_ASSOCIATED_WITH_DISEASE
MIR206,"Liver Neoplasms, Experimental",GENE_ASSOCIATED_WITH_DISEASE
MIR206,Myocardial Reperfusion Injury,GENE_ASSOCIATED_WITH_DISEASE
MIR207,"Liver Neoplasms, Experimental",GENE_ASSOCIATED_WITH_DISEASE
MIR207,Myocardial Reperfusion Injury,GENE_ASSOCIATED_WITH_DISEASE
MIR208A,Cardiotoxicity,GENE_ASSOCIATED_WITH_DISEASE
MIR20A,Heart Failure,GENE_ASSOCIATED_WITH_DISEASE
MIR20B,Heart Failure,GENE_ASSOCIATED_WITH_DISEASE
MIR20B,Myocardial Reperfusion Injury,GENE_ASSOCIATED_WITH_DISEASE
MIR21,Cardiomegaly,GENE_ASSOCIATED_WITH_DISEASE
MIR21,Chemical and Drug Induced Liver Injury,GENE_ASSOCIATED_WITH_DISEASE
MIR21,Heart Diseases,GENE_ASSOCIATED_WITH_DISEASE
MIR21,Heart Failure,GENE_ASSOCIATED_WITH_DISEASE
MIR21,Myocardial Reperfusion Injury,GENE_ASSOCIATED_WITH_DISEASE
MIR210,Chemical and Drug Induced Liver Injury,GENE_ASSOCIATED_WITH_DISEASE
MIR210,Heart Failure,GENE_ASSOCIATED_WITH_DISEASE
MIR212,"Liver Neoplasms, Experimental",GENE_ASSOCIATED_WITH_DISEASE
MIR215,Liver Cirrhosis,GENE_ASSOCIATED_WITH_DISEASE
MIR217,Chemical and Drug Induced Liver Injury,GENE_ASSOCIATED_WITH_DISEASE
MIR218-1,Chemical and Drug Induced Liver Injury,GENE_ASSOCIATED_WITH_DISEASE
MIR219A1,Fatty Liver,GENE_ASSOCIATED_WITH_DISEASE
MIR22,Chemical and Drug Induced Liver Injury,GENE_ASSOCIATED_WITH_DISEASE
MIR221,Chemical and Drug Induced Liver Injury,GENE_ASSOCIATED_WITH_DISEASE
MIR221,"Liver Neoplasms, Experimental",GENE_ASSOCIATED_WITH_DISEASE
MIR222,Chemical and Drug Induced Liver Injury,GENE_ASSOCIATED_WITH_DISEASE
MIR23A,Chemical and Drug Induced Liver Injury,GENE_ASSOCIATED_WITH_DISEASE
MIR23A,Heart Failure,GENE_ASSOCIATED_WITH_DISEASE
MIR23B,Chemical and Drug Induced Liver Injury,GENE_ASSOCIATED_WITH_DISEASE
MIR23B,Myocardial Reperfusion Injury,GENE_ASSOCIATED_WITH_DISEASE
MIR26A1,"Liver Neoplasms, Experimental",GENE_ASSOCIATED_WITH_DISEASE
MIR26B,Heart Failure,GENE_ASSOCIATED_WITH_DISEASE
MIR26B,"Liver Neoplasms, Experimental",GENE_ASSOCIATED_WITH_DISEASE
MIR27A,Myocardial Reperfusion Injury,GENE_ASSOCIATED_WITH_DISEASE
MIR27B,Chemical and Drug Induced Liver Injury,GENE_ASSOCIATED_WITH_DISEASE
MIR27B,Myocardial Reperfusion Injury,GENE_ASSOCIATED_WITH_DISEASE
MIR28,Hepatitis B,GENE_ASSOCIATED_WITH_DISEASE
MIR28,Myocardial Reperfusion Injury,GENE_ASSOCIATED_WITH_DISEASE
MIR290,"Liver Neoplasms, Experimental",GENE_ASSOCIATED_WITH_DISEASE
MIR292,"Liver Neoplasms, Experimental",GENE_ASSOCIATED_WITH_DISEASE
MIR296,Myocardial Reperfusion Injury,GENE_ASSOCIATED_WITH_DISEASE
MIR29A,Liver Cirrhosis,GENE_ASSOCIATED_WITH_DISEASE
MIR29A,Liver Neoplasms,GENE_ASSOCIATED_WITH_DISEASE
MIR29B2,Chemical and Drug Induced Liver Injury,GENE_ASSOCIATED_WITH_DISEASE
MIR29C,Chemical and Drug Induced Liver Injury,GENE_ASSOCIATED_WITH_DISEASE
MIR29C,Heart Failure,GENE_ASSOCIATED_WITH_DISEASE
MIR29C,Liver Cirrhosis,GENE_ASSOCIATED_WITH_DISEASE
MIR300,"Liver Neoplasms, Experimental",GENE_ASSOCIATED_WITH_DISEASE
MIR301A,Chemical and Drug Induced Liver Injury,GENE_ASSOCIATED_WITH_DISEASE
MIR301A,Heart Failure,GENE_ASSOCIATED_WITH_DISEASE
MIR301A,"Liver Neoplasms, Experimental",GENE_ASSOCIATED_WITH_DISEASE
MIR301B,Myocardial Reperfusion Injury,GENE_ASSOCIATED_WITH_DISEASE
MIR302C,Liver Cirrhosis,GENE_ASSOCIATED_WITH_DISEASE
MIR30A,Chemical and Drug Induced Liver Injury,GENE_ASSOCIATED_WITH_DISEASE
MIR30A,"Liver Neoplasms, Experimental",GENE_ASSOCIATED_WITH_DISEASE
MIR30B,Chemical and Drug Induced Liver Injury,GENE_ASSOCIATED_WITH_DISEASE
MIR30B,Heart Failure,GENE_ASSOCIATED_WITH_DISEASE
MIR30B,Liver Cirrhosis,GENE_ASSOCIATED_WITH_DISEASE
MIR30B,"Liver Neoplasms, Experimental",GENE_ASSOCIATED_WITH_DISEASE
MIR30C-1,Chemical and Drug Induced Liver Injury,GENE_ASSOCIATED_WITH_DISEASE
MIR30C-1,Liver Cirrhosis,GENE_ASSOCIATED_WITH_DISEASE
MIR30C1,Myocardial Infarction,GENE_ASSOCIATED_WITH_DISEASE
MIR30C1,Myocardial Reperfusion Injury,GENE_ASSOCIATED_WITH_DISEASE
MIR30C2,Liver Cirrhosis,GENE_ASSOCIATED_WITH_DISEASE
MIR30D,"Liver Neoplasms, Experimental",GENE_ASSOCIATED_WITH_DISEASE
MIR30E,"Liver Neoplasms, Experimental",GENE_ASSOCIATED_WITH_DISEASE
MIR3135B,Heart Failure,GENE_ASSOCIATED_WITH_DISEASE
MIR320A,Chemical and Drug Induced Liver Injury,GENE_ASSOCIATED_WITH_DISEASE
MIR320A,Fatty Liver,GENE_ASSOCIATED_WITH_DISEASE
MIR324,"Liver Neoplasms, Experimental",GENE_ASSOCIATED_WITH_DISEASE
MIR326,Heart Failure,GENE_ASSOCIATED_WITH_DISEASE
MIR327,Chemical and Drug Induced Liver Injury,GENE_ASSOCIATED_WITH_DISEASE
MIR327,Myocardial Reperfusion Injury,GENE_ASSOCIATED_WITH_DISEASE
MIR328,Chemical and Drug Induced Liver Injury,GENE_ASSOCIATED_WITH_DISEASE
MIR330,Myocardial Reperfusion Injury,GENE_ASSOCIATED_WITH_DISEASE
MIR331,"Liver Neoplasms, Experimental",GENE_ASSOCIATED_WITH_DISEASE
MIR331,Myocardial Reperfusion Injury,GENE_ASSOCIATED_WITH_DISEASE
MIR335,Chemical and Drug Induced Liver Injury,GENE_ASSOCIATED_WITH_DISEASE
MIR335,"Liver Neoplasms, Experimental",GENE_ASSOCIATED_WITH_DISEASE
MIR335,Myocardial Reperfusion Injury,GENE_ASSOCIATED_WITH_DISEASE
MIR336,"Liver Neoplasms, Experimental",GENE_ASSOCIATED_WITH_DISEASE
MIR337,Chemical and Drug Induced Liver Injury,GENE_ASSOCIATED_WITH_DISEASE
MIR337,Myocardial Reperfusion Injury,GENE_ASSOCIATED_WITH_DISEASE
MIR338,Chemical and Drug Induced Liver Injury,GENE_ASSOCIATED_WITH_DISEASE
MIR338,"Liver Cirrhosis, Alcoholic",GENE_ASSOCIATED_WITH_DISEASE
MIR338,"Liver Neoplasms, Experimental",GENE_ASSOCIATED_WITH_DISEASE
MIR339,"Liver Neoplasms, Experimental",GENE_ASSOCIATED_WITH_DISEASE
MIR33B,Chemical and Drug Induced Liver Injury,GENE_ASSOCIATED_WITH_DISEASE
MIR340,"Liver Neoplasms, Experimental",GENE_ASSOCIATED_WITH_DISEASE
MIR342,Chemical and Drug Induced Liver Injury,GENE_ASSOCIATED_WITH_DISEASE
MIR342,Heart Failure,GENE_ASSOCIATED_WITH_DISEASE
MIR345,Chemical and Drug Induced Liver Injury,GENE_ASSOCIATED_WITH_DISEASE
MIR345,Liver Cirrhosis,GENE_ASSOCIATED_WITH_DISEASE
MIR346,Myocardial Reperfusion Injury,GENE_ASSOCIATED_WITH_DISEASE
MIR347,"Liver Neoplasms, Experimental",GENE_ASSOCIATED_WITH_DISEASE
MIR349,"Liver Neoplasms, Experimental",GENE_ASSOCIATED_WITH_DISEASE
MIR34A,Chemical and Drug Induced Liver Injury,GENE_ASSOCIATED_WITH_DISEASE
MIR34A,Fatty Liver,GENE_ASSOCIATED_WITH_DISEASE
MIR34A,Heart Diseases,GENE_ASSOCIATED_WITH_DISEASE
MIR34A,"Liver Neoplasms, Experimental",GENE_ASSOCIATED_WITH_DISEASE
MIR34C,Chemical and Drug Induced Liver Injury,GENE_ASSOCIATED_WITH_DISEASE
MIR34C,Myocardial Reperfusion Injury,GENE_ASSOCIATED_WITH_DISEASE
MIR350,"Liver Neoplasms, Experimental",GENE_ASSOCIATED_WITH_DISEASE
MIR351,Chemical and Drug Induced Liver Injury,GENE_ASSOCIATED_WITH_DISEASE
MIR351,Myocardial Reperfusion Injury,GENE_ASSOCIATED_WITH_DISEASE
MIR352,"Liver Neoplasms, Experimental",GENE_ASSOCIATED_WITH_DISEASE
MIR3591,Chemical and Drug Induced Liver Injury,GENE_ASSOCIATED_WITH_DISEASE
MIR361,Chemical and Drug Induced Liver Injury,GENE_ASSOCIATED_WITH_DISEASE
MIR361,Heart Failure,GENE_ASSOCIATED_WITH_DISEASE
MIR361,Myocardial Reperfusion Injury,GENE_ASSOCIATED_WITH_DISEASE
MIR3615,Chemical and Drug Induced Liver Injury,GENE_ASSOCIATED_WITH_DISEASE
MIR3615,"Liver Cirrhosis, Alcoholic",GENE_ASSOCIATED_WITH_DISEASE
MIR362,Chemical and Drug Induced Liver Injury,GENE_ASSOCIATED_WITH_DISEASE
MIR362,Myocardial Reperfusion Injury,GENE_ASSOCIATED_WITH_DISEASE
MIR365A,Hepatitis B,GENE_ASSOCIATED_WITH_DISEASE
MIR365B,Hepatitis B,GENE_ASSOCIATED_WITH_DISEASE
MIR3663,"Carcinoma, Hepatocellular",GENE_ASSOCIATED_WITH_DISEASE
MIR367,Chemical and Drug Induced Liver Injury,GENE_ASSOCIATED_WITH_DISEASE
MIR369,Myocardial Reperfusion Injury,GENE_ASSOCIATED_WITH_DISEASE
MIR374A,Heart Failure,GENE_ASSOCIATED_WITH_DISEASE
MIR375,Myocardial Reperfusion Injury,GENE_ASSOCIATED_WITH_DISEASE
MIR376A,Myocardial Reperfusion Injury,GENE_ASSOCIATED_WITH_DISEASE
MIR376B,Myocardial Reperfusion Injury,GENE_ASSOCIATED_WITH_DISEASE
MIR376C,Liver Cirrhosis,GENE_ASSOCIATED_WITH_DISEASE
MIR378A,Chemical and Drug Induced Liver Injury,GENE_ASSOCIATED_WITH_DISEASE
MIR378A,Hepatitis B,GENE_ASSOCIATED_WITH_DISEASE
MIR378C,Chemical and Drug Induced Liver Injury,GENE_ASSOCIATED_WITH_DISEASE
MIR378F,Heart Failure,GENE_ASSOCIATED_WITH_DISEASE
MIR378I,Chemical and Drug Induced Liver Injury,GENE_ASSOCIATED_WITH_DISEASE
MIR378I,Hepatitis B,GENE_ASSOCIATED_WITH_DISEASE
MIR383,"Liver Neoplasms, Experimental",GENE_ASSOCIATED_WITH_DISEASE
MIR384,Cardiomegaly,GENE_ASSOCIATED_WITH_DISEASE
MIR384,Fatty Liver,GENE_ASSOCIATED_WITH_DISEASE
MIR409,Heart Failure,GENE_ASSOCIATED_WITH_DISEASE
MIR409,"Liver Neoplasms, Experimental",GENE_ASSOCIATED_WITH_DISEASE
MIR410,Chemical and Drug Induced Liver Injury,GENE_ASSOCIATED_WITH_DISEASE
MIR410,Fatty Liver,GENE_ASSOCIATED_WITH_DISEASE
MIR411,Myocardial Reperfusion Injury,GENE_ASSOCIATED_WITH_DISEASE
MIR421,Chemical and Drug Induced Liver Injury,GENE_ASSOCIATED_WITH_DISEASE
MIR421,"Liver Cirrhosis, Alcoholic",GENE_ASSOCIATED_WITH_DISEASE
MIR423,Chemical and Drug Induced Liver Injury,GENE_ASSOCIATED_WITH_DISEASE
MIR423,"Liver Cirrhosis, Alcoholic",GENE_ASSOCIATED_WITH_DISEASE
MIR423,Myocardial Infarction,GENE_ASSOCIATED_WITH_DISEASE
MIR429,"Liver Neoplasms, Experimental",GENE_ASSOCIATED_WITH_DISEASE
MIR429,Myocardial Reperfusion Injury,GENE_ASSOCIATED_WITH_DISEASE
MIR433,Myocardial Reperfusion Injury,GENE_ASSOCIATED_WITH_DISEASE
MIR4428,Heart Failure,GENE_ASSOCIATED_WITH_DISEASE
MIR4433B,Chemical and Drug Induced Liver Injury,GENE_ASSOCIATED_WITH_DISEASE
MIR4448,Chemical and Drug Induced Liver Injury,GENE_ASSOCIATED_WITH_DISEASE
MIR4485,Heart Failure,GENE_ASSOCIATED_WITH_DISEASE
MIR4492,Chemical and Drug Induced Liver Injury,GENE_ASSOCIATED_WITH_DISEASE
MIR4497,Heart Failure,GENE_ASSOCIATED_WITH_DISEASE
MIR449C,Fatty Liver,GENE_ASSOCIATED_WITH_DISEASE
MIR4507,Chemical and Drug Induced Liver Injury,GENE_ASSOCIATED_WITH_DISEASE
MIR4516,Chemical and Drug Induced Liver Injury,GENE_ASSOCIATED_WITH_DISEASE
MIR451A,Myocardial Reperfusion Injury,GENE_ASSOCIATED_WITH_DISEASE
MIR452,Chemical and Drug Induced Liver Injury,GENE_ASSOCIATED_WITH_DISEASE
MIR452,Myocardial Reperfusion Injury,GENE_ASSOCIATED_WITH_DISEASE
MIR454,Heart Failure,GENE_ASSOCIATED_WITH_DISEASE
MIR455,"Carcinoma, Hepatocellular",GENE_ASSOCIATED_WITH_DISEASE
MIR455,Chemical and Drug Induced Liver Injury,GENE_ASSOCIATED_WITH_DISEASE
MIR455,Hepatitis B,GENE_ASSOCIATED_WITH_DISEASE
MIR463,Fatty Liver,GENE_ASSOCIATED_WITH_DISEASE
MIR4721,Heart Failure,GENE_ASSOCIATED_WITH_DISEASE
MIR4732,Heart Failure,GENE_ASSOCIATED_WITH_DISEASE
MIR483,Chemical and Drug Induced Liver Injury,GENE_ASSOCIATED_WITH_DISEASE
MIR483,"Liver Cirrhosis, Alcoholic",GENE_ASSOCIATED_WITH_DISEASE
MIR483,"Liver Neoplasms, Experimental",GENE_ASSOCIATED_WITH_DISEASE
MIR484,Chemical and Drug Induced Liver Injury,GENE_ASSOCIATED_WITH_DISEASE
MIR484,Heart Failure,GENE_ASSOCIATED_WITH_DISEASE
MIR484,"Liver Cirrhosis, Alcoholic",GENE_ASSOCIATED_WITH_DISEASE
MIR493,Myocardial Reperfusion Injury,GENE_ASSOCIATED_WITH_DISEASE
MIR494,Heart Failure,GENE_ASSOCIATED_WITH_DISEASE
MIR497,Chemical and Drug Induced Liver Injury,GENE_ASSOCIATED_WITH_DISEASE
MIR497,Diabetic Neuropathies,GENE_ASSOCIATED_WITH_DISEASE
MIR499A,Chemical and Drug Induced Liver Injury,GENE_ASSOCIATED_WITH_DISEASE
MIR500,Myocardial Reperfusion Injury,GENE_ASSOCIATED_WITH_DISEASE
MIR503,Chemical and Drug Induced Liver Injury,GENE_ASSOCIATED_WITH_DISEASE
MIR503,Fatty Liver,GENE_ASSOCIATED_WITH_DISEASE
MIR503,Liver Cirrhosis,GENE_ASSOCIATED_WITH_DISEASE
MIR503,Myocardial Reperfusion Injury,GENE_ASSOCIATED_WITH_DISEASE
MIR505,Chemical and Drug Induced Liver Injury,GENE_ASSOCIATED_WITH_DISEASE
MIR505,"Liver Neoplasms, Experimental",GENE_ASSOCIATED_WITH_DISEASE
MIR5099,Chemical and Drug Induced Liver Injury,GENE_ASSOCIATED_WITH_DISEASE
MIR5189,Heart Failure,GENE_ASSOCIATED_WITH_DISEASE
MIR5196,Chemical and Drug Induced Liver Injury,GENE_ASSOCIATED_WITH_DISEASE
MIR520B,"Carcinoma, Hepatocellular",GENE_ASSOCIATED_WITH_DISEASE
MIR532,Chemical and Drug Induced Liver Injury,GENE_ASSOCIATED_WITH_DISEASE
MIR532,Heart Failure,GENE_ASSOCIATED_WITH_DISEASE
MIR532,"Liver Cirrhosis, Alcoholic",GENE_ASSOCIATED_WITH_DISEASE
MIR532,Myocardial Reperfusion Injury,GENE_ASSOCIATED_WITH_DISEASE
MIR539,"Carcinoma, Hepatocellular",GENE_ASSOCIATED_WITH_DISEASE
MIR539,"Liver Neoplasms, Experimental",GENE_ASSOCIATED_WITH_DISEASE
MIR542,Fatty Liver,GENE_ASSOCIATED_WITH_DISEASE
MIR542,Myocardial Reperfusion Injury,GENE_ASSOCIATED_WITH_DISEASE
MIR5588,Chemical and Drug Induced Liver Injury,GENE_ASSOCIATED_WITH_DISEASE
MIR574,Chemical and Drug Induced Liver Injury,GENE_ASSOCIATED_WITH_DISEASE
MIR574,Heart Failure,GENE_ASSOCIATED_WITH_DISEASE
MIR5787,Heart Failure,GENE_ASSOCIATED_WITH_DISEASE
MIR582,Myocardial Reperfusion Injury,GENE_ASSOCIATED_WITH_DISEASE
MIR589,Chemical and Drug Induced Liver Injury,GENE_ASSOCIATED_WITH_DISEASE
MIR589,"Liver Cirrhosis, Alcoholic",GENE_ASSOCIATED_WITH_DISEASE
MIR590,Heart Failure,GENE_ASSOCIATED_WITH_DISEASE
MIR592,Chemical and Drug Induced Liver Injury,GENE_ASSOCIATED_WITH_DISEASE
MIR598,"Liver Neoplasms, Experimental",GENE_ASSOCIATED_WITH_DISEASE
MIR598,Myocardial Reperfusion Injury,GENE_ASSOCIATED_WITH_DISEASE
MIR6125,Heart Failure,GENE_ASSOCIATED_WITH_DISEASE
MIR6132,Heart Failure,GENE_ASSOCIATED_WITH_DISEASE
MIR615,"Carcinoma, Hepatocellular",GENE_ASSOCIATED_WITH_DISEASE
MIR625,Chemical and Drug Induced Liver Injury,GENE_ASSOCIATED_WITH_DISEASE
MIR627,Chemical and Drug Induced Liver Injury,GENE_ASSOCIATED_WITH_DISEASE
MIR629,Chemical and Drug Induced Liver Injury,GENE_ASSOCIATED_WITH_DISEASE
MIR629,"Liver Cirrhosis, Alcoholic",GENE_ASSOCIATED_WITH_DISEASE
MIR637,"Carcinoma, Hepatocellular",GENE_ASSOCIATED_WITH_DISEASE
MIR642A,Heart Failure,GENE_ASSOCIATED_WITH_DISEASE
MIR651,Chemical and Drug Induced Liver Injury,GENE_ASSOCIATED_WITH_DISEASE
MIR652,"Liver Neoplasms, Experimental",GENE_ASSOCIATED_WITH_DISEASE
MIR660,Chemical and Drug Induced Liver Injury,GENE_ASSOCIATED_WITH_DISEASE
MIR660,Heart Failure,GENE_ASSOCIATED_WITH_DISEASE
MIR664B,Heart Failure,GENE_ASSOCIATED_WITH_DISEASE
MIR666,Myocardial Reperfusion Injury,GENE_ASSOCIATED_WITH_DISEASE
MIR671,"Liver Neoplasms, Experimental",GENE_ASSOCIATED_WITH_DISEASE
MIR672,Myocardial Reperfusion Injury,GENE_ASSOCIATED_WITH_DISEASE
MIR6741,Chemical and Drug Induced Liver Injury,GENE_ASSOCIATED_WITH_DISEASE
MIR6769B,Heart Failure,GENE_ASSOCIATED_WITH_DISEASE
MIR6785,Heart Failure,GENE_ASSOCIATED_WITH_DISEASE
MIR6794,Heart Failure,GENE_ASSOCIATED_WITH_DISEASE
MIR6815,Chemical and Drug Induced Liver Injury,GENE_ASSOCIATED_WITH_DISEASE
MIR6852,Chemical and Drug Induced Liver Injury,GENE_ASSOCIATED_WITH_DISEASE
MIR6869,Heart Failure,GENE_ASSOCIATED_WITH_DISEASE
MIR687,Chemical and Drug Induced Liver Injury,GENE_ASSOCIATED_WITH_DISEASE
MIR6881,Hepatitis B,GENE_ASSOCIATED_WITH_DISEASE
MIR6893,Heart Failure,GENE_ASSOCIATED_WITH_DISEASE
MIR697,Chemical and Drug Induced Liver Injury,GENE_ASSOCIATED_WITH_DISEASE
MIR704,Chemical and Drug Induced Liver Injury,GENE_ASSOCIATED_WITH_DISEASE
MIR706,Fatty Liver,GENE_ASSOCIATED_WITH_DISEASE
MIR708,"Liver Neoplasms, Experimental",GENE_ASSOCIATED_WITH_DISEASE
MIR741,Myocardial Reperfusion Injury,GENE_ASSOCIATED_WITH_DISEASE
MIR743A,Myocardial Reperfusion Injury,GENE_ASSOCIATED_WITH_DISEASE
MIR743B,Myocardial Reperfusion Injury,GENE_ASSOCIATED_WITH_DISEASE
MIR744,Chemical and Drug Induced Liver Injury,GENE_ASSOCIATED_WITH_DISEASE
MIR744,Myocardial Reperfusion Injury,GENE_ASSOCIATED_WITH_DISEASE
MIR758,Myocardial Reperfusion Injury,GENE_ASSOCIATED_WITH_DISEASE
MIR760,"Liver Neoplasms, Experimental",GENE_ASSOCIATED_WITH_DISEASE
MIR761,Myocardial Infarction,GENE_ASSOCIATED_WITH_DISEASE
MIR764,Chemical and Drug Induced Liver Injury,GENE_ASSOCIATED_WITH_DISEASE
MIR764,Liver Cirrhosis,GENE_ASSOCIATED_WITH_DISEASE
MIR766,Chemical and Drug Induced Liver Injury,GENE_ASSOCIATED_WITH_DISEASE
MIR766,Heart Failure,GENE_ASSOCIATED_WITH_DISEASE
MIR769,"Carcinoma, Hepatocellular",GENE_ASSOCIATED_WITH_DISEASE
MIR7704,Chemical and Drug Induced Liver Injury,GENE_ASSOCIATED_WITH_DISEASE
MIR7977,Chemical and Drug Induced Liver Injury,GENE_ASSOCIATED_WITH_DISEASE
MIR8485,Heart Failure,GENE_ASSOCIATED_WITH_DISEASE
MIR872,"Liver Neoplasms, Experimental",GENE_ASSOCIATED_WITH_DISEASE
MIR875,Liver Cirrhosis,GENE_ASSOCIATED_WITH_DISEASE
MIR877,Chemical and Drug Induced Liver Injury,GENE_ASSOCIATED_WITH_DISEASE
MIR879,Chemical and Drug Induced Liver Injury,GENE_ASSOCIATED_WITH_DISEASE
MIR885,"Carcinoma, Hepatocellular",GENE_ASSOCIATED_WITH_DISEASE
MIR885,Chemical and Drug Induced Liver Injury,GENE_ASSOCIATED_WITH_DISEASE
MIR885,Hepatitis B,GENE_ASSOCIATED_WITH_DISEASE
MIR885,"Hepatitis B, Chronic",GENE_ASSOCIATED_WITH_DISEASE
MIR885,Liver Cirrhosis,GENE_ASSOCIATED_WITH_DISEASE
MIR885,"Liver Cirrhosis, Alcoholic",GENE_ASSOCIATED_WITH_DISEASE
MIR9-1,Neurobehavioral Manifestations,GENE_ASSOCIATED_WITH_DISEASE
MIR92B,"Liver Neoplasms, Experimental",GENE_ASSOCIATED_WITH_DISEASE
MIR93,Chemical and Drug Induced Liver Injury,GENE_ASSOCIATED_WITH_DISEASE
MIR93,Heart Failure,GENE_ASSOCIATED_WITH_DISEASE
MIR93,"Liver Cirrhosis, Alcoholic",GENE_ASSOCIATED_WITH_DISEASE
MIR942,Heart Failure,GENE_ASSOCIATED_WITH_DISEASE
MIR942,Liver Cirrhosis,GENE_ASSOCIATED_WITH_DISEASE
MIR96,Heart Failure,GENE_ASSOCIATED_WITH_DISEASE
MIR98,Heart Failure,GENE_ASSOCIATED_WITH_DISEASE
MIR98,"Liver Neoplasms, Experimental",GENE_ASSOCIATED_WITH_DISEASE
MIR99A,Chemical and Drug Induced Liver Injury,GENE_ASSOCIATED_WITH_DISEASE
MIR99A,Hepatitis B,GENE_ASSOCIATED_WITH_DISEASE
MIR99B,Heart Failure,GENE_ASSOCIATED_WITH_DISEASE
MIR99B,"Liver Neoplasms, Experimental",GENE_ASSOCIATED_WITH_DISEASE
MIRLET7B,Chemical and Drug Induced Liver Injury,GENE_ASSOCIATED_WITH_DISEASE
MIRLET7B,"Liver Neoplasms, Experimental",GENE_ASSOCIATED_WITH_DISEASE
MIRLET7C,Chemical and Drug Induced Liver Injury,GENE_ASSOCIATED_WITH_DISEASE
MIRLET7C,Hepatitis B,GENE_ASSOCIATED_WITH_DISEASE
MIRLET7D,Chemical and Drug Induced Liver Injury,GENE_ASSOCIATED_WITH_DISEASE
MIRLET7D,"Liver Neoplasms, Experimental",GENE_ASSOCIATED_WITH_DISEASE
MIRLET7E,"Liver Neoplasms, Experimental",GENE_ASSOCIATED_WITH_DISEASE
MIRLET7F-2,Heart Injuries,GENE_ASSOCIATED_WITH_DISEASE
MIRLET7G,Chemical and Drug Induced Liver Injury,GENE_ASSOCIATED_WITH_DISEASE
MIRLET7G,Heart Failure,GENE_ASSOCIATED_WITH_DISEASE
MIRLET7I,Chemical and Drug Induced Liver Injury,GENE_ASSOCIATED_WITH_DISEASE
MIRLET7I,Heart Failure,GENE_ASSOCIATED_WITH_DISEASE
MIRLET7I,"Liver Neoplasms, Experimental",GENE_ASSOCIATED_WITH_DISEASE
MIRLET7I,Myocardial Reperfusion Injury,GENE_ASSOCIATED_WITH_DISEASE
MIS12,"Liver Cirrhosis, Experimental",GENE_ASSOCIATED_WITH_DISEASE
MKI67,"Adenoma, Liver Cell",GENE_ASSOCIATED_WITH_DISEASE
MKI67,"Carcinoma, Hepatocellular",GENE_ASSOCIATED_WITH_DISEASE
MKI67,Copper-Overload Cirrhosis,GENE_ASSOCIATED_WITH_DISEASE
MKI67,"Hepatitis, Chronic",GENE_ASSOCIATED_WITH_DISEASE
MKI67,Liver Cirrhosis,GENE_ASSOCIATED_WITH_DISEASE
MKI67,"Liver Cirrhosis, Experimental",GENE_ASSOCIATED_WITH_DISEASE
MLC1,Hepatomegaly,GENE_ASSOCIATED_WITH_DISEASE
MLXIPL,"Carcinoma, Hepatocellular",GENE_ASSOCIATED_WITH_DISEASE
MME,Diabetic Neuropathies,GENE_ASSOCIATED_WITH_DISEASE
MME,"Liver Cirrhosis, Experimental",GENE_ASSOCIATED_WITH_DISEASE
MMEL1,"Liver Cirrhosis, Biliary",GENE_ASSOCIATED_WITH_DISEASE
MMP1,"Liver Cirrhosis, Experimental",GENE_ASSOCIATED_WITH_DISEASE
MMP1,Non-alcoholic Fatty Liver Disease,GENE_ASSOCIATED_WITH_DISEASE
MMP13,"Liver Cirrhosis, Experimental",GENE_ASSOCIATED_WITH_DISEASE
MMP14,"Carcinoma, Hepatocellular",GENE_ASSOCIATED_WITH_DISEASE
MMP14,Liver Neoplasms,GENE_ASSOCIATED_WITH_DISEASE
MMP15,"Liver Cirrhosis, Experimental",GENE_ASSOCIATED_WITH_DISEASE
MMP2,"Carcinoma, Hepatocellular",GENE_ASSOCIATED_WITH_DISEASE
MMP2,Cerebral Hemorrhage,GENE_ASSOCIATED_WITH_DISEASE
MMP2,Cerebral Infarction,GENE_ASSOCIATED_WITH_DISEASE
MMP2,Chemical and Drug Induced Liver Injury,GENE_ASSOCIATED_WITH_DISEASE
MMP2,"Cholestasis, Extrahepatic",GENE_ASSOCIATED_WITH_DISEASE
MMP2,Diabetic Neuropathies,GENE_ASSOCIATED_WITH_DISEASE
MMP2,Liver Cirrhosis,GENE_ASSOCIATED_WITH_DISEASE
MMP2,"Liver Cirrhosis, Alcoholic",GENE_ASSOCIATED_WITH_DISEASE
MMP2,"Liver Cirrhosis, Experimental",GENE_ASSOCIATED_WITH_DISEASE
MMP2,"Liver Neoplasms, Experimental",GENE_ASSOCIATED_WITH_DISEASE
MMP2,Myocardial Infarction,GENE_ASSOCIATED_WITH_DISEASE
MMP3,Cerebral Hemorrhage,GENE_ASSOCIATED_WITH_DISEASE
MMP8,"Liver Cirrhosis, Experimental",GENE_ASSOCIATED_WITH_DISEASE
MMP9,Brain Edema,GENE_ASSOCIATED_WITH_DISEASE
MMP9,Brain Injuries,GENE_ASSOCIATED_WITH_DISEASE
MMP9,"Brain Injuries, Traumatic",GENE_ASSOCIATED_WITH_DISEASE
MMP9,Brain Ischemia,GENE_ASSOCIATED_WITH_DISEASE
MMP9,"Carcinoma, Hepatocellular",GENE_ASSOCIATED_WITH_DISEASE
MMP9,Cerebral Hemorrhage,GENE_ASSOCIATED_WITH_DISEASE
MMP9,Cerebral Infarction,GENE_ASSOCIATED_WITH_DISEASE
MMP9,Chemical and Drug Induced Liver Injury,GENE_ASSOCIATED_WITH_DISEASE
MMP9,"Cholestasis, Extrahepatic",GENE_ASSOCIATED_WITH_DISEASE
MMP9,Diabetic Neuropathies,GENE_ASSOCIATED_WITH_DISEASE
MMP9,"Infarction, Middle Cerebral Artery",GENE_ASSOCIATED_WITH_DISEASE
MMP9,"Liver Cirrhosis, Experimental",GENE_ASSOCIATED_WITH_DISEASE
MMP9,Liver Diseases,GENE_ASSOCIATED_WITH_DISEASE
MMP9,Myocardial Infarction,GENE_ASSOCIATED_WITH_DISEASE
MMP9,Neuroblastoma,GENE_ASSOCIATED_WITH_DISEASE
MOB3A,"Liver Cirrhosis, Experimental",GENE_ASSOCIATED_WITH_DISEASE
MOGAT2,"Carcinoma, Hepatocellular",GENE_ASSOCIATED_WITH_DISEASE
MPDZ,"HYDROCEPHALUS, CONGENITAL, 2, WITH OR WITHOUT BRAIN OR EYE ANOMALIES",GENE_ASSOCIATED_WITH_DISEASE
MPEG1,"Liver Neoplasms, Experimental",GENE_ASSOCIATED_WITH_DISEASE
MPO,Brain Diseases,GENE_ASSOCIATED_WITH_DISEASE
MPO,Brain Injuries,GENE_ASSOCIATED_WITH_DISEASE
MPO,"Brain Injuries, Traumatic",GENE_ASSOCIATED_WITH_DISEASE
MPO,Brain Ischemia,GENE_ASSOCIATED_WITH_DISEASE
MPO,"Carcinoma, Hepatocellular",GENE_ASSOCIATED_WITH_DISEASE
MPO,Cardiovascular Diseases,GENE_ASSOCIATED_WITH_DISEASE
MPO,"Cholestasis, Extrahepatic",GENE_ASSOCIATED_WITH_DISEASE
MPO,"Liver Cirrhosis, Alcoholic",GENE_ASSOCIATED_WITH_DISEASE
MPV17,Navajo neurohepatopathy,GENE_ASSOCIATED_WITH_DISEASE
MPZ,Hereditary Sensory and Motor Neuropathy,GENE_ASSOCIATED_WITH_DISEASE
MRLC2,Myocardial Ischemia,GENE_ASSOCIATED_WITH_DISEASE
MRO,"Carcinoma, Hepatocellular",GENE_ASSOCIATED_WITH_DISEASE
MRO,"Liver Cirrhosis, Experimental",GENE_ASSOCIATED_WITH_DISEASE
MRTFA,Liver Cirrhosis,GENE_ASSOCIATED_WITH_DISEASE
MRTFA,Non-alcoholic Fatty Liver Disease,GENE_ASSOCIATED_WITH_DISEASE
MS4A6A,"Heart Failure, Diastolic",GENE_ASSOCIATED_WITH_DISEASE
MSH5,"Carcinoma, Hepatocellular",GENE_ASSOCIATED_WITH_DISEASE
MSL3,"Gait Disorders, Neurologic",GENE_ASSOCIATED_WITH_DISEASE
MSN,"Liver Cirrhosis, Experimental",GENE_ASSOCIATED_WITH_DISEASE
MSN,Myocardial Ischemia,GENE_ASSOCIATED_WITH_DISEASE
MST1,Chemical and Drug Induced Liver Injury,GENE_ASSOCIATED_WITH_DISEASE
MST1R,Chemical and Drug Induced Liver Injury,GENE_ASSOCIATED_WITH_DISEASE
MSTN,Heart Failure,GENE_ASSOCIATED_WITH_DISEASE
MT1,"Cardiac Output, Low",GENE_ASSOCIATED_WITH_DISEASE
MT1A,"Carcinoma, Hepatocellular",GENE_ASSOCIATED_WITH_DISEASE
MT1A,"Hepatitis, Chronic",GENE_ASSOCIATED_WITH_DISEASE
MT1A,"Liver Cirrhosis, Experimental",GENE_ASSOCIATED_WITH_DISEASE
MT1E,"Carcinoma, Hepatocellular",GENE_ASSOCIATED_WITH_DISEASE
MT1F,"Carcinoma, Hepatocellular",GENE_ASSOCIATED_WITH_DISEASE
MT2,"Cardiac Output, Low",GENE_ASSOCIATED_WITH_DISEASE
MT2A,"Carcinoma, Hepatocellular",GENE_ASSOCIATED_WITH_DISEASE
MT2A,Cardiomegaly,GENE_ASSOCIATED_WITH_DISEASE
MT2A,Heart Diseases,GENE_ASSOCIATED_WITH_DISEASE
MT2A,"Liver Cirrhosis, Experimental",GENE_ASSOCIATED_WITH_DISEASE
MTBP,"Carcinoma, Hepatocellular",GENE_ASSOCIATED_WITH_DISEASE
MTHFD2,Heart Failure,GENE_ASSOCIATED_WITH_DISEASE
MTHFR,Brain Ischemia,GENE_ASSOCIATED_WITH_DISEASE
MTHFR,Cardiovascular Diseases,GENE_ASSOCIATED_WITH_DISEASE
MTHFR,Chemical and Drug Induced Liver Injury,GENE_ASSOCIATED_WITH_DISEASE
MTHFR,"Heart Defects, Congenital",GENE_ASSOCIATED_WITH_DISEASE
MTHFR,Liver Diseases,GENE_ASSOCIATED_WITH_DISEASE
MTMR7,"Liver Cirrhosis, Experimental",GENE_ASSOCIATED_WITH_DISEASE
MTOR,"Carcinoma, Hepatocellular",GENE_ASSOCIATED_WITH_DISEASE
MTOR,Hepatomegaly,GENE_ASSOCIATED_WITH_DISEASE
MTOR,Neurotoxicity Syndromes,GENE_ASSOCIATED_WITH_DISEASE
MTPN,Chemical and Drug Induced Liver Injury,GENE_ASSOCIATED_WITH_DISEASE
MTTP,Fatty Liver,GENE_ASSOCIATED_WITH_DISEASE
MTTP,Non-alcoholic Fatty Liver Disease,GENE_ASSOCIATED_WITH_DISEASE
MVK,"Carcinoma, Hepatocellular",GENE_ASSOCIATED_WITH_DISEASE
MVP,"Liver Cirrhosis, Experimental",GENE_ASSOCIATED_WITH_DISEASE
MX1,Heart Failure,GENE_ASSOCIATED_WITH_DISEASE
MX1,Myocardial Ischemia,GENE_ASSOCIATED_WITH_DISEASE
MYADM,"Liver Cirrhosis, Experimental",GENE_ASSOCIATED_WITH_DISEASE
MYB,Neuroblastoma,GENE_ASSOCIATED_WITH_DISEASE
MYBL2,"Carcinoma, Hepatocellular",GENE_ASSOCIATED_WITH_DISEASE
MYBPC3,Cardiomegaly,GENE_ASSOCIATED_WITH_DISEASE
MYBPC3,Cardiomyopathies,GENE_ASSOCIATED_WITH_DISEASE
MYBPC3,"Cardiomyopathy, Familial Hypertrophic, 4",GENE_ASSOCIATED_WITH_DISEASE
MYBPC3,"Cardiomyopathy, Hypertrophic",GENE_ASSOCIATED_WITH_DISEASE
MYBPC3,"Cardiomyopathy, Hypertrophic, Familial",GENE_ASSOCIATED_WITH_DISEASE
MYBPC3,"Death, Sudden, Cardiac",GENE_ASSOCIATED_WITH_DISEASE
MYC,"Carcinoma, Hepatocellular",GENE_ASSOCIATED_WITH_DISEASE
MYC,"Cardiomyopathy, Hypertrophic",GENE_ASSOCIATED_WITH_DISEASE
MYC,Fatty Liver,GENE_ASSOCIATED_WITH_DISEASE
MYC,"Liver Cirrhosis, Experimental",GENE_ASSOCIATED_WITH_DISEASE
MYC,Liver Neoplasms,GENE_ASSOCIATED_WITH_DISEASE
MYC,"Liver Neoplasms, Experimental",GENE_ASSOCIATED_WITH_DISEASE
MYC,Neuroblastoma,GENE_ASSOCIATED_WITH_DISEASE
MYC,Neuroectodermal Tumors,GENE_ASSOCIATED_WITH_DISEASE
MYCN,Neuroblastoma,GENE_ASSOCIATED_WITH_DISEASE
MYD88,"Cholestasis, Extrahepatic",GENE_ASSOCIATED_WITH_DISEASE
MYH14,"PERIPHERAL NEUROPATHY, MYOPATHY, HOARSENESS, AND HEARING LOSS",GENE_ASSOCIATED_WITH_DISEASE
MYH6,Cardiomegaly,GENE_ASSOCIATED_WITH_DISEASE
MYH6,"Cardiomyopathy, Dilated",GENE_ASSOCIATED_WITH_DISEASE
MYH6,"Cardiomyopathy, Dilated, 1EE",GENE_ASSOCIATED_WITH_DISEASE
MYH6,"Cardiomyopathy, Familial Hypertrophic, 1",GENE_ASSOCIATED_WITH_DISEASE
MYH6,"Cardiomyopathy, Familial Hypertrophic, 14",GENE_ASSOCIATED_WITH_DISEASE
MYH6,"Cardiomyopathy, Hypertrophic",GENE_ASSOCIATED_WITH_DISEASE
MYH6,"Cardiomyopathy, Hypertrophic, Familial",GENE_ASSOCIATED_WITH_DISEASE
MYH6,"Heart Defects, Congenital",GENE_ASSOCIATED_WITH_DISEASE
MYH6,"Heart Failure, Diastolic",GENE_ASSOCIATED_WITH_DISEASE
MYH6,"Heart Failure, Systolic",GENE_ASSOCIATED_WITH_DISEASE
MYH6,"Heart Septal Defects, Atrial",GENE_ASSOCIATED_WITH_DISEASE
MYH6,Myocarditis,GENE_ASSOCIATED_WITH_DISEASE
MYH7,"Cardiomyopathy, Dilated",GENE_ASSOCIATED_WITH_DISEASE
MYH7,"Cardiomyopathy, Dilated, 1s",GENE_ASSOCIATED_WITH_DISEASE
MYH7,"Cardiomyopathy, Familial Hypertrophic, 1",GENE_ASSOCIATED_WITH_DISEASE
MYH7,"Cardiomyopathy, Hypertrophic",GENE_ASSOCIATED_WITH_DISEASE
MYH7,"Cardiomyopathy, Hypertrophic, Familial",GENE_ASSOCIATED_WITH_DISEASE
MYH7,"Heart Failure, Diastolic",GENE_ASSOCIATED_WITH_DISEASE
MYH7,Myocardial Infarction,GENE_ASSOCIATED_WITH_DISEASE
MYL1,Heart Injuries,GENE_ASSOCIATED_WITH_DISEASE
MYL2,"Cardiomyopathy, Familial Hypertrophic, 10",GENE_ASSOCIATED_WITH_DISEASE
MYL2,"Cardiomyopathy, Hypertrophic",GENE_ASSOCIATED_WITH_DISEASE
MYL2,"Cardiomyopathy, Hypertrophic, Familial",GENE_ASSOCIATED_WITH_DISEASE
MYL3,"Cardiomyopathy, Familial Hypertrophic, 8",GENE_ASSOCIATED_WITH_DISEASE
MYL4,"Cardiomyopathy, Hypertrophic",GENE_ASSOCIATED_WITH_DISEASE
MYL7,"Cardiomyopathy, Hypertrophic",GENE_ASSOCIATED_WITH_DISEASE
MYL9,Brain Edema,GENE_ASSOCIATED_WITH_DISEASE
MYL9,"Liver Cirrhosis, Experimental",GENE_ASSOCIATED_WITH_DISEASE
MYLK,Brain Edema,GENE_ASSOCIATED_WITH_DISEASE
MYLK2,"Cardiomyopathy, Familial Hypertrophic, 1",GENE_ASSOCIATED_WITH_DISEASE
MYO1B,Hepatomegaly,GENE_ASSOCIATED_WITH_DISEASE
MYO1C,"Liver Cirrhosis, Experimental",GENE_ASSOCIATED_WITH_DISEASE
MYO1F,"Liver Cirrhosis, Experimental",GENE_ASSOCIATED_WITH_DISEASE
MYO5A,"Liver Cirrhosis, Experimental",GENE_ASSOCIATED_WITH_DISEASE
MYO5B,Liver Neoplasms,GENE_ASSOCIATED_WITH_DISEASE
MYO6,"DEAFNESS, AUTOSOMAL DOMINANT 22;DFNA22 DEAFNESS, AUTOSOMAL DOMINANT 22, WITH HYPERTROPHIC CARDIOMYOPATHY,",GENE_ASSOCIATED_WITH_DISEASE
MYOC,Heart Failure,GENE_ASSOCIATED_WITH_DISEASE
MYOC,"Liver Cirrhosis, Experimental",GENE_ASSOCIATED_WITH_DISEASE
MYOCD,Cardiomegaly,GENE_ASSOCIATED_WITH_DISEASE
MYOT,Cardiomyopathies,GENE_ASSOCIATED_WITH_DISEASE
MYOZ2,"CARDIOMYOPATHY, FAMILIAL HYPERTROPHIC, 16",GENE_ASSOCIATED_WITH_DISEASE
MYPN,"CARDIOMYOPATHY, DILATED, 1KK",GENE_ASSOCIATED_WITH_DISEASE
MYT1L,Neurodevelopmental Disorders,GENE_ASSOCIATED_WITH_DISEASE
NACC1,"NEURODEVELOPMENTAL DISORDER WITH EPILEPSY, CATARACTS, FEEDING DIFFICULTIES, AND DELAYED BRAIN MYELINATION",GENE_ASSOCIATED_WITH_DISEASE
NAGA,Neuroaxonal Dystrophies,GENE_ASSOCIATED_WITH_DISEASE
NAGK,"Liver Cirrhosis, Experimental",GENE_ASSOCIATED_WITH_DISEASE
NAP1L5,"Liver Cirrhosis, Experimental",GENE_ASSOCIATED_WITH_DISEASE
NAT2,"Carcinoma, Hepatocellular",GENE_ASSOCIATED_WITH_DISEASE
NAT2,Chemical and Drug Induced Liver Injury,GENE_ASSOCIATED_WITH_DISEASE
NAT2,Liver Neoplasms,GENE_ASSOCIATED_WITH_DISEASE
NAT8,"Liver Cirrhosis, Experimental",GENE_ASSOCIATED_WITH_DISEASE
NAXE,"ENCEPHALOPATHY, PROGRESSIVE, EARLY-ONSET, WITH BRAIN EDEMA AND/OR LEUKOENCEPHALOPATHY, 1",GENE_ASSOCIATED_WITH_DISEASE
NBAS,INFANTILE LIVER FAILURE SYNDROME 2,GENE_ASSOCIATED_WITH_DISEASE
NBEA,"Liver Cirrhosis, Experimental",GENE_ASSOCIATED_WITH_DISEASE
NCAPG,"Carcinoma, Hepatocellular",GENE_ASSOCIATED_WITH_DISEASE
NCAPH,"Carcinoma, Hepatocellular",GENE_ASSOCIATED_WITH_DISEASE
NCF1,Neuroinflammatory Diseases,GENE_ASSOCIATED_WITH_DISEASE
NCF4,Heart Diseases,GENE_ASSOCIATED_WITH_DISEASE
NCKAP1,Neurodevelopmental Disorders,GENE_ASSOCIATED_WITH_DISEASE
NCKAP1L,"Liver Cirrhosis, Experimental",GENE_ASSOCIATED_WITH_DISEASE
NCOR1,Liver Neoplasms,GENE_ASSOCIATED_WITH_DISEASE
NCOR2,"Liver Cirrhosis, Experimental",GENE_ASSOCIATED_WITH_DISEASE
ND5,"Carcinoma, Hepatocellular",GENE_ASSOCIATED_WITH_DISEASE
NDC80,"Carcinoma, Hepatocellular",GENE_ASSOCIATED_WITH_DISEASE
NDRG1,"Liver Cirrhosis, Experimental",GENE_ASSOCIATED_WITH_DISEASE
NDRG1,Liver Neoplasms,GENE_ASSOCIATED_WITH_DISEASE
NDRG1,"Neuropathy, hereditary motor and sensory, LOM type",GENE_ASSOCIATED_WITH_DISEASE
NDRG2,"Liver Cirrhosis, Experimental",GENE_ASSOCIATED_WITH_DISEASE
NDUFAF2,"Brain Diseases, Metabolic, Inborn",GENE_ASSOCIATED_WITH_DISEASE
NDUFB7,Hepatolenticular Degeneration,GENE_ASSOCIATED_WITH_DISEASE
NDUFS1,"Cardiomyopathy, Hypertrophic",GENE_ASSOCIATED_WITH_DISEASE
NDUFS2,Cardiomyopathies,GENE_ASSOCIATED_WITH_DISEASE
NDUFS3,Chemical and Drug Induced Liver Injury,GENE_ASSOCIATED_WITH_DISEASE
NDUFS4,Brain Diseases,GENE_ASSOCIATED_WITH_DISEASE
NDUFV2,Cardiomyopathies,GENE_ASSOCIATED_WITH_DISEASE
NEAT1,Liver Neoplasms,GENE_ASSOCIATED_WITH_DISEASE
NECTIN2,"Liver Cirrhosis, Experimental",GENE_ASSOCIATED_WITH_DISEASE
NEDD4,Myocardial Ischemia,GENE_ASSOCIATED_WITH_DISEASE
NEIL1,Fatty Liver,GENE_ASSOCIATED_WITH_DISEASE
NEIL3,"Carcinoma, Hepatocellular",GENE_ASSOCIATED_WITH_DISEASE
NEK2,"Carcinoma, Hepatocellular",GENE_ASSOCIATED_WITH_DISEASE
NEK6,"Liver Cirrhosis, Experimental",GENE_ASSOCIATED_WITH_DISEASE
NEXMIF,Neurodevelopmental Disorders,GENE_ASSOCIATED_WITH_DISEASE
NEXN,"Cardiomyopathy, Dilated, 1CC",GENE_ASSOCIATED_WITH_DISEASE
NEXN,"CARDIOMYOPATHY, FAMILIAL HYPERTROPHIC, 20",GENE_ASSOCIATED_WITH_DISEASE
NF1,Neurofibroma,GENE_ASSOCIATED_WITH_DISEASE
NF1,Neurofibromatoses,GENE_ASSOCIATED_WITH_DISEASE
NF1,Neurofibromatosis 1,GENE_ASSOCIATED_WITH_DISEASE
NF1,"Neurofibromatosis, Familial Spinal",GENE_ASSOCIATED_WITH_DISEASE
NF1,Neurofibromatosis-Noonan syndrome,GENE_ASSOCIATED_WITH_DISEASE
NF2,Neurofibromatosis 2,GENE_ASSOCIATED_WITH_DISEASE
NFATC4,Chemical and Drug Induced Liver Injury,GENE_ASSOCIATED_WITH_DISEASE
NFE2L2,"Carcinoma, Hepatocellular",GENE_ASSOCIATED_WITH_DISEASE
NFE2L2,"Cardiac Output, Low",GENE_ASSOCIATED_WITH_DISEASE
NFE2L2,Chemical and Drug Induced Liver Injury,GENE_ASSOCIATED_WITH_DISEASE
NFE2L2,"Cholestasis, Extrahepatic",GENE_ASSOCIATED_WITH_DISEASE
NFE2L2,Fatty Liver,GENE_ASSOCIATED_WITH_DISEASE
NFE2L2,Heart Failure,GENE_ASSOCIATED_WITH_DISEASE
NFE2L2,Hepatic Insufficiency,GENE_ASSOCIATED_WITH_DISEASE
NFE2L2,Hepatomegaly,GENE_ASSOCIATED_WITH_DISEASE
NFE2L2,Liver Cirrhosis,GENE_ASSOCIATED_WITH_DISEASE
NFE2L2,"Liver Cirrhosis, Biliary",GENE_ASSOCIATED_WITH_DISEASE
NFE2L2,"Liver Cirrhosis, Experimental",GENE_ASSOCIATED_WITH_DISEASE
NFE2L2,Liver Neoplasms,GENE_ASSOCIATED_WITH_DISEASE
NFE2L2,Neurotoxicity Syndromes,GENE_ASSOCIATED_WITH_DISEASE
NFE2L2,Non-alcoholic Fatty Liver Disease,GENE_ASSOCIATED_WITH_DISEASE
NFIA,BRAIN MALFORMATIONS WITH OR WITHOUT URINARY TRACT DEFECTS,GENE_ASSOCIATED_WITH_DISEASE
NFKB1,Brain Ischemia,GENE_ASSOCIATED_WITH_DISEASE
NFKB1,"Liver Cirrhosis, Biliary",GENE_ASSOCIATED_WITH_DISEASE
NFKB1,Liver Diseases,GENE_ASSOCIATED_WITH_DISEASE
NFKBIA,Brain Ischemia,GENE_ASSOCIATED_WITH_DISEASE
NFKBIA,"Carcinoma, Hepatocellular",GENE_ASSOCIATED_WITH_DISEASE
NFKBIA,"Liver Cirrhosis, Experimental",GENE_ASSOCIATED_WITH_DISEASE
NFKBIA,Myocardial Ischemia,GENE_ASSOCIATED_WITH_DISEASE
NFKBIE,"Liver Cirrhosis, Experimental",GENE_ASSOCIATED_WITH_DISEASE
NFKBIZ,"Liver Cirrhosis, Experimental",GENE_ASSOCIATED_WITH_DISEASE
NFXL1,Chemical and Drug Induced Liver Injury,GENE_ASSOCIATED_WITH_DISEASE
NGF,Hereditary Sensory and Autonomic Neuropathies,GENE_ASSOCIATED_WITH_DISEASE
NGF,"Infarction, Middle Cerebral Artery",GENE_ASSOCIATED_WITH_DISEASE
NGF,Neurobehavioral Manifestations,GENE_ASSOCIATED_WITH_DISEASE
NGF,Neurodegenerative Diseases,GENE_ASSOCIATED_WITH_DISEASE
NGF,Neurogenic Inflammation,GENE_ASSOCIATED_WITH_DISEASE
NGFR,Neurodegenerative Diseases,GENE_ASSOCIATED_WITH_DISEASE
NHSL3,"Liver Cirrhosis, Experimental",GENE_ASSOCIATED_WITH_DISEASE
NID1,"Liver Cirrhosis, Experimental",GENE_ASSOCIATED_WITH_DISEASE
NID2,"Liver Cirrhosis, Experimental",GENE_ASSOCIATED_WITH_DISEASE
NIPAL2,"Liver Cirrhosis, Experimental",GENE_ASSOCIATED_WITH_DISEASE
NIPBL,"Heart Defects, Congenital",GENE_ASSOCIATED_WITH_DISEASE
NISCH,Bradycardia,GENE_ASSOCIATED_WITH_DISEASE
NKILA,"Carcinoma, Hepatocellular",GENE_ASSOCIATED_WITH_DISEASE
NKX2-5,Cardiomegaly,GENE_ASSOCIATED_WITH_DISEASE
NKX2-5,"Cardiomyopathy, Dilated",GENE_ASSOCIATED_WITH_DISEASE
NKX2-5,CONOTRUNCAL HEART MALFORMATIONS,GENE_ASSOCIATED_WITH_DISEASE
NKX2-5,"Heart Septal Defects, Ventricular",GENE_ASSOCIATED_WITH_DISEASE
NKX2-5,Hypoplastic Left Heart Syndrome,GENE_ASSOCIATED_WITH_DISEASE
NKX2-6,CONOTRUNCAL HEART MALFORMATIONS,GENE_ASSOCIATED_WITH_DISEASE
NLRC3,"Carcinoma, Hepatocellular",GENE_ASSOCIATED_WITH_DISEASE
NLRC5,"Fatty Liver, Alcoholic",GENE_ASSOCIATED_WITH_DISEASE
NLRC5,"Liver Cirrhosis, Experimental",GENE_ASSOCIATED_WITH_DISEASE
NLRP3,Neurotoxicity Syndromes,GENE_ASSOCIATED_WITH_DISEASE
NLRP3,Non-alcoholic Fatty Liver Disease,GENE_ASSOCIATED_WITH_DISEASE
NME1,"Carcinoma, Hepatocellular",GENE_ASSOCIATED_WITH_DISEASE
NME1,"Cardiomyopathy, Hypertrophic",GENE_ASSOCIATED_WITH_DISEASE
NME2,Chemical and Drug Induced Liver Injury,GENE_ASSOCIATED_WITH_DISEASE
NMI,"Liver Cirrhosis, Experimental",GENE_ASSOCIATED_WITH_DISEASE
NMNAT1,"Brain Injuries, Traumatic",GENE_ASSOCIATED_WITH_DISEASE
NMNAT1,Neurobehavioral Manifestations,GENE_ASSOCIATED_WITH_DISEASE
NNAT,Neuroblastoma,GENE_ASSOCIATED_WITH_DISEASE
NNMT,"Carcinoma, Hepatocellular",GENE_ASSOCIATED_WITH_DISEASE
NOCT,"Liver Cirrhosis, Experimental",GENE_ASSOCIATED_WITH_DISEASE
NOP16,Liver Neoplasms,GENE_ASSOCIATED_WITH_DISEASE
NOS1,End Stage Liver Disease,GENE_ASSOCIATED_WITH_DISEASE
NOS1,Hepatic Encephalopathy,GENE_ASSOCIATED_WITH_DISEASE
NOS1,Neurobehavioral Manifestations,GENE_ASSOCIATED_WITH_DISEASE
NOS2,Brain Edema,GENE_ASSOCIATED_WITH_DISEASE
NOS2,"Brain Injuries, Traumatic",GENE_ASSOCIATED_WITH_DISEASE
NOS2,Brain Ischemia,GENE_ASSOCIATED_WITH_DISEASE
NOS2,Cardiovascular Abnormalities,GENE_ASSOCIATED_WITH_DISEASE
NOS2,"Cholestasis, Extrahepatic",GENE_ASSOCIATED_WITH_DISEASE
NOS2,Heart Failure,GENE_ASSOCIATED_WITH_DISEASE
NOS2,Hepatic Insufficiency,GENE_ASSOCIATED_WITH_DISEASE
NOS2,Hepatomegaly,GENE_ASSOCIATED_WITH_DISEASE
NOS2,"Hypoxia-Ischemia, Brain",GENE_ASSOCIATED_WITH_DISEASE
NOS2,"Liver Cirrhosis, Biliary",GENE_ASSOCIATED_WITH_DISEASE
NOS2,"Liver Cirrhosis, Experimental",GENE_ASSOCIATED_WITH_DISEASE
NOS2,Liver Diseases,GENE_ASSOCIATED_WITH_DISEASE
NOS2,Myocardial Infarction,GENE_ASSOCIATED_WITH_DISEASE
NOS2,Myocardial Reperfusion Injury,GENE_ASSOCIATED_WITH_DISEASE
NOS2,Myocardial Stunning,GENE_ASSOCIATED_WITH_DISEASE
NOS3,Cardiomegaly,GENE_ASSOCIATED_WITH_DISEASE
NOS3,Cardiovascular Diseases,GENE_ASSOCIATED_WITH_DISEASE
NOS3,"Cholestasis, Extrahepatic",GENE_ASSOCIATED_WITH_DISEASE
NOS3,Heart Failure,GENE_ASSOCIATED_WITH_DISEASE
NOS3,Hepatic Insufficiency,GENE_ASSOCIATED_WITH_DISEASE
NOS3,Hepatomegaly,GENE_ASSOCIATED_WITH_DISEASE
NOS3,"Liver Cirrhosis, Biliary",GENE_ASSOCIATED_WITH_DISEASE
NOS3,"Liver Cirrhosis, Experimental",GENE_ASSOCIATED_WITH_DISEASE
NOS3,Myocardial Infarction,GENE_ASSOCIATED_WITH_DISEASE
NOS3,Myocardial Ischemia,GENE_ASSOCIATED_WITH_DISEASE
NOS3,Myocardial Reperfusion Injury,GENE_ASSOCIATED_WITH_DISEASE
NOS3,"Tachycardia, Ventricular",GENE_ASSOCIATED_WITH_DISEASE
NOTCH1,Adams Oliver syndrome,GENE_ASSOCIATED_WITH_DISEASE
NOTCH1,Chemical and Drug Induced Liver Injury,GENE_ASSOCIATED_WITH_DISEASE
NOTCH1,Heart Valve Diseases,GENE_ASSOCIATED_WITH_DISEASE
NOTCH2,Gastro-enteropancreatic neuroendocrine tumor,GENE_ASSOCIATED_WITH_DISEASE
NOTCH2,"Neuroectodermal Tumors, Primitive",GENE_ASSOCIATED_WITH_DISEASE
NOTCH2NLC,Neuronal intranuclear inclusion disease,GENE_ASSOCIATED_WITH_DISEASE
NOTCH3,"Carcinoma, Hepatocellular",GENE_ASSOCIATED_WITH_DISEASE
NOX1,Heart Failure,GENE_ASSOCIATED_WITH_DISEASE
NOX4,Brain Injuries,GENE_ASSOCIATED_WITH_DISEASE
NOX4,Chemical and Drug Induced Liver Injury,GENE_ASSOCIATED_WITH_DISEASE
NOX4,Heart Failure,GENE_ASSOCIATED_WITH_DISEASE
NOX4,"Liver Cirrhosis, Experimental",GENE_ASSOCIATED_WITH_DISEASE
NPAS2,"Liver Cirrhosis, Experimental",GENE_ASSOCIATED_WITH_DISEASE
NPC1,Liver Cirrhosis,GENE_ASSOCIATED_WITH_DISEASE
NPC1,Liver Diseases,GENE_ASSOCIATED_WITH_DISEASE
NPDC1,"Liver Cirrhosis, Experimental",GENE_ASSOCIATED_WITH_DISEASE
NPHP3,RENAL-HEPATIC-PANCREATIC DYSPLASIA 1,GENE_ASSOCIATED_WITH_DISEASE
NPHP3,Renal hepatic pancreatic dysplasia Dandy Walker cyst,GENE_ASSOCIATED_WITH_DISEASE
NPPA,Cardiomegaly,GENE_ASSOCIATED_WITH_DISEASE
NPPA,"Cardiomyopathy, Dilated",GENE_ASSOCIATED_WITH_DISEASE
NPPA,Heart Failure,GENE_ASSOCIATED_WITH_DISEASE
NPPA,"Heart Failure, Diastolic",GENE_ASSOCIATED_WITH_DISEASE
NPPA,Liver Cirrhosis,GENE_ASSOCIATED_WITH_DISEASE
NPPA,Myocardial Infarction,GENE_ASSOCIATED_WITH_DISEASE
NPPA,Myocardial Ischemia,GENE_ASSOCIATED_WITH_DISEASE
NPPB,Brain Injuries,GENE_ASSOCIATED_WITH_DISEASE
NPPB,"Cardiac Output, High",GENE_ASSOCIATED_WITH_DISEASE
NPPB,Cardiomegaly,GENE_ASSOCIATED_WITH_DISEASE
NPPB,Cardiomyopathies,GENE_ASSOCIATED_WITH_DISEASE
NPPB,"Cardiomyopathy, Dilated",GENE_ASSOCIATED_WITH_DISEASE
NPPB,Cardiotoxicity,GENE_ASSOCIATED_WITH_DISEASE
NPPB,Cardiovascular Diseases,GENE_ASSOCIATED_WITH_DISEASE
NPPB,Cerebral Hemorrhage,GENE_ASSOCIATED_WITH_DISEASE
NPPB,"Heart Defects, Congenital",GENE_ASSOCIATED_WITH_DISEASE
NPPB,Heart Diseases,GENE_ASSOCIATED_WITH_DISEASE
NPPB,Heart Failure,GENE_ASSOCIATED_WITH_DISEASE
NPPB,"Tachycardia, Ventricular",GENE_ASSOCIATED_WITH_DISEASE
NPR1,Cardiomegaly,GENE_ASSOCIATED_WITH_DISEASE
NPR1,Heart Failure,GENE_ASSOCIATED_WITH_DISEASE
NPTN,Myocardial Ischemia,GENE_ASSOCIATED_WITH_DISEASE
NPY,Cardiovascular Diseases,GENE_ASSOCIATED_WITH_DISEASE
NPY,Cerebral Infarction,GENE_ASSOCIATED_WITH_DISEASE
NPY,Neurobehavioral Manifestations,GENE_ASSOCIATED_WITH_DISEASE
NQO1,Liver Diseases,GENE_ASSOCIATED_WITH_DISEASE
NQO1,Neurotoxicity Syndromes,GENE_ASSOCIATED_WITH_DISEASE
NQO1,Non-alcoholic Fatty Liver Disease,GENE_ASSOCIATED_WITH_DISEASE
NQO2,"Liver Cirrhosis, Experimental",GENE_ASSOCIATED_WITH_DISEASE
NR0B2,"Carcinoma, Hepatocellular",GENE_ASSOCIATED_WITH_DISEASE
NR0B2,Chemical and Drug Induced Liver Injury,GENE_ASSOCIATED_WITH_DISEASE
NR0B2,Fatty Liver,GENE_ASSOCIATED_WITH_DISEASE
NR0B2,"Liver Cirrhosis, Experimental",GENE_ASSOCIATED_WITH_DISEASE
NR1D1,Fatty Liver,GENE_ASSOCIATED_WITH_DISEASE
NR1H2,"Carcinoma, Hepatocellular",GENE_ASSOCIATED_WITH_DISEASE
NR1H2,Hepatomegaly,GENE_ASSOCIATED_WITH_DISEASE
NR1H3,Chemical and Drug Induced Liver Injury,GENE_ASSOCIATED_WITH_DISEASE
NR1H3,Fatty Liver,GENE_ASSOCIATED_WITH_DISEASE
NR1H4,"Carcinoma, Hepatocellular",GENE_ASSOCIATED_WITH_DISEASE
NR1H4,Chemical and Drug Induced Liver Injury,GENE_ASSOCIATED_WITH_DISEASE
NR1H4,"CHOLESTASIS, PROGRESSIVE FAMILIAL INTRAHEPATIC, 5",GENE_ASSOCIATED_WITH_DISEASE
NR1H4,Fatty Liver,GENE_ASSOCIATED_WITH_DISEASE
NR1H4,Hepatomegaly,GENE_ASSOCIATED_WITH_DISEASE
NR1H4,Liver Diseases,GENE_ASSOCIATED_WITH_DISEASE
NR1H4,Liver Neoplasms,GENE_ASSOCIATED_WITH_DISEASE
NR1H4,Non-alcoholic Fatty Liver Disease,GENE_ASSOCIATED_WITH_DISEASE
NR1I2,Chemical and Drug Induced Liver Injury,GENE_ASSOCIATED_WITH_DISEASE
NR1I2,Fatty Liver,GENE_ASSOCIATED_WITH_DISEASE
NR1I2,Hepatomegaly,GENE_ASSOCIATED_WITH_DISEASE
NR1I3,"Adenoma, Liver Cell",GENE_ASSOCIATED_WITH_DISEASE
NR1I3,Chemical and Drug Induced Liver Injury,GENE_ASSOCIATED_WITH_DISEASE
NR1I3,Hepatomegaly,GENE_ASSOCIATED_WITH_DISEASE
NR1I3,Liver Neoplasms,GENE_ASSOCIATED_WITH_DISEASE
NR1I3,"Liver Neoplasms, Experimental",GENE_ASSOCIATED_WITH_DISEASE
NR2F2,Chemical and Drug Induced Liver Injury,GENE_ASSOCIATED_WITH_DISEASE
NR2F2,"CONGENITAL HEART DEFECTS, MULTIPLE TYPES, 4",GENE_ASSOCIATED_WITH_DISEASE
NR3C2,"Cardiomyopathy, Dilated",GENE_ASSOCIATED_WITH_DISEASE
NR3C2,Heart Failure,GENE_ASSOCIATED_WITH_DISEASE
NR3C2,Myocardial Infarction,GENE_ASSOCIATED_WITH_DISEASE
NR4A1,Myocardial Ischemia,GENE_ASSOCIATED_WITH_DISEASE
NR5A2,Chemical and Drug Induced Liver Injury,GENE_ASSOCIATED_WITH_DISEASE
NR5A2,Hepatomegaly,GENE_ASSOCIATED_WITH_DISEASE
NR5A2,Non-alcoholic Fatty Liver Disease,GENE_ASSOCIATED_WITH_DISEASE
NRARP,Brain Neoplasms,GENE_ASSOCIATED_WITH_DISEASE
NRAS,Neuroblastoma,GENE_ASSOCIATED_WITH_DISEASE
NRAS,Neurocutaneous melanosis,GENE_ASSOCIATED_WITH_DISEASE
NRAS,Neurofibrosarcoma,GENE_ASSOCIATED_WITH_DISEASE
NREP,Chemical and Drug Induced Liver Injury,GENE_ASSOCIATED_WITH_DISEASE
NREP,Fatty Liver,GENE_ASSOCIATED_WITH_DISEASE
NREP,"Liver Cirrhosis, Experimental",GENE_ASSOCIATED_WITH_DISEASE
NRG1,Cardiotoxicity,GENE_ASSOCIATED_WITH_DISEASE
NRG1,Heart Failure,GENE_ASSOCIATED_WITH_DISEASE
NRG1,"Liver Cirrhosis, Experimental",GENE_ASSOCIATED_WITH_DISEASE
NRIP1,Heart Failure,GENE_ASSOCIATED_WITH_DISEASE
NRIP1,Myocardial Infarction,GENE_ASSOCIATED_WITH_DISEASE
NRP1,Liver Diseases,GENE_ASSOCIATED_WITH_DISEASE
NRROS,"Liver Cirrhosis, Experimental",GENE_ASSOCIATED_WITH_DISEASE
NSA2,"Liver Cirrhosis, Biliary",GENE_ASSOCIATED_WITH_DISEASE
NSMF,"Liver Cirrhosis, Experimental",GENE_ASSOCIATED_WITH_DISEASE
NT5E,"Liver Cirrhosis, Experimental",GENE_ASSOCIATED_WITH_DISEASE
NT5E,Neuroblastoma,GENE_ASSOCIATED_WITH_DISEASE
NTF3,Diabetic Neuropathies,GENE_ASSOCIATED_WITH_DISEASE
NTN1,Brain Edema,GENE_ASSOCIATED_WITH_DISEASE
NTN1,Chemical and Drug Induced Liver Injury,GENE_ASSOCIATED_WITH_DISEASE
NTN1,Neurobehavioral Manifestations,GENE_ASSOCIATED_WITH_DISEASE
NTRK1,Hereditary Sensory and Autonomic Neuropathies,GENE_ASSOCIATED_WITH_DISEASE
NTRK1,Neuroblastoma,GENE_ASSOCIATED_WITH_DISEASE
NTRK2,Neuroblastoma,GENE_ASSOCIATED_WITH_DISEASE
NTS,Bradycardia,GENE_ASSOCIATED_WITH_DISEASE
N-TUTCA2,Myocarditis,GENE_ASSOCIATED_WITH_DISEASE
NUCLEOLIN,Myocardial Ischemia,GENE_ASSOCIATED_WITH_DISEASE
NUDCD3,Liver Neoplasms,GENE_ASSOCIATED_WITH_DISEASE
NUDT16,"Liver Cirrhosis, Experimental",GENE_ASSOCIATED_WITH_DISEASE
NUDT7,Liver Neoplasms,GENE_ASSOCIATED_WITH_DISEASE
NUF2,"Carcinoma, Hepatocellular",GENE_ASSOCIATED_WITH_DISEASE
NUPR1,"Heart Failure, Diastolic",GENE_ASSOCIATED_WITH_DISEASE
NUPR1,"Liver Cirrhosis, Experimental",GENE_ASSOCIATED_WITH_DISEASE
NUS1,Chemical and Drug Induced Liver Injury,GENE_ASSOCIATED_WITH_DISEASE
NUS1,Fatty Liver,GENE_ASSOCIATED_WITH_DISEASE
NUSAP1,"Carcinoma, Hepatocellular",GENE_ASSOCIATED_WITH_DISEASE
OAS1A,Chemical and Drug Induced Liver Injury,GENE_ASSOCIATED_WITH_DISEASE
OAT,"Liver Cirrhosis, Experimental",GENE_ASSOCIATED_WITH_DISEASE
OAT,Liver Neoplasms,GENE_ASSOCIATED_WITH_DISEASE
OBP3,Chemical and Drug Induced Liver Injury,GENE_ASSOCIATED_WITH_DISEASE
OBP3,Liver Cirrhosis,GENE_ASSOCIATED_WITH_DISEASE
OBP3,"Liver Cirrhosis, Experimental",GENE_ASSOCIATED_WITH_DISEASE
OBP3,Liver Diseases,GENE_ASSOCIATED_WITH_DISEASE
OCIAD1,Chemical and Drug Induced Liver Injury,GENE_ASSOCIATED_WITH_DISEASE
OCLN,"Brain Injuries, Traumatic",GENE_ASSOCIATED_WITH_DISEASE
OCLN,Hepatic Veno-Occlusive Disease,GENE_ASSOCIATED_WITH_DISEASE
OCRL,Oculocerebrorenal Syndrome,GENE_ASSOCIATED_WITH_DISEASE
OGDH,Chemical and Drug Induced Liver Injury,GENE_ASSOCIATED_WITH_DISEASE
OGDHL,Heart Failure,GENE_ASSOCIATED_WITH_DISEASE
OGG1,Brain Diseases,GENE_ASSOCIATED_WITH_DISEASE
OGG1,Heart Diseases,GENE_ASSOCIATED_WITH_DISEASE
OIT3,"Carcinoma, Hepatocellular",GENE_ASSOCIATED_WITH_DISEASE
OLFML2A,"Carcinoma, Hepatocellular",GENE_ASSOCIATED_WITH_DISEASE
OLFML2B,"Carcinoma, Hepatocellular",GENE_ASSOCIATED_WITH_DISEASE
OLFML2B,"Liver Cirrhosis, Experimental",GENE_ASSOCIATED_WITH_DISEASE
OLFML3,"Liver Cirrhosis, Experimental",GENE_ASSOCIATED_WITH_DISEASE
OLR1,Cardiomyopathies,GENE_ASSOCIATED_WITH_DISEASE
OLR1,Heart Failure,GENE_ASSOCIATED_WITH_DISEASE
OLR1,Myocardial Infarction,GENE_ASSOCIATED_WITH_DISEASE
OLR59,Chemical and Drug Induced Liver Injury,GENE_ASSOCIATED_WITH_DISEASE
OLR59,"Liver Cirrhosis, Experimental",GENE_ASSOCIATED_WITH_DISEASE
OPA1,MITOCHONDRIAL DNA DEPLETION SYNDROME 14B (CARDIOENCEPHALOMYOPATHIC TYPE),GENE_ASSOCIATED_WITH_DISEASE
OPRK1,"Arrhythmias, Cardiac",GENE_ASSOCIATED_WITH_DISEASE
OPRL1,"Arrhythmias, Cardiac",GENE_ASSOCIATED_WITH_DISEASE
OPRM1,Hepatic Encephalopathy,GENE_ASSOCIATED_WITH_DISEASE
OPRM1,Hepatitis C,GENE_ASSOCIATED_WITH_DISEASE
ORC1,"Carcinoma, Hepatocellular",GENE_ASSOCIATED_WITH_DISEASE
ORM1,Liver Failure,GENE_ASSOCIATED_WITH_DISEASE
OSGIN1,"Liver Cirrhosis, Experimental",GENE_ASSOCIATED_WITH_DISEASE
OSM,"Liver Cirrhosis, Experimental",GENE_ASSOCIATED_WITH_DISEASE
OTC,Brain Diseases,GENE_ASSOCIATED_WITH_DISEASE
OTC,"Liver Cirrhosis, Experimental",GENE_ASSOCIATED_WITH_DISEASE
OTUB2,"Liver Cirrhosis, Experimental",GENE_ASSOCIATED_WITH_DISEASE
OTULINL,"Liver Cirrhosis, Experimental",GENE_ASSOCIATED_WITH_DISEASE
P2RX1,Neurotoxicity Syndromes,GENE_ASSOCIATED_WITH_DISEASE
P2RX7,Liver Cirrhosis,GENE_ASSOCIATED_WITH_DISEASE
P2RX7,"Liver Cirrhosis, Experimental",GENE_ASSOCIATED_WITH_DISEASE
P2RY12,Myocardial Infarction,GENE_ASSOCIATED_WITH_DISEASE
P4HB,Chemical and Drug Induced Liver Injury,GENE_ASSOCIATED_WITH_DISEASE
P4HB,Myocardial Ischemia,GENE_ASSOCIATED_WITH_DISEASE
PAH,Chemical and Drug Induced Liver Injury,GENE_ASSOCIATED_WITH_DISEASE
PAK4,Neuroblastoma,GENE_ASSOCIATED_WITH_DISEASE
PALMD,"Liver Cirrhosis, Experimental",GENE_ASSOCIATED_WITH_DISEASE
PAMR1,"Carcinoma, Hepatocellular",GENE_ASSOCIATED_WITH_DISEASE
PAMR1,Heart Failure,GENE_ASSOCIATED_WITH_DISEASE
PAMR1,"Liver Cirrhosis, Experimental",GENE_ASSOCIATED_WITH_DISEASE
PAN2,Chemical and Drug Induced Liver Injury,GENE_ASSOCIATED_WITH_DISEASE
PANK2,Neurodegeneration with brain iron accumulation (NBIA),GENE_ASSOCIATED_WITH_DISEASE
PANK2,Neurodegenerative Diseases,GENE_ASSOCIATED_WITH_DISEASE
PANK2,Pantothenate Kinase-Associated Neurodegeneration,GENE_ASSOCIATED_WITH_DISEASE
PANX1,Chemical and Drug Induced Liver Injury,GENE_ASSOCIATED_WITH_DISEASE
PANX1,"Liver Failure, Acute",GENE_ASSOCIATED_WITH_DISEASE
PANX1,Massive Hepatic Necrosis,GENE_ASSOCIATED_WITH_DISEASE
PAPPA,Myocardial Infarction,GENE_ASSOCIATED_WITH_DISEASE
PAQR9,"Liver Cirrhosis, Experimental",GENE_ASSOCIATED_WITH_DISEASE
PARD3B,Neurodevelopmental Disorders,GENE_ASSOCIATED_WITH_DISEASE
PARK7,"Carcinoma, Hepatocellular",GENE_ASSOCIATED_WITH_DISEASE
PARK7,Chemical and Drug Induced Liver Injury,GENE_ASSOCIATED_WITH_DISEASE
PARP1,Brain Injuries,GENE_ASSOCIATED_WITH_DISEASE
PARP1,"Brain Injuries, Traumatic",GENE_ASSOCIATED_WITH_DISEASE
PARP1,Brain Ischemia,GENE_ASSOCIATED_WITH_DISEASE
PARP1,"Carcinoma, Hepatocellular",GENE_ASSOCIATED_WITH_DISEASE
PARP1,Cardiomyopathies,GENE_ASSOCIATED_WITH_DISEASE
PARP1,"Ceroid lipofuscinosis, neuronal 1, infantile",GENE_ASSOCIATED_WITH_DISEASE
PARP1,Hepatitis,GENE_ASSOCIATED_WITH_DISEASE
PAX5,Neurodevelopmental Disorders,GENE_ASSOCIATED_WITH_DISEASE
PBK,"Carcinoma, Hepatocellular",GENE_ASSOCIATED_WITH_DISEASE
PC,Chemical and Drug Induced Liver Injury,GENE_ASSOCIATED_WITH_DISEASE
PC,"Liver Cirrhosis, Experimental",GENE_ASSOCIATED_WITH_DISEASE
PCAT14,Heart Failure,GENE_ASSOCIATED_WITH_DISEASE
PCDHA13,Hypoplastic Left Heart Syndrome,GENE_ASSOCIATED_WITH_DISEASE
PCDHA9,Heart Valve Diseases,GENE_ASSOCIATED_WITH_DISEASE
PCDHA9,Hypoplastic Left Heart Syndrome,GENE_ASSOCIATED_WITH_DISEASE
PCGEM1,Heart Failure,GENE_ASSOCIATED_WITH_DISEASE
PCK1,"Carcinoma, Hepatocellular",GENE_ASSOCIATED_WITH_DISEASE
PCK1,Heart Failure,GENE_ASSOCIATED_WITH_DISEASE
PCK1,"Liver Cirrhosis, Experimental",GENE_ASSOCIATED_WITH_DISEASE
PCK2,"Liver Cirrhosis, Experimental",GENE_ASSOCIATED_WITH_DISEASE
PCLAF,"Carcinoma, Hepatocellular",GENE_ASSOCIATED_WITH_DISEASE
PCNA,Brain Neoplasms,GENE_ASSOCIATED_WITH_DISEASE
PCNA,Hepatoblastoma,GENE_ASSOCIATED_WITH_DISEASE
PCOLCE,Chemical and Drug Induced Liver Injury,GENE_ASSOCIATED_WITH_DISEASE
PCOLCE,Liver Cirrhosis,GENE_ASSOCIATED_WITH_DISEASE
PCSK5,Heart Septal Defects,GENE_ASSOCIATED_WITH_DISEASE
PCSK5,"Heart Septal Defects, Ventricular",GENE_ASSOCIATED_WITH_DISEASE
PCYT1A,Chemical and Drug Induced Liver Injury,GENE_ASSOCIATED_WITH_DISEASE
PDCD10,Cerebral Cavernous Malformations 3,GENE_ASSOCIATED_WITH_DISEASE
PDE12,Cardiovirus Infections,GENE_ASSOCIATED_WITH_DISEASE
PDE3A,Myocardial Infarction,GENE_ASSOCIATED_WITH_DISEASE
PDE4B,Myocardial Ischemia,GENE_ASSOCIATED_WITH_DISEASE
PDE8B,Neurodegenerative Diseases,GENE_ASSOCIATED_WITH_DISEASE
PDGFA,"Liver Cirrhosis, Experimental",GENE_ASSOCIATED_WITH_DISEASE
PDGFB,"Carcinoma, Hepatocellular",GENE_ASSOCIATED_WITH_DISEASE
PDGFRA,Heart Failure,GENE_ASSOCIATED_WITH_DISEASE
PDGFRA,"Liver Cirrhosis, Experimental",GENE_ASSOCIATED_WITH_DISEASE
PDGFRB,"Liver Cirrhosis, Experimental",GENE_ASSOCIATED_WITH_DISEASE
PDGFRL,"Carcinoma, Hepatocellular",GENE_ASSOCIATED_WITH_DISEASE
PDHA1,Myocardial Ischemia,GENE_ASSOCIATED_WITH_DISEASE
PDIA3,"Carcinoma, Hepatocellular",GENE_ASSOCIATED_WITH_DISEASE
PDK2,Cardiomyopathies,GENE_ASSOCIATED_WITH_DISEASE
PDK4,"Carcinoma, Hepatocellular",GENE_ASSOCIATED_WITH_DISEASE
PDK4,Chemical and Drug Induced Liver Injury,GENE_ASSOCIATED_WITH_DISEASE
PDK4,Myocardial Ischemia,GENE_ASSOCIATED_WITH_DISEASE
PDK4,Non-alcoholic Fatty Liver Disease,GENE_ASSOCIATED_WITH_DISEASE
PDLIM5,Chemical and Drug Induced Liver Injury,GENE_ASSOCIATED_WITH_DISEASE
PDLIM5,Myocardial Ischemia,GENE_ASSOCIATED_WITH_DISEASE
PDPK1,Heart Failure,GENE_ASSOCIATED_WITH_DISEASE
PDRG1,Liver Neoplasms,GENE_ASSOCIATED_WITH_DISEASE
PDYN,Bradycardia,GENE_ASSOCIATED_WITH_DISEASE
PDZRN3,"Liver Cirrhosis, Experimental",GENE_ASSOCIATED_WITH_DISEASE
PEA15A,"Liver Cirrhosis, Experimental",GENE_ASSOCIATED_WITH_DISEASE
PEBP1,Heart Failure,GENE_ASSOCIATED_WITH_DISEASE
PEBP1,Myocardial Ischemia,GENE_ASSOCIATED_WITH_DISEASE
PEG3,"Liver Diseases, Parasitic",GENE_ASSOCIATED_WITH_DISEASE
PEMT,Liver Cirrhosis,GENE_ASSOCIATED_WITH_DISEASE
PEMT,Non-alcoholic Fatty Liver Disease,GENE_ASSOCIATED_WITH_DISEASE
PEPD,Hepatomegaly,GENE_ASSOCIATED_WITH_DISEASE
PEX11A,Chemical and Drug Induced Liver Injury,GENE_ASSOCIATED_WITH_DISEASE
PFKFB3,Myocardial Ischemia,GENE_ASSOCIATED_WITH_DISEASE
PFKM,Myocardial Ischemia,GENE_ASSOCIATED_WITH_DISEASE
PFKP,"Liver Cirrhosis, Experimental",GENE_ASSOCIATED_WITH_DISEASE
PFN1,"Liver Cirrhosis, Experimental",GENE_ASSOCIATED_WITH_DISEASE
PGAP1,"NEURODEVELOPMENTAL DISORDER WITH DYSMORPHIC FEATURES, SPASTICITY, AND BRAIN ABNORMALITIES",GENE_ASSOCIATED_WITH_DISEASE
PGD,"Carcinoma, Hepatocellular",GENE_ASSOCIATED_WITH_DISEASE
PGK1,"Carcinoma, Hepatocellular",GENE_ASSOCIATED_WITH_DISEASE
PGLYRP1,Brain Injuries,GENE_ASSOCIATED_WITH_DISEASE
PGM1,Chemical and Drug Induced Liver Injury,GENE_ASSOCIATED_WITH_DISEASE
PGM1,Myocardial Ischemia,GENE_ASSOCIATED_WITH_DISEASE
PHACTR1,Cerebrovascular Trauma,GENE_ASSOCIATED_WITH_DISEASE
PHACTR1,Myocardial Infarction,GENE_ASSOCIATED_WITH_DISEASE
PHB1,"Carcinoma, Hepatocellular",GENE_ASSOCIATED_WITH_DISEASE
PHF2,Neurodevelopmental Disorders,GENE_ASSOCIATED_WITH_DISEASE
PHGDH,Liver Neoplasms,GENE_ASSOCIATED_WITH_DISEASE
PHLDA1,"Carcinoma, Hepatocellular",GENE_ASSOCIATED_WITH_DISEASE
PHLDA3,Myocardial Infarction,GENE_ASSOCIATED_WITH_DISEASE
PHLDA3,Myocardial Reperfusion Injury,GENE_ASSOCIATED_WITH_DISEASE
PHOX2B,Neuroblastoma,GENE_ASSOCIATED_WITH_DISEASE
PIGG,"NEURODEVELOPMENTAL DISORDER WITH OR WITHOUT HYPOTONIA, SEIZURES, AND CEREBELLAR ATROPHY",GENE_ASSOCIATED_WITH_DISEASE
PIGL,Zunich neuroectodermal syndrome,GENE_ASSOCIATED_WITH_DISEASE
PIK3CA,"Carcinoma, Hepatocellular",GENE_ASSOCIATED_WITH_DISEASE
PIK3CG,Cardiomegaly,GENE_ASSOCIATED_WITH_DISEASE
PIK3CG,Heart Failure,GENE_ASSOCIATED_WITH_DISEASE
PIK3IP1,"Heart Failure, Diastolic",GENE_ASSOCIATED_WITH_DISEASE
PINK1,Neuroblastoma,GENE_ASSOCIATED_WITH_DISEASE
PITPNM3,"Carcinoma, Hepatocellular",GENE_ASSOCIATED_WITH_DISEASE
PITX1,"Carcinoma, Hepatocellular",GENE_ASSOCIATED_WITH_DISEASE
PITX2,"Heart Defects, Congenital",GENE_ASSOCIATED_WITH_DISEASE
PITX3,Neurologic Manifestations,GENE_ASSOCIATED_WITH_DISEASE
PKD2,"Liver Cirrhosis, Experimental",GENE_ASSOCIATED_WITH_DISEASE
PKD2,Neurodegenerative Diseases,GENE_ASSOCIATED_WITH_DISEASE
PKLR,"Liver Cirrhosis, Experimental",GENE_ASSOCIATED_WITH_DISEASE
PKM,"Carcinoma, Hepatocellular",GENE_ASSOCIATED_WITH_DISEASE
PKMYT1,"Carcinoma, Hepatocellular",GENE_ASSOCIATED_WITH_DISEASE
PKP1,"Carcinoma, Hepatocellular",GENE_ASSOCIATED_WITH_DISEASE
PKP2,"Arrhythmogenic Right Ventricular Dysplasia, Familial, 9",GENE_ASSOCIATED_WITH_DISEASE
PLA2G12A,"Liver Cirrhosis, Experimental",GENE_ASSOCIATED_WITH_DISEASE
PLA2G2A,Myocardial Ischemia,GENE_ASSOCIATED_WITH_DISEASE
PLA2G4A,"Liver Cirrhosis, Experimental",GENE_ASSOCIATED_WITH_DISEASE
PLA2G6,NEURODEGENERATION WITH BRAIN IRON ACCUMULATION 2A,GENE_ASSOCIATED_WITH_DISEASE
PLAC8,"Carcinoma, Hepatocellular",GENE_ASSOCIATED_WITH_DISEASE
PLAC8,"Liver Cirrhosis, Experimental",GENE_ASSOCIATED_WITH_DISEASE
PLAT,Brain Edema,GENE_ASSOCIATED_WITH_DISEASE
PLAT,Brain Infarction,GENE_ASSOCIATED_WITH_DISEASE
PLAT,Brain Ischemia,GENE_ASSOCIATED_WITH_DISEASE
PLAT,Cardiac Tamponade,GENE_ASSOCIATED_WITH_DISEASE
PLAT,Cerebral Hemorrhage,GENE_ASSOCIATED_WITH_DISEASE
PLAT,Cerebral Infarction,GENE_ASSOCIATED_WITH_DISEASE
PLAT,Chemical and Drug Induced Liver Injury,GENE_ASSOCIATED_WITH_DISEASE
PLAT,Heart Failure,GENE_ASSOCIATED_WITH_DISEASE
PLAT,"Infarction, Middle Cerebral Artery",GENE_ASSOCIATED_WITH_DISEASE
PLAT,"Liver Cirrhosis, Experimental",GENE_ASSOCIATED_WITH_DISEASE
PLAT,Myocardial Infarction,GENE_ASSOCIATED_WITH_DISEASE
PLAT,Neurologic Manifestations,GENE_ASSOCIATED_WITH_DISEASE
PLAT,Neurotoxicity Syndromes,GENE_ASSOCIATED_WITH_DISEASE
PLAT,Pericardial Effusion,GENE_ASSOCIATED_WITH_DISEASE
PLAT,"Shock, Cardiogenic",GENE_ASSOCIATED_WITH_DISEASE
PLAU,Brain Edema,GENE_ASSOCIATED_WITH_DISEASE
PLAU,Brain Ischemia,GENE_ASSOCIATED_WITH_DISEASE
PLAU,Cerebral Hemorrhage,GENE_ASSOCIATED_WITH_DISEASE
PLAU,Cerebral Infarction,GENE_ASSOCIATED_WITH_DISEASE
PLAU,Cerebrovascular Disorders,GENE_ASSOCIATED_WITH_DISEASE
PLAU,"Heart Rupture, Post-Infarction",GENE_ASSOCIATED_WITH_DISEASE
PLAU,"Infarction, Middle Cerebral Artery",GENE_ASSOCIATED_WITH_DISEASE
PLAU,Liver Cirrhosis,GENE_ASSOCIATED_WITH_DISEASE
PLAU,"Liver Cirrhosis, Experimental",GENE_ASSOCIATED_WITH_DISEASE
PLAU,Myocardial Infarction,GENE_ASSOCIATED_WITH_DISEASE
PLD1,Cardiomegaly,GENE_ASSOCIATED_WITH_DISEASE
PLD1,"Infarction, Middle Cerebral Artery",GENE_ASSOCIATED_WITH_DISEASE
PLD2,Cardiomegaly,GENE_ASSOCIATED_WITH_DISEASE
PLD4,"Liver Cirrhosis, Experimental",GENE_ASSOCIATED_WITH_DISEASE
PLEK,"Liver Cirrhosis, Experimental",GENE_ASSOCIATED_WITH_DISEASE
PLEKHB1,"Liver Cirrhosis, Experimental",GENE_ASSOCIATED_WITH_DISEASE
PLEKHH1,"Liver Cirrhosis, Experimental",GENE_ASSOCIATED_WITH_DISEASE
PLG,Chemical and Drug Induced Liver Injury,GENE_ASSOCIATED_WITH_DISEASE
PLG,"Liver Cirrhosis, Experimental",GENE_ASSOCIATED_WITH_DISEASE
PLIN2,Fatty Liver,GENE_ASSOCIATED_WITH_DISEASE
PLIN2,"Liver Cirrhosis, Experimental",GENE_ASSOCIATED_WITH_DISEASE
PLIN3,"Liver Cirrhosis, Experimental",GENE_ASSOCIATED_WITH_DISEASE
PLIN4,Vacuolar Neuromyopathy,GENE_ASSOCIATED_WITH_DISEASE
PLK1,"Carcinoma, Hepatocellular",GENE_ASSOCIATED_WITH_DISEASE
PLN,"Cardiomyopathy, Dilated, 1p",GENE_ASSOCIATED_WITH_DISEASE
PLN,"CARDIOMYOPATHY, FAMILIAL HYPERTROPHIC, 18",GENE_ASSOCIATED_WITH_DISEASE
PLN,Myocardial Infarction,GENE_ASSOCIATED_WITH_DISEASE
PLN,Myocardial Reperfusion Injury,GENE_ASSOCIATED_WITH_DISEASE
PLN,Myocardial Stunning,GENE_ASSOCIATED_WITH_DISEASE
PLOD2,Liver Cirrhosis,GENE_ASSOCIATED_WITH_DISEASE
PLOD2,"Liver Cirrhosis, Experimental",GENE_ASSOCIATED_WITH_DISEASE
PLPP2,"Liver Cirrhosis, Experimental",GENE_ASSOCIATED_WITH_DISEASE
PLPP3,Cardiomegaly,GENE_ASSOCIATED_WITH_DISEASE
PLS1,Liver Neoplasms,GENE_ASSOCIATED_WITH_DISEASE
PLS3,Chemical and Drug Induced Liver Injury,GENE_ASSOCIATED_WITH_DISEASE
PLSCR1,"Liver Cirrhosis, Experimental",GENE_ASSOCIATED_WITH_DISEASE
PLSCR2,"Liver Cirrhosis, Experimental",GENE_ASSOCIATED_WITH_DISEASE
PLTP,"Liver Cirrhosis, Experimental",GENE_ASSOCIATED_WITH_DISEASE
PLVAP,"Carcinoma, Hepatocellular",GENE_ASSOCIATED_WITH_DISEASE
PLXDC1,"Carcinoma, Hepatocellular",GENE_ASSOCIATED_WITH_DISEASE
PLXNB1,Neurodevelopmental Disorders,GENE_ASSOCIATED_WITH_DISEASE
PLXND1,"Heart Failure, Diastolic",GENE_ASSOCIATED_WITH_DISEASE
PMEPA1,"Liver Cirrhosis, Experimental",GENE_ASSOCIATED_WITH_DISEASE
PML,"Liver Neoplasms, Experimental",GENE_ASSOCIATED_WITH_DISEASE
PMP22,Hereditary Sensory and Motor Neuropathy,GENE_ASSOCIATED_WITH_DISEASE
PMP22,Tomaculous neuropathy,GENE_ASSOCIATED_WITH_DISEASE
PMS2,"Neuroectodermal Tumors, Primitive",GENE_ASSOCIATED_WITH_DISEASE
PNOC,Neurogenic Inflammation,GENE_ASSOCIATED_WITH_DISEASE
PNP,Chemical and Drug Induced Liver Injury,GENE_ASSOCIATED_WITH_DISEASE
PNPLA2,Endomyocardial Fibrosis,GENE_ASSOCIATED_WITH_DISEASE
PNPLA2,Heart Diseases,GENE_ASSOCIATED_WITH_DISEASE
PNPLA2,Heart Failure,GENE_ASSOCIATED_WITH_DISEASE
PNPLA3,Fatty Liver,GENE_ASSOCIATED_WITH_DISEASE
PNPLA3,"Liver Cirrhosis, Alcoholic",GENE_ASSOCIATED_WITH_DISEASE
PNPLA3,"Liver Diseases, Alcoholic",GENE_ASSOCIATED_WITH_DISEASE
PNPLA3,Non-alcoholic Fatty Liver Disease,GENE_ASSOCIATED_WITH_DISEASE
PNPLA6,Motor Neuron Disease,GENE_ASSOCIATED_WITH_DISEASE
PNPLA6,Oliver-McFarlane syndrome,GENE_ASSOCIATED_WITH_DISEASE
PNPLA6,Polyneuropathies,GENE_ASSOCIATED_WITH_DISEASE
PNPT1,"Carcinoma, Hepatocellular",GENE_ASSOCIATED_WITH_DISEASE
PNPT1,"DEAFNESS, AUTOSOMAL RECESSIVE 70, WITH OR WITHOUT ADULT-ONSET NEURODEGENERATION",GENE_ASSOCIATED_WITH_DISEASE
PNRC1,Chemical and Drug Induced Liver Injury,GENE_ASSOCIATED_WITH_DISEASE
POGZ,Neurodevelopmental Disorders,GENE_ASSOCIATED_WITH_DISEASE
POLG,Chemical and Drug Induced Liver Injury,GENE_ASSOCIATED_WITH_DISEASE
POLG,Diffuse Cerebral Sclerosis of Schilder,GENE_ASSOCIATED_WITH_DISEASE
POLG,"Sensory ataxic neuropathy, dysarthria, and ophthalmoparesis",GENE_ASSOCIATED_WITH_DISEASE
POLR2G,Chemical and Drug Induced Liver Injury,GENE_ASSOCIATED_WITH_DISEASE
POMC,Bradycardia,GENE_ASSOCIATED_WITH_DISEASE
POMC,Cardiomegaly,GENE_ASSOCIATED_WITH_DISEASE
POMC,Cardiomyopathies,GENE_ASSOCIATED_WITH_DISEASE
POMC,"Cardiomyopathy, Hypertrophic",GENE_ASSOCIATED_WITH_DISEASE
POMC,Cerebral Hemorrhage,GENE_ASSOCIATED_WITH_DISEASE
POMC,Cerebral Palsy,GENE_ASSOCIATED_WITH_DISEASE
POMC,Fatty Liver,GENE_ASSOCIATED_WITH_DISEASE
POMC,Heart Failure,GENE_ASSOCIATED_WITH_DISEASE
POMC,"Liver Cirrhosis, Experimental",GENE_ASSOCIATED_WITH_DISEASE
POMC,"Liver Failure, Acute",GENE_ASSOCIATED_WITH_DISEASE
POMC,Myocardial Ischemia,GENE_ASSOCIATED_WITH_DISEASE
POMC,Neurogenic Inflammation,GENE_ASSOCIATED_WITH_DISEASE
PON1,Brain Neoplasms,GENE_ASSOCIATED_WITH_DISEASE
PON1,Cardiovascular Diseases,GENE_ASSOCIATED_WITH_DISEASE
PON1,Chemical and Drug Induced Liver Injury,GENE_ASSOCIATED_WITH_DISEASE
PON1,Fatty Liver,GENE_ASSOCIATED_WITH_DISEASE
PON1,Heart Diseases,GENE_ASSOCIATED_WITH_DISEASE
PON1,Heart Failure,GENE_ASSOCIATED_WITH_DISEASE
PON1,"Neuroectodermal Tumors, Primitive",GENE_ASSOCIATED_WITH_DISEASE
PON1,Neurotoxicity Syndromes,GENE_ASSOCIATED_WITH_DISEASE
PON2,Cardiovascular Diseases,GENE_ASSOCIATED_WITH_DISEASE
POR,Heart Failure,GENE_ASSOCIATED_WITH_DISEASE
POSTN,Liver Cirrhosis,GENE_ASSOCIATED_WITH_DISEASE
POU2F2,Gastro-enteropancreatic neuroendocrine tumor,GENE_ASSOCIATED_WITH_DISEASE
POU5F1,"Heart Defects, Congenital",GENE_ASSOCIATED_WITH_DISEASE
PPA2,"SUDDEN CARDIAC FAILURE, ALCOHOL-INDUCED",GENE_ASSOCIATED_WITH_DISEASE
PPA2,"SUDDEN CARDIAC FAILURE, INFANTILE",GENE_ASSOCIATED_WITH_DISEASE
PPAP2A,"Liver Cirrhosis, Experimental",GENE_ASSOCIATED_WITH_DISEASE
PPARA,Cardiomegaly,GENE_ASSOCIATED_WITH_DISEASE
PPARA,Chemical and Drug Induced Liver Injury,GENE_ASSOCIATED_WITH_DISEASE
PPARA,Fatty Liver,GENE_ASSOCIATED_WITH_DISEASE
PPARA,"Fatty Liver, Alcoholic",GENE_ASSOCIATED_WITH_DISEASE
PPARA,Hepatomegaly,GENE_ASSOCIATED_WITH_DISEASE
PPARA,Liver Neoplasms,GENE_ASSOCIATED_WITH_DISEASE
PPARA,Myocardial Reperfusion Injury,GENE_ASSOCIATED_WITH_DISEASE
PPARA,Non-alcoholic Fatty Liver Disease,GENE_ASSOCIATED_WITH_DISEASE
PPARD,Cardiomegaly,GENE_ASSOCIATED_WITH_DISEASE
PPARD,Cardiomyopathies,GENE_ASSOCIATED_WITH_DISEASE
PPARD,Fatty Liver,GENE_ASSOCIATED_WITH_DISEASE
PPARD,"Liver Diseases, Alcoholic",GENE_ASSOCIATED_WITH_DISEASE
PPARD,Non-alcoholic Fatty Liver Disease,GENE_ASSOCIATED_WITH_DISEASE
PPARG,"Carcinoma, Hepatocellular",GENE_ASSOCIATED_WITH_DISEASE
PPARG,Heart Failure,GENE_ASSOCIATED_WITH_DISEASE
PPARG,Liver Neoplasms,GENE_ASSOCIATED_WITH_DISEASE
PPARG,Non-alcoholic Fatty Liver Disease,GENE_ASSOCIATED_WITH_DISEASE
PPARGC1A,"Ceroid lipofuscinosis, neuronal 1, infantile",GENE_ASSOCIATED_WITH_DISEASE
PPARGC1A,Heart Failure,GENE_ASSOCIATED_WITH_DISEASE
PPARGC1A,Myocardial Infarction,GENE_ASSOCIATED_WITH_DISEASE
PPAT,"Liver Neoplasms, Experimental",GENE_ASSOCIATED_WITH_DISEASE
PPAT,Myocardial Ischemia,GENE_ASSOCIATED_WITH_DISEASE
PPM1B,Myocardial Ischemia,GENE_ASSOCIATED_WITH_DISEASE
PPM1D,Brain Stem Neoplasms,GENE_ASSOCIATED_WITH_DISEASE
PPM1D,Neurodevelopmental Disorders,GENE_ASSOCIATED_WITH_DISEASE
PPM1K,Heart Failure,GENE_ASSOCIATED_WITH_DISEASE
PPP1R18,"Liver Cirrhosis, Experimental",GENE_ASSOCIATED_WITH_DISEASE
PPP1R1A,"Arrhythmias, Cardiac",GENE_ASSOCIATED_WITH_DISEASE
PPP1R1A,"Carcinoma, Hepatocellular",GENE_ASSOCIATED_WITH_DISEASE
PPP1R1A,Cardiomyopathies,GENE_ASSOCIATED_WITH_DISEASE
PPP1R1A,Heart Failure,GENE_ASSOCIATED_WITH_DISEASE
PPP1R3B,"Liver Cirrhosis, Experimental",GENE_ASSOCIATED_WITH_DISEASE
PPP1R3C,"Liver Cirrhosis, Experimental",GENE_ASSOCIATED_WITH_DISEASE
PPP2CA,Heart Diseases,GENE_ASSOCIATED_WITH_DISEASE
PPP2CA,Myocardial Ischemia,GENE_ASSOCIATED_WITH_DISEASE
PPP2R5D,Neurodevelopmental Disorders,GENE_ASSOCIATED_WITH_DISEASE
PPP3CA,Brain Injuries,GENE_ASSOCIATED_WITH_DISEASE
PPP3CA,Hepatolenticular Degeneration,GENE_ASSOCIATED_WITH_DISEASE
PPP3CB,Hepatolenticular Degeneration,GENE_ASSOCIATED_WITH_DISEASE
PPP3R1,Myocardial Ischemia,GENE_ASSOCIATED_WITH_DISEASE
PPP4R3C,"Carcinoma, Hepatocellular",GENE_ASSOCIATED_WITH_DISEASE
PPT1,"Ceroid Lipofuscinosis, Neuronal, 1",GENE_ASSOCIATED_WITH_DISEASE
PPT1,"Ceroid lipofuscinosis, neuronal 1, infantile",GENE_ASSOCIATED_WITH_DISEASE
PPTC7,Chemical and Drug Induced Liver Injury,GENE_ASSOCIATED_WITH_DISEASE
PQBP1,"Heart Septal Defects, Atrial",GENE_ASSOCIATED_WITH_DISEASE
PRAF2,"Liver Cirrhosis, Experimental",GENE_ASSOCIATED_WITH_DISEASE
PRC1,"Carcinoma, Hepatocellular",GENE_ASSOCIATED_WITH_DISEASE
PRDM12,"NEUROPATHY, HEREDITARY SENSORY AND AUTONOMIC, TYPE VIII",GENE_ASSOCIATED_WITH_DISEASE
PRDX1,"Carcinoma, Hepatocellular",GENE_ASSOCIATED_WITH_DISEASE
PRDX1,"Liver Neoplasms, Experimental",GENE_ASSOCIATED_WITH_DISEASE
PRDX2,"Carcinoma, Hepatocellular",GENE_ASSOCIATED_WITH_DISEASE
PRDX3,Motor Neuron Disease,GENE_ASSOCIATED_WITH_DISEASE
PRDX3,Non-alcoholic Fatty Liver Disease,GENE_ASSOCIATED_WITH_DISEASE
PRDX6,"Carcinoma, Hepatocellular",GENE_ASSOCIATED_WITH_DISEASE
PRDX6,Myocardial Ischemia,GENE_ASSOCIATED_WITH_DISEASE
PRF1,Non-alcoholic Fatty Liver Disease,GENE_ASSOCIATED_WITH_DISEASE
PRG4,Pericarditis,GENE_ASSOCIATED_WITH_DISEASE
PRICKLE2,Liver Neoplasms,GENE_ASSOCIATED_WITH_DISEASE
PRKAA2,Cardiomegaly,GENE_ASSOCIATED_WITH_DISEASE
PRKAA2,Cardiomyopathies,GENE_ASSOCIATED_WITH_DISEASE
PRKACA,Non-alcoholic Fatty Liver Disease,GENE_ASSOCIATED_WITH_DISEASE
PRKAG2,"Cardiomyopathy, Familial Hypertrophic, 6",GENE_ASSOCIATED_WITH_DISEASE
PRKAG2,"Glycogen Storage Disease of Heart, Lethal Congenital",GENE_ASSOCIATED_WITH_DISEASE
PRKAR2B,Heart Failure,GENE_ASSOCIATED_WITH_DISEASE
PRKCA,Cardiomegaly,GENE_ASSOCIATED_WITH_DISEASE
PRKCA,Non-alcoholic Fatty Liver Disease,GENE_ASSOCIATED_WITH_DISEASE
PRKCB,Cardiomegaly,GENE_ASSOCIATED_WITH_DISEASE
PRKCB,"Liver Cirrhosis, Experimental",GENE_ASSOCIATED_WITH_DISEASE
PRKCD,Chemical and Drug Induced Liver Injury,GENE_ASSOCIATED_WITH_DISEASE
PRKCD,"Liver Cirrhosis, Experimental",GENE_ASSOCIATED_WITH_DISEASE
PRKCD,Neurotoxicity Syndromes,GENE_ASSOCIATED_WITH_DISEASE
PRKCD,Non-alcoholic Fatty Liver Disease,GENE_ASSOCIATED_WITH_DISEASE
PRKCE,Cardiomyopathies,GENE_ASSOCIATED_WITH_DISEASE
PRKCE,Liver Neoplasms,GENE_ASSOCIATED_WITH_DISEASE
PRKCE,Myocardial Infarction,GENE_ASSOCIATED_WITH_DISEASE
PRKCE,Myocardial Ischemia,GENE_ASSOCIATED_WITH_DISEASE
PRKCE,Non-alcoholic Fatty Liver Disease,GENE_ASSOCIATED_WITH_DISEASE
PRKCSH,Polycystic liver disease,GENE_ASSOCIATED_WITH_DISEASE
PRKCZ,Cardiomegaly,GENE_ASSOCIATED_WITH_DISEASE
PRKD1,CONGENITAL HEART DEFECTS AND ECTODERMAL DYSPLASIA,GENE_ASSOCIATED_WITH_DISEASE
PRKDC,Chemical and Drug Induced Liver Injury,GENE_ASSOCIATED_WITH_DISEASE
PRKDC,Hepatic Encephalopathy,GENE_ASSOCIATED_WITH_DISEASE
PRKDC,IMMUNODEFICIENCY 26 WITH OR WITHOUT NEUROLOGIC ABNORMALITIES,GENE_ASSOCIATED_WITH_DISEASE
PRKDC,Massive Hepatic Necrosis,GENE_ASSOCIATED_WITH_DISEASE
PRL,Bradycardia,GENE_ASSOCIATED_WITH_DISEASE
PRL,Heart Failure,GENE_ASSOCIATED_WITH_DISEASE
PRL,"Pregnancy Complications, Cardiovascular",GENE_ASSOCIATED_WITH_DISEASE
PRLR,"Liver Cirrhosis, Experimental",GENE_ASSOCIATED_WITH_DISEASE
PRNP,Hepatolenticular Degeneration,GENE_ASSOCIATED_WITH_DISEASE
PRNP,"Liver Cirrhosis, Experimental",GENE_ASSOCIATED_WITH_DISEASE
PRNP,Spongiform Encephalopathy with Neuropsychiatric Features,GENE_ASSOCIATED_WITH_DISEASE
PROC,Cerebral Infarction,GENE_ASSOCIATED_WITH_DISEASE
PROCR,"Liver Cirrhosis, Experimental",GENE_ASSOCIATED_WITH_DISEASE
PRODH,"Liver Cirrhosis, Experimental",GENE_ASSOCIATED_WITH_DISEASE
PRODH2,"Liver Cirrhosis, Experimental",GENE_ASSOCIATED_WITH_DISEASE
PRPS1,Optic atrophy polyneuropathy deafness,GENE_ASSOCIATED_WITH_DISEASE
PRR13,"Liver Cirrhosis, Experimental",GENE_ASSOCIATED_WITH_DISEASE
PRSS35,Hepatomegaly,GENE_ASSOCIATED_WITH_DISEASE
PRTFDC1,"Liver Cirrhosis, Experimental",GENE_ASSOCIATED_WITH_DISEASE
PRTG,"Liver Cirrhosis, Experimental",GENE_ASSOCIATED_WITH_DISEASE
PRUNE2,"Liver Cirrhosis, Experimental",GENE_ASSOCIATED_WITH_DISEASE
PRX,Hereditary Sensory and Motor Neuropathy,GENE_ASSOCIATED_WITH_DISEASE
PSEN1,Amyloid Neuropathies,GENE_ASSOCIATED_WITH_DISEASE
PSEN1,Cardiomyopathies,GENE_ASSOCIATED_WITH_DISEASE
PSEN1,"Cardiomyopathy, Dilated",GENE_ASSOCIATED_WITH_DISEASE
PSEN1,"Cardiomyopathy, Dilated, 1u",GENE_ASSOCIATED_WITH_DISEASE
PSEN1,Neurodegenerative Diseases,GENE_ASSOCIATED_WITH_DISEASE
PSEN1,Pick Disease of the Brain,GENE_ASSOCIATED_WITH_DISEASE
PSEN2,"Cardiomyopathy, Dilated",GENE_ASSOCIATED_WITH_DISEASE
PSEN2,"Cardiomyopathy, Dilated, 1V",GENE_ASSOCIATED_WITH_DISEASE
PSMA2,Heart Diseases,GENE_ASSOCIATED_WITH_DISEASE
PSMA4,Liver Neoplasms,GENE_ASSOCIATED_WITH_DISEASE
PSMA5,Fatty Liver,GENE_ASSOCIATED_WITH_DISEASE
PSMA6,Myocardial Infarction,GENE_ASSOCIATED_WITH_DISEASE
PSMB10,"Liver Cirrhosis, Experimental",GENE_ASSOCIATED_WITH_DISEASE
PSMB5,Myocardial Ischemia,GENE_ASSOCIATED_WITH_DISEASE
PSMB8,"Liver Cirrhosis, Experimental",GENE_ASSOCIATED_WITH_DISEASE
PSMB9,"Liver Cirrhosis, Experimental",GENE_ASSOCIATED_WITH_DISEASE
PSMD11,"Liver Failure, Acute",GENE_ASSOCIATED_WITH_DISEASE
PSMD14,Neuroblastoma,GENE_ASSOCIATED_WITH_DISEASE
PSME2,"Liver Cirrhosis, Experimental",GENE_ASSOCIATED_WITH_DISEASE
PSTPIP1,"Liver Cirrhosis, Experimental",GENE_ASSOCIATED_WITH_DISEASE
PTAFR,"Liver Cirrhosis, Experimental",GENE_ASSOCIATED_WITH_DISEASE
PTCH1,Brain Neoplasms,GENE_ASSOCIATED_WITH_DISEASE
PTCH1,"Neuroectodermal Tumors, Primitive",GENE_ASSOCIATED_WITH_DISEASE
PTEN,"Adenoma, Liver Cell",GENE_ASSOCIATED_WITH_DISEASE
PTEN,"Carcinoma, Hepatocellular",GENE_ASSOCIATED_WITH_DISEASE
PTEN,Fatty Liver,GENE_ASSOCIATED_WITH_DISEASE
PTEN,Liver Cirrhosis,GENE_ASSOCIATED_WITH_DISEASE
PTEN,Myocardial Reperfusion Injury,GENE_ASSOCIATED_WITH_DISEASE
PTEN,Neurodevelopmental Disorders,GENE_ASSOCIATED_WITH_DISEASE
PTEN,Non-alcoholic Fatty Liver Disease,GENE_ASSOCIATED_WITH_DISEASE
PTER,"Liver Cirrhosis, Experimental",GENE_ASSOCIATED_WITH_DISEASE
PTER,Liver Neoplasms,GENE_ASSOCIATED_WITH_DISEASE
PTF1A,Chemical and Drug Induced Liver Injury,GENE_ASSOCIATED_WITH_DISEASE
PTGER2,"Liver Cirrhosis, Experimental",GENE_ASSOCIATED_WITH_DISEASE
PTGES2,Chemical and Drug Induced Liver Injury,GENE_ASSOCIATED_WITH_DISEASE
PTGES3,Neurotoxicity Syndromes,GENE_ASSOCIATED_WITH_DISEASE
PTGIR,Heart Diseases,GENE_ASSOCIATED_WITH_DISEASE
PTGS1,Heart Failure,GENE_ASSOCIATED_WITH_DISEASE
PTGS1,"Liver Cirrhosis, Experimental",GENE_ASSOCIATED_WITH_DISEASE
PTGS2,"Arrhythmias, Cardiac",GENE_ASSOCIATED_WITH_DISEASE
PTGS2,Brain Injuries,GENE_ASSOCIATED_WITH_DISEASE
PTGS2,"Brain Injuries, Traumatic",GENE_ASSOCIATED_WITH_DISEASE
PTGS2,Brain Ischemia,GENE_ASSOCIATED_WITH_DISEASE
PTGS2,"Carcinoma, Hepatocellular",GENE_ASSOCIATED_WITH_DISEASE
PTGS2,Cardiomyopathies,GENE_ASSOCIATED_WITH_DISEASE
PTGS2,Cardiovascular Diseases,GENE_ASSOCIATED_WITH_DISEASE
PTGS2,Chemical and Drug Induced Liver Injury,GENE_ASSOCIATED_WITH_DISEASE
PTGS2,Heart Failure,GENE_ASSOCIATED_WITH_DISEASE
PTGS2,"Liver Cirrhosis, Experimental",GENE_ASSOCIATED_WITH_DISEASE
PTGS2,Neurogenic Inflammation,GENE_ASSOCIATED_WITH_DISEASE
PTGS2,Pericardial Effusion,GENE_ASSOCIATED_WITH_DISEASE
PTH,Heart Failure,GENE_ASSOCIATED_WITH_DISEASE
PTH1R,"Carcinoma, Hepatocellular",GENE_ASSOCIATED_WITH_DISEASE
PTHLH,Neuroendocrine Tumors,GENE_ASSOCIATED_WITH_DISEASE
PTK2,"Carcinoma, Hepatocellular",GENE_ASSOCIATED_WITH_DISEASE
PTK7,Neurodevelopmental Disorders,GENE_ASSOCIATED_WITH_DISEASE
PTMA,Fatty Liver,GENE_ASSOCIATED_WITH_DISEASE
PTN,"Liver Cirrhosis, Experimental",GENE_ASSOCIATED_WITH_DISEASE
PTP4A2,"Heart Failure, Diastolic",GENE_ASSOCIATED_WITH_DISEASE
PTPN1,"Liver Cirrhosis, Experimental",GENE_ASSOCIATED_WITH_DISEASE
PTPN11,Cardiofaciocutaneous syndrome,GENE_ASSOCIATED_WITH_DISEASE
PTPN11,Neuroblastoma,GENE_ASSOCIATED_WITH_DISEASE
PTPN11,Neurodevelopmental Disorders,GENE_ASSOCIATED_WITH_DISEASE
PTPN14,Neuroblastoma,GENE_ASSOCIATED_WITH_DISEASE
PTPN18,"Liver Cirrhosis, Experimental",GENE_ASSOCIATED_WITH_DISEASE
PTPN3,"Heart Failure, Diastolic",GENE_ASSOCIATED_WITH_DISEASE
PTPN6,Heart Valve Diseases,GENE_ASSOCIATED_WITH_DISEASE
PTPRA,Myocardial Ischemia,GENE_ASSOCIATED_WITH_DISEASE
PTPRC,Gastro-enteropancreatic neuroendocrine tumor,GENE_ASSOCIATED_WITH_DISEASE
PTPRC,"Liver Cirrhosis, Experimental",GENE_ASSOCIATED_WITH_DISEASE
PTPRD,"Liver Cirrhosis, Experimental",GENE_ASSOCIATED_WITH_DISEASE
PTPRF,Heart Failure,GENE_ASSOCIATED_WITH_DISEASE
PTPRO,"Liver Cirrhosis, Experimental",GENE_ASSOCIATED_WITH_DISEASE
PTPRO,Liver Neoplasms,GENE_ASSOCIATED_WITH_DISEASE
PTRH1,"Liver Cirrhosis, Experimental",GENE_ASSOCIATED_WITH_DISEASE
PTRH2,"NEUROLOGIC, ENDOCRINE, AND PANCREATIC DISEASE, MULTISYSTEM, INFANTILE-ONSET 1",GENE_ASSOCIATED_WITH_DISEASE
PTRHD1,"Liver Cirrhosis, Experimental",GENE_ASSOCIATED_WITH_DISEASE
PTTG1,"Carcinoma, Hepatocellular",GENE_ASSOCIATED_WITH_DISEASE
PUM1,Chemical and Drug Induced Liver Injury,GENE_ASSOCIATED_WITH_DISEASE
PURA,Neurodevelopmental Disorders,GENE_ASSOCIATED_WITH_DISEASE
PURA,"NEURODEVELOPMENTAL DISORDER WITH NEONATAL RESPIRATORY INSUFFICIENCY, HYPOTONIA, AND FEEDING DIFFICULTIES",GENE_ASSOCIATED_WITH_DISEASE
PUS3,NEURODEVELOPMENTAL DISORDER WITH MICROCEPHALY AND GRAY SCLERAE,GENE_ASSOCIATED_WITH_DISEASE
PVT1,Liver Cirrhosis,GENE_ASSOCIATED_WITH_DISEASE
PXDN,"Liver Cirrhosis, Experimental",GENE_ASSOCIATED_WITH_DISEASE
PYCARD,"Carcinoma, Hepatocellular",GENE_ASSOCIATED_WITH_DISEASE
PYCARD,Heart Valve Diseases,GENE_ASSOCIATED_WITH_DISEASE
PYCARD,"Liver Cirrhosis, Experimental",GENE_ASSOCIATED_WITH_DISEASE
PYCR1,"Liver Cirrhosis, Experimental",GENE_ASSOCIATED_WITH_DISEASE
PYGB,Myocardial Ischemia,GENE_ASSOCIATED_WITH_DISEASE
PYGL,"Carcinoma, Hepatocellular",GENE_ASSOCIATED_WITH_DISEASE
PYGL,Chemical and Drug Induced Liver Injury,GENE_ASSOCIATED_WITH_DISEASE
PZP,"Carcinoma, Hepatocellular",GENE_ASSOCIATED_WITH_DISEASE
PZP,Chemical and Drug Induced Liver Injury,GENE_ASSOCIATED_WITH_DISEASE
QARS1,"MICROCEPHALY, PROGRESSIVE, WITH SEIZURES AND CEREBRAL AND CEREBELLAR ATROPHY",GENE_ASSOCIATED_WITH_DISEASE
QDPR,"Liver Failure, Acute",GENE_ASSOCIATED_WITH_DISEASE
R3HDM2,"Liver Cirrhosis, Experimental",GENE_ASSOCIATED_WITH_DISEASE
RAB12,Myocardial Ischemia,GENE_ASSOCIATED_WITH_DISEASE
RAB1B,Myocardial Ischemia,GENE_ASSOCIATED_WITH_DISEASE
RAB30,"Liver Cirrhosis, Experimental",GENE_ASSOCIATED_WITH_DISEASE
RAB31,"Liver Cirrhosis, Experimental",GENE_ASSOCIATED_WITH_DISEASE
RAB32,"Liver Cirrhosis, Experimental",GENE_ASSOCIATED_WITH_DISEASE
RAB40B,"Liver Cirrhosis, Experimental",GENE_ASSOCIATED_WITH_DISEASE
RAB5A,Myocardial Ischemia,GENE_ASSOCIATED_WITH_DISEASE
RAB7A,Myocardial Ischemia,GENE_ASSOCIATED_WITH_DISEASE
RAB8B,"Liver Cirrhosis, Experimental",GENE_ASSOCIATED_WITH_DISEASE
RABGAP1L,"Liver Cirrhosis, Experimental",GENE_ASSOCIATED_WITH_DISEASE
RAC1,"Carcinoma, Hepatocellular",GENE_ASSOCIATED_WITH_DISEASE
RAC1,"Cardiomyopathy, Dilated",GENE_ASSOCIATED_WITH_DISEASE
RAC1,Cardiotoxicity,GENE_ASSOCIATED_WITH_DISEASE
RAC1,Heart Failure,GENE_ASSOCIATED_WITH_DISEASE
RAC1,Liver Diseases,GENE_ASSOCIATED_WITH_DISEASE
RAC2,Heart Diseases,GENE_ASSOCIATED_WITH_DISEASE
RAC2,"Liver Cirrhosis, Experimental",GENE_ASSOCIATED_WITH_DISEASE
RACGAP1,"Carcinoma, Hepatocellular",GENE_ASSOCIATED_WITH_DISEASE
RAD54L,"Carcinoma, Hepatocellular",GENE_ASSOCIATED_WITH_DISEASE
RAF1,"Cardiomyopathy, Dilated",GENE_ASSOCIATED_WITH_DISEASE
RAF1,"CARDIOMYOPATHY, DILATED, 1NN",GENE_ASSOCIATED_WITH_DISEASE
RAF1,"Cardiomyopathy, Hypertrophic",GENE_ASSOCIATED_WITH_DISEASE
RAF1,Liver Neoplasms,GENE_ASSOCIATED_WITH_DISEASE
RAG2,Non-alcoholic Fatty Liver Disease,GENE_ASSOCIATED_WITH_DISEASE
RAI1,Neurobehavioral Manifestations,GENE_ASSOCIATED_WITH_DISEASE
RALBP1,Myocardial Ischemia,GENE_ASSOCIATED_WITH_DISEASE
RAMP1,"Liver Cirrhosis, Experimental",GENE_ASSOCIATED_WITH_DISEASE
RARA,"Carcinoma, Hepatocellular",GENE_ASSOCIATED_WITH_DISEASE
RARA,Sciatic Neuropathy,GENE_ASSOCIATED_WITH_DISEASE
RARB,Sciatic Neuropathy,GENE_ASSOCIATED_WITH_DISEASE
RARG,Cardiotoxicity,GENE_ASSOCIATED_WITH_DISEASE
RARG,Heart Diseases,GENE_ASSOCIATED_WITH_DISEASE
RARRES1,"Liver Cirrhosis, Experimental",GENE_ASSOCIATED_WITH_DISEASE
RASA1,Chemical and Drug Induced Liver Injury,GENE_ASSOCIATED_WITH_DISEASE
RASSF1,"Cardiomyopathy, Hypertrophic",GENE_ASSOCIATED_WITH_DISEASE
RASSF4,"Liver Cirrhosis, Experimental",GENE_ASSOCIATED_WITH_DISEASE
RASSF5,Neuroblastoma,GENE_ASSOCIATED_WITH_DISEASE
RB1,Brain Ischemia,GENE_ASSOCIATED_WITH_DISEASE
RB1,"Carcinoma, Hepatocellular",GENE_ASSOCIATED_WITH_DISEASE
RB1,"Liver Neoplasms, Experimental",GENE_ASSOCIATED_WITH_DISEASE
RBCK1,Cardiomegaly,GENE_ASSOCIATED_WITH_DISEASE
RBL2,"Liver Cirrhosis, Experimental",GENE_ASSOCIATED_WITH_DISEASE
RBM20,"Cardiomyopathy, Dilated, 1DD",GENE_ASSOCIATED_WITH_DISEASE
RBM28,"Alopecia, Neurologic Defects, and Endocrinopathy Syndrome",GENE_ASSOCIATED_WITH_DISEASE
RBM3,"Liver Cirrhosis, Experimental",GENE_ASSOCIATED_WITH_DISEASE
RBMY,"Carcinoma, Hepatocellular",GENE_ASSOCIATED_WITH_DISEASE
RBMY,"Liver Neoplasms, Experimental",GENE_ASSOCIATED_WITH_DISEASE
RBP1,Chemical and Drug Induced Liver Injury,GENE_ASSOCIATED_WITH_DISEASE
RBP4,Heart Failure,GENE_ASSOCIATED_WITH_DISEASE
RBP4,"Liver Diseases, Alcoholic",GENE_ASSOCIATED_WITH_DISEASE
RBPJ,Adams Oliver syndrome,GENE_ASSOCIATED_WITH_DISEASE
RCAN1,"Carcinoma, Hepatocellular",GENE_ASSOCIATED_WITH_DISEASE
RCAN1,"Heart Defects, Congenital",GENE_ASSOCIATED_WITH_DISEASE
RCAN2,Non-alcoholic Fatty Liver Disease,GENE_ASSOCIATED_WITH_DISEASE
RCN1,"Liver Cirrhosis, Experimental",GENE_ASSOCIATED_WITH_DISEASE
RCN2,"Liver Cirrhosis, Experimental",GENE_ASSOCIATED_WITH_DISEASE
RCSD1,"Liver Cirrhosis, Experimental",GENE_ASSOCIATED_WITH_DISEASE
RDH10,"Liver Cirrhosis, Experimental",GENE_ASSOCIATED_WITH_DISEASE
RDH13,Chemical and Drug Induced Liver Injury,GENE_ASSOCIATED_WITH_DISEASE
RDH13,"Liver Cirrhosis, Experimental",GENE_ASSOCIATED_WITH_DISEASE
RDH2,"Liver Cirrhosis, Experimental",GENE_ASSOCIATED_WITH_DISEASE
RDH3,"Liver Cirrhosis, Experimental",GENE_ASSOCIATED_WITH_DISEASE
RDX,Non-alcoholic Fatty Liver Disease,GENE_ASSOCIATED_WITH_DISEASE
RECK,"Liver Cirrhosis, Experimental",GENE_ASSOCIATED_WITH_DISEASE
REEP1,"Neuronopathy, Distal Hereditary Motor, Type V",GENE_ASSOCIATED_WITH_DISEASE
REEP5,Chemical and Drug Induced Liver Injury,GENE_ASSOCIATED_WITH_DISEASE
REEP5,"Liver Cirrhosis, Experimental",GENE_ASSOCIATED_WITH_DISEASE
RELA,"Brain Injuries, Traumatic",GENE_ASSOCIATED_WITH_DISEASE
RELA,Brain Ischemia,GENE_ASSOCIATED_WITH_DISEASE
RELA,Brain Neoplasms,GENE_ASSOCIATED_WITH_DISEASE
RELA,"Cholestasis, Extrahepatic",GENE_ASSOCIATED_WITH_DISEASE
RELA,Hepatic Insufficiency,GENE_ASSOCIATED_WITH_DISEASE
RELA,Hepatomegaly,GENE_ASSOCIATED_WITH_DISEASE
RELA,"Liver Cirrhosis, Alcoholic",GENE_ASSOCIATED_WITH_DISEASE
RELA,"Liver Cirrhosis, Biliary",GENE_ASSOCIATED_WITH_DISEASE
RELA,"Liver Cirrhosis, Experimental",GENE_ASSOCIATED_WITH_DISEASE
RELA,Neuroblastoma,GENE_ASSOCIATED_WITH_DISEASE
RELL1,"Liver Cirrhosis, Experimental",GENE_ASSOCIATED_WITH_DISEASE
REN,Cardiomegaly,GENE_ASSOCIATED_WITH_DISEASE
REN,Heart Failure,GENE_ASSOCIATED_WITH_DISEASE
REN,Liver Cirrhosis,GENE_ASSOCIATED_WITH_DISEASE
REN,Myocardial Infarction,GENE_ASSOCIATED_WITH_DISEASE
REN2,Cardiomegaly,GENE_ASSOCIATED_WITH_DISEASE
REN2,"Cardiomyopathy, Hypertrophic",GENE_ASSOCIATED_WITH_DISEASE
RENBP,"Cardiomyopathy, Dilated",GENE_ASSOCIATED_WITH_DISEASE
RERE,"NEURODEVELOPMENTAL DISORDER WITH OR WITHOUT ANOMALIES OF THE BRAIN, EYE, OR HEART",GENE_ASSOCIATED_WITH_DISEASE
RETN,Heart Failure,GENE_ASSOCIATED_WITH_DISEASE
RETREG1,Hereditary Sensory and Autonomic Neuropathies,GENE_ASSOCIATED_WITH_DISEASE
RETREG1,"NEUROPATHY, HEREDITARY SENSORY AND AUTONOMIC, TYPE IIA",GENE_ASSOCIATED_WITH_DISEASE
RETREG1,"Neuropathy, Hereditary Sensory And Autonomic, Type IIB",GENE_ASSOCIATED_WITH_DISEASE
RFC1,Hereditary Sensory and Motor Neuropathy,GENE_ASSOCIATED_WITH_DISEASE
RFC1,"Neuropathy, Hereditary Sensory And Autonomic, Type I, With Cough And Gastroesophageal Reflux",GENE_ASSOCIATED_WITH_DISEASE
RGCC,Myocardial Ischemia,GENE_ASSOCIATED_WITH_DISEASE
RGD1565959,Hepatomegaly,GENE_ASSOCIATED_WITH_DISEASE
RGN,Chemical and Drug Induced Liver Injury,GENE_ASSOCIATED_WITH_DISEASE
RGN,Liver Cirrhosis,GENE_ASSOCIATED_WITH_DISEASE
RGN,"Liver Cirrhosis, Experimental",GENE_ASSOCIATED_WITH_DISEASE
RGN,"Liver Neoplasms, Experimental",GENE_ASSOCIATED_WITH_DISEASE
RGS10,"Liver Cirrhosis, Experimental",GENE_ASSOCIATED_WITH_DISEASE
RGS2,"Liver Cirrhosis, Experimental",GENE_ASSOCIATED_WITH_DISEASE
RGS3,"Liver Cirrhosis, Experimental",GENE_ASSOCIATED_WITH_DISEASE
RGS5,"Liver Cirrhosis, Experimental",GENE_ASSOCIATED_WITH_DISEASE
RHOA,Neurocutaneous Syndromes,GENE_ASSOCIATED_WITH_DISEASE
RHOC,Myocardial Ischemia,GENE_ASSOCIATED_WITH_DISEASE
RHOJ,Cardiomyopathies,GENE_ASSOCIATED_WITH_DISEASE
RHOQ,"Liver Cirrhosis, Experimental",GENE_ASSOCIATED_WITH_DISEASE
RIDA,"Liver Failure, Acute",GENE_ASSOCIATED_WITH_DISEASE
RIGI,Hepatitis C,GENE_ASSOCIATED_WITH_DISEASE
RIMS1,Neurodevelopmental Disorders,GENE_ASSOCIATED_WITH_DISEASE
RIPK3,Chemical and Drug Induced Liver Injury,GENE_ASSOCIATED_WITH_DISEASE
RIPK3,Fatty Liver,GENE_ASSOCIATED_WITH_DISEASE
RIPK3,Heart Valve Diseases,GENE_ASSOCIATED_WITH_DISEASE
RIT1,"Liver Cirrhosis, Experimental",GENE_ASSOCIATED_WITH_DISEASE
RLN3,Myocardial Ischemia,GENE_ASSOCIATED_WITH_DISEASE
RMDN2,"Liver Cirrhosis, Experimental",GENE_ASSOCIATED_WITH_DISEASE
RMND5B,"Liver Cirrhosis, Experimental",GENE_ASSOCIATED_WITH_DISEASE
RMST,Heart Failure,GENE_ASSOCIATED_WITH_DISEASE
RNASE4,"Liver Cirrhosis, Experimental",GENE_ASSOCIATED_WITH_DISEASE
RNASE6,Liver Diseases,GENE_ASSOCIATED_WITH_DISEASE
RNASE6,Neurotoxicity Syndromes,GENE_ASSOCIATED_WITH_DISEASE
RNASEH2A,Aicardi-Goutieres Syndrome 4,GENE_ASSOCIATED_WITH_DISEASE
RNASEH2B,Aicardi-Goutieres syndrome,GENE_ASSOCIATED_WITH_DISEASE
RNASEH2C,Aicardi-Goutieres Syndrome 3,GENE_ASSOCIATED_WITH_DISEASE
RNASEL,"Liver Cirrhosis, Experimental",GENE_ASSOCIATED_WITH_DISEASE
RNASET2,Brain Diseases,GENE_ASSOCIATED_WITH_DISEASE
RND3,"Carcinoma, Hepatocellular",GENE_ASSOCIATED_WITH_DISEASE
RNF10,Cardiotoxicity,GENE_ASSOCIATED_WITH_DISEASE
RNF157,"Carcinoma, Hepatocellular",GENE_ASSOCIATED_WITH_DISEASE
RNF39,"Liver Cirrhosis, Experimental",GENE_ASSOCIATED_WITH_DISEASE
RNF43,"Liver Diseases, Parasitic",GENE_ASSOCIATED_WITH_DISEASE
ROBO1,"Carcinoma, Hepatocellular",GENE_ASSOCIATED_WITH_DISEASE
ROBO2,"Liver Cirrhosis, Experimental",GENE_ASSOCIATED_WITH_DISEASE
ROBO2,"Liver Diseases, Parasitic",GENE_ASSOCIATED_WITH_DISEASE
ROCK2,Cardiomegaly,GENE_ASSOCIATED_WITH_DISEASE
ROCK2,Heart Failure,GENE_ASSOCIATED_WITH_DISEASE
RPH3AL,"Liver Cirrhosis, Experimental",GENE_ASSOCIATED_WITH_DISEASE
RPL17,Myocardial Ischemia,GENE_ASSOCIATED_WITH_DISEASE
RPS6,"Carcinoma, Hepatocellular",GENE_ASSOCIATED_WITH_DISEASE
RPS6KA3,"Carcinoma, Hepatocellular",GENE_ASSOCIATED_WITH_DISEASE
RPS6KB1,"Ceroid lipofuscinosis, neuronal 1, infantile",GENE_ASSOCIATED_WITH_DISEASE
RRAD,Cardiomegaly,GENE_ASSOCIATED_WITH_DISEASE
RRAS2,"Liver Neoplasms, Experimental",GENE_ASSOCIATED_WITH_DISEASE
RRM1,"Carcinoma, Hepatocellular",GENE_ASSOCIATED_WITH_DISEASE
RRM2,"Carcinoma, Hepatocellular",GENE_ASSOCIATED_WITH_DISEASE
RSAD2,Heart Failure,GENE_ASSOCIATED_WITH_DISEASE
RSAD2,Myocardial Ischemia,GENE_ASSOCIATED_WITH_DISEASE
RSPO3,"Carcinoma, Hepatocellular",GENE_ASSOCIATED_WITH_DISEASE
RSRP1,"Liver Cirrhosis, Experimental",GENE_ASSOCIATED_WITH_DISEASE
RT1-BA,"Liver Cirrhosis, Experimental",GENE_ASSOCIATED_WITH_DISEASE
RT1-CE5,"Liver Cirrhosis, Experimental",GENE_ASSOCIATED_WITH_DISEASE
RT1-DA,"Liver Cirrhosis, Experimental",GENE_ASSOCIATED_WITH_DISEASE
RT1-DB1,"Liver Cirrhosis, Experimental",GENE_ASSOCIATED_WITH_DISEASE
RT1-DMA,"Liver Cirrhosis, Experimental",GENE_ASSOCIATED_WITH_DISEASE
RT1-DMB,"Liver Cirrhosis, Experimental",GENE_ASSOCIATED_WITH_DISEASE
RT1-DOA,Liver Diseases,GENE_ASSOCIATED_WITH_DISEASE
RT1-M3-1,"Liver Cirrhosis, Experimental",GENE_ASSOCIATED_WITH_DISEASE
RT1-N3,Myocardial Ischemia,GENE_ASSOCIATED_WITH_DISEASE
RTN1,Myocardial Ischemia,GENE_ASSOCIATED_WITH_DISEASE
RTN4,"Liver Cirrhosis, Experimental",GENE_ASSOCIATED_WITH_DISEASE
RTP3,"Carcinoma, Hepatocellular",GENE_ASSOCIATED_WITH_DISEASE
RTP3,"Liver Cirrhosis, Experimental",GENE_ASSOCIATED_WITH_DISEASE
RTP3,Liver Neoplasms,GENE_ASSOCIATED_WITH_DISEASE
RUNX3,"Carcinoma, Hepatocellular",GENE_ASSOCIATED_WITH_DISEASE
RUNX3,Gastro-enteropancreatic neuroendocrine tumor,GENE_ASSOCIATED_WITH_DISEASE
RXRA,Sciatic Neuropathy,GENE_ASSOCIATED_WITH_DISEASE
RXRG,Myocardial Ischemia,GENE_ASSOCIATED_WITH_DISEASE
RYR2,"Arrhythmias, Cardiac",GENE_ASSOCIATED_WITH_DISEASE
RYR2,"Death, Sudden, Cardiac",GENE_ASSOCIATED_WITH_DISEASE
RYR2,Diabetic Cardiomyopathies,GENE_ASSOCIATED_WITH_DISEASE
RYR2,Myocardial Ischemia,GENE_ASSOCIATED_WITH_DISEASE
RYR2,Polymorphic Catecholaminergic Ventricular Tachycardia,GENE_ASSOCIATED_WITH_DISEASE
RYR2,Tachycardia,GENE_ASSOCIATED_WITH_DISEASE
RYR2,"Tachycardia, Ventricular",GENE_ASSOCIATED_WITH_DISEASE
RYR2,"VENTRICULAR TACHYCARDIA, CATECHOLAMINERGIC POLYMORPHIC, 1, WITH OR WITHOUT ATRIAL DYSFUNCTION AND/OR DILATED CARDIOMYOPATHY",GENE_ASSOCIATED_WITH_DISEASE
S100A10,"Liver Cirrhosis, Experimental",GENE_ASSOCIATED_WITH_DISEASE
S100A11,Chemical and Drug Induced Liver Injury,GENE_ASSOCIATED_WITH_DISEASE
S100A11,"Liver Cirrhosis, Experimental",GENE_ASSOCIATED_WITH_DISEASE
S100A5,"Infarction, Middle Cerebral Artery",GENE_ASSOCIATED_WITH_DISEASE
S100A6,"Liver Cirrhosis, Experimental",GENE_ASSOCIATED_WITH_DISEASE
S100A9,"Liver Cirrhosis, Experimental",GENE_ASSOCIATED_WITH_DISEASE
S100B,Brain Edema,GENE_ASSOCIATED_WITH_DISEASE
S100B,Brain Injuries,GENE_ASSOCIATED_WITH_DISEASE
S100B,"Brain Injuries, Diffuse",GENE_ASSOCIATED_WITH_DISEASE
S100B,Brain Neoplasms,GENE_ASSOCIATED_WITH_DISEASE
S100B,Cerebral Hemorrhage,GENE_ASSOCIATED_WITH_DISEASE
S100B,Hepatic Encephalopathy,GENE_ASSOCIATED_WITH_DISEASE
S100B,Myocardial Infarction,GENE_ASSOCIATED_WITH_DISEASE
S1PR1,"Liver Cirrhosis, Experimental",GENE_ASSOCIATED_WITH_DISEASE
S1PR2,Heart Diseases,GENE_ASSOCIATED_WITH_DISEASE
SACK1D,"Carcinoma, Hepatocellular",GENE_ASSOCIATED_WITH_DISEASE
SALL4,"Heart Septal Defects, Ventricular",GENE_ASSOCIATED_WITH_DISEASE
SAMD11,"Liver Cirrhosis, Experimental",GENE_ASSOCIATED_WITH_DISEASE
SAMHD1,Aicardi-Goutieres syndrome,GENE_ASSOCIATED_WITH_DISEASE
SAMHD1,Aicardi-Goutieres syndrome 5,GENE_ASSOCIATED_WITH_DISEASE
SAP130,Hypoplastic Left Heart Syndrome,GENE_ASSOCIATED_WITH_DISEASE
SAP130A,"Heart Defects, Congenital",GENE_ASSOCIATED_WITH_DISEASE
SASH3,"Liver Cirrhosis, Experimental",GENE_ASSOCIATED_WITH_DISEASE
SBSPON,Hepatomegaly,GENE_ASSOCIATED_WITH_DISEASE
SC5D,Liver Diseases,GENE_ASSOCIATED_WITH_DISEASE
SCAP,"Carcinoma, Hepatocellular",GENE_ASSOCIATED_WITH_DISEASE
SCARB1,Hepatitis C,GENE_ASSOCIATED_WITH_DISEASE
SCARB1,Non-alcoholic Fatty Liver Disease,GENE_ASSOCIATED_WITH_DISEASE
SCD,"Carcinoma, Hepatocellular",GENE_ASSOCIATED_WITH_DISEASE
SCD,Liver Neoplasms,GENE_ASSOCIATED_WITH_DISEASE
SCD1,Fatty Liver,GENE_ASSOCIATED_WITH_DISEASE
SCD1,Heart Failure,GENE_ASSOCIATED_WITH_DISEASE
SCD2,"Liver Cirrhosis, Experimental",GENE_ASSOCIATED_WITH_DISEASE
SCN10A,Heart Block,GENE_ASSOCIATED_WITH_DISEASE
SCN11A,"NEUROPATHY, HEREDITARY SENSORY AND AUTONOMIC, TYPE VII",GENE_ASSOCIATED_WITH_DISEASE
SCN1A,Neurodevelopmental Disorders,GENE_ASSOCIATED_WITH_DISEASE
SCN2A,Neurodevelopmental Disorders,GENE_ASSOCIATED_WITH_DISEASE
SCN5A,"Cardiomyopathy, Dilated, 1E",GENE_ASSOCIATED_WITH_DISEASE
SCN5A,"PROGRESSIVE FAMILIAL HEART BLOCK, TYPE IA",GENE_ASSOCIATED_WITH_DISEASE
SCN5A,"Tachycardia, Ventricular",GENE_ASSOCIATED_WITH_DISEASE
SCN8A,Neurodevelopmental Disorders,GENE_ASSOCIATED_WITH_DISEASE
SCN9A,"NEUROPATHY, HEREDITARY SENSORY AND AUTONOMIC, TYPE IIA",GENE_ASSOCIATED_WITH_DISEASE
SCO1,Brain Diseases,GENE_ASSOCIATED_WITH_DISEASE
SCO1,Heart Diseases,GENE_ASSOCIATED_WITH_DISEASE
SCO1,Liver Diseases,GENE_ASSOCIATED_WITH_DISEASE
SCO1,"Liver Failure, Acute",GENE_ASSOCIATED_WITH_DISEASE
SCO2,"Brain Diseases, Metabolic, Inborn",GENE_ASSOCIATED_WITH_DISEASE
SCO2,"Cardioencephalomyopathy, Fatal Infantile, due to Cytochrome C Oxidase Deficiency",GENE_ASSOCIATED_WITH_DISEASE
SCO2,Cardiomyopathies,GENE_ASSOCIATED_WITH_DISEASE
SCO2,"Cardiomyopathy, Hypertrophic",GENE_ASSOCIATED_WITH_DISEASE
SCP2,LEUKOENCEPHALOPATHY WITH DYSTONIA AND MOTOR NEUROPATHY,GENE_ASSOCIATED_WITH_DISEASE
SCP2,Polyneuropathies,GENE_ASSOCIATED_WITH_DISEASE
SCT,Tachycardia,GENE_ASSOCIATED_WITH_DISEASE
SDHA,"Cardiomyopathy, Dilated",GENE_ASSOCIATED_WITH_DISEASE
SDHAF2,Hepatolenticular Degeneration,GENE_ASSOCIATED_WITH_DISEASE
SDR42E1,"Liver Cirrhosis, Experimental",GENE_ASSOCIATED_WITH_DISEASE
SDS,"Liver Cirrhosis, Experimental",GENE_ASSOCIATED_WITH_DISEASE
SEC63,Polycystic liver disease,GENE_ASSOCIATED_WITH_DISEASE
SECTM1B,"Liver Cirrhosis, Experimental",GENE_ASSOCIATED_WITH_DISEASE
SELE,Brain Ischemia,GENE_ASSOCIATED_WITH_DISEASE
SELE,Cardiovascular Diseases,GENE_ASSOCIATED_WITH_DISEASE
SELE,Myocardial Ischemia,GENE_ASSOCIATED_WITH_DISEASE
SELENBP1,Chemical and Drug Induced Liver Injury,GENE_ASSOCIATED_WITH_DISEASE
SELENBP2,"Liver Cirrhosis, Experimental",GENE_ASSOCIATED_WITH_DISEASE
SELENOM,"Liver Cirrhosis, Experimental",GENE_ASSOCIATED_WITH_DISEASE
SELENOP,"Liver Cirrhosis, Experimental",GENE_ASSOCIATED_WITH_DISEASE
SELENOP,Neurodegenerative Diseases,GENE_ASSOCIATED_WITH_DISEASE
SELENOW,"Liver Cirrhosis, Experimental",GENE_ASSOCIATED_WITH_DISEASE
SELL,Myocardial Infarction,GENE_ASSOCIATED_WITH_DISEASE
SELP,Myocardial Ischemia,GENE_ASSOCIATED_WITH_DISEASE
SELP,Myocardial Reperfusion Injury,GENE_ASSOCIATED_WITH_DISEASE
SELP,Neurobehavioral Manifestations,GENE_ASSOCIATED_WITH_DISEASE
SEMA3A,Chemical and Drug Induced Liver Injury,GENE_ASSOCIATED_WITH_DISEASE
SEMA3B,Neuroblastoma,GENE_ASSOCIATED_WITH_DISEASE
SEMA4A,Chemical and Drug Induced Liver Injury,GENE_ASSOCIATED_WITH_DISEASE
SEMA6D,"Liver Cirrhosis, Experimental",GENE_ASSOCIATED_WITH_DISEASE
SENP2,Chemical and Drug Induced Liver Injury,GENE_ASSOCIATED_WITH_DISEASE
SENP2,"Liver Cirrhosis, Experimental",GENE_ASSOCIATED_WITH_DISEASE
SERPINA1,"Carcinoma, Hepatocellular",GENE_ASSOCIATED_WITH_DISEASE
SERPINA1,Gastro-enteropancreatic neuroendocrine tumor,GENE_ASSOCIATED_WITH_DISEASE
SERPINA1,Liver Cirrhosis,GENE_ASSOCIATED_WITH_DISEASE
SERPINA1,Liver Diseases,GENE_ASSOCIATED_WITH_DISEASE
SERPINA1,Neurodegenerative Diseases,GENE_ASSOCIATED_WITH_DISEASE
SERPINA1,Non-alcoholic Fatty Liver Disease,GENE_ASSOCIATED_WITH_DISEASE
SERPINA3K,"Liver Cirrhosis, Experimental",GENE_ASSOCIATED_WITH_DISEASE
SERPINA3M,"Liver Cirrhosis, Experimental",GENE_ASSOCIATED_WITH_DISEASE
SERPINA4,"Carcinoma, Hepatocellular",GENE_ASSOCIATED_WITH_DISEASE
SERPINA4,"Liver Cirrhosis, Experimental",GENE_ASSOCIATED_WITH_DISEASE
SERPINA6,Chemical and Drug Induced Liver Injury,GENE_ASSOCIATED_WITH_DISEASE
SERPINA6,Fatty Liver,GENE_ASSOCIATED_WITH_DISEASE
SERPINA6,Liver Cirrhosis,GENE_ASSOCIATED_WITH_DISEASE
SERPINA6,"Liver Cirrhosis, Experimental",GENE_ASSOCIATED_WITH_DISEASE
SERPINA7,"Liver Cirrhosis, Experimental",GENE_ASSOCIATED_WITH_DISEASE
SERPINB2,Non-alcoholic Fatty Liver Disease,GENE_ASSOCIATED_WITH_DISEASE
SERPINB9,"Liver Cirrhosis, Experimental",GENE_ASSOCIATED_WITH_DISEASE
SERPINC1,Brain Injuries,GENE_ASSOCIATED_WITH_DISEASE
SERPINC1,Cerebral Hemorrhage,GENE_ASSOCIATED_WITH_DISEASE
SERPINC1,Craniocerebral Trauma,GENE_ASSOCIATED_WITH_DISEASE
SERPINC1,"Liver Failure, Acute",GENE_ASSOCIATED_WITH_DISEASE
SERPINE1,Fatty Liver,GENE_ASSOCIATED_WITH_DISEASE
SERPINE1,Heart Failure,GENE_ASSOCIATED_WITH_DISEASE
SERPINE1,Liver Diseases,GENE_ASSOCIATED_WITH_DISEASE
SERPING1,Chemical and Drug Induced Liver Injury,GENE_ASSOCIATED_WITH_DISEASE
SERPING1,Liver Cirrhosis,GENE_ASSOCIATED_WITH_DISEASE
SERPINH1,"Infarction, Middle Cerebral Artery",GENE_ASSOCIATED_WITH_DISEASE
SERPINH1,Liver Cirrhosis,GENE_ASSOCIATED_WITH_DISEASE
SERPINH1,"Liver Cirrhosis, Experimental",GENE_ASSOCIATED_WITH_DISEASE
SERPINI1,Familial encephalopathy with neuroserpin inclusion bodies,GENE_ASSOCIATED_WITH_DISEASE
SESN2,Chemical and Drug Induced Liver Injury,GENE_ASSOCIATED_WITH_DISEASE
SESN2,Hepatomegaly,GENE_ASSOCIATED_WITH_DISEASE
SETBP1,Neurodevelopmental Disorders,GENE_ASSOCIATED_WITH_DISEASE
SETD2,Neurodevelopmental Disorders,GENE_ASSOCIATED_WITH_DISEASE
SETD5,Neurodevelopmental Disorders,GENE_ASSOCIATED_WITH_DISEASE
SEZ6,"Liver Cirrhosis, Experimental",GENE_ASSOCIATED_WITH_DISEASE
SFN,"Carcinoma, Hepatocellular",GENE_ASSOCIATED_WITH_DISEASE
SFRP1,"Carcinoma, Hepatocellular",GENE_ASSOCIATED_WITH_DISEASE
SFRP1,Heart Diseases,GENE_ASSOCIATED_WITH_DISEASE
SFRP1,"Heart Failure, Diastolic",GENE_ASSOCIATED_WITH_DISEASE
SGCB,Cardiomyopathies,GENE_ASSOCIATED_WITH_DISEASE
SGCB,"Liver Cirrhosis, Experimental",GENE_ASSOCIATED_WITH_DISEASE
SGCD,Cardiomyopathies,GENE_ASSOCIATED_WITH_DISEASE
SGCD,"Cardiomyopathy, Dilated, 1l",GENE_ASSOCIATED_WITH_DISEASE
SGF29,Chemical and Drug Induced Liver Injury,GENE_ASSOCIATED_WITH_DISEASE
SGK1,Diabetic Neuropathies,GENE_ASSOCIATED_WITH_DISEASE
SGK2,"Liver Cirrhosis, Experimental",GENE_ASSOCIATED_WITH_DISEASE
SGO1,"Arrhythmias, Cardiac",GENE_ASSOCIATED_WITH_DISEASE
SH2B3,Myocardial Infarction,GENE_ASSOCIATED_WITH_DISEASE
SH3BGRL3,"Liver Cirrhosis, Experimental",GENE_ASSOCIATED_WITH_DISEASE
SH3GL1,"Carcinoma, Hepatocellular",GENE_ASSOCIATED_WITH_DISEASE
SH3TC2,"MONONEUROPATHY OF THE MEDIAN NERVE, MILD",GENE_ASSOCIATED_WITH_DISEASE
SHBG,"Cardiomyopathy, Dilated",GENE_ASSOCIATED_WITH_DISEASE
SHC1,Cardiomegaly,GENE_ASSOCIATED_WITH_DISEASE
SHC1,Chemical and Drug Induced Liver Injury,GENE_ASSOCIATED_WITH_DISEASE
SHC1,Liver Cirrhosis,GENE_ASSOCIATED_WITH_DISEASE
SHCBP1,"Liver Cirrhosis, Experimental",GENE_ASSOCIATED_WITH_DISEASE
SHFM1,Neuroblastoma,GENE_ASSOCIATED_WITH_DISEASE
SHH,"Carcinoma, Hepatocellular",GENE_ASSOCIATED_WITH_DISEASE
SHISA3,"Liver Cirrhosis, Experimental",GENE_ASSOCIATED_WITH_DISEASE
SIGLEC5,"Liver Cirrhosis, Experimental",GENE_ASSOCIATED_WITH_DISEASE
SIK1,"Cardiomyopathy, Dilated",GENE_ASSOCIATED_WITH_DISEASE
SIK2,"Carcinoma, Hepatocellular",GENE_ASSOCIATED_WITH_DISEASE
SIPA1L1,"Heart Failure, Diastolic",GENE_ASSOCIATED_WITH_DISEASE
SIRT1,Brain Infarction,GENE_ASSOCIATED_WITH_DISEASE
SIRT1,Brain Neoplasms,GENE_ASSOCIATED_WITH_DISEASE
SIRT1,"Ceroid lipofuscinosis, neuronal 1, infantile",GENE_ASSOCIATED_WITH_DISEASE
SIRT1,Fatty Liver,GENE_ASSOCIATED_WITH_DISEASE
SIRT1,Heart Diseases,GENE_ASSOCIATED_WITH_DISEASE
SIRT1,Heart Failure,GENE_ASSOCIATED_WITH_DISEASE
SIRT1,"Liver Cirrhosis, Experimental",GENE_ASSOCIATED_WITH_DISEASE
SIRT1,Myocardial Reperfusion Injury,GENE_ASSOCIATED_WITH_DISEASE
SIRT1,Neurodegenerative Diseases,GENE_ASSOCIATED_WITH_DISEASE
SIRT1,Non-alcoholic Fatty Liver Disease,GENE_ASSOCIATED_WITH_DISEASE
SIRT4,Cardiomegaly,GENE_ASSOCIATED_WITH_DISEASE
SIRT4,Endomyocardial Fibrosis,GENE_ASSOCIATED_WITH_DISEASE
SIRT6,Cardiomegaly,GENE_ASSOCIATED_WITH_DISEASE
SIRT6,Cardiotoxicity,GENE_ASSOCIATED_WITH_DISEASE
SIRT6,Endomyocardial Fibrosis,GENE_ASSOCIATED_WITH_DISEASE
SIRT6,Fatty Liver,GENE_ASSOCIATED_WITH_DISEASE
SIRT7,Fatty Liver,GENE_ASSOCIATED_WITH_DISEASE
SIX3,Liver Neoplasms,GENE_ASSOCIATED_WITH_DISEASE
SKA1,"Carcinoma, Hepatocellular",GENE_ASSOCIATED_WITH_DISEASE
SKA3,"Carcinoma, Hepatocellular",GENE_ASSOCIATED_WITH_DISEASE
SKAP2,"Liver Cirrhosis, Experimental",GENE_ASSOCIATED_WITH_DISEASE
SKIC2,Trichohepatoenteric Syndrome,GENE_ASSOCIATED_WITH_DISEASE
SKIC3,Trichohepatoenteric Syndrome,GENE_ASSOCIATED_WITH_DISEASE
SKN-1,"Gait Disorders, Neurologic",GENE_ASSOCIATED_WITH_DISEASE
SKN-1,Neuromuscular Manifestations,GENE_ASSOCIATED_WITH_DISEASE
SKP2,"Carcinoma, Hepatocellular",GENE_ASSOCIATED_WITH_DISEASE
SLA,"Liver Cirrhosis, Experimental",GENE_ASSOCIATED_WITH_DISEASE
SLAMF9,"Liver Cirrhosis, Experimental",GENE_ASSOCIATED_WITH_DISEASE
SLC10A1,Hepatitis B,GENE_ASSOCIATED_WITH_DISEASE
SLC10A1,"Liver Cirrhosis, Experimental",GENE_ASSOCIATED_WITH_DISEASE
SLC10A7,Chemical and Drug Induced Liver Injury,GENE_ASSOCIATED_WITH_DISEASE
SLC11A2,Liver Neoplasms,GENE_ASSOCIATED_WITH_DISEASE
SLC12A2,Cardiovascular Diseases,GENE_ASSOCIATED_WITH_DISEASE
SLC12A6,Corpus callosum agenesis neuronopathy,GENE_ASSOCIATED_WITH_DISEASE
SLC13A4,Chemical and Drug Induced Liver Injury,GENE_ASSOCIATED_WITH_DISEASE
SLC13A4,Liver Cirrhosis,GENE_ASSOCIATED_WITH_DISEASE
SLC13A5,Fatty Liver,GENE_ASSOCIATED_WITH_DISEASE
SLC15A3,"Liver Cirrhosis, Experimental",GENE_ASSOCIATED_WITH_DISEASE
SLC17A1,"Liver Cirrhosis, Experimental",GENE_ASSOCIATED_WITH_DISEASE
SLC17A2,Liver Cirrhosis,GENE_ASSOCIATED_WITH_DISEASE
SLC17A2,"Liver Cirrhosis, Experimental",GENE_ASSOCIATED_WITH_DISEASE
SLC19A2,"Liver Cirrhosis, Experimental",GENE_ASSOCIATED_WITH_DISEASE
SLC1A1,Brain Diseases,GENE_ASSOCIATED_WITH_DISEASE
SLC20A1,"Liver Cirrhosis, Experimental",GENE_ASSOCIATED_WITH_DISEASE
SLC22A1,"Carcinoma, Hepatocellular",GENE_ASSOCIATED_WITH_DISEASE
SLC22A10,"Carcinoma, Hepatocellular",GENE_ASSOCIATED_WITH_DISEASE
SLC22A23,"Liver Cirrhosis, Experimental",GENE_ASSOCIATED_WITH_DISEASE
SLC22A3,Myocarditis,GENE_ASSOCIATED_WITH_DISEASE
SLC22A4,Myocarditis,GENE_ASSOCIATED_WITH_DISEASE
SLC22A5,"Cardiomyopathy, Dilated",GENE_ASSOCIATED_WITH_DISEASE
SLC22A5,Myocarditis,GENE_ASSOCIATED_WITH_DISEASE
SLC22A8,Chemical and Drug Induced Liver Injury,GENE_ASSOCIATED_WITH_DISEASE
SLC22A8,Fatty Liver,GENE_ASSOCIATED_WITH_DISEASE
SLC22A8,Liver Cirrhosis,GENE_ASSOCIATED_WITH_DISEASE
SLC22A8,"Liver Cirrhosis, Experimental",GENE_ASSOCIATED_WITH_DISEASE
SLC23A1,"Liver Cirrhosis, Experimental",GENE_ASSOCIATED_WITH_DISEASE
SLC25A12,"Hypomyelination, Global Cerebral",GENE_ASSOCIATED_WITH_DISEASE
SLC25A13,"Liver Cirrhosis, Experimental",GENE_ASSOCIATED_WITH_DISEASE
SLC25A19,THIAMINE METABOLISM DYSFUNCTION SYNDROME 4 (BILATERAL STRIATAL DEGENERATION AND PROGRESSIVE POLYNEUROPATHY TYPE),GENE_ASSOCIATED_WITH_DISEASE
SLC25A24,"Liver Cirrhosis, Experimental",GENE_ASSOCIATED_WITH_DISEASE
SLC25A29,Chemical and Drug Induced Liver Injury,GENE_ASSOCIATED_WITH_DISEASE
SLC25A30,"Liver Cirrhosis, Experimental",GENE_ASSOCIATED_WITH_DISEASE
SLC25A4,Diabetic Cardiomyopathies,GENE_ASSOCIATED_WITH_DISEASE
SLC25A4,"Liver Cirrhosis, Experimental",GENE_ASSOCIATED_WITH_DISEASE
SLC25A4,"MITOCHONDRIAL DNA DEPLETION SYNDROME 12A (CARDIOMYOPATHIC TYPE), AUTOSOMAL DOMINANT",GENE_ASSOCIATED_WITH_DISEASE
SLC25A4,"MITOCHONDRIAL DNA DEPLETION SYNDROME 12B (CARDIOMYOPATHIC TYPE), AUTOSOMAL RECESSIVE",GENE_ASSOCIATED_WITH_DISEASE
SLC25A46,"NEUROPATHY, HEREDITARY MOTOR AND SENSORY, TYPE VIB, WITH OPTIC ATROPHY",GENE_ASSOCIATED_WITH_DISEASE
SLC25A47,"Carcinoma, Hepatocellular",GENE_ASSOCIATED_WITH_DISEASE
SLC26A6,"Carcinoma, Hepatocellular",GENE_ASSOCIATED_WITH_DISEASE
SLC29A3,"Heart Defects, Congenital",GENE_ASSOCIATED_WITH_DISEASE
SLC29A3,Hepatomegaly,GENE_ASSOCIATED_WITH_DISEASE
SLC2A1,"Carcinoma, Hepatocellular",GENE_ASSOCIATED_WITH_DISEASE
SLC2A1,"Cryohydrocytosis, Stomatin-Deficient, with Mental Retardation, Seizures, Cataracts, and Massive Hepatosplenomegaly",GENE_ASSOCIATED_WITH_DISEASE
SLC2A1,Liver Neoplasms,GENE_ASSOCIATED_WITH_DISEASE
SLC2A2,"Carcinoma, Hepatocellular",GENE_ASSOCIATED_WITH_DISEASE
SLC2A2,Fatty Liver,GENE_ASSOCIATED_WITH_DISEASE
SLC2A4,Cardiomegaly,GENE_ASSOCIATED_WITH_DISEASE
SLC30A10,Hypermanganesemia with Dystonia Polycythemia and Cirrhosis,GENE_ASSOCIATED_WITH_DISEASE
SLC30A10,Liver Cirrhosis,GENE_ASSOCIATED_WITH_DISEASE
SLC31A1,"Liver Neoplasms, Experimental",GENE_ASSOCIATED_WITH_DISEASE
SLC37A4,"Liver Cirrhosis, Experimental",GENE_ASSOCIATED_WITH_DISEASE
SLC38A9,Liver Neoplasms,GENE_ASSOCIATED_WITH_DISEASE
SLC39A6,"Liver Cirrhosis, Experimental",GENE_ASSOCIATED_WITH_DISEASE
SLC39A8,"Liver Cirrhosis, Experimental",GENE_ASSOCIATED_WITH_DISEASE
SLC40A1,Liver Neoplasms,GENE_ASSOCIATED_WITH_DISEASE
SLC43A2,"Liver Cirrhosis, Experimental",GENE_ASSOCIATED_WITH_DISEASE
SLC44A2,"Liver Cirrhosis, Experimental",GENE_ASSOCIATED_WITH_DISEASE
SLC46A1,"Liver Cirrhosis, Experimental",GENE_ASSOCIATED_WITH_DISEASE
SLC4A1,Pseudohyperkalemia Cardiff,GENE_ASSOCIATED_WITH_DISEASE
SLC4A2,"Liver Cirrhosis, Biliary",GENE_ASSOCIATED_WITH_DISEASE
SLC4A3,Heart Diseases,GENE_ASSOCIATED_WITH_DISEASE
SLC4A4,"Liver Cirrhosis, Experimental",GENE_ASSOCIATED_WITH_DISEASE
SLC51A,"Liver Cirrhosis, Biliary",GENE_ASSOCIATED_WITH_DISEASE
SLC51B,"Liver Cirrhosis, Biliary",GENE_ASSOCIATED_WITH_DISEASE
SLC5A5,"Carcinoma, Hepatocellular",GENE_ASSOCIATED_WITH_DISEASE
SLC5A7,"Neuropathy, Distal Hereditary Motor, Type VIIA",GENE_ASSOCIATED_WITH_DISEASE
SLC66A3,"Liver Cirrhosis, Experimental",GENE_ASSOCIATED_WITH_DISEASE
SLC66A3,Liver Neoplasms,GENE_ASSOCIATED_WITH_DISEASE
SLC6A1,Neurodevelopmental Disorders,GENE_ASSOCIATED_WITH_DISEASE
SLC6A5,Brain Diseases,GENE_ASSOCIATED_WITH_DISEASE
SLC6A6,Myocardial Ischemia,GENE_ASSOCIATED_WITH_DISEASE
SLC7A1,"Liver Cirrhosis, Experimental",GENE_ASSOCIATED_WITH_DISEASE
SLC8A1,Myocardial Ischemia,GENE_ASSOCIATED_WITH_DISEASE
SLC8A1,Myocardial Reperfusion Injury,GENE_ASSOCIATED_WITH_DISEASE
SLC9A1,"Cardiomyopathy, Hypertrophic",GENE_ASSOCIATED_WITH_DISEASE
SLC9A1,Heart Failure,GENE_ASSOCIATED_WITH_DISEASE
SLCO1A1,Liver Diseases,GENE_ASSOCIATED_WITH_DISEASE
SLCO1B1,Chemical and Drug Induced Liver Injury,GENE_ASSOCIATED_WITH_DISEASE
SLFN2,"Liver Cirrhosis, Experimental",GENE_ASSOCIATED_WITH_DISEASE
SLIT2,"Carcinoma, Hepatocellular",GENE_ASSOCIATED_WITH_DISEASE
SLPI,Chemical and Drug Induced Liver Injury,GENE_ASSOCIATED_WITH_DISEASE
SMAD2,Copper-Overload Cirrhosis,GENE_ASSOCIATED_WITH_DISEASE
SMAD2,"Hepatitis, Chronic",GENE_ASSOCIATED_WITH_DISEASE
SMAD2,"Liver Cirrhosis, Experimental",GENE_ASSOCIATED_WITH_DISEASE
SMAD3,Liver Cirrhosis,GENE_ASSOCIATED_WITH_DISEASE
SMAD3,"Liver Cirrhosis, Alcoholic",GENE_ASSOCIATED_WITH_DISEASE
SMAD4,"Liver Cirrhosis, Experimental",GENE_ASSOCIATED_WITH_DISEASE
SMAD4,"Liver Diseases, Parasitic",GENE_ASSOCIATED_WITH_DISEASE
SMARCC1,"Liver Cirrhosis, Experimental",GENE_ASSOCIATED_WITH_DISEASE
SMC1A,Neurodevelopmental Disorders,GENE_ASSOCIATED_WITH_DISEASE
SMC2,"Liver Cirrhosis, Experimental",GENE_ASSOCIATED_WITH_DISEASE
SMC3,Neurodevelopmental Disorders,GENE_ASSOCIATED_WITH_DISEASE
SMC5,"Liver Cirrhosis, Experimental",GENE_ASSOCIATED_WITH_DISEASE
SMG9,HEART AND BRAIN MALFORMATION SYNDROME,GENE_ASSOCIATED_WITH_DISEASE
SMO,Brain Neoplasms,GENE_ASSOCIATED_WITH_DISEASE
SMO,"Neuroectodermal Tumors, Primitive",GENE_ASSOCIATED_WITH_DISEASE
SMOC1,"Liver Cirrhosis, Experimental",GENE_ASSOCIATED_WITH_DISEASE
SMOC2,"Liver Cirrhosis, Experimental",GENE_ASSOCIATED_WITH_DISEASE
SMOX,"Infarction, Middle Cerebral Artery",GENE_ASSOCIATED_WITH_DISEASE
SNAI1,"Carcinoma, Hepatocellular",GENE_ASSOCIATED_WITH_DISEASE
SNAP23,"Liver Cirrhosis, Experimental",GENE_ASSOCIATED_WITH_DISEASE
SNAP23,Myocardial Ischemia,GENE_ASSOCIATED_WITH_DISEASE
SNAP25,Neurodevelopmental Disorders,GENE_ASSOCIATED_WITH_DISEASE
SNAP25,Neuromuscular Manifestations,GENE_ASSOCIATED_WITH_DISEASE
SNAP29,"Cerebral dysgenesis, neuropathy, ichthyosis, and palmoplantar keratoderma syndrome",GENE_ASSOCIATED_WITH_DISEASE
SNAP29,"Liver Cirrhosis, Experimental",GENE_ASSOCIATED_WITH_DISEASE
SNCA,Heart Failure,GENE_ASSOCIATED_WITH_DISEASE
SNCA,Hepatolenticular Degeneration,GENE_ASSOCIATED_WITH_DISEASE
SNCA,Neurobehavioral Manifestations,GENE_ASSOCIATED_WITH_DISEASE
SNCA,Neurodegenerative Diseases,GENE_ASSOCIATED_WITH_DISEASE
SNF4AGAMMA,Neurodegenerative Diseases,GENE_ASSOCIATED_WITH_DISEASE
SNHG11,Liver Neoplasms,GENE_ASSOCIATED_WITH_DISEASE
SNHG12,Neurotoxicity Syndromes,GENE_ASSOCIATED_WITH_DISEASE
SNORD118,Leukoencephalopathy Brain Calcifications and Cysts,GENE_ASSOCIATED_WITH_DISEASE
SNRPB,Cerebrocostomandibular Syndrome,GENE_ASSOCIATED_WITH_DISEASE
SNX10,Liver Neoplasms,GENE_ASSOCIATED_WITH_DISEASE
SNX18,Chemical and Drug Induced Liver Injury,GENE_ASSOCIATED_WITH_DISEASE
SNX27,"Carcinoma, Hepatocellular",GENE_ASSOCIATED_WITH_DISEASE
SNX27,"Liver Neoplasms, Experimental",GENE_ASSOCIATED_WITH_DISEASE
SNX7,"Liver Cirrhosis, Experimental",GENE_ASSOCIATED_WITH_DISEASE
SOAT1,"Liver Cirrhosis, Experimental",GENE_ASSOCIATED_WITH_DISEASE
SOCS1,"Liver Cirrhosis, Experimental",GENE_ASSOCIATED_WITH_DISEASE
SOCS1,Liver Diseases,GENE_ASSOCIATED_WITH_DISEASE
SOCS1,"Liver Neoplasms, Experimental",GENE_ASSOCIATED_WITH_DISEASE
SOCS2,"Carcinoma, Hepatocellular",GENE_ASSOCIATED_WITH_DISEASE
SOCS2,"Liver Cirrhosis, Experimental",GENE_ASSOCIATED_WITH_DISEASE
SOCS3,"Carcinoma, Hepatocellular",GENE_ASSOCIATED_WITH_DISEASE
SOCS3,Liver Diseases,GENE_ASSOCIATED_WITH_DISEASE
SOCS3,Myocardial Ischemia,GENE_ASSOCIATED_WITH_DISEASE
SOD1,Brain Ischemia,GENE_ASSOCIATED_WITH_DISEASE
SOD1,"Carcinoma, Hepatocellular",GENE_ASSOCIATED_WITH_DISEASE
SOD1,Chemical and Drug Induced Liver Injury,GENE_ASSOCIATED_WITH_DISEASE
SOD1,Fatty Liver,GENE_ASSOCIATED_WITH_DISEASE
SOD1,"Fatty Liver, Alcoholic",GENE_ASSOCIATED_WITH_DISEASE
SOD1,"Gait Disorders, Neurologic",GENE_ASSOCIATED_WITH_DISEASE
SOD1,Heart Failure,GENE_ASSOCIATED_WITH_DISEASE
SOD1,"Hepatitis, Chronic",GENE_ASSOCIATED_WITH_DISEASE
SOD1,Liver Diseases,GENE_ASSOCIATED_WITH_DISEASE
SOD1,Motor Neuron Disease,GENE_ASSOCIATED_WITH_DISEASE
SOD1,Myocardial Infarction,GENE_ASSOCIATED_WITH_DISEASE
SOD2,Brain Injuries,GENE_ASSOCIATED_WITH_DISEASE
SOD2,Brain Ischemia,GENE_ASSOCIATED_WITH_DISEASE
SOD2,Brain Neoplasms,GENE_ASSOCIATED_WITH_DISEASE
SOD2,"Carcinoma, Hepatocellular",GENE_ASSOCIATED_WITH_DISEASE
SOD2,Cardiomegaly,GENE_ASSOCIATED_WITH_DISEASE
SOD2,Cardiomyopathies,GENE_ASSOCIATED_WITH_DISEASE
SOD2,"Cardiomyopathy, Dilated",GENE_ASSOCIATED_WITH_DISEASE
SOD2,Cataract and cardiomyopathy,GENE_ASSOCIATED_WITH_DISEASE
SOD2,Chemical and Drug Induced Liver Injury,GENE_ASSOCIATED_WITH_DISEASE
SOD2,Fatty Liver,GENE_ASSOCIATED_WITH_DISEASE
SOD2,Heart Failure,GENE_ASSOCIATED_WITH_DISEASE
SOD2,"Infarction, Middle Cerebral Artery",GENE_ASSOCIATED_WITH_DISEASE
SOD2,Liver Cirrhosis,GENE_ASSOCIATED_WITH_DISEASE
SOD2,"Liver Cirrhosis, Alcoholic",GENE_ASSOCIATED_WITH_DISEASE
SOD2,Myocardial Infarction,GENE_ASSOCIATED_WITH_DISEASE
SOD2,Myocardial Ischemia,GENE_ASSOCIATED_WITH_DISEASE
SOD2,Neurodegenerative Diseases,GENE_ASSOCIATED_WITH_DISEASE
SOD2,"Shock, Cardiogenic",GENE_ASSOCIATED_WITH_DISEASE
SOD3,Chemical and Drug Induced Liver Injury,GENE_ASSOCIATED_WITH_DISEASE
SOD3,Heart Failure,GENE_ASSOCIATED_WITH_DISEASE
SORD,Chemical and Drug Induced Liver Injury,GENE_ASSOCIATED_WITH_DISEASE
SORD,Myocardial Reperfusion Injury,GENE_ASSOCIATED_WITH_DISEASE
SORL1,Chemical and Drug Induced Liver Injury,GENE_ASSOCIATED_WITH_DISEASE
SORT1,Cardiovascular Diseases,GENE_ASSOCIATED_WITH_DISEASE
SORT1,Liver Diseases,GENE_ASSOCIATED_WITH_DISEASE
SOX10,"Peripheral Demyelinating Neuropathy, Central Dysmyelination, Waardenburg Syndrome, and Hirschsprung Disease",GENE_ASSOCIATED_WITH_DISEASE
SOX2,Brain Neoplasms,GENE_ASSOCIATED_WITH_DISEASE
SOX2-OT,Heart Failure,GENE_ASSOCIATED_WITH_DISEASE
SOX4,Cardiomegaly,GENE_ASSOCIATED_WITH_DISEASE
SOX4,Heart Failure,GENE_ASSOCIATED_WITH_DISEASE
SOX4,"Liver Cirrhosis, Experimental",GENE_ASSOCIATED_WITH_DISEASE
SOX4,"Liver Neoplasms, Experimental",GENE_ASSOCIATED_WITH_DISEASE
SOX9A,Brain Neoplasms,GENE_ASSOCIATED_WITH_DISEASE
SP110,Hepatic venoocclusive disease with immunodeficiency,GENE_ASSOCIATED_WITH_DISEASE
SP140,"Liver Cirrhosis, Experimental",GENE_ASSOCIATED_WITH_DISEASE
SPARC,Hepatitis,GENE_ASSOCIATED_WITH_DISEASE
SPARC,Liver Cirrhosis,GENE_ASSOCIATED_WITH_DISEASE
SPARC,"Liver Cirrhosis, Experimental",GENE_ASSOCIATED_WITH_DISEASE
SPARC,Myocardial Ischemia,GENE_ASSOCIATED_WITH_DISEASE
SPAST,Neurodevelopmental Disorders,GENE_ASSOCIATED_WITH_DISEASE
SPATA21,Liver Neoplasms,GENE_ASSOCIATED_WITH_DISEASE
SPC25,"Carcinoma, Hepatocellular",GENE_ASSOCIATED_WITH_DISEASE
SPHK2,"Infarction, Middle Cerebral Artery",GENE_ASSOCIATED_WITH_DISEASE
SPHKAP,Heart Failure,GENE_ASSOCIATED_WITH_DISEASE
SPIB,"Liver Cirrhosis, Biliary",GENE_ASSOCIATED_WITH_DISEASE
SPIN2A,Chemical and Drug Induced Liver Injury,GENE_ASSOCIATED_WITH_DISEASE
SPIN2A,"Liver Cirrhosis, Experimental",GENE_ASSOCIATED_WITH_DISEASE
SPMD1,Neurodegenerative Diseases,GENE_ASSOCIATED_WITH_DISEASE
SPN,Heart Valve Diseases,GENE_ASSOCIATED_WITH_DISEASE
SPP1,Brain Neoplasms,GENE_ASSOCIATED_WITH_DISEASE
SPP1,Cerebral Hemorrhage,GENE_ASSOCIATED_WITH_DISEASE
SPP1,Chemical and Drug Induced Liver Injury,GENE_ASSOCIATED_WITH_DISEASE
SPP1,Diabetic Cardiomyopathies,GENE_ASSOCIATED_WITH_DISEASE
SPP1,Heart Diseases,GENE_ASSOCIATED_WITH_DISEASE
SPP1,Heart Valve Diseases,GENE_ASSOCIATED_WITH_DISEASE
SPP1,Liver Cirrhosis,GENE_ASSOCIATED_WITH_DISEASE
SPP1,"Liver Diseases, Alcoholic",GENE_ASSOCIATED_WITH_DISEASE
SPP1,"Liver Neoplasms, Experimental",GENE_ASSOCIATED_WITH_DISEASE
SPRED1,Neurofibromatosis 1,GENE_ASSOCIATED_WITH_DISEASE
SPRTN,"Carcinoma, Hepatocellular",GENE_ASSOCIATED_WITH_DISEASE
SPSB4,"Liver Cirrhosis, Experimental",GENE_ASSOCIATED_WITH_DISEASE
SPTAN1,"Liver Cirrhosis, Experimental",GENE_ASSOCIATED_WITH_DISEASE
SPTAN1,Neurodegenerative Diseases,GENE_ASSOCIATED_WITH_DISEASE
SPTLC1,"NEUROPATHY, HEREDITARY SENSORY AND AUTONOMIC, TYPE IA",GENE_ASSOCIATED_WITH_DISEASE
SPTLC2,"NEUROPATHY, HEREDITARY SENSORY AND AUTONOMIC, TYPE IC",GENE_ASSOCIATED_WITH_DISEASE
SQLE,"Liver Neoplasms, Experimental",GENE_ASSOCIATED_WITH_DISEASE
SQSTM1,"NEURODEGENERATION WITH ATAXIA, DYSTONIA, AND GAZE PALSY, CHILDHOOD-ONSET",GENE_ASSOCIATED_WITH_DISEASE
SRC,Cardiomegaly,GENE_ASSOCIATED_WITH_DISEASE
SRCAP,Neurodevelopmental Disorders,GENE_ASSOCIATED_WITH_DISEASE
SRD5A1,"Liver Cirrhosis, Experimental",GENE_ASSOCIATED_WITH_DISEASE
SREBF1,"Carcinoma, Hepatocellular",GENE_ASSOCIATED_WITH_DISEASE
SREBF1,Fatty Liver,GENE_ASSOCIATED_WITH_DISEASE
SREBF1,"Liver Cirrhosis, Experimental",GENE_ASSOCIATED_WITH_DISEASE
SREBF1,Non-alcoholic Fatty Liver Disease,GENE_ASSOCIATED_WITH_DISEASE
SREBF2,"Carcinoma, Hepatocellular",GENE_ASSOCIATED_WITH_DISEASE
SRGAP3,Neurodevelopmental Disorders,GENE_ASSOCIATED_WITH_DISEASE
SRGN,"Liver Cirrhosis, Experimental",GENE_ASSOCIATED_WITH_DISEASE
SRI,"Liver Cirrhosis, Experimental",GENE_ASSOCIATED_WITH_DISEASE
SRMS,Liver Neoplasms,GENE_ASSOCIATED_WITH_DISEASE
SRP72,Chemical and Drug Induced Liver Injury,GENE_ASSOCIATED_WITH_DISEASE
SRPX,"Carcinoma, Hepatocellular",GENE_ASSOCIATED_WITH_DISEASE
SRR,"Liver Cirrhosis, Experimental",GENE_ASSOCIATED_WITH_DISEASE
SRSF3,Diabetic Cardiomyopathies,GENE_ASSOCIATED_WITH_DISEASE
SRSF5,Liver Diseases,GENE_ASSOCIATED_WITH_DISEASE
SRSF5,Neurotoxicity Syndromes,GENE_ASSOCIATED_WITH_DISEASE
SSTR1,Neuroendocrine Tumors,GENE_ASSOCIATED_WITH_DISEASE
SSTR2,Neuroendocrine Tumors,GENE_ASSOCIATED_WITH_DISEASE
SSTR3,Neuroendocrine Tumors,GENE_ASSOCIATED_WITH_DISEASE
SSX1,"Carcinoma, Hepatocellular",GENE_ASSOCIATED_WITH_DISEASE
ST14,"Liver Cirrhosis, Experimental",GENE_ASSOCIATED_WITH_DISEASE
ST8SIA1,Liver Diseases,GENE_ASSOCIATED_WITH_DISEASE
ST8SIA1,Neurotoxicity Syndromes,GENE_ASSOCIATED_WITH_DISEASE
STAB2,"Carcinoma, Hepatocellular",GENE_ASSOCIATED_WITH_DISEASE
STAC3,Hepatomegaly,GENE_ASSOCIATED_WITH_DISEASE
STAC3,"Liver Cirrhosis, Experimental",GENE_ASSOCIATED_WITH_DISEASE
STAC3,Liver Neoplasms,GENE_ASSOCIATED_WITH_DISEASE
STAMBP,Brain Diseases,GENE_ASSOCIATED_WITH_DISEASE
STARD13,"Liver Cirrhosis, Experimental",GENE_ASSOCIATED_WITH_DISEASE
STAT1,"Carcinoma, Hepatocellular",GENE_ASSOCIATED_WITH_DISEASE
STAT1,Liver Cirrhosis,GENE_ASSOCIATED_WITH_DISEASE
STAT3,Brain Ischemia,GENE_ASSOCIATED_WITH_DISEASE
STAT3,Cardiomegaly,GENE_ASSOCIATED_WITH_DISEASE
STAT3,Cardiomyopathies,GENE_ASSOCIATED_WITH_DISEASE
STAT3,Chemical and Drug Induced Liver Injury,GENE_ASSOCIATED_WITH_DISEASE
STAT3,Copper-Overload Cirrhosis,GENE_ASSOCIATED_WITH_DISEASE
STAT3,Heart Failure,GENE_ASSOCIATED_WITH_DISEASE
STAT3,"Hepatitis, Chronic",GENE_ASSOCIATED_WITH_DISEASE
STAT3,"Infarction, Middle Cerebral Artery",GENE_ASSOCIATED_WITH_DISEASE
STAT3,Liver Neoplasms,GENE_ASSOCIATED_WITH_DISEASE
STAT3,"Liver Neoplasms, Experimental",GENE_ASSOCIATED_WITH_DISEASE
STAT4,"Carcinoma, Hepatocellular",GENE_ASSOCIATED_WITH_DISEASE
STAT4,Hepatitis B,GENE_ASSOCIATED_WITH_DISEASE
STAT4,"Liver Cirrhosis, Biliary",GENE_ASSOCIATED_WITH_DISEASE
STAT5A,Myocardial Ischemia,GENE_ASSOCIATED_WITH_DISEASE
STAU2,"Liver Cirrhosis, Experimental",GENE_ASSOCIATED_WITH_DISEASE
STC2,Non-alcoholic Fatty Liver Disease,GENE_ASSOCIATED_WITH_DISEASE
STEAP4,"Liver Cirrhosis, Experimental",GENE_ASSOCIATED_WITH_DISEASE
STING1,Chemical and Drug Induced Liver Injury,GENE_ASSOCIATED_WITH_DISEASE
STK10,"Liver Cirrhosis, Experimental",GENE_ASSOCIATED_WITH_DISEASE
STMN1,"Carcinoma, Hepatocellular",GENE_ASSOCIATED_WITH_DISEASE
STN1,Cerebroretinal Microangiopathy with Calcifications and Cysts,GENE_ASSOCIATED_WITH_DISEASE
STRA6,Cardiovascular Abnormalities,GENE_ASSOCIATED_WITH_DISEASE
STRA6,"Heart Defects, Congenital",GENE_ASSOCIATED_WITH_DISEASE
STS,Fatty Liver,GENE_ASSOCIATED_WITH_DISEASE
STS,"Hepatitis, Alcoholic",GENE_ASSOCIATED_WITH_DISEASE
STX6,"Ceroid Lipofuscinosis, Neuronal, 6",GENE_ASSOCIATED_WITH_DISEASE
STXBP1,Neurodevelopmental Disorders,GENE_ASSOCIATED_WITH_DISEASE
SULT1A1,Myocardial Ischemia,GENE_ASSOCIATED_WITH_DISEASE
SULT1C3,Chemical and Drug Induced Liver Injury,GENE_ASSOCIATED_WITH_DISEASE
SULT1E1,Chemical and Drug Induced Liver Injury,GENE_ASSOCIATED_WITH_DISEASE
SULT1E1,"Hepatitis, Alcoholic",GENE_ASSOCIATED_WITH_DISEASE
SULT1E1,"Liver Cirrhosis, Experimental",GENE_ASSOCIATED_WITH_DISEASE
SULT1E1,Liver Diseases,GENE_ASSOCIATED_WITH_DISEASE
SULT2A1,"Liver Cirrhosis, Experimental",GENE_ASSOCIATED_WITH_DISEASE
SULT2B1,Chemical and Drug Induced Liver Injury,GENE_ASSOCIATED_WITH_DISEASE
SUOX,Chemical and Drug Induced Liver Injury,GENE_ASSOCIATED_WITH_DISEASE
SUZ12,Neurofibroma,GENE_ASSOCIATED_WITH_DISEASE
SYNGAP1,Neurodevelopmental Disorders,GENE_ASSOCIATED_WITH_DISEASE
SYNRG,"Liver Cirrhosis, Experimental",GENE_ASSOCIATED_WITH_DISEASE
SYP,"Ceroid lipofuscinosis, neuronal 1, infantile",GENE_ASSOCIATED_WITH_DISEASE
SYP,"Ceroid Lipofuscinosis, Neuronal, 6",GENE_ASSOCIATED_WITH_DISEASE
TAB2,"CONGENITAL HEART DEFECTS, MULTIPLE TYPES, 2",GENE_ASSOCIATED_WITH_DISEASE
TAC1,Bradycardia,GENE_ASSOCIATED_WITH_DISEASE
TAC1,Neurogenic Inflammation,GENE_ASSOCIATED_WITH_DISEASE
TACC3,"Carcinoma, Hepatocellular",GENE_ASSOCIATED_WITH_DISEASE
TACR1,Bradycardia,GENE_ASSOCIATED_WITH_DISEASE
TACR1,Neurogenic Inflammation,GENE_ASSOCIATED_WITH_DISEASE
TAF2,"NEURODEVELOPMENTAL DISORDER WITH FEEDING DIFFICULTIES, THIN CORPUS CALLOSUM, AND FOOT DEFORMITY",GENE_ASSOCIATED_WITH_DISEASE
TAGLN2,"Carcinoma, Hepatocellular",GENE_ASSOCIATED_WITH_DISEASE
TAGLN2,Chemical and Drug Induced Liver Injury,GENE_ASSOCIATED_WITH_DISEASE
TAGLN2,Liver Cirrhosis,GENE_ASSOCIATED_WITH_DISEASE
TAGLN2,"Liver Cirrhosis, Experimental",GENE_ASSOCIATED_WITH_DISEASE
TALDO1,"Carcinoma, Hepatocellular",GENE_ASSOCIATED_WITH_DISEASE
TALDO1,Chemical and Drug Induced Liver Injury,GENE_ASSOCIATED_WITH_DISEASE
TANC2,Neurodevelopmental Disorders,GENE_ASSOCIATED_WITH_DISEASE
TAP1,Myocardial Ischemia,GENE_ASSOCIATED_WITH_DISEASE
TAP2,"Liver Cirrhosis, Experimental",GENE_ASSOCIATED_WITH_DISEASE
TARDBP,Neurodegenerative Diseases,GENE_ASSOCIATED_WITH_DISEASE
TATDN1,"Carcinoma, Hepatocellular",GENE_ASSOCIATED_WITH_DISEASE
TAX1BP3,"Liver Cirrhosis, Experimental",GENE_ASSOCIATED_WITH_DISEASE
TBC1D9,"Liver Cirrhosis, Experimental",GENE_ASSOCIATED_WITH_DISEASE
TBCA,"Cardiomyopathy, Hypertrophic",GENE_ASSOCIATED_WITH_DISEASE
TBCD,"ENCEPHALOPATHY, PROGRESSIVE, EARLY-ONSET, WITH BRAIN ATROPHY AND THIN CORPUS CALLOSUM",GENE_ASSOCIATED_WITH_DISEASE
TBCD,Neurodegenerative Diseases,GENE_ASSOCIATED_WITH_DISEASE
TBL1XR1,Neurodevelopmental Disorders,GENE_ASSOCIATED_WITH_DISEASE
TBR1,Neurodevelopmental Disorders,GENE_ASSOCIATED_WITH_DISEASE
TBX1,CONOTRUNCAL HEART MALFORMATIONS,GENE_ASSOCIATED_WITH_DISEASE
TBX1,"Heart Defects, Congenital",GENE_ASSOCIATED_WITH_DISEASE
TBX2,Neuroblastoma,GENE_ASSOCIATED_WITH_DISEASE
TBX20,Cardiomegaly,GENE_ASSOCIATED_WITH_DISEASE
TBX20,Heart Failure,GENE_ASSOCIATED_WITH_DISEASE
TBXA2R,Chemical and Drug Induced Liver Injury,GENE_ASSOCIATED_WITH_DISEASE
TCAP,"Cardiomyopathy, Dilated, 1N",GENE_ASSOCIATED_WITH_DISEASE
TCF19,"Carcinoma, Hepatocellular",GENE_ASSOCIATED_WITH_DISEASE
TCF20,"Liver Cirrhosis, Experimental",GENE_ASSOCIATED_WITH_DISEASE
TCF4,Heart Diseases,GENE_ASSOCIATED_WITH_DISEASE
TCF4,"Liver Cirrhosis, Experimental",GENE_ASSOCIATED_WITH_DISEASE
TCF4,Liver Neoplasms,GENE_ASSOCIATED_WITH_DISEASE
TCF4,Neurodevelopmental Disorders,GENE_ASSOCIATED_WITH_DISEASE
TCF7L2,"Cardiomyopathy, Dilated",GENE_ASSOCIATED_WITH_DISEASE
TCF7L2,Myocardial Ischemia,GENE_ASSOCIATED_WITH_DISEASE
TCF7L2,Neurodevelopmental Disorders,GENE_ASSOCIATED_WITH_DISEASE
TCIM,"Carcinoma, Hepatocellular",GENE_ASSOCIATED_WITH_DISEASE
TCTN1,Chemical and Drug Induced Liver Injury,GENE_ASSOCIATED_WITH_DISEASE
TDP1,"Spinocerebellar ataxia, autosomal recessive, with axonal neuropathy",GENE_ASSOCIATED_WITH_DISEASE
TEAD1B,Brain Neoplasms,GENE_ASSOCIATED_WITH_DISEASE
TECPR2,Neuroaxonal Dystrophies,GENE_ASSOCIATED_WITH_DISEASE
TECPR2,"NEUROPATHY, HEREDITARY SENSORY AND AUTONOMIC, TYPE IX, WITH DEVELOPMENTAL DELAY",GENE_ASSOCIATED_WITH_DISEASE
TECRL,Polymorphic Catecholaminergic Ventricular Tachycardia,GENE_ASSOCIATED_WITH_DISEASE
TEDC2,"Carcinoma, Hepatocellular",GENE_ASSOCIATED_WITH_DISEASE
TEK,"Liver Neoplasms, Experimental",GENE_ASSOCIATED_WITH_DISEASE
TERT,"Carcinoma, Hepatocellular",GENE_ASSOCIATED_WITH_DISEASE
TERT,Liver Neoplasms,GENE_ASSOCIATED_WITH_DISEASE
TERT,Neuroblastoma,GENE_ASSOCIATED_WITH_DISEASE
TES,"Liver Cirrhosis, Experimental",GENE_ASSOCIATED_WITH_DISEASE
TF,Chemical and Drug Induced Liver Injury,GENE_ASSOCIATED_WITH_DISEASE
TF,Fatty Liver,GENE_ASSOCIATED_WITH_DISEASE
TF,Hepatitis,GENE_ASSOCIATED_WITH_DISEASE
TFAM,"Ceroid lipofuscinosis, neuronal 1, infantile",GENE_ASSOCIATED_WITH_DISEASE
TFAM,Liver Cirrhosis,GENE_ASSOCIATED_WITH_DISEASE
TFAM,MITOCHONDRIAL DNA DEPLETION SYNDROME 15 (HEPATOCEREBRAL TYPE),GENE_ASSOCIATED_WITH_DISEASE
TFEC,"Liver Cirrhosis, Experimental",GENE_ASSOCIATED_WITH_DISEASE
TFF3,"Hepatitis, Animal",GENE_ASSOCIATED_WITH_DISEASE
TFG,"Neuropathy, hereditary motor and sensory, Okinawa type",GENE_ASSOCIATED_WITH_DISEASE
TFPI2,"Carcinoma, Hepatocellular",GENE_ASSOCIATED_WITH_DISEASE
TFPI2,"Liver Cirrhosis, Experimental",GENE_ASSOCIATED_WITH_DISEASE
TFRC,Myocardial Ischemia,GENE_ASSOCIATED_WITH_DISEASE
TFRC,Myocardial Reperfusion Injury,GENE_ASSOCIATED_WITH_DISEASE
TGFA,"Carcinoma, Hepatocellular",GENE_ASSOCIATED_WITH_DISEASE
TGFA,Hepatoblastoma,GENE_ASSOCIATED_WITH_DISEASE
TGFA,Liver Neoplasms,GENE_ASSOCIATED_WITH_DISEASE
TGFA,"Liver Neoplasms, Experimental",GENE_ASSOCIATED_WITH_DISEASE
TGFB1,Brain Diseases,GENE_ASSOCIATED_WITH_DISEASE
TGFB1,"Carcinoma, Hepatocellular",GENE_ASSOCIATED_WITH_DISEASE
TGFB1,"Cholestasis, Extrahepatic",GENE_ASSOCIATED_WITH_DISEASE
TGFB1,Copper-Overload Cirrhosis,GENE_ASSOCIATED_WITH_DISEASE
TGFB1,Diabetic Neuropathies,GENE_ASSOCIATED_WITH_DISEASE
TGFB1,Endomyocardial Fibrosis,GENE_ASSOCIATED_WITH_DISEASE
TGFB1,Hepatic Insufficiency,GENE_ASSOCIATED_WITH_DISEASE
TGFB1,"Hepatitis, Autoimmune",GENE_ASSOCIATED_WITH_DISEASE
TGFB1,"Hepatitis, Chronic",GENE_ASSOCIATED_WITH_DISEASE
TGFB1,Hepatomegaly,GENE_ASSOCIATED_WITH_DISEASE
TGFB1,Liver Cirrhosis,GENE_ASSOCIATED_WITH_DISEASE
TGFB1,"Liver Cirrhosis, Alcoholic",GENE_ASSOCIATED_WITH_DISEASE
TGFB1,"Liver Cirrhosis, Biliary",GENE_ASSOCIATED_WITH_DISEASE
TGFB1,"Liver Cirrhosis, Experimental",GENE_ASSOCIATED_WITH_DISEASE
TGFB1,"Liver Neoplasms, Experimental",GENE_ASSOCIATED_WITH_DISEASE
TGFB1,Myocardial Infarction,GENE_ASSOCIATED_WITH_DISEASE
TGFB1,Non-alcoholic Fatty Liver Disease,GENE_ASSOCIATED_WITH_DISEASE
TGFB1A,Brain Neoplasms,GENE_ASSOCIATED_WITH_DISEASE
TGFB2,"Carcinoma, Hepatocellular",GENE_ASSOCIATED_WITH_DISEASE
TGFB2,"Heart Defects, Congenital",GENE_ASSOCIATED_WITH_DISEASE
TGFB3,"Arrhythmogenic Right Ventricular Dysplasia, Familial, 1",GENE_ASSOCIATED_WITH_DISEASE
TGFB3,"Liver Cirrhosis, Experimental",GENE_ASSOCIATED_WITH_DISEASE
TGFBR1,Chemical and Drug Induced Liver Injury,GENE_ASSOCIATED_WITH_DISEASE
TGFBR1,Liver Cirrhosis,GENE_ASSOCIATED_WITH_DISEASE
TGFBR2,Brain Neoplasms,GENE_ASSOCIATED_WITH_DISEASE
TGFBR2,"Liver Cirrhosis, Experimental",GENE_ASSOCIATED_WITH_DISEASE
TGM1,Liver Diseases,GENE_ASSOCIATED_WITH_DISEASE
TGM1,Neurotoxicity Syndromes,GENE_ASSOCIATED_WITH_DISEASE
TGM2,Brain Neoplasms,GENE_ASSOCIATED_WITH_DISEASE
TGM3,"Carcinoma, Hepatocellular",GENE_ASSOCIATED_WITH_DISEASE
TGOLN1,Myocardial Ischemia,GENE_ASSOCIATED_WITH_DISEASE
TH,Brain Diseases,GENE_ASSOCIATED_WITH_DISEASE
TH,"Carcinoma, Hepatocellular",GENE_ASSOCIATED_WITH_DISEASE
TH,Heart Diseases,GENE_ASSOCIATED_WITH_DISEASE
TH,Neuroblastoma,GENE_ASSOCIATED_WITH_DISEASE
THAS,"Heart Defects, Congenital",GENE_ASSOCIATED_WITH_DISEASE
THBD,"Liver Cirrhosis, Experimental",GENE_ASSOCIATED_WITH_DISEASE
THBD,Myocardial Infarction,GENE_ASSOCIATED_WITH_DISEASE
THBD,"Neuropathy, Painful",GENE_ASSOCIATED_WITH_DISEASE
THBS1,Chemical and Drug Induced Liver Injury,GENE_ASSOCIATED_WITH_DISEASE
THBS1,Hepatic Veno-Occlusive Disease,GENE_ASSOCIATED_WITH_DISEASE
THBS1,Liver Cirrhosis,GENE_ASSOCIATED_WITH_DISEASE
THEM4,"Carcinoma, Hepatocellular",GENE_ASSOCIATED_WITH_DISEASE
THPO,Cardiomyopathies,GENE_ASSOCIATED_WITH_DISEASE
THPO,Chemical and Drug Induced Liver Injury,GENE_ASSOCIATED_WITH_DISEASE
THY1,"Carcinoma, Hepatocellular",GENE_ASSOCIATED_WITH_DISEASE
THYN1,"Liver Cirrhosis, Experimental",GENE_ASSOCIATED_WITH_DISEASE
TIAL1,"Liver Cirrhosis, Experimental",GENE_ASSOCIATED_WITH_DISEASE
TICAM2,Brain Injuries,GENE_ASSOCIATED_WITH_DISEASE
TICRR,"Carcinoma, Hepatocellular",GENE_ASSOCIATED_WITH_DISEASE
TIMD4,"Carcinoma, Hepatocellular",GENE_ASSOCIATED_WITH_DISEASE
TIMP1,"Cholestasis, Extrahepatic",GENE_ASSOCIATED_WITH_DISEASE
TIMP1,Heart Diseases,GENE_ASSOCIATED_WITH_DISEASE
TIMP1,Heart Valve Diseases,GENE_ASSOCIATED_WITH_DISEASE
TIMP1,Hepatolenticular Degeneration,GENE_ASSOCIATED_WITH_DISEASE
TIMP1,"Liver Cirrhosis, Alcoholic",GENE_ASSOCIATED_WITH_DISEASE
TIMP1,"Liver Cirrhosis, Experimental",GENE_ASSOCIATED_WITH_DISEASE
TIMP2,"Cholestasis, Extrahepatic",GENE_ASSOCIATED_WITH_DISEASE
TIMP2,"Liver Cirrhosis, Experimental",GENE_ASSOCIATED_WITH_DISEASE
TIMP2,Myocardial Infarction,GENE_ASSOCIATED_WITH_DISEASE
TIMP3,Liver Diseases,GENE_ASSOCIATED_WITH_DISEASE
TIMP3,Neurotoxicity Syndromes,GENE_ASSOCIATED_WITH_DISEASE
TJP2,"Cholestasis, Intrahepatic",GENE_ASSOCIATED_WITH_DISEASE
TJP2,"CHOLESTASIS, PROGRESSIVE FAMILIAL INTRAHEPATIC, 4",GENE_ASSOCIATED_WITH_DISEASE
TK1,"Carcinoma, Hepatocellular",GENE_ASSOCIATED_WITH_DISEASE
TK1,"Liver Neoplasms, Experimental",GENE_ASSOCIATED_WITH_DISEASE
TKFC,"Liver Cirrhosis, Experimental",GENE_ASSOCIATED_WITH_DISEASE
TLE4,Myocardial Ischemia,GENE_ASSOCIATED_WITH_DISEASE
TLE5,Myocardial Ischemia,GENE_ASSOCIATED_WITH_DISEASE
TLR1,Brain Injuries,GENE_ASSOCIATED_WITH_DISEASE
TLR2,Brain Injuries,GENE_ASSOCIATED_WITH_DISEASE
TLR2,Cardiomyopathies,GENE_ASSOCIATED_WITH_DISEASE
TLR2,Cardiotoxicity,GENE_ASSOCIATED_WITH_DISEASE
TLR2,Heart Failure,GENE_ASSOCIATED_WITH_DISEASE
TLR4,Brain Injuries,GENE_ASSOCIATED_WITH_DISEASE
TLR4,"Carcinoma, Hepatocellular",GENE_ASSOCIATED_WITH_DISEASE
TLR4,"Cholestasis, Extrahepatic",GENE_ASSOCIATED_WITH_DISEASE
TLR4,Diabetic Neuropathies,GENE_ASSOCIATED_WITH_DISEASE
TLR4,Fatty Liver,GENE_ASSOCIATED_WITH_DISEASE
TLR4,"Liver Cirrhosis, Experimental",GENE_ASSOCIATED_WITH_DISEASE
TLR4,Neuroinflammatory Diseases,GENE_ASSOCIATED_WITH_DISEASE
TLR5,Chemical and Drug Induced Liver Injury,GENE_ASSOCIATED_WITH_DISEASE
TLR7,"Carcinoma, Hepatocellular",GENE_ASSOCIATED_WITH_DISEASE
TLR7,Hepatitis C,GENE_ASSOCIATED_WITH_DISEASE
TLR8,Hepatitis C,GENE_ASSOCIATED_WITH_DISEASE
TLR9,Brain Injuries,GENE_ASSOCIATED_WITH_DISEASE
TLR9,"Carcinoma, Hepatocellular",GENE_ASSOCIATED_WITH_DISEASE
TM4SF4,Liver Diseases,GENE_ASSOCIATED_WITH_DISEASE
TM6SF1,"Liver Cirrhosis, Experimental",GENE_ASSOCIATED_WITH_DISEASE
TM6SF2,"Liver Cirrhosis, Alcoholic",GENE_ASSOCIATED_WITH_DISEASE
TM6SF2,Myocardial Infarction,GENE_ASSOCIATED_WITH_DISEASE
TM6SF2,Non-alcoholic Fatty Liver Disease,GENE_ASSOCIATED_WITH_DISEASE
TMBIM1,"Liver Cirrhosis, Experimental",GENE_ASSOCIATED_WITH_DISEASE
TMED2,Myocardial Ischemia,GENE_ASSOCIATED_WITH_DISEASE
TMED7,Chemical and Drug Induced Liver Injury,GENE_ASSOCIATED_WITH_DISEASE
TMEM106A,"Liver Cirrhosis, Experimental",GENE_ASSOCIATED_WITH_DISEASE
TMEM117,Chemical and Drug Induced Liver Injury,GENE_ASSOCIATED_WITH_DISEASE
TMEM132D,Liver Neoplasms,GENE_ASSOCIATED_WITH_DISEASE
TMEM164,Chemical and Drug Induced Liver Injury,GENE_ASSOCIATED_WITH_DISEASE
TMEM165,"Liver Cirrhosis, Experimental",GENE_ASSOCIATED_WITH_DISEASE
TMEM178,"Liver Cirrhosis, Experimental",GENE_ASSOCIATED_WITH_DISEASE
TMEM184B,"Liver Cirrhosis, Experimental",GENE_ASSOCIATED_WITH_DISEASE
TMEM38B,Chemical and Drug Induced Liver Injury,GENE_ASSOCIATED_WITH_DISEASE
TMEM43,"Arrhythmogenic Right Ventricular Dysplasia, Familial, 5",GENE_ASSOCIATED_WITH_DISEASE
TMEM43,"Death, Sudden, Cardiac",GENE_ASSOCIATED_WITH_DISEASE
TMEM43,"Liver Cirrhosis, Experimental",GENE_ASSOCIATED_WITH_DISEASE
TMEM65,"Liver Cirrhosis, Experimental",GENE_ASSOCIATED_WITH_DISEASE
TMEM67,Liver Cirrhosis,GENE_ASSOCIATED_WITH_DISEASE
TMEM70,"Adenoma, Liver Cell",GENE_ASSOCIATED_WITH_DISEASE
TMEM70,"Carcinoma, Hepatocellular",GENE_ASSOCIATED_WITH_DISEASE
TMEM70,Cardiomyopathies,GENE_ASSOCIATED_WITH_DISEASE
TMEM71,Heart Failure,GENE_ASSOCIATED_WITH_DISEASE
TMPO,"Cardiomyopathy, Dilated",GENE_ASSOCIATED_WITH_DISEASE
TMPO,Myocardial Ischemia,GENE_ASSOCIATED_WITH_DISEASE
TMSB10,"Liver Cirrhosis, Experimental",GENE_ASSOCIATED_WITH_DISEASE
TNF,Brain Edema,GENE_ASSOCIATED_WITH_DISEASE
TNF,Brain Injuries,GENE_ASSOCIATED_WITH_DISEASE
TNF,"Brain Injuries, Traumatic",GENE_ASSOCIATED_WITH_DISEASE
TNF,Brain Ischemia,GENE_ASSOCIATED_WITH_DISEASE
TNF,"Carcinoma, Hepatocellular",GENE_ASSOCIATED_WITH_DISEASE
TNF,Cardiomegaly,GENE_ASSOCIATED_WITH_DISEASE
TNF,Cardiomyopathies,GENE_ASSOCIATED_WITH_DISEASE
TNF,Cardiotoxicity,GENE_ASSOCIATED_WITH_DISEASE
TNF,Cardiovirus Infections,GENE_ASSOCIATED_WITH_DISEASE
TNF,Chemical and Drug Induced Liver Injury,GENE_ASSOCIATED_WITH_DISEASE
TNF,"Cholestasis, Extrahepatic",GENE_ASSOCIATED_WITH_DISEASE
TNF,Diabetic Cardiomyopathies,GENE_ASSOCIATED_WITH_DISEASE
TNF,Fatty Liver,GENE_ASSOCIATED_WITH_DISEASE
TNF,Heart Arrest,GENE_ASSOCIATED_WITH_DISEASE
TNF,Heart Failure,GENE_ASSOCIATED_WITH_DISEASE
TNF,Hepatic Encephalopathy,GENE_ASSOCIATED_WITH_DISEASE
TNF,Hepatitis,GENE_ASSOCIATED_WITH_DISEASE
TNF,"Hepatitis, Alcoholic",GENE_ASSOCIATED_WITH_DISEASE
TNF,Hepatolenticular Degeneration,GENE_ASSOCIATED_WITH_DISEASE
TNF,Intrahepatic Cholestasis of Pregnancy,GENE_ASSOCIATED_WITH_DISEASE
TNF,Liver Cirrhosis,GENE_ASSOCIATED_WITH_DISEASE
TNF,"Liver Cirrhosis, Alcoholic",GENE_ASSOCIATED_WITH_DISEASE
TNF,"Liver Cirrhosis, Experimental",GENE_ASSOCIATED_WITH_DISEASE
TNF,Liver Diseases,GENE_ASSOCIATED_WITH_DISEASE
TNF,"Liver Failure, Acute",GENE_ASSOCIATED_WITH_DISEASE
TNF,Liver Neoplasms,GENE_ASSOCIATED_WITH_DISEASE
TNF,"Liver Neoplasms, Experimental",GENE_ASSOCIATED_WITH_DISEASE
TNF,Myocardial Infarction,GENE_ASSOCIATED_WITH_DISEASE
TNF,Myocardial Ischemia,GENE_ASSOCIATED_WITH_DISEASE
TNF,Myocardial Stunning,GENE_ASSOCIATED_WITH_DISEASE
TNF,Myocarditis,GENE_ASSOCIATED_WITH_DISEASE
TNF,Neuroblastoma,GENE_ASSOCIATED_WITH_DISEASE
TNF,Neurogenic Inflammation,GENE_ASSOCIATED_WITH_DISEASE
TNF,Neuroinflammatory Diseases,GENE_ASSOCIATED_WITH_DISEASE
TNF,Non-alcoholic Fatty Liver Disease,GENE_ASSOCIATED_WITH_DISEASE
TNF,"Pregnancy Complications, Cardiovascular",GENE_ASSOCIATED_WITH_DISEASE
TNF,Tachycardia,GENE_ASSOCIATED_WITH_DISEASE
TNFAIP6,"Infarction, Middle Cerebral Artery",GENE_ASSOCIATED_WITH_DISEASE
TNFAIP8,"Liver Cirrhosis, Experimental",GENE_ASSOCIATED_WITH_DISEASE
TNFRSF10B,"Liver Neoplasms, Experimental",GENE_ASSOCIATED_WITH_DISEASE
TNFRSF12A,"Liver Cirrhosis, Experimental",GENE_ASSOCIATED_WITH_DISEASE
TNFRSF12A,Myocardial Infarction,GENE_ASSOCIATED_WITH_DISEASE
TNFRSF13B,Brain Injuries,GENE_ASSOCIATED_WITH_DISEASE
TNFRSF13C,Brain Injuries,GENE_ASSOCIATED_WITH_DISEASE
TNFRSF14,Brain Injuries,GENE_ASSOCIATED_WITH_DISEASE
TNFRSF1A,Brain Injuries,GENE_ASSOCIATED_WITH_DISEASE
TNFRSF1A,Brain Ischemia,GENE_ASSOCIATED_WITH_DISEASE
TNFRSF1A,Heart Failure,GENE_ASSOCIATED_WITH_DISEASE
TNFRSF1A,"Liver Cirrhosis, Biliary",GENE_ASSOCIATED_WITH_DISEASE
TNFRSF1B,Brain Ischemia,GENE_ASSOCIATED_WITH_DISEASE
TNFRSF1B,Liver Cirrhosis,GENE_ASSOCIATED_WITH_DISEASE
TNFRSF1B,Non-alcoholic Fatty Liver Disease,GENE_ASSOCIATED_WITH_DISEASE
TNFRSF26,Brain Injuries,GENE_ASSOCIATED_WITH_DISEASE
TNFRSF4,"Cardiomyopathy, Dilated",GENE_ASSOCIATED_WITH_DISEASE
TNFRSF4,Myocarditis,GENE_ASSOCIATED_WITH_DISEASE
TNFRSF8,"Cardiomyopathy, Dilated",GENE_ASSOCIATED_WITH_DISEASE
TNFRSF8,Myocarditis,GENE_ASSOCIATED_WITH_DISEASE
TNFRSF9,"Cardiomyopathy, Dilated",GENE_ASSOCIATED_WITH_DISEASE
TNFRSF9,Myocarditis,GENE_ASSOCIATED_WITH_DISEASE
TNFSF10,Brain Injuries,GENE_ASSOCIATED_WITH_DISEASE
TNFSF10,"Carcinoma, Hepatocellular",GENE_ASSOCIATED_WITH_DISEASE
TNFSF10,Liver Neoplasms,GENE_ASSOCIATED_WITH_DISEASE
TNFSF10,Neuroblastoma,GENE_ASSOCIATED_WITH_DISEASE
TNFSF12,Brain Injuries,GENE_ASSOCIATED_WITH_DISEASE
TNFSF4,"Cardiomyopathy, Dilated",GENE_ASSOCIATED_WITH_DISEASE
TNFSF4,Myocardial Infarction,GENE_ASSOCIATED_WITH_DISEASE
TNFSF4,Myocarditis,GENE_ASSOCIATED_WITH_DISEASE
TNFSF8,"Cardiomyopathy, Dilated",GENE_ASSOCIATED_WITH_DISEASE
TNFSF8,Myocarditis,GENE_ASSOCIATED_WITH_DISEASE
TNFSF9,"Cardiomyopathy, Dilated",GENE_ASSOCIATED_WITH_DISEASE
TNFSF9,Myocarditis,GENE_ASSOCIATED_WITH_DISEASE
TNK2,Liver Neoplasms,GENE_ASSOCIATED_WITH_DISEASE
TNNC1,"Cardiomyopathy, Dilated, 1z",GENE_ASSOCIATED_WITH_DISEASE
TNNC1,"Cardiomyopathy, Familial Hypertrophic, 13",GENE_ASSOCIATED_WITH_DISEASE
TNNI3,Cardiomyopathies,GENE_ASSOCIATED_WITH_DISEASE
TNNI3,"Cardiomyopathy, Dilated",GENE_ASSOCIATED_WITH_DISEASE
TNNI3,"Cardiomyopathy, Dilated, 1FF",GENE_ASSOCIATED_WITH_DISEASE
TNNI3,"Cardiomyopathy, Dilated, 2a",GENE_ASSOCIATED_WITH_DISEASE
TNNI3,"CARDIOMYOPATHY, FAMILIAL HYPERTROPHIC, 7",GENE_ASSOCIATED_WITH_DISEASE
TNNI3,"Cardiomyopathy, Familial Restrictive, 1",GENE_ASSOCIATED_WITH_DISEASE
TNNI3,"Cardiomyopathy, Hypertrophic, Familial",GENE_ASSOCIATED_WITH_DISEASE
TNNI3,"Cardiomyopathy, Restrictive",GENE_ASSOCIATED_WITH_DISEASE
TNNI3,Heart Diseases,GENE_ASSOCIATED_WITH_DISEASE
TNNI3,Myocardial Infarction,GENE_ASSOCIATED_WITH_DISEASE
TNNI3K,CARDIAC CONDUCTION DISEASE WITH OR WITHOUT CARDIOMYOPATHY 1,GENE_ASSOCIATED_WITH_DISEASE
TNNI3K,Cardiac Conduction System Disease,GENE_ASSOCIATED_WITH_DISEASE
TNNT2,Cardiomegaly,GENE_ASSOCIATED_WITH_DISEASE
TNNT2,Cardiomyopathies,GENE_ASSOCIATED_WITH_DISEASE
TNNT2,"Cardiomyopathy, Dilated",GENE_ASSOCIATED_WITH_DISEASE
TNNT2,"Cardiomyopathy, Dilated, 1D",GENE_ASSOCIATED_WITH_DISEASE
TNNT2,"Cardiomyopathy, Familial Hypertrophic, 2",GENE_ASSOCIATED_WITH_DISEASE
TNNT2,"Cardiomyopathy, Familial Restrictive, 3",GENE_ASSOCIATED_WITH_DISEASE
TNNT2,"Cardiomyopathy, Hypertrophic",GENE_ASSOCIATED_WITH_DISEASE
TNNT2,"Cardiomyopathy, Hypertrophic, Familial",GENE_ASSOCIATED_WITH_DISEASE
TNNT2,Cardiovascular Diseases,GENE_ASSOCIATED_WITH_DISEASE
TNNT2,"Death, Sudden, Cardiac",GENE_ASSOCIATED_WITH_DISEASE
TNNT2,Heart Diseases,GENE_ASSOCIATED_WITH_DISEASE
TNNT2,Heart Failure,GENE_ASSOCIATED_WITH_DISEASE
TNNT2,Heart Injuries,GENE_ASSOCIATED_WITH_DISEASE
TNNT2,Myocardial Ischemia,GENE_ASSOCIATED_WITH_DISEASE
TNNT2,"Tachycardia, Ventricular",GENE_ASSOCIATED_WITH_DISEASE
TNRC6B,Neurodevelopmental Disorders,GENE_ASSOCIATED_WITH_DISEASE
TONSL,"Carcinoma, Hepatocellular",GENE_ASSOCIATED_WITH_DISEASE
TOP1,Liver Neoplasms,GENE_ASSOCIATED_WITH_DISEASE
TOP2A,"Carcinoma, Hepatocellular",GENE_ASSOCIATED_WITH_DISEASE
TOP2A,Liver Neoplasms,GENE_ASSOCIATED_WITH_DISEASE
TOR4A,"Liver Cirrhosis, Experimental",GENE_ASSOCIATED_WITH_DISEASE
TOX3,Liver Neoplasms,GENE_ASSOCIATED_WITH_DISEASE
TP53,Brain Ischemia,GENE_ASSOCIATED_WITH_DISEASE
TP53,"Carcinoma, Hepatocellular",GENE_ASSOCIATED_WITH_DISEASE
TP53,Cardiomyopathies,GENE_ASSOCIATED_WITH_DISEASE
TP53,"Cardiomyopathy, Hypertrophic",GENE_ASSOCIATED_WITH_DISEASE
TP53,Cardiotoxicity,GENE_ASSOCIATED_WITH_DISEASE
TP53,"Liver Diseases, Parasitic",GENE_ASSOCIATED_WITH_DISEASE
TP53,Liver Neoplasms,GENE_ASSOCIATED_WITH_DISEASE
TP53,"Liver Neoplasms, Experimental",GENE_ASSOCIATED_WITH_DISEASE
TPI1,Neuromuscular Diseases,GENE_ASSOCIATED_WITH_DISEASE
TPI1,Neuromuscular Manifestations,GENE_ASSOCIATED_WITH_DISEASE
TPM1,"Cardiomyopathy, Dilated, 1y",GENE_ASSOCIATED_WITH_DISEASE
TPM1,"Cardiomyopathy, Familial Hypertrophic, 3",GENE_ASSOCIATED_WITH_DISEASE
TPM1,"Cardiomyopathy, Hypertrophic, Familial",GENE_ASSOCIATED_WITH_DISEASE
TPM1,"Liver Cirrhosis, Experimental",GENE_ASSOCIATED_WITH_DISEASE
TPM3,"Liver Cirrhosis, Experimental",GENE_ASSOCIATED_WITH_DISEASE
TPM4,"Liver Cirrhosis, Experimental",GENE_ASSOCIATED_WITH_DISEASE
TPP1,"Ceroid Lipofuscinosis, Neuronal, 2",GENE_ASSOCIATED_WITH_DISEASE
TPP1,Neuronal Ceroid-Lipofuscinoses,GENE_ASSOCIATED_WITH_DISEASE
TPX2,"Carcinoma, Hepatocellular",GENE_ASSOCIATED_WITH_DISEASE
TRAF4,Brain Injuries,GENE_ASSOCIATED_WITH_DISEASE
TRAFD1,"Liver Cirrhosis, Experimental",GENE_ASSOCIATED_WITH_DISEASE
TRAIP,"Carcinoma, Hepatocellular",GENE_ASSOCIATED_WITH_DISEASE
TRAJ18,Chemical and Drug Induced Liver Injury,GENE_ASSOCIATED_WITH_DISEASE
TRAK2,"Liver Cirrhosis, Experimental",GENE_ASSOCIATED_WITH_DISEASE
TRDN,"CARDIAC ARRHYTHMIA SYNDROME, WITH OR WITHOUT SKELETAL MUSCLE WEAKNESS",GENE_ASSOCIATED_WITH_DISEASE
TRDN,"Heart Failure, Diastolic",GENE_ASSOCIATED_WITH_DISEASE
TRDN,"VENTRICULAR TACHYCARDIA, CATECHOLAMINERGIC POLYMORPHIC, 1, WITH OR WITHOUT ATRIAL DYSFUNCTION AND/OR DILATED CARDIOMYOPATHY",GENE_ASSOCIATED_WITH_DISEASE
TREM1,Liver Diseases,GENE_ASSOCIATED_WITH_DISEASE
TREX1,Aicardi-Goutieres syndrome,GENE_ASSOCIATED_WITH_DISEASE
TREX1,Brain Diseases,GENE_ASSOCIATED_WITH_DISEASE
TREX1,"Vasculopathy, Retinal, With Cerebral Leukodystrophy",GENE_ASSOCIATED_WITH_DISEASE
TRF,"Liver Cirrhosis, Experimental",GENE_ASSOCIATED_WITH_DISEASE
TRH,"Arrhythmias, Cardiac",GENE_ASSOCIATED_WITH_DISEASE
TRH,Bradycardia,GENE_ASSOCIATED_WITH_DISEASE
TRH,Tachycardia,GENE_ASSOCIATED_WITH_DISEASE
TRIB1,Non-alcoholic Fatty Liver Disease,GENE_ASSOCIATED_WITH_DISEASE
TRIB3,"Liver Cirrhosis, Experimental",GENE_ASSOCIATED_WITH_DISEASE
TRIB3,Non-alcoholic Fatty Liver Disease,GENE_ASSOCIATED_WITH_DISEASE
TRIM24,"Carcinoma, Hepatocellular",GENE_ASSOCIATED_WITH_DISEASE
TRIM24,"Liver Cirrhosis, Experimental",GENE_ASSOCIATED_WITH_DISEASE
TRIM37,Hepatomegaly,GENE_ASSOCIATED_WITH_DISEASE
TRIM59,"Liver Cirrhosis, Experimental",GENE_ASSOCIATED_WITH_DISEASE
TRIM63,Cardiomegaly,GENE_ASSOCIATED_WITH_DISEASE
TRIM63,Cardiomyopathies,GENE_ASSOCIATED_WITH_DISEASE
TRIO,Liver Neoplasms,GENE_ASSOCIATED_WITH_DISEASE
TRIO,Neurodevelopmental Disorders,GENE_ASSOCIATED_WITH_DISEASE
TRIP12,Neurodevelopmental Disorders,GENE_ASSOCIATED_WITH_DISEASE
TRIP13,"Carcinoma, Hepatocellular",GENE_ASSOCIATED_WITH_DISEASE
TRMT11,Liver Neoplasms,GENE_ASSOCIATED_WITH_DISEASE
TRMT5,"PERIPHERAL NEUROPATHY WITH VARIABLE SPASTICITY, EXERCISE INTOLERANCE, AND DEVELOPMENTAL DELAY",GENE_ASSOCIATED_WITH_DISEASE
TRMU,"LIVER FAILURE, INFANTILE, TRANSIENT",GENE_ASSOCIATED_WITH_DISEASE
TROAP,"Carcinoma, Hepatocellular",GENE_ASSOCIATED_WITH_DISEASE
TRP53,Brain Neoplasms,GENE_ASSOCIATED_WITH_DISEASE
TRP53,"Carcinoma, Hepatocellular",GENE_ASSOCIATED_WITH_DISEASE
TRP53,Cardiomyopathies,GENE_ASSOCIATED_WITH_DISEASE
TRP53,Cardiotoxicity,GENE_ASSOCIATED_WITH_DISEASE
TRP53,Chemical and Drug Induced Liver Injury,GENE_ASSOCIATED_WITH_DISEASE
TRP53,Heart Failure,GENE_ASSOCIATED_WITH_DISEASE
TRP53,"Liver Neoplasms, Experimental",GENE_ASSOCIATED_WITH_DISEASE
TRP53,Myocardial Infarction,GENE_ASSOCIATED_WITH_DISEASE
TRP53,Neuroblastoma,GENE_ASSOCIATED_WITH_DISEASE
TRP73,Neurologic Manifestations,GENE_ASSOCIATED_WITH_DISEASE
TRPC1,Cardiomegaly,GENE_ASSOCIATED_WITH_DISEASE
TRPM4,Heart Failure,GENE_ASSOCIATED_WITH_DISEASE
TRPM4,"Progressive Familial Heart Block, Type Ib",GENE_ASSOCIATED_WITH_DISEASE
TRPM7,Liver Cirrhosis,GENE_ASSOCIATED_WITH_DISEASE
TRPV1,Heartburn,GENE_ASSOCIATED_WITH_DISEASE
TRPV1,"Liver Cirrhosis, Experimental",GENE_ASSOCIATED_WITH_DISEASE
TRPV4,"Hereditary Motor and Sensory Neuropathy, Type IIC",GENE_ASSOCIATED_WITH_DISEASE
TSC1,Brain Diseases,GENE_ASSOCIATED_WITH_DISEASE
TSC1,"Carcinoma, Hepatocellular",GENE_ASSOCIATED_WITH_DISEASE
TSC2,Brain Diseases,GENE_ASSOCIATED_WITH_DISEASE
TSC22D1,"Liver Cirrhosis, Experimental",GENE_ASSOCIATED_WITH_DISEASE
TSC22D1,"Liver Neoplasms, Experimental",GENE_ASSOCIATED_WITH_DISEASE
TSLP,"Carcinoma, Hepatocellular",GENE_ASSOCIATED_WITH_DISEASE
TSPAN8,"Liver Cirrhosis, Experimental",GENE_ASSOCIATED_WITH_DISEASE
TSPO,End Stage Liver Disease,GENE_ASSOCIATED_WITH_DISEASE
TSPO,Hepatic Encephalopathy,GENE_ASSOCIATED_WITH_DISEASE
TSPO,"Liver Cirrhosis, Experimental",GENE_ASSOCIATED_WITH_DISEASE
TST,"Carcinoma, Hepatocellular",GENE_ASSOCIATED_WITH_DISEASE
TSTD3P,"Liver Cirrhosis, Experimental",GENE_ASSOCIATED_WITH_DISEASE
TTC19,"Gait Disorders, Neurologic",GENE_ASSOCIATED_WITH_DISEASE
TTC19,Neurodegenerative Diseases,GENE_ASSOCIATED_WITH_DISEASE
TTC36,"Carcinoma, Hepatocellular",GENE_ASSOCIATED_WITH_DISEASE
TTC36,"Liver Cirrhosis, Experimental",GENE_ASSOCIATED_WITH_DISEASE
TTC39A,Liver Neoplasms,GENE_ASSOCIATED_WITH_DISEASE
TTK,"Carcinoma, Hepatocellular",GENE_ASSOCIATED_WITH_DISEASE
TTLL9,Liver Neoplasms,GENE_ASSOCIATED_WITH_DISEASE
TTN,"Cardiomyopathy, Dilated",GENE_ASSOCIATED_WITH_DISEASE
TTN,"Cardiomyopathy, Dilated, 1g",GENE_ASSOCIATED_WITH_DISEASE
TTN,"Cardiomyopathy, Familial Hypertrophic, 9",GENE_ASSOCIATED_WITH_DISEASE
TTN,familial dilated cardiomyopathy,GENE_ASSOCIATED_WITH_DISEASE
TTN,"Myopathy, Early-Onset, with Fatal Cardiomyopathy",GENE_ASSOCIATED_WITH_DISEASE
TTR,"Amyloid Neuropathies, Familial",GENE_ASSOCIATED_WITH_DISEASE
TTR,Chemical and Drug Induced Liver Injury,GENE_ASSOCIATED_WITH_DISEASE
TUBA1A,Chemical and Drug Induced Liver Injury,GENE_ASSOCIATED_WITH_DISEASE
TUBA1A,Myocardial Ischemia,GENE_ASSOCIATED_WITH_DISEASE
TUBB,"CORTICAL DYSPLASIA, COMPLEX, WITH OTHER BRAIN MALFORMATIONS 6",GENE_ASSOCIATED_WITH_DISEASE
TUBB2A,"CORTICAL DYSPLASIA, COMPLEX, WITH OTHER BRAIN MALFORMATIONS 5",GENE_ASSOCIATED_WITH_DISEASE
TUBB2B,"CORTICAL DYSPLASIA, COMPLEX, WITH OTHER BRAIN MALFORMATIONS 7",GENE_ASSOCIATED_WITH_DISEASE
TUBB3,"CORTICAL DYSPLASIA, COMPLEX, WITH OTHER BRAIN MALFORMATIONS 1",GENE_ASSOCIATED_WITH_DISEASE
TUBB4B,Chemical and Drug Induced Liver Injury,GENE_ASSOCIATED_WITH_DISEASE
TUBB5,"Cardiomyopathy, Dilated",GENE_ASSOCIATED_WITH_DISEASE
TUBB5,Heart Failure,GENE_ASSOCIATED_WITH_DISEASE
TUBB6,"Liver Cirrhosis, Experimental",GENE_ASSOCIATED_WITH_DISEASE
TUBG1,"CORTICAL DYSPLASIA, COMPLEX, WITH OTHER BRAIN MALFORMATIONS 4",GENE_ASSOCIATED_WITH_DISEASE
TUG1,Liver Cirrhosis,GENE_ASSOCIATED_WITH_DISEASE
TUSC3,"Liver Cirrhosis, Experimental",GENE_ASSOCIATED_WITH_DISEASE
TWNK,MITOCHONDRIAL DNA DEPLETION SYNDROME 7 (HEPATOCEREBRAL TYPE),GENE_ASSOCIATED_WITH_DISEASE
TWNK,"Sensory ataxic neuropathy, dysarthria, and ophthalmoparesis",GENE_ASSOCIATED_WITH_DISEASE
TXN,Liver Diseases,GENE_ASSOCIATED_WITH_DISEASE
TXN1,Cardiomyopathies,GENE_ASSOCIATED_WITH_DISEASE
TXNRD1,Heart Failure,GENE_ASSOCIATED_WITH_DISEASE
TXNRD1,Myocardial Ischemia,GENE_ASSOCIATED_WITH_DISEASE
TXNRD3,Cardiomyopathies,GENE_ASSOCIATED_WITH_DISEASE
TYK2,"Liver Cirrhosis, Biliary",GENE_ASSOCIATED_WITH_DISEASE
TYMS,Brain Diseases,GENE_ASSOCIATED_WITH_DISEASE
TYMS,"Carcinoma, Hepatocellular",GENE_ASSOCIATED_WITH_DISEASE
TYMS,Neuroendocrine Tumors,GENE_ASSOCIATED_WITH_DISEASE
TYROBP,"Liver Cirrhosis, Experimental",GENE_ASSOCIATED_WITH_DISEASE
TYROBP,Liver Diseases,GENE_ASSOCIATED_WITH_DISEASE
U2SURP,"Liver Cirrhosis, Experimental",GENE_ASSOCIATED_WITH_DISEASE
U2SURP-PS1,"Liver Cirrhosis, Experimental",GENE_ASSOCIATED_WITH_DISEASE
UBA5,Chemical and Drug Induced Liver Injury,GENE_ASSOCIATED_WITH_DISEASE
UBD,"Carcinoma, Hepatocellular",GENE_ASSOCIATED_WITH_DISEASE
UBD,"Hepatitis, Animal",GENE_ASSOCIATED_WITH_DISEASE
UBD,"Liver Cirrhosis, Biliary",GENE_ASSOCIATED_WITH_DISEASE
UBD,"Liver Cirrhosis, Experimental",GENE_ASSOCIATED_WITH_DISEASE
UBE2C,"Carcinoma, Hepatocellular",GENE_ASSOCIATED_WITH_DISEASE
UBE2E2,"Adenoma, Liver Cell",GENE_ASSOCIATED_WITH_DISEASE
UBE2E2,"Carcinoma, Hepatocellular",GENE_ASSOCIATED_WITH_DISEASE
UBE2L3,"Hepatitis B, Chronic",GENE_ASSOCIATED_WITH_DISEASE
UBE2T,"Carcinoma, Hepatocellular",GENE_ASSOCIATED_WITH_DISEASE
UBE3B,Kaufman oculocerebrofacial syndrome,GENE_ASSOCIATED_WITH_DISEASE
UBE4B,"Brain Injuries, Traumatic",GENE_ASSOCIATED_WITH_DISEASE
UBE4B,Neurobehavioral Manifestations,GENE_ASSOCIATED_WITH_DISEASE
UBIAD1,"Edema, Cardiac",GENE_ASSOCIATED_WITH_DISEASE
UCHL1,"Carcinoma, Hepatocellular",GENE_ASSOCIATED_WITH_DISEASE
UCN2,Heart Failure,GENE_ASSOCIATED_WITH_DISEASE
UCP1,"Cardiomyopathy, Dilated",GENE_ASSOCIATED_WITH_DISEASE
UCP1,Heart Failure,GENE_ASSOCIATED_WITH_DISEASE
UCP2,Brain Injuries,GENE_ASSOCIATED_WITH_DISEASE
UCP2,Brain Ischemia,GENE_ASSOCIATED_WITH_DISEASE
UCP2,Cardiomegaly,GENE_ASSOCIATED_WITH_DISEASE
UCP2,Fatty Liver,GENE_ASSOCIATED_WITH_DISEASE
UFD1,"Heart Defects, Congenital",GENE_ASSOCIATED_WITH_DISEASE
UGCG,"Liver Cirrhosis, Experimental",GENE_ASSOCIATED_WITH_DISEASE
UGCG,Myocardial Ischemia,GENE_ASSOCIATED_WITH_DISEASE
UGDH,Liver Neoplasms,GENE_ASSOCIATED_WITH_DISEASE
UGT1A9,Chemical and Drug Induced Liver Injury,GENE_ASSOCIATED_WITH_DISEASE
UGT2B,"Liver Cirrhosis, Experimental",GENE_ASSOCIATED_WITH_DISEASE
UHRF1,"Carcinoma, Hepatocellular",GENE_ASSOCIATED_WITH_DISEASE
UMPS,"Carcinoma, Hepatocellular",GENE_ASSOCIATED_WITH_DISEASE
UNC45B,Heart Diseases,GENE_ASSOCIATED_WITH_DISEASE
UNC5CL,"Liver Cirrhosis, Experimental",GENE_ASSOCIATED_WITH_DISEASE
UNC93B1,Chemical and Drug Induced Liver Injury,GENE_ASSOCIATED_WITH_DISEASE
UNC93B1,Liver Cirrhosis,GENE_ASSOCIATED_WITH_DISEASE
UNC93B1,"Liver Cirrhosis, Experimental",GENE_ASSOCIATED_WITH_DISEASE
UQCRFS1,Myocardial Ischemia,GENE_ASSOCIATED_WITH_DISEASE
UROC1,"Carcinoma, Hepatocellular",GENE_ASSOCIATED_WITH_DISEASE
USP15,Diabetic Neuropathies,GENE_ASSOCIATED_WITH_DISEASE
USP18,Aicardi-Goutieres syndrome,GENE_ASSOCIATED_WITH_DISEASE
USP2,"Carcinoma, Hepatocellular",GENE_ASSOCIATED_WITH_DISEASE
USP4,"Carcinoma, Hepatocellular",GENE_ASSOCIATED_WITH_DISEASE
USP5,Chemical and Drug Induced Liver Injury,GENE_ASSOCIATED_WITH_DISEASE
UTS2,Bradycardia,GENE_ASSOCIATED_WITH_DISEASE
VASN,"Carcinoma, Hepatocellular",GENE_ASSOCIATED_WITH_DISEASE
VASP,"Liver Cirrhosis, Experimental",GENE_ASSOCIATED_WITH_DISEASE
VAV1,"Liver Cirrhosis, Experimental",GENE_ASSOCIATED_WITH_DISEASE
VAV3,Tachycardia,GENE_ASSOCIATED_WITH_DISEASE
VCAM1,"Carcinoma, Hepatocellular",GENE_ASSOCIATED_WITH_DISEASE
VCAM1,Cardiovascular Diseases,GENE_ASSOCIATED_WITH_DISEASE
VCAM1,Intrahepatic Cholestasis of Pregnancy,GENE_ASSOCIATED_WITH_DISEASE
VCAM1,Myocardial Ischemia,GENE_ASSOCIATED_WITH_DISEASE
VCL,"Cardiomyopathy, Dilated, 1w",GENE_ASSOCIATED_WITH_DISEASE
VCL,"Cardiomyopathy, Familial Hypertrophic, 15",GENE_ASSOCIATED_WITH_DISEASE
VDAC1,Myocardial Infarction,GENE_ASSOCIATED_WITH_DISEASE
VDAC1,Myocardial Reperfusion Injury,GENE_ASSOCIATED_WITH_DISEASE
VEGFA,Brain Injuries,GENE_ASSOCIATED_WITH_DISEASE
VEGFA,Brain Neoplasms,GENE_ASSOCIATED_WITH_DISEASE
VEGFA,Cerebral Hemorrhage,GENE_ASSOCIATED_WITH_DISEASE
VEGFA,Chemical and Drug Induced Liver Injury,GENE_ASSOCIATED_WITH_DISEASE
VEGFA,"Heart Defects, Congenital",GENE_ASSOCIATED_WITH_DISEASE
VEGFA,Heart Diseases,GENE_ASSOCIATED_WITH_DISEASE
VEGFA,Heart Failure,GENE_ASSOCIATED_WITH_DISEASE
VEGFA,"Hypoxia-Ischemia, Brain",GENE_ASSOCIATED_WITH_DISEASE
VEGFA,Liver Cirrhosis,GENE_ASSOCIATED_WITH_DISEASE
VEGFA,"Liver Cirrhosis, Experimental",GENE_ASSOCIATED_WITH_DISEASE
VEGFA,Liver Failure,GENE_ASSOCIATED_WITH_DISEASE
VEGFA,Myocardial Ischemia,GENE_ASSOCIATED_WITH_DISEASE
VEGFA,Myocardial Reperfusion Injury,GENE_ASSOCIATED_WITH_DISEASE
VEGFAA,Cerebrovascular Disorders,GENE_ASSOCIATED_WITH_DISEASE
VEGFB,Liver Cirrhosis,GENE_ASSOCIATED_WITH_DISEASE
VEGFB,Myocardial Ischemia,GENE_ASSOCIATED_WITH_DISEASE
VIM,Chemical and Drug Induced Liver Injury,GENE_ASSOCIATED_WITH_DISEASE
VIM,Liver Cirrhosis,GENE_ASSOCIATED_WITH_DISEASE
VIM,"Liver Cirrhosis, Experimental",GENE_ASSOCIATED_WITH_DISEASE
VIM,Motor Neuron Disease,GENE_ASSOCIATED_WITH_DISEASE
VIM,Neurodegenerative Diseases,GENE_ASSOCIATED_WITH_DISEASE
VIP,Tachycardia,GENE_ASSOCIATED_WITH_DISEASE
VIPR1,"Carcinoma, Hepatocellular",GENE_ASSOCIATED_WITH_DISEASE
VIPR1,"Liver Cirrhosis, Experimental",GENE_ASSOCIATED_WITH_DISEASE
VLDLR,Non-alcoholic Fatty Liver Disease,GENE_ASSOCIATED_WITH_DISEASE
VOPP1,"Liver Cirrhosis, Experimental",GENE_ASSOCIATED_WITH_DISEASE
VPS13A,Neuroacanthocytosis,GENE_ASSOCIATED_WITH_DISEASE
VSIG4,"Carcinoma, Hepatocellular",GENE_ASSOCIATED_WITH_DISEASE
VSIR,"Liver Cirrhosis, Experimental",GENE_ASSOCIATED_WITH_DISEASE
VTN,Liver Cirrhosis,GENE_ASSOCIATED_WITH_DISEASE
VWF,Cardiovascular Diseases,GENE_ASSOCIATED_WITH_DISEASE
VWF,Chemical and Drug Induced Liver Injury,GENE_ASSOCIATED_WITH_DISEASE
VWF,Heart Failure,GENE_ASSOCIATED_WITH_DISEASE
VWF,"Liver Cirrhosis, Experimental",GENE_ASSOCIATED_WITH_DISEASE
WAC,Neurodevelopmental Disorders,GENE_ASSOCIATED_WITH_DISEASE
WASL,Chemical and Drug Induced Liver Injury,GENE_ASSOCIATED_WITH_DISEASE
WDFY3,Neurodevelopmental Disorders,GENE_ASSOCIATED_WITH_DISEASE
WDR12,"Cardiomyopathy, Dilated",GENE_ASSOCIATED_WITH_DISEASE
WDR12,Myocardial Infarction,GENE_ASSOCIATED_WITH_DISEASE
WDR17,Liver Neoplasms,GENE_ASSOCIATED_WITH_DISEASE
WDR-23,"Gait Disorders, Neurologic",GENE_ASSOCIATED_WITH_DISEASE
WDR45,"Heart Failure, Diastolic",GENE_ASSOCIATED_WITH_DISEASE
WDR45,NEURODEGENERATION WITH BRAIN IRON ACCUMULATION 5,GENE_ASSOCIATED_WITH_DISEASE
WDR45,Neurodegeneration with brain iron accumulation (NBIA),GENE_ASSOCIATED_WITH_DISEASE
WDR45,Neurodevelopmental Disorders,GENE_ASSOCIATED_WITH_DISEASE
WDR62,"Carcinoma, Hepatocellular",GENE_ASSOCIATED_WITH_DISEASE
WDR76,"Carcinoma, Hepatocellular",GENE_ASSOCIATED_WITH_DISEASE
WFDC2,"Liver Cirrhosis, Experimental",GENE_ASSOCIATED_WITH_DISEASE
WFDC21,"Liver Cirrhosis, Experimental",GENE_ASSOCIATED_WITH_DISEASE
WIPF1,"Liver Cirrhosis, Experimental",GENE_ASSOCIATED_WITH_DISEASE
WLS,"Liver Cirrhosis, Experimental",GENE_ASSOCIATED_WITH_DISEASE
WNK1,"NEUROPATHY, HEREDITARY SENSORY AND AUTONOMIC, TYPE IIA",GENE_ASSOCIATED_WITH_DISEASE
WSCD1,Liver Neoplasms,GENE_ASSOCIATED_WITH_DISEASE
XAF1,Heart Failure,GENE_ASSOCIATED_WITH_DISEASE
XAGE1B,"Carcinoma, Hepatocellular",GENE_ASSOCIATED_WITH_DISEASE
XBP1,Fatty Liver,GENE_ASSOCIATED_WITH_DISEASE
XBP1,Non-alcoholic Fatty Liver Disease,GENE_ASSOCIATED_WITH_DISEASE
XDH,Heart Diseases,GENE_ASSOCIATED_WITH_DISEASE
XDH,Heart Failure,GENE_ASSOCIATED_WITH_DISEASE
XDH,"Infarction, Middle Cerebral Artery",GENE_ASSOCIATED_WITH_DISEASE
XIAP,Myocardial Reperfusion Injury,GENE_ASSOCIATED_WITH_DISEASE
XK,Neuroacanthocytosis,GENE_ASSOCIATED_WITH_DISEASE
XK,"Neuroacanthocytosis, Mcleod Type",GENE_ASSOCIATED_WITH_DISEASE
XK,Neuromuscular Diseases,GENE_ASSOCIATED_WITH_DISEASE
XPA,Liver Neoplasms,GENE_ASSOCIATED_WITH_DISEASE
XPC,Liver Neoplasms,GENE_ASSOCIATED_WITH_DISEASE
XPNPEP2,"Liver Cirrhosis, Experimental",GENE_ASSOCIATED_WITH_DISEASE
XYLB,Chemical and Drug Induced Liver Injury,GENE_ASSOCIATED_WITH_DISEASE
YAP1,Brain Neoplasms,GENE_ASSOCIATED_WITH_DISEASE
YAP1,"Carcinoma, Hepatocellular",GENE_ASSOCIATED_WITH_DISEASE
YAP1,Neuroblastoma,GENE_ASSOCIATED_WITH_DISEASE
YBX1,"Liver Cirrhosis, Experimental",GENE_ASSOCIATED_WITH_DISEASE
YES1,"Heart Septal Defects, Ventricular",GENE_ASSOCIATED_WITH_DISEASE
YIF1A,Liver Neoplasms,GENE_ASSOCIATED_WITH_DISEASE
YPEL3,"Liver Cirrhosis, Experimental",GENE_ASSOCIATED_WITH_DISEASE
YTHDF2,"Carcinoma, Hepatocellular",GENE_ASSOCIATED_WITH_DISEASE
YWHAG,"Liver Cirrhosis, Experimental",GENE_ASSOCIATED_WITH_DISEASE
YWHAH,Cardiomyopathies,GENE_ASSOCIATED_WITH_DISEASE
YWHAZ,"Liver Cirrhosis, Experimental",GENE_ASSOCIATED_WITH_DISEASE
YY1AP1,"Arterial Occlusive Disease, Progressive, with Hypertension, Heart Defects, Bone Fragility, and Brachysyndactyly",GENE_ASSOCIATED_WITH_DISEASE
ZBTB4,"Liver Cirrhosis, Experimental",GENE_ASSOCIATED_WITH_DISEASE
ZC3H12D,"Carcinoma, Hepatocellular",GENE_ASSOCIATED_WITH_DISEASE
ZC3H4,Neurodevelopmental Disorders,GENE_ASSOCIATED_WITH_DISEASE
ZDHHC13,"Liver Cirrhosis, Experimental",GENE_ASSOCIATED_WITH_DISEASE
ZDHHC2,"Liver Cirrhosis, Experimental",GENE_ASSOCIATED_WITH_DISEASE
ZDHHC2,Liver Neoplasms,GENE_ASSOCIATED_WITH_DISEASE
ZDHHC23,Chemical and Drug Induced Liver Injury,GENE_ASSOCIATED_WITH_DISEASE
ZEB1,Myocardial Ischemia,GENE_ASSOCIATED_WITH_DISEASE
ZEB1B,Brain Neoplasms,GENE_ASSOCIATED_WITH_DISEASE
ZEB2,"Heart Defects, Congenital",GENE_ASSOCIATED_WITH_DISEASE
ZEB2,"Liver Cirrhosis, Experimental",GENE_ASSOCIATED_WITH_DISEASE
ZEB2-AS1,Heart Failure,GENE_ASSOCIATED_WITH_DISEASE
ZFP36,"Carcinoma, Hepatocellular",GENE_ASSOCIATED_WITH_DISEASE
ZFP36,Myocardial Ischemia,GENE_ASSOCIATED_WITH_DISEASE
ZFP37,"Liver Cirrhosis, Experimental",GENE_ASSOCIATED_WITH_DISEASE
ZFP532,"Heart Failure, Diastolic",GENE_ASSOCIATED_WITH_DISEASE
ZFYVE16,"Liver Cirrhosis, Experimental",GENE_ASSOCIATED_WITH_DISEASE
ZIC2,"Carcinoma, Hepatocellular",GENE_ASSOCIATED_WITH_DISEASE
ZIC3,Dextrocardia,GENE_ASSOCIATED_WITH_DISEASE
ZIC4,"Carcinoma, Hepatocellular",GENE_ASSOCIATED_WITH_DISEASE
ZIC5,"Carcinoma, Hepatocellular",GENE_ASSOCIATED_WITH_DISEASE
ZNF23,"Carcinoma, Hepatocellular",GENE_ASSOCIATED_WITH_DISEASE
ZNF292,Neurodevelopmental Disorders,GENE_ASSOCIATED_WITH_DISEASE
ZSCAN22,Liver Neoplasms,GENE_ASSOCIATED_WITH_DISEASE
ZWINT,"Carcinoma, Hepatocellular",GENE_ASSOCIATED_WITH_DISEASE
