PubChem_CID,Drug_Name,Chemical_Formula,SMILES_Structure,Image_Path
CID_1,Bioactive Compound 1,C9H17NO4,CC(=O)OC(CC(=O)[O-])C[N+](C)(C)C,drug_images\CID_1.png
CID_2,Bioactive Compound 2,C9H18NO4+,CC(=O)OC(CC(=O)O)C[N+](C)(C)C,drug_images\CID_2.png
CID_3,Bioactive Compound 3,C7H8O4,O=C(O)C1=CC=CC(O)C1O,drug_images\CID_3.png
CID_4,Bioactive Compound 4,C3H9NO,CC(O)CN,drug_images\CID_4.png
CID_5,Bioactive Compound 5,C3H8NO5P,NCC(=O)COP(=O)(O)O,drug_images\CID_5.png
CID_6,Bioactive Compound 6,C6H3ClN2O4,O=[N+]([O-])c1ccc(Cl)c([N+](=O)[O-])c1,drug_images\CID_6.png
CID_7,Bioactive Compound 7,C7H9N5,CCn1cnc2c(N)ncnc21,drug_images\CID_7.png
CID_8,Bioactive Compound 8,C6H12O4,CCC(C)(O)C(O)C(=O)O,drug_images\CID_8.png
CID_9,Bioactive Compound 9,C6H13O9P,O=P(O)(O)OC1C(O)C(O)C(O)C(O)C1O,drug_images\CID_9.png
CID_11,Bioactive Compound 11,C2H4Cl2,ClCCCl,drug_images\CID_11.png
CID_12,Bioactive Compound 12,C6H6O4,Oc1cc(O)c(O)c(O)c1,drug_images\CID_12.png
CID_13,Bioactive Compound 13,C6H3Cl3,Clc1ccc(Cl)c(Cl)c1,drug_images\CID_13.png
CID_14,Bioactive Compound 14,C20H32O5,CCCCCC(=O)C=CC1C(O)CC(=O)C1CCCCCCC(=O)O,drug_images\CID_14.png
CID_15,Bioactive Compound 15,C19H30O2,CC12CCC3C(CCC4CC(=O)CCC43C)C1CCC2O,drug_images\CID_15.png
CID_16,Bioactive Compound 16,C12H22N2O2,O=C1CCCCCNC(=O)CCCCCN1,drug_images\CID_16.png
CID_17,Bioactive Compound 17,C7H7NO4,O=C(O)C1=NC(C(=O)O)CC=C1,drug_images\CID_17.png
CID_18,Bioactive Compound 18,C6H8O7,O=C(O)C(=O)C(=O)C(O)C(O)CO,drug_images\CID_18.png
CID_19,Bioactive Compound 19,C7H6O4,O=C(O)c1cccc(O)c1O,drug_images\CID_19.png
CID_20,Bioactive Compound 20,C9H10O4,O=C(O)CCc1cccc(O)c1O,drug_images\CID_20.png
CID_21,Bioactive Compound 21,C6H10O4,CCC(O)(C(C)=O)C(=O)O,drug_images\CID_21.png
CID_22,Bioactive Compound 22,C5H8O4,CC(=O)C(C)(O)C(=O)O,drug_images\CID_22.png
CID_23,Bioactive Compound 23,C7H7NO5,NC(C(=O)O)=C(C=CC=O)C(=O)O,drug_images\CID_23.png
CID_24,Bioactive Compound 24,C9H17N5O8,NC1=NC2C(C(=O)N1)N(O)C(O)(C(O)C(O)CO)C(O)N2O,drug_images\CID_24.png
CID_26,Bioactive Compound 26,C9H11N5O5,CC(=O)C(=O)C1=NC2C(=O)NC(N)=NC2N(O)C1O,drug_images\CID_26.png
CID_28,Bioactive Compound 28,C6H7NO4,NC(=CC=CC(=O)O)C(=O)O,drug_images\CID_28.png
CID_29,Bioactive Compound 29,C3H5NO3,NC(C=O)C(=O)O,drug_images\CID_29.png
CID_30,Bioactive Compound 30,C6H7NO3,NC(=CC=CC=O)C(=O)O,drug_images\CID_30.png
CID_31,Bioactive Compound 31,C5H13O7P,CC(O)(CO)C(O)COP(=O)(O)O,drug_images\CID_31.png
CID_32,Bioactive Compound 32,C7H6O6,O=C(O)C=CC=C(C(=O)O)C(=O)O,drug_images\CID_32.png
CID_33,Bioactive Compound 33,C2H3ClO,O=CCCl,drug_images\CID_33.png
CID_34,Bioactive Compound 34,C2H5ClO,OCCCl,drug_images\CID_34.png
CID_35,Bioactive Compound 35,C6H5ClO4,O=C(O)CC1(Cl)C=CC(=O)O1,drug_images\CID_35.png
CID_36,Bioactive Compound 36,C7H12O5,CC(C)C(C(=O)O)C(O)C(=O)O,drug_images\CID_36.png
CID_37,Bioactive Compound 37,C6H10O6,O=C(O)C(=O)CC(O)C(O)CO,drug_images\CID_37.png
CID_38,Bioactive Compound 38,C6H10O4,CC(C)(CO)C(=O)C(=O)O,drug_images\CID_38.png
CID_39,Bioactive Compound 39,C6H8O3,CC1(C)COC(=O)C1=O,drug_images\CID_39.png
CID_40,Bioactive Compound 40,C6H12O5,OCC1OC(O)CC(O)C1O,drug_images\CID_40.png
CID_41,Bioactive Compound 41,C6H11O6PS,CSCCC(=O)C(O)=COP(=O)(O)O,drug_images\CID_41.png
CID_42,Bioactive Compound 42,C9H10O6,O=C(O)CCC(=O)C=CC=C(O)C(=O)O,drug_images\CID_42.png
CID_43,Bioactive Compound 43,C5H8O5,O=C(O)CCC(O)C(=O)O,drug_images\CID_43.png
CID_44,Bioactive Compound 44,C3H2O5-2,O=C([O-])C(O)C(=O)[O-],drug_images\CID_44.png
CID_45,Bioactive Compound 45,C3H4O5,O=C(O)C(O)C(=O)O,drug_images\CID_45.png
CID_46,Bioactive Compound 46,C6H11O9P,O=C(O)C(=O)CC(O)C(O)COP(=O)(O)O,drug_images\CID_46.png
CID_47,Bioactive Compound 47,C6H10O3,CCC(C)C(=O)C(=O)O,drug_images\CID_47.png
CID_48,Bioactive Compound 48,C5H7NO4,NC(=O)CCC(=O)C(=O)O,drug_images\CID_48.png
CID_49,Bioactive Compound 49,C5H8O3,CC(C)C(=O)C(=O)O,drug_images\CID_49.png
CID_50,Bioactive Compound 50,C6H10O7,O=C(O)C(=O)C(O)C(O)C(O)CO,drug_images\CID_50.png
CID_51,Bioactive Compound 51,C5H6O5,O=C(O)CCC(=O)C(=O)O,drug_images\CID_51.png
CID_52,Bioactive Compound 52,C26H44N7O18P3S,CC(O)C(C)C(=O)SCCNC(=O)CCNC(=O)C(O)C(C)(C)COP(=O)(O)OP(=O)(O)OCC1OC(n2cnc3c(N)ncnc32)C(O)C1OP(=O)(O)O,drug_images\CID_52.png
CID_53,Bioactive Compound 53,C26H42N7O18P3S,CC(=O)C(C)C(=O)SCCNC(=O)CCNC(=O)C(O)C(C)(C)COP(=O)(O)OP(=O)(O)OCC1OC(n2cnc3c(N)ncnc32)C(O)C1OP(=O)(O)O,drug_images\CID_53.png
CID_54,Bioactive Compound 54,C26H44N7O17P3S,CCC(C)C(=O)SCCNC(=O)CCNC(=O)C(O)C(C)(C)COP(=O)(O)OP(=O)(O)OCC1OC(n2cnc3c(N)ncnc32)C(O)C1OP(=O)(O)O,drug_images\CID_54.png
CID_55,Bioactive Compound 55,C46H70O2,CC(C)=CCCC(C)=CCCC(C)=CCCC(C)=CCCC(C)=CCCC(C)=CCCC(C)=CCCC(C)=CCc1cccc(O)c1O,drug_images\CID_55.png
CID_56,Bioactive Compound 56,C46H70O2,CC=CCCC(C)=CCCC(C)=CCCC(C)=CCCC(C)=CCCC(C)=CCCC(C)=CCCC(C)=CCc1cccc(OC)c1O,drug_images\CID_56.png
CID_57,Bioactive Compound 57,C46H70O,CC(C)=CCCC(C)=CCCC(C)=CCCC(C)=CCCC(C)=CCCC(C)=CCCC(C)=CCCC(C)=CCc1ccccc1O,drug_images\CID_57.png
CID_58,Bioactive Compound 58,C4H6O3,CCC(=O)C(=O)O,drug_images\CID_58.png
CID_59,Bioactive Compound 59,C3H7O7P,O=C(O)C(CO)OP(=O)(O)O,drug_images\CID_59.png
CID_60,Bioactive Compound 60,C14H26N3O17P3,CC(CO)(OP(=O)(O)O)C(O)COP(=O)(O)OP(=O)(O)OCC1OC(n2ccc(N)nc2=O)C(O)C1O,drug_images\CID_60.png
CID_61,Bioactive Compound 61,C3H8O10P2,O=C(O)C(COP(=O)(O)O)OP(=O)(O)O,drug_images\CID_61.png
CID_62,Bioactive Compound 62,C6H5Cl3O,OC1C=C(Cl)C(Cl)C=C1Cl,drug_images\CID_62.png
CID_63,Bioactive Compound 63,C5H12N2O2,CC(N)CC(N)C(=O)O,drug_images\CID_63.png
CID_64,Bioactive Compound 64,C6H6Cl2O2,OC1C=C(Cl)C(O)C=C1Cl,drug_images\CID_64.png
CID_65,Bioactive Compound 65,C6H4Cl2O2,Oc1cc(Cl)c(O)cc1Cl,drug_images\CID_65.png
CID_66,Bioactive Compound 66,C6H4Cl2O,Oc1cc(Cl)ccc1Cl,drug_images\CID_66.png
CID_67,Bioactive Compound 67,C6H8O7,O=C(O)C(=O)C(O)C(O)C(=O)CO,drug_images\CID_67.png
CID_68,Bioactive Compound 68,C5H12O9P2,CC1(CO)OP(=O)(O)OP(=O)(O)OCC1O,drug_images\CID_68.png
CID_69,Bioactive Compound 69,C7H8O4,CC(=O)C=CC=C(O)C(=O)O,drug_images\CID_69.png
CID_70,Bioactive Compound 70,C6H10O3,CC(C)CC(=O)C(=O)O,drug_images\CID_70.png
CID_71,Bioactive Compound 71,C6H8O5,O=C(O)CCCC(=O)C(=O)O,drug_images\CID_71.png
CID_72,Bioactive Compound 72,C7H6O4,O=C(O)c1ccc(O)c(O)c1,drug_images\CID_72.png
CID_73,Bioactive Compound 73,C10H15N5O10P2,Nc1ncnc2c1ncn2C1OC(COP(=O)(O)O)C(OP(=O)(O)O)C1O,drug_images\CID_73.png
CID_74,Bioactive Compound 74,C25H40N7O18P3S,CC(=O)CC(=O)SCCNC(=O)CCNC(=O)C(O)C(C)(C)COP(=O)(O)OP(=O)(O)OCC1OC(n2cnc3c(N)ncnc32)C(O)C1OP(=O)(O)O,drug_images\CID_74.png
CID_75,Bioactive Compound 75,C3H7NO,NCCC=O,drug_images\CID_75.png
CID_76,Bioactive Compound 76,C19H28O2,CC12CCC3C(CC=C4CC(O)CCC43C)C1CCC2=O,drug_images\CID_76.png
CID_77,Bioactive Compound 77,C7H12O5,CC(C)C(O)(CC(=O)O)C(=O)O,drug_images\CID_77.png
CID_78,Bioactive Compound 78,C3H6ClNO2,NC(CCl)C(=O)O,drug_images\CID_78.png
CID_79,Bioactive Compound 79,C6H4N2,N#Cc1cccnc1,drug_images\CID_79.png
CID_80,Bioactive Compound 80,C7H8O5,O=C(O)C1=CC(=O)C(O)C(O)C1,drug_images\CID_80.png
CID_81,Bioactive Compound 81,C7H13O10P,O=C(O)C(=O)CC(O)C(O)C(O)COP(=O)(O)O,drug_images\CID_81.png
CID_82,Bioactive Compound 82,C10H13O10P,C=C(OC1CC(C(=O)O)=CC(OP(=O)(O)O)C1O)C(=O)O,drug_images\CID_82.png
CID_84,Bioactive Compound 84,C27H44N7O20P3S,CC(O)(CC(=O)O)CC(=O)SCCNC(=O)CCNC(=O)C(O)C(C)(C)COP(=O)(O)OP(=O)(O)OCC1OC(n2cnc3c(N)ncnc32)C(O)C1OP(=O)(O)O,drug_images\CID_84.png
CID_85,Bioactive Compound 85,C7H16NO3+,C[N+](C)(C)CC(O)CC(=O)O,drug_images\CID_85.png
CID_86,Bioactive Compound 86,C7H7NO3,Nc1c(O)cccc1C(=O)O,drug_images\CID_86.png
CID_87,Bioactive Compound 87,C4H8O3,CC(CO)C(=O)O,drug_images\CID_87.png
CID_88,Bioactive Compound 88,C25H42N7O18P3S,CC(CO)C(=O)SCCNC(=O)CCNC(=O)C(O)C(C)(C)COP(=O)(O)OP(=O)(O)OCC1OC(n2cnc3c(N)ncnc32)C(O)C1OP(=O)(O)O,drug_images\CID_88.png
CID_89,Bioactive Compound 89,C10H12N2O4,Nc1c(O)cccc1C(=O)CC(N)C(=O)O,drug_images\CID_89.png
CID_90,Bioactive Compound 90,C27H44N7O20P3S,CC(C)(COP(=O)(O)OP(=O)(O)OCC1OC(n2cnc3c(N)ncnc32)C(O)C1OP(=O)(O)O)C(O)C(=O)NCCC(=O)NCCSC(=O)CC(O)CCC(=O)O,drug_images\CID_90.png
CID_91,Bioactive Compound 91,C9H10O3,O=C(O)CCc1cccc(O)c1,drug_images\CID_91.png
CID_92,Bioactive Compound 92,C20H24N2O3,C=CC1(O)CN2CCC1CC2C(O)c1ccnc2ccc(OC)cc12,drug_images\CID_92.png
CID_93,Bioactive Compound 93,C6H8O5,O=C(O)CCC(=O)CC(=O)O,drug_images\CID_93.png
CID_94,Bioactive Compound 94,C27H42N7O20P3S,CC(C)(COP(=O)(O)OP(=O)(O)OCC1OC(n2cnc3c(N)ncnc32)C(O)C1OP(=O)(O)O)C(O)C(=O)NCCC(=O)NCCSC(=O)CC(=O)CCC(=O)O,drug_images\CID_94.png
CID_95,Bioactive Compound 95,C6H10O7,O=C(O)C(O)C(=O)C(O)C(O)CO,drug_images\CID_95.png
CID_96,Bioactive Compound 96,C4H6O3,CC(=O)CC(=O)O,drug_images\CID_96.png
CID_97,Bioactive Compound 97,C12H20O11,O=C1C(O)C(CO)OC(OC2C(CO)OC(O)C(O)C2O)C1O,drug_images\CID_97.png
CID_98,Bioactive Compound 98,C3H4O3S,O=C(O)C(=O)CS,drug_images\CID_98.png
CID_99,Bioactive Compound 99,C26H42N7O17P3S,CC(C)=CC(=O)SCCNC(=O)CCNC(=O)C(O)C(C)(C)COP(=O)(O)OP(=O)(O)OCC1OC(n2cnc3c(N)ncnc32)C(O)C1OP(=O)(O)O,drug_images\CID_99.png
CID_100,Bioactive Compound 100,C47H70O3,CC(C)=CCCC(C)=CCCC(C)=CCCC(C)=CCCC(C)=CCCC(C)=CCCC(C)=CCCC(C)=CCc1cc(C(=O)O)ccc1O,drug_images\CID_100.png
CID_101,Bioactive Compound 101,C7H6O2,O=Cc1cccc(O)c1,drug_images\CID_101.png
CID_102,Bioactive Compound 102,C7H8O2,OCc1cccc(O)c1,drug_images\CID_102.png
CID_103,Bioactive Compound 103,C45H72N7O20P3S,CC(CCC(=O)SCCNC(=O)CCNC(=O)C(O)C(C)(C)COP(=O)(O)OP(=O)(O)OCC1OC(n2cnc3c(N)ncnc32)C(O)C1OP(=O)(O)O)C1CCC2C3C(O)CC4CC(=O)CCC4(C)C3CC(O)C12C,drug_images\CID_103.png
CID_104,Bioactive Compound 104,C6H6O4,O=C(O)CC1=CCC(=O)O1,drug_images\CID_104.png
CID_105,Bioactive Compound 105,C3H5O7P,O=C(O)C(=O)COP(=O)(O)O,drug_images\CID_105.png
CID_106,Bioactive Compound 106,C3H8NO6P,NC(COP(=O)(O)O)C(=O)O,drug_images\CID_106.png
CID_107,Bioactive Compound 107,C9H10O2,O=C(O)CCc1ccccc1,drug_images\CID_107.png
CID_108,Bioactive Compound 108,C7H7NO2,O=C(O)Cc1cccnc1,drug_images\CID_108.png
CID_109,Bioactive Compound 109,C3H7NO4S,NC(CS(=O)O)C(=O)O,drug_images\CID_109.png
CID_110,Bioactive Compound 110,C3H4O5S,O=C(O)C(=O)CS(=O)O,drug_images\CID_110.png
CID_111,Bioactive Compound 111,C4H8N2O3,NC(=O)NCCC(=O)O,drug_images\CID_111.png
CID_112,Bioactive Compound 112,C4H6O8P-,O=C([O-])C(=O)C(O)COP(=O)(O)O,drug_images\CID_112.png
CID_113,Bioactive Compound 113,C4H7O8P,O=C(O)C(=O)C(O)COP(=O)(O)O,drug_images\CID_113.png
CID_114,Bioactive Compound 114,C9H11NO2,O=C(O)CCCc1cccnc1,drug_images\CID_114.png
CID_115,Bioactive Compound 115,C5H12NO7P,NC1COC(OP(=O)(O)O)C(O)C1O,drug_images\CID_115.png
CID_116,Bioactive Compound 116,C10H11NO5,C=C(OC1C=C(C(=O)O)C=CC1N)C(=O)O,drug_images\CID_116.png
CID_117,Bioactive Compound 117,C4H5N3O2,Nc1nc[nH]c1C(=O)O,drug_images\CID_117.png
CID_118,Bioactive Compound 118,C4H9NO,NCCCC=O,drug_images\CID_118.png
CID_119,Bioactive Compound 119,C4H9NO2,NCCCC(=O)O,drug_images\CID_119.png
CID_120,Bioactive Compound 120,C6H4O4,O=C(O)C=C1C=CC(=O)O1,drug_images\CID_120.png
CID_121,Bioactive Compound 121,C14H25N3O14P2,CC(O)(CO)C(O)COP(=O)(O)OP(=O)(O)OCC1OC(n2ccc(N)nc2=O)C(O)C1O,drug_images\CID_121.png
CID_122,Bioactive Compound 122,C8H8O6,O=C(O)C=CC(=O)CC(=O)CC(=O)O,drug_images\CID_122.png
CID_123,Bioactive Compound 123,C5H12N4O,NC(=O)CCCN=C(N)N,drug_images\CID_123.png
CID_124,Bioactive Compound 124,C5H8O4,CC(O)CC(=O)C(=O)O,drug_images\CID_124.png
CID_125,Bioactive Compound 125,C7H8O2,OCc1ccc(O)cc1,drug_images\CID_125.png
CID_126,Bioactive Compound 126,C7H6O2,O=Cc1ccc(O)cc1,drug_images\CID_126.png
CID_127,Bioactive Compound 127,C8H8O3,O=C(O)Cc1ccc(O)cc1,drug_images\CID_127.png
CID_128,Bioactive Compound 128,C6H8N2O3,O=C(O)CCC1N=CNC1=O,drug_images\CID_128.png
CID_129,Bioactive Compound 129,C6H12O,CC(C)CCC=O,drug_images\CID_129.png
CID_130,Bioactive Compound 130,C7H8O8,O=C(O)CC(O)(CC(=O)C(=O)O)C(=O)O,drug_images\CID_130.png
CID_131,Bioactive Compound 131,C9H18NO8P,CC(C)(COP(=O)(O)O)C(O)C(=O)NCCC(=O)O,drug_images\CID_131.png
CID_132,Bioactive Compound 132,C12H23N2O9PS,CC(C)(COP(=O)(O)O)C(O)C(=O)NCCC(=O)NC(CS)C(=O)O,drug_images\CID_132.png
CID_133,Bioactive Compound 133,C7H16NO+,C[N+](C)(C)CCCC=O,drug_images\CID_133.png
CID_134,Bioactive Compound 134,C7H16NO2+,C[N+](C)(C)CCCC(=O)O,drug_images\CID_134.png
CID_135,Bioactive Compound 135,C7H6O3,O=C(O)c1ccc(O)cc1,drug_images\CID_135.png
CID_137,Bioactive Compound 137,C5H9NO3,NCC(=O)CCC(=O)O,drug_images\CID_137.png
CID_138,Bioactive Compound 138,C5H11NO2,NCCCCC(=O)O,drug_images\CID_138.png
CID_139,Bioactive Compound 139,C27H48O3,CC(C)CCCC(C)C1CCC2C3C(O)CC4CC(O)CCC4(C)C3CC(O)C12C,drug_images\CID_139.png
CID_140,Bioactive Compound 140,C27H48O4,CC(CO)CCCC(C)C1CCC2C3C(O)CC4CC(O)CCC4(C)C3CC(O)C12C,drug_images\CID_140.png
CID_141,Bioactive Compound 141,C14H20N2O16P2,O=C1COC(OP(=O)(O)OP(=O)(O)OCC2OC(n3ccc(=O)[nH]c3=O)C(O)C2O)C(O)C1O,drug_images\CID_141.png
CID_142,Bioactive Compound 142,C10H13N5O3,CC1OC(n2cnc3c(N)ncnc32)C(O)C1O,drug_images\CID_142.png
CID_144,Bioactive Compound 144,C11H12N2O3,NC(Cc1c[nH]c2ccc(O)cc12)C(=O)O,drug_images\CID_144.png
CID_145,Bioactive Compound 145,C6H8O7,O=C(O)C(=O)CC(O)C(O)C(=O)O,drug_images\CID_145.png
CID_149,Bioactive Compound 149,C11H15N5O3S,CSCC1OC(n2cnc3c(N)ncnc32)C(O)C1O,drug_images\CID_149.png
CID_150,Bioactive Compound 150,C5H12NO7P,NC1OC(COP(=O)(O)O)C(O)C1O,drug_images\CID_150.png
CID_151,Bioactive Compound 151,C8H15N2O9P,O=CNCC(=O)NC1OC(COP(=O)(O)O)C(O)C1O,drug_images\CID_151.png
CID_152,Bioactive Compound 152,C7H15N2O8P,NCC(=O)NC1OC(COP(=O)(O)O)C(O)C1O,drug_images\CID_152.png
CID_153,Bioactive Compound 153,C8H14N3O7P,Nc1cncn1C1OC(COP(=O)(O)O)C(O)C1O,drug_images\CID_153.png
CID_154,Bioactive Compound 154,C8H16N3O8P,NC(CNC=O)=NC1OC(COP(=O)(O)O)C(O)C1O,drug_images\CID_154.png
CID_155,Bioactive Compound 155,C5H6N4O3,NC(=O)Nc1nc[nH]c1C(=O)O,drug_images\CID_155.png
CID_156,Bioactive Compound 156,C6H8N4,c1ncc2c(n1)NCCN2,drug_images\CID_156.png
CID_157,Bioactive Compound 157,C6H10O7,O=C(O)C(O)C(O)C(O)C(=O)CO,drug_images\CID_157.png
CID_158,Bioactive Compound 158,C20H32O5,CCCCCC(O)C=CC1C(O)CC(=O)C1CC=CCCCC(=O)O,drug_images\CID_158.png
CID_159,Bioactive Compound 159,C20H32O5,CCCCCC(O)C=CC1C(O)CC2OC(=CCCCC(=O)O)CC21,drug_images\CID_159.png
CID_160,Bioactive Compound 160,C20H34O5,CCCCCC(O)C=CC1C(O)CC(O)C1CC=CCCCC(=O)O,drug_images\CID_160.png
CID_161,Bioactive Compound 161,C9H18N5O13P3,NC1=NC2NCC(C(O)C(O)COP(=O)(O)OP(=O)(O)OP(=O)(O)O)=NC2C(=O)N1,drug_images\CID_161.png
CID_162,Bioactive Compound 162,C8H12N2O3S,CC1(C)SC2C(N)C(=O)N2C1C(=O)O,drug_images\CID_162.png
CID_163,Bioactive Compound 163,C28H46N7O19P3S,CC(C)(COP(=O)(O)OP(=O)(O)OCC1OC(n2cnc3c(N)ncnc32)C(O)C1OP(=O)(O)O)C(O)C(=O)NCCC(=O)NCCSC(=O)CCCCCC(=O)O,drug_images\CID_163.png
CID_164,Bioactive Compound 164,C6H9N3O3,[N-]=[N+]=CC(=O)CCC(N)C(=O)O,drug_images\CID_164.png
CID_165,Bioactive Compound 165,C6H10N3O3+,N#[N+]C=C(O)CCC(N)C(=O)O,drug_images\CID_165.png
CID_166,Bioactive Compound 166,C9H13N5O3,CC(=O)C(=O)C1CNC2N=C(N)NC(=O)C2N1,drug_images\CID_166.png
CID_167,Bioactive Compound 167,C6H6N4,c1ncc2c(n1)=NCCN=2,drug_images\CID_167.png
CID_168,Bioactive Compound 168,C12H23O14P,O=P(O)(O)OCC1OC(OC2C(CO)OC(O)C(O)C2O)C(O)C(O)C1O,drug_images\CID_168.png
CID_169,Bioactive Compound 169,C20H32O4,CCCCCC=CCC(O)C=CC=CC=CC(O)CCCC(=O)O,drug_images\CID_169.png
CID_172,Bioactive Compound 172,C27H44O,CC(C)CCCC(C)C1CCC2C3=CC=C4CC(O)CCC4(C)C3CCC21C,drug_images\CID_172.png
CID_173,Bioactive Compound 173,C9H17NO3,CC(N)C(=O)CCCCCC(=O)O,drug_images\CID_173.png
CID_174,Bioactive Compound 174,C2H6O2,OCCO,drug_images\CID_174.png
CID_175,Bioactive Compound 175,C2H3O2-,CC(=O)[O-],drug_images\CID_175.png
CID_176,Bioactive Compound 176,C2H4O2,CC(=O)O,drug_images\CID_176.png
CID_177,Bioactive Compound 177,C2H4O,CC=O,drug_images\CID_177.png
CID_178,Bioactive Compound 178,C2H5NO,CC(N)=O,drug_images\CID_178.png
CID_179,Bioactive Compound 179,C4H8O2,CC(=O)C(C)O,drug_images\CID_179.png
CID_180,Bioactive Compound 180,C3H6O,CC(C)=O,drug_images\CID_180.png
CID_181,Bioactive Compound 181,C23H38N7O17P3S,CC(=O)SCCNC(=O)CCNC(=O)C(O)C(C)(C)COP(=O)(O)OP(=O)(O)OCC1OC(n2cnc3c(N)ncnc32)C(O)C1OP(=O)(O)O,drug_images\CID_181.png
CID_182,Bioactive Compound 182,C63H105NO12P2,CC(=O)NC1C(OP(=O)(O)OP(=O)(O)OCC=C(C)CCC=C(C)CCC=C(C)CCC=C(C)CCC=C(C)CCC=C(C)CCC=C(C)CCC=C(C)CCC=C(C)CCC=C(C)CCC=C(C)C)OC(CO)C(O)C1O,drug_images\CID_182.png
CID_183,Bioactive Compound 183,C71H118N2O17P2,CC(=O)NC1C(OC2C(CO)OC(OP(=O)(O)OP(=O)(O)OCC=C(C)CCC=C(C)CCC=C(C)CCC=C(C)CCC=C(C)CCC=C(C)CCC=C(C)CCC=C(C)CCC=C(C)CCC=C(C)CCC=C(C)C)C(NC(C)=O)C2O)OC(CO)C(O)C1O,drug_images\CID_183.png
CID_184,Bioactive Compound 184,C12H21N3O8,CC(=O)NC1C(NC(=O)CC(N)C(=O)O)OC(CO)C(O)C1O,drug_images\CID_184.png
CID_185,Bioactive Compound 185,C7H11NO5,CC(=O)NC(CCC(=O)O)C(=O)O,drug_images\CID_185.png
CID_186,Bioactive Compound 186,C2H5O5P,CC(=O)OP(=O)(O)O,drug_images\CID_186.png
CID_187,Bioactive Compound 187,C7H16NO2+,CC(=O)OCC[N+](C)(C)C,drug_images\CID_187.png
CID_188,Bioactive Compound 188,C14H24O12,CC(=O)OC1OC(CO)C(OC2OC(CO)C(O)C(O)C2O)C(O)C1O,drug_images\CID_188.png
CID_189,Bioactive Compound 189,C5H9NO4,CC(=O)OCC(N)C(=O)O,drug_images\CID_189.png
CID_190,Bioactive Compound 190,C5H5N5,Nc1ncnc2nc[nH]c12,drug_images\CID_190.png
CID_191,Bioactive Compound 191,C10H13N5O4,Nc1ncnc2c1ncn2C1OC(CO)C(O)C1O,drug_images\CID_191.png
CID_192,Bioactive Compound 192,C15H23N5O14P2,Nc1ncnc2c1ncn2C1OC(COP(=O)(O)OP(=O)(O)OCC2OC(O)C(O)C2O)C(O)C1O,drug_images\CID_192.png
CID_193,Bioactive Compound 193,C14H20N6O5S,Nc1ncnc2c1ncn2C1OC(CSCCC(N)C(=O)O)C(O)C1O,drug_images\CID_193.png
CID_194,Bioactive Compound 194,C20H28N10O19P4,Nc1ncnc2c1ncn2C1OC(COP(=O)(O)OP(=O)(O)OP(=O)(O)OP(=O)(O)OCC2OC(n3cnc4c(N)ncnc43)C(O)C2O)C(O)C1O,drug_images\CID_194.png
CID_195,Bioactive Compound 195,C14H18N5O11P,O=C(O)CC(Nc1ncnc2c1ncn2C1OC(COP(=O)(O)O)C(O)C1O)C(=O)O,drug_images\CID_195.png
CID_196,Bioactive Compound 196,C6H10O4,O=C(O)CCCCC(=O)O,drug_images\CID_196.png
CID_197,Bioactive Compound 197,C10H15N5O10P2,Nc1ncnc2c1ncn2C1OC(COP(=O)(O)OP(=O)(O)O)C(O)C1O,drug_images\CID_197.png
CID_198,Bioactive Compound 198,C16H25N5O15P2,Nc1ncnc2c1ncn2C1OC(COP(=O)(O)OP(=O)(O)OC2OC(CO)C(O)C(O)C2O)C(O)C1O,drug_images\CID_198.png
CID_199,Bioactive Compound 199,C5H14N4,NCCCCN=C(N)N,drug_images\CID_199.png
CID_200,Bioactive Compound 200,C9H15N4O8P,NC(=O)c1ncn(C2OC(COP(=O)(O)O)C(O)C2O)c1N,drug_images\CID_200.png
CID_201,Bioactive Compound 201,C35H60O7P2,CC(C)=CCCC(C)=CCCC(C)=CCCC(C)=CCCC(C)=CCCC(C)=CCCC(C)=CCOP(=O)(O)OP(=O)(O)O,drug_images\CID_201.png
CID_202,Bioactive Compound 202,C30H52O7P2,CC(C)=CCCC(C)=CCCC(C)=CCCC(C)=CCCC(C)=CCCC(C)=CCOP(=O)(O)OP(=O)(O)O,drug_images\CID_202.png
CID_203,Bioactive Compound 203,C4H8N4O4,NC(=O)NC(NC(N)=O)C(=O)O,drug_images\CID_203.png
CID_204,Bioactive Compound 204,C4H6N4O3,NC(=O)NC1NC(=O)NC1=O,drug_images\CID_204.png
CID_205,Bioactive Compound 205,C4H9NO3,CC(O)C(N)C(=O)O,drug_images\CID_205.png
CID_206,Bioactive Compound 206,C6H12O6,OCC1OC(O)C(O)C(O)C1O,drug_images\CID_206.png
CID_207,Bioactive Compound 207,C6H11NO3,NC(CCCC=O)C(=O)O,drug_images\CID_207.png
CID_208,Bioactive Compound 208,C6H13O9P,O=P(O)(O)OCC1OC(O)C(O)C(O)C1O,drug_images\CID_208.png
CID_209,Bioactive Compound 209,C39H64N6O26,CC(=O)NC(CC(=O)NC1OC(CO)C(OC2OC(CO)C(OC3OC(CO)C(O)C(OC4(C(=O)O)CC(O)C(NC(C)=O)C(C(O)C(O)CO)O4)C3O)C(O)C2NC(C)=O)C(O)C1NC(C)=O)C(N)=O,drug_images\CID_209.png
CID_210,Bioactive Compound 210,C25H42N2O19,CC(=O)NC1C(O)OC(CO)C(OC2OC(COC3(C(=O)O)CC(O)C(NC(C)=O)C(C(O)C(O)CO)O3)C(O)C(O)C2O)C1O,drug_images\CID_210.png
CID_211,Bioactive Compound 211,C14H18N2O4,Cc1cc2ncn(C3OC(CO)C(O)C3O)c2cc1C,drug_images\CID_211.png
CID_212,Bioactive Compound 212,C14H19N2O7P,Cc1cc2ncn(C3OC(COP(=O)(O)O)C(O)C3O)c2cc1C,drug_images\CID_212.png
CID_213,Bioactive Compound 213,C20H32O5,CCCCCC(O)C=CC1OC2CC(O2)C1CC=CCCCC(=O)O,drug_images\CID_213.png
CID_214,Bioactive Compound 214,C20H34O5,CCCCCC(O)C=CC1C(O)CC(=O)C1CCCCCCC(=O)O,drug_images\CID_214.png
CID_215,Bioactive Compound 215,C3H7NO,CC(=O)CN,drug_images\CID_215.png
CID_216,Bioactive Compound 216,C6H10N3O4P,Cc1ncc(COP(=O)(O)O)c(N)n1,drug_images\CID_216.png
CID_217,Bioactive Compound 217,C6H11N3O7P2,Cc1ncc(COP(=O)(O)OP(=O)(O)O)c(N)n1,drug_images\CID_217.png
CID_219,Bioactive Compound 219,C4H7NO3,CC(=O)C(N)C(=O)O,drug_images\CID_219.png
CID_220,Bioactive Compound 220,C10H16NO3PS,CCOP(=S)(OCC)Oc1ccc(N)cc1,drug_images\CID_220.png
CID_221,Bioactive Compound 221,C9H16N4O6,Nc1c(NCC(O)C(O)C(O)CO)[nH]c(=O)[nH]c1=O,drug_images\CID_221.png
CID_222,Bioactive Compound 222,H3N,N,drug_images\CID_222.png
CID_223,Bioactive Compound 223,H4N+,[NH4+],drug_images\CID_223.png
CID_224,Bioactive Compound 224,C10H14N5O7P,Nc1ncnc2c1ncn2C1OC(COP(=O)(O)O)C(O)C1O,drug_images\CID_224.png
CID_225,Bioactive Compound 225,C19H30O2,CC12CCC3C(CCC4CC(O)CCC43C)C1CCC2=O,drug_images\CID_225.png
CID_226,Bioactive Compound 226,CH6NOP,NC(O)P,drug_images\CID_226.png
CID_227,Bioactive Compound 227,C7H7NO2,Nc1ccccc1C(=O)O,drug_images\CID_227.png
CID_228,Bioactive Compound 228,C10H14N5O10PS,Nc1ncnc2c1ncn2C1OC(COP(=O)(O)OS(=O)(=O)O)C(O)C1O,drug_images\CID_228.png
CID_229,Bioactive Compound 229,C5H10O5,OC1COC(O)C(O)C1O,drug_images\CID_229.png
CID_230,Bioactive Compound 230,C5H11O8P,O=CC(O)C(O)C(O)COP(=O)(O)O,drug_images\CID_230.png
CID_231,Bioactive Compound 231,C20H32O2,CCCCCC=CCC=CCC=CCC=CCCCC(=O)O,drug_images\CID_231.png
CID_232,Bioactive Compound 232,C6H14N4O2,NC(N)=NCCCC(N)C(=O)O,drug_images\CID_232.png
CID_233,Bioactive Compound 233,HAsO4-2,O=[As]([O-])([O-])O,drug_images\CID_233.png
CID_234,Bioactive Compound 234,H3AsO4,O=[As](O)(O)O,drug_images\CID_234.png
CID_236,Bioactive Compound 236,C4H8N2O3,NC(=O)CC(N)C(=O)O,drug_images\CID_236.png
CID_237,Bioactive Compound 237,C23H30ClN3O,CCN(CC)CCCC(C)Nc1c2ccc(Cl)cc2nc2ccc(OC)cc12,drug_images\CID_237.png
CID_238,Bioactive Compound 238,C10H16N5O13P3,Nc1ncnc2c1ncn2C1OC(COP(=O)(O)OP(=O)(O)OP(=O)(O)O)C(O)C1O,drug_images\CID_238.png
CID_239,Bioactive Compound 239,C3H7NO2,NCCC(=O)O,drug_images\CID_239.png
CID_240,Bioactive Compound 240,C7H6O,O=Cc1ccccc1,drug_images\CID_240.png
CID_241,Bioactive Compound 241,C6H6,c1ccccc1,drug_images\CID_241.png
CID_242,Bioactive Compound 242,C7H5O2-,O=C([O-])c1ccccc1,drug_images\CID_242.png
CID_243,Bioactive Compound 243,C7H6O2,O=C(O)c1ccccc1,drug_images\CID_243.png
CID_244,Bioactive Compound 244,C7H8O,OCc1ccccc1,drug_images\CID_244.png
CID_245,Bioactive Compound 245,C14H25NO11,CC(=O)NC1C(O)OC(CO)C(OC2OC(CO)C(O)C(O)C2O)C1O,drug_images\CID_245.png
CID_246,Bioactive Compound 246,C19H30O5S,CC12CCC3C(CCC4CC(OS(=O)(=O)O)CCC43C)C1CCC2=O,drug_images\CID_246.png
CID_247,Bioactive Compound 247,C5H11NO2,C[N+](C)(C)CC(=O)[O-],drug_images\CID_247.png
CID_248,Bioactive Compound 248,C5H12NO2+,C[N+](C)(C)CC(=O)O,drug_images\CID_248.png
CID_249,Bioactive Compound 249,C5H12NO+,C[N+](C)(C)CC=O,drug_images\CID_249.png
CID_250,Bioactive Compound 250,C33H36N4O6,C=CC1=C(C)C(=Cc2[nH]c(Cc3[nH]c(C=C4NC(=O)C(C)=C4C=C)c(C)c3CCC(=O)O)c(CCC(=O)O)c2C)NC1=O,drug_images\CID_250.png
CID_251,Bioactive Compound 251,C33H34N4O6,C=CC1=C(C)C(C=c2[nH]c(=Cc3[nH]c(C=C4NC(=O)C(C)=C4C=C)c(C)c3CCC(=O)O)c(CCC(=O)O)c2C)=NC1=O,drug_images\CID_251.png
CID_253,Bioactive Compound 253,C10H16N2O3S,O=C(O)CCCCC1SCC2NC(=O)NC21,drug_images\CID_253.png
CID_254,Bioactive Compound 254,C12H10O2,Oc1cccc(-c2ccccc2)c1O,drug_images\CID_254.png
CID_255,Bioactive Compound 255,C12H9N2O8P,O=[N+]([O-])c1ccc(OP(=O)(O)Oc2ccc([N+](=O)[O-])cc2)cc1,drug_images\CID_255.png
CID_256,Bioactive Compound 256,C68H129N2O20P,CCCCCCCCCCCC(O)CC(=O)NC1C(OCC2OC(OP(=O)(O)O)C(NC(=O)CC(O)CCCCCCCCCCC)C(OC(=O)CC(O)CCCCCCCCCCC)C2O)OC(CO)C(O)C1OC(=O)CC(O)CCCCCCCCCCC,drug_images\CID_256.png
CID_257,Bioactive Compound 257,C34H66NO12P,CCCCCCCCCCCC(O)CC(=O)NC1C(OP(=O)(O)O)OC(CO)C(O)C1OC(=O)CC(O)CCCCCCCCCCC,drug_images\CID_257.png
CID_258,Bioactive Compound 258,C17H26N8O5,[H]/N=C(\N)N(C)CCC(N)CC(=O)NC1C=CC(n2ccc(N)nc2=O)OC1C(=O)O,drug_images\CID_258.png
CID_259,Bioactive Compound 259,Br-,[Br-],drug_images\CID_259.png
CID_260,Bioactive Compound 260,HBr,Br,drug_images\CID_260.png
CID_261,Bioactive Compound 261,C4H8O,CCCC=O,drug_images\CID_261.png
CID_262,Bioactive Compound 262,C4H10O2,CC(O)C(C)O,drug_images\CID_262.png
CID_263,Bioactive Compound 263,C4H10O,CCCCO,drug_images\CID_263.png
CID_264,Bioactive Compound 264,C4H8O2,CCCC(=O)O,drug_images\CID_264.png
CID_265,Bioactive Compound 265,C25H42N7O17P3S,CCCC(=O)SCCNC(=O)CCNC(=O)C(O)C(C)(C)COP(=O)(O)OP(=O)(O)OCC1OC(n2cnc3c(N)ncnc32)C(O)C1OP(=O)(O)O,drug_images\CID_265.png
CID_266,Bioactive Compound 266,C4H9O5P,CCCC(=O)OP(=O)(O)O,drug_images\CID_266.png
CID_267,Bioactive Compound 267,C41H65N9O28P2,CC(=O)NC1C(OP(=O)(O)OP(=O)(O)OCC2OC(n3ccc(=O)[nH]c3=O)C(O)C2O)OC(CO)C(O)C1OC(C)C(=O)NC(C)C(=O)NC(CCC(=O)NC(CCCC(N)C(=O)O)C(=O)NC(C)C(=O)NC(C)C(=O)O)C(=O)O,drug_images\CID_267.png
CID_268,Bioactive Compound 268,C40H65N9O26P2,CC(=O)NC1C(OP(=O)(O)OP(=O)(O)OCC2OC(n3ccc(=O)[nH]c3=O)C(O)C2O)OC(CO)C(O)C1OC(C)C(=O)NC(C)C(=O)NC(CCC(=O)O)C(=O)NC(CCCCN)C(=O)NC(C)C(=O)NC(C)C(=O)O,drug_images\CID_268.png
CID_269,Bioactive Compound 269,C87H143N7O23P2,CC(=O)NC1C(OP(=O)(O)OP(=O)(O)OCC=C(C)CCC=C(C)CCC=C(C)CCC=C(C)CCC=C(C)CCC=C(C)CCC=C(C)CCC=C(C)CCC=C(C)CCC=C(C)CCC=C(C)C)OC(CO)C(O)C1OC(C)C(=O)NC(C)C(=O)NC(CCC(=O)NC(CCCC(N)C(=O)O)C(=O)NC(C)C(=O)NC(C)C(=O)O)C(=O)O,drug_images\CID_269.png
CID_270,Bioactive Compound 270,C95H156N8O28P2,CC(=O)NC1C(OC2C(CO)OC(OP(=O)(O)OP(=O)(O)OCC=C(C)CCC=C(C)CCC=C(C)CCC=C(C)CCC=C(C)CCC=C(C)CCC=C(C)CCC=C(C)CCC=C(C)CCC=C(C)CCC=C(C)C)C(NC(C)=O)C2OC(C)C(=O)NC(C)C(=O)NC(CCC(=O)NC(CCCC(N)C(=O)O)C(=O)NC(C)C(=O)NC(C)C(=O)O)C(=O)O)OC(CO)C(O)C1O,drug_images\CID_270.png
CID_271,Bioactive Compound 271,Ca+2,[Ca+2],drug_images\CID_271.png
CID_273,Bioactive Compound 273,C5H14N2,NCCCCCN,drug_images\CID_273.png
CID_274,Bioactive Compound 274,C10H12N5O6P,Nc1ncnc2c1ncn2C1OC2COP(=O)(O)OC2C1O,drug_images\CID_274.png
CID_275,Bioactive Compound 275,C5H12N4O3,NC(N)=NOCCC(N)C(=O)O,drug_images\CID_275.png
CID_276,Bioactive Compound 276,CH2NO2-,NC(=O)[O-],drug_images\CID_276.png
CID_277,Bioactive Compound 277,CH3NO2,NC(=O)O,drug_images\CID_277.png
CID_278,Bioactive Compound 278,CH4NO5P,NC(=O)OP(=O)(O)O,drug_images\CID_278.png
CID_279,Bioactive Compound 279,C5H8N2O5,NC(=O)NC(CC(=O)O)C(=O)O,drug_images\CID_279.png
CID_280,Bioactive Compound 280,CO2,O=C=O,drug_images\CID_280.png
CID_281,Bioactive Compound 281,CO,[C-]#[O+],drug_images\CID_281.png
CID_282,Bioactive Compound 282,C9H12O4,O=C(O)CCC1=CC=CC(O)C1O,drug_images\CID_282.png
CID_283,Bioactive Compound 283,CHO2-,O=C[O-],drug_images\CID_283.png
CID_284,Bioactive Compound 284,CH2O2,O=CO,drug_images\CID_284.png
CID_285,Bioactive Compound 285,C2H4NO3-,NOCC(=O)[O-],drug_images\CID_285.png
CID_286,Bioactive Compound 286,C2H5NO3,NOCC(=O)O,drug_images\CID_286.png
CID_287,Bioactive Compound 287,C12H16NO9P,O=C(O)c1ccccc1NCC(=O)C(O)C(O)COP(=O)(O)O,drug_images\CID_287.png
CID_288,Bioactive Compound 288,C7H15NO3,C[N+](C)(C)CC(O)CC(=O)[O-],drug_images\CID_288.png
CID_289,Bioactive Compound 289,C6H6O2,Oc1ccccc1O,drug_images\CID_289.png
CID_290,Bioactive Compound 290,C9H15N3O11P2,Nc1ccn(C2OC(COP(=O)(O)OP(=O)(O)O)C(O)C2O)c(=O)n1,drug_images\CID_290.png
CID_291,Bioactive Compound 291,C14H27N4O11P2+,C[N+](C)(C)CCOP(=O)(O)OP(=O)(O)OCC1OC(n2ccc(N)nc2=O)C(O)C1O,drug_images\CID_291.png
CID_292,Bioactive Compound 292,C15H25N3O16P2,Nc1ccn(C2OC(COP(=O)(O)OP(=O)(O)OC3OC(CO)C(O)C(O)C3O)C(O)C2O)c(=O)n1,drug_images\CID_292.png
CID_293,Bioactive Compound 293,C11H20N4O11P2,NCCOP(=O)(O)OP(=O)(O)OCC1OC(n2ccc(N)nc2=O)C(O)C1O,drug_images\CID_293.png
CID_294,Bioactive Compound 294,C12H22O11,OCC1OC(OC2C(CO)OC(O)C(O)C2O)C(O)C(O)C1O,drug_images\CID_294.png
CID_296,Bioactive Compound 296,C4H6O3,CC(C=O)C(=O)O,drug_images\CID_296.png
CID_297,Bioactive Compound 297,CH4,C,drug_images\CID_297.png
CID_298,Bioactive Compound 298,C11H12Cl2N2O5,O=C(NC(CO)C(O)c1ccc([N+](=O)[O-])cc1)C(Cl)Cl,drug_images\CID_298.png
CID_299,Bioactive Compound 299,C10Cl10O,O=C1C2(Cl)C3(Cl)C4(Cl)C(Cl)(Cl)C5(Cl)C3(Cl)C1(Cl)C5(Cl)C24Cl,drug_images\CID_299.png
CID_300,Bioactive Compound 300,C2H3ClO2,O=C(O)CCl,drug_images\CID_300.png
CID_301,Bioactive Compound 301,C6H5ClO2,Oc1ccc(O)c(Cl)c1,drug_images\CID_301.png
CID_302,Bioactive Compound 302,C24H38O5,CC(CCC(=O)O)C1CCC2C3C(=O)CC4CC(O)CCC4(C)C3CC(O)C12C,drug_images\CID_302.png
CID_303,Bioactive Compound 303,C24H40O5,CC(CCC(=O)O)C1CCC2C3C(O)CC4CC(O)CCC4(C)C3CC(O)C12C,drug_images\CID_303.png
CID_304,Bioactive Compound 304,C27H46O,CC(C)CCCC(C)C1CCC2C3CC=C4CC(O)CCC4(C)C3CCC12C,drug_images\CID_304.png
CID_305,Bioactive Compound 305,C5H14NO+,C[N+](C)(C)CCO,drug_images\CID_305.png
CID_306,Bioactive Compound 306,C10H10O6,C=C(OC1C=C(C(=O)O)C=CC1O)C(=O)O,drug_images\CID_306.png
CID_307,Bioactive Compound 307,C9H8O,O=CC=Cc1ccccc1,drug_images\CID_307.png
CID_308,Bioactive Compound 308,C9H10O,OCC=Cc1ccccc1,drug_images\CID_308.png
CID_309,Bioactive Compound 309,C6H6O6,O=C(O)C=C(CC(=O)O)C(=O)O,drug_images\CID_309.png
CID_310,Bioactive Compound 310,C6H6O4,O=C(O)C=CC=CC(=O)O,drug_images\CID_310.png
CID_311,Bioactive Compound 311,C6H8O7,O=C(O)CC(O)(CC(=O)O)C(=O)O,drug_images\CID_311.png
CID_312,Bioactive Compound 312,Cl-,[Cl-],drug_images\CID_312.png
CID_313,Bioactive Compound 313,HCl,Cl,drug_images\CID_313.png
CID_314,Bioactive Compound 314,C9H14N3O8P,Nc1ccn(C2OC(COP(=O)(O)O)C(O)C2O)c(=O)n1,drug_images\CID_314.png
CID_315,Bioactive Compound 315,C17H26N3O15P,Nc1ccn(C2OC(COP(=O)(O)OCC(O)C(O)C(O)C(O)CC(=O)C(=O)O)C(O)C2O)c(=O)n1,drug_images\CID_315.png
CID_316,Bioactive Compound 316,C20H31N4O16P,CC(=O)NC1C(O)CC(OP(=O)(O)OCC2OC(n3ccc(N)nc3=O)C(O)C2O)(C(=O)O)OC1C(O)C(O)CO,drug_images\CID_316.png
CID_317,Bioactive Compound 317,C21H36N7O16P3S,CC(C)(COP(=O)(O)OP(=O)(O)OCC1OC(n2cnc3c(N)ncnc32)C(O)C1OP(=O)(O)O)C(O)C(=O)NCCC(=O)NCCS,drug_images\CID_317.png
CID_318,Bioactive Compound 318,C48H75CoN11O8,CC1=C2N=C(CC3=NC(C(C)C4=NC(C(CC(N)=O)C4(C)CCC(=O)NCC(C)O)C4(C)N=C1C(CCC(N)=O)C4(C)CC(N)=O)C(CCC(N)=O)C3(C)C)C(CCC(N)=O)C2(C)CC(N)=O.[Co],drug_images\CID_318.png
CID_319,Bioactive Compound 319,C48H75N11O8,CC1=C2N=C(CC3=NC(C(C)C4=NC(C(CC(N)=O)C4(C)CCC(=O)NCC(C)O)C4(C)N=C1C(CCC(N)=O)C4(C)CC(N)=O)C(CCC(N)=O)C3(C)C)C(CCC(N)=O)C2(C)CC(N)=O,drug_images\CID_319.png
CID_320,Bioactive Compound 320,C11H16N4O5,OCC1OC(n2cnc3c2NC=NCC3O)C(O)C1O,drug_images\CID_320.png
CID_321,Bioactive Compound 321,C36H44N4O8,Cc1c2[nH]c(c1CCC(=O)O)Cc1[nH]c(c(CCC(=O)O)c1C)Cc1[nH]c(c(CCC(=O)O)c1C)Cc1[nH]c(c(C)c1CCC(=O)O)C2,drug_images\CID_321.png
CID_322,Bioactive Compound 322,C9H8O3,O=C(O)C=Cc1ccc(O)cc1,drug_images\CID_322.png
CID_323,Bioactive Compound 323,C9H6O2,O=c1ccc2ccccc2o1,drug_images\CID_323.png
CID_324,Bioactive Compound 324,C30H42N7O18P3S,CC(C)(COP(=O)(O)OP(=O)(O)OCC1OC(n2cnc3c(N)ncnc32)C(O)C1OP(=O)(O)O)C(O)C(=O)NCCC(=O)NCCSC(=O)C=Cc1ccc(O)cc1,drug_images\CID_324.png
CID_325,Bioactive Compound 325,C10H14O,CC(C)c1ccc(CO)cc1,drug_images\CID_325.png
CID_326,Bioactive Compound 326,C10H12O,CC(C)c1ccc(C=O)cc1,drug_images\CID_326.png
CID_328,Bioactive Compound 328,C8H8O4,O=C(O)C(O)c1ccc(O)cc1,drug_images\CID_328.png
CID_329,Bioactive Compound 329,C6H13O7PS,CSCC(O)C(O)C(=O)COP(=O)(O)O,drug_images\CID_329.png
CID_330,Bioactive Compound 330,C27H46O,CC(C)CCCC(C)C1CCC2C3=C(CCC21C)C1(C)CCC(O)CC1CC3,drug_images\CID_330.png
CID_331,Bioactive Compound 331,C6H14N2O2,CC(N)CC(N)CC(=O)O,drug_images\CID_331.png
CID_332,Bioactive Compound 332,C9H10O2,C=Cc1ccc(O)c(OC)c1,drug_images\CID_332.png
CID_333,Bioactive Compound 333,C9H17N4O9P,Nc1c(NCC(O)C(O)C(O)COP(=O)(O)O)[nH]c(=O)[nH]c1=O,drug_images\CID_333.png
CID_334,Bioactive Compound 334,C27H44O2,CC(C)CCCC(C)C1CCC2C3C(O)CC4=CC(=O)CCC4(C)C3CCC12C,drug_images\CID_334.png
CID_335,Bioactive Compound 335,C7H8O,Cc1ccccc1O,drug_images\CID_335.png
CID_336,Bioactive Compound 336,C3H6N2O4,NC(=O)NC(O)C(=O)O,drug_images\CID_336.png
CID_337,Bioactive Compound 337,C5H10O4,CC(=O)C(O)C(O)CO,drug_images\CID_337.png
CID_338,Bioactive Compound 338,C7H6O3,O=C(O)c1ccccc1O,drug_images\CID_338.png
CID_339,Bioactive Compound 339,C2H8NO3P,NCCP(=O)(O)O,drug_images\CID_339.png
CID_340,Bioactive Compound 340,C7H8O2,Cc1cccc(O)c1O,drug_images\CID_340.png
CID_341,Bioactive Compound 341,C14H10O9,O=C(O)c1cc(O)c(O)c(OC(=O)c2cc(O)c(O)c(O)c2)c1,drug_images\CID_341.png
CID_342,Bioactive Compound 342,C7H8O,Cc1cccc(O)c1,drug_images\CID_342.png
CID_343,Bioactive Compound 343,C6H11O8P,O=P1(O)OC2C(O)C(O)C(O)C(O)C2O1,drug_images\CID_343.png
CID_344,Bioactive Compound 344,C6H8O5,O=C1CC(O)C(O)C(O)C1=O,drug_images\CID_344.png
CID_345,Bioactive Compound 345,C7H8O6,CC(C(=O)O)=C(CC(=O)O)C(=O)O,drug_images\CID_345.png
CID_346,Bioactive Compound 346,C12H16O7,OCC1OC(Oc2ccc(O)cc2)C(O)C(O)C1O,drug_images\CID_346.png
CID_347,Bioactive Compound 347,C13H18O7,OCc1cccc(OC2OC(CO)C(O)C(O)C2O)c1,drug_images\CID_347.png
CID_348,Bioactive Compound 348,C12H17O10P,O=P(O)(O)OCC1OC(Oc2ccc(O)cc2)C(O)C(O)C1O,drug_images\CID_348.png
CID_349,Bioactive Compound 349,C6H10O6,O=C1C(O)C(O)OC(CO)C1O,drug_images\CID_349.png
CID_350,Bioactive Compound 350,C11H22NO7PS,CC(OP(=O)(O)O)C(NC(=O)CCCCCCS)C(=O)O,drug_images\CID_350.png
CID_351,Bioactive Compound 351,C13H26NO10PS3,CC(OP(=O)(O)O)C(NC(=O)CCCCCCSSCCS(=O)(=O)O)C(=O)O,drug_images\CID_351.png
CID_352,Bioactive Compound 352,C24H34N8O12,CC(OC(=O)C(N)CCC(=O)O)C(OC(=O)C(N)CCC(=O)O)C1=CNc2nc(N)nc(OC(=O)C(N)CCC(=O)O)c2N1,drug_images\CID_352.png
CID_353,Bioactive Compound 353,C25H36N8O12,CC(OC(=O)C(N)CCC(=O)O)C(OC(=O)C(N)CCC(=O)O)C1=CNc2nc(N)nc(OC(=O)C(N)CCC(=O)O)c2N1C,drug_images\CID_353.png
CID_354,Bioactive Compound 354,C7H8O5,O=C(O)CCC=CC(=O)C(=O)O,drug_images\CID_354.png
CID_355,Bioactive Compound 355,C8H6O4,O=C(O)C(=O)c1ccc(O)cc1,drug_images\CID_355.png
CID_356,Bioactive Compound 356,C8H18,CCCCCCCC,drug_images\CID_356.png
CID_357,Bioactive Compound 357,C6H4Cl4,ClC1=CC(Cl)C(Cl)=CC1Cl,drug_images\CID_357.png
CID_358,Bioactive Compound 358,C6H11NO3,CC(N)CC(=O)CC(=O)O,drug_images\CID_358.png
CID_359,Bioactive Compound 359,C6H6O3,Oc1cc(O)cc(O)c1,drug_images\CID_359.png
CID_360,Bioactive Compound 360,C18H35O9P,CCC(C)=CCCCC(C)CCOP(=O)(O)OC1OC(CO)C(O)C(O)C1O,drug_images\CID_360.png
CID_361,Bioactive Compound 361,C6H8O3,O=C1C=C(O)CC(O)C1,drug_images\CID_361.png
CID_362,Bioactive Compound 362,C10H10O2,OC1C=Cc2ccccc2C1O,drug_images\CID_362.png
CID_363,Bioactive Compound 363,C2H5NO,NCC=O,drug_images\CID_363.png
CID_364,Bioactive Compound 364,C3H8N2O2,NCC(N)C(=O)O,drug_images\CID_364.png
CID_365,Bioactive Compound 365,C39H66N7O17P3S,CCCCCC=CCC=CCCCCCCCC(=O)SCCNC(=O)CCNC(=O)C(O)C(C)(C)COP(=O)(O)OP(=O)(O)OCC1OC(n2cnc3c(N)ncnc32)C(O)C1OP(=O)(O)O,drug_images\CID_365.png
CID_366,Bioactive Compound 366,C12H10O4,CC(=O)Oc1ccc2c(C)cc(=O)oc2c1,drug_images\CID_366.png
CID_368,Bioactive Compound 368,C8H21N3,NCCCCNCCCCN,drug_images\CID_368.png
CID_370,Bioactive Compound 370,C7H6O5,O=C(O)c1cc(O)c(O)c(O)c1,drug_images\CID_370.png
CID_371,Bioactive Compound 371,C4H2O4,O=C(O)C#CC(=O)O,drug_images\CID_371.png
CID_372,Bioactive Compound 372,C7H4O6,O=C(O)c1cc(C(=O)O)oc(=O)c1,drug_images\CID_372.png
CID_374,Bioactive Compound 374,C7H6O7,O=C(O)CC(=CC(=O)C(=O)O)C(=O)O,drug_images\CID_374.png
CID_375,Bioactive Compound 375,C55H90O,CC(C)=CCCC(C)=CCCC(C)=CCCC(C)=CCCC(C)=CCCC(C)=CCCC(C)=CCCC(C)=CCCC(C)=CCCC(C)=CCCC(C)=CCO,drug_images\CID_375.png
CID_376,Bioactive Compound 376,C6H10O4,CC(=O)CC(O)CC(=O)O,drug_images\CID_376.png
CID_377,Bioactive Compound 377,C20H39NO12P2,CCC(C)=CCCCC(C)CCOP(=O)(O)OP(=O)(O)OC1OC(CO)C(O)C(O)C1NC(C)=O,drug_images\CID_377.png
CID_378,Bioactive Compound 378,C6H6NO6P,O=[N+]([O-])c1ccc(OP(=O)(O)O)cc1,drug_images\CID_378.png
CID_379,Bioactive Compound 379,C8H16O2,CCCCCCCC(=O)O,drug_images\CID_379.png
CID_380,Bioactive Compound 380,C29H50N7O17P3S,CCCCCCCC(=O)SCCNC(=O)CCNC(=O)C(O)C(C)(C)COP(=O)(O)OP(=O)(O)OCC1OC(n2cnc3c(N)ncnc32)C(O)C1OP(=O)(O)O,drug_images\CID_380.png
CID_381,Bioactive Compound 381,C27H44N7O19P3S,CC(=O)CC(O)CC(=O)SCCNC(=O)CCNC(=O)C(O)C(C)(C)COP(=O)(O)OP(=O)(O)OCC1OC(n2cnc3c(N)ncnc32)C(O)C1OP(=O)(O)O,drug_images\CID_381.png
CID_382,Bioactive Compound 382,C28H40N7O18P3S,CC(C)(COP(=O)(O)OP(=O)(O)OCC1OC(n2cnc3c(N)ncnc32)C(O)C1OP(=O)(O)O)C(O)C(=O)NCCC(=O)NCCSC(=O)c1ccc(O)cc1,drug_images\CID_382.png
CID_383,Bioactive Compound 383,C45H74N7O20P3S,CC(CCC(=O)SCCNC(=O)CCNC(=O)C(O)C(C)(C)COP(=O)(O)OP(=O)(O)OCC1OC(n2cnc3c(N)ncnc32)C(O)C1OP(=O)(O)O)C1CCC2C3C(O)CC4CC(O)CCC4(C)C3CC(O)C12C,drug_images\CID_383.png
CID_384,Bioactive Compound 384,C8H15NO4,CCCC(NC(C)C(=O)O)C(=O)O,drug_images\CID_384.png
CID_385,Bioactive Compound 385,C7H12O4,O=C(O)CCCCCC(=O)O,drug_images\CID_385.png
CID_386,Bioactive Compound 386,C41H74N7O17P3S,CC(C)CCCC(C)CCCC(C)CCCC(C)CC(=O)SCCNC(=O)CCNC(=O)C(O)C(C)(C)COP(=O)(O)OP(=O)(O)OCC1OC(n2cnc3c(N)ncnc32)C(O)C1OP(=O)(O)O,drug_images\CID_386.png
CID_387,Bioactive Compound 387,C29H42N7O17P3S,CC(C)(COP(=O)(O)OP(=O)(O)OCC1OC(n2cnc3c(N)ncnc32)C(O)C1OP(=O)(O)O)C(O)C(=O)NCCC(=O)NCCSC(=O)Cc1ccccc1,drug_images\CID_387.png
CID_388,Bioactive Compound 388,C25H40N7O20P3S,CC(C)(COP(=O)(O)OP(=O)(O)OCC1OC(n2cnc3c(N)ncnc32)C(O)C1OP(=O)(O)O)C(O)C(=O)NCCC(=O)NCCSC(=O)CC(O)C(=O)O,drug_images\CID_388.png
CID_389,Bioactive Compound 389,C5H12N2O2,NCCCC(N)C(=O)O,drug_images\CID_389.png
CID_390,Bioactive Compound 390,C15H22N2O18P2,O=C(O)C1OC(OP(=O)(O)OP(=O)(O)OCC2OC(n3ccc(=O)[nH]c3=O)C(O)C2O)C(O)C(O)C1O,drug_images\CID_390.png
CID_391,Bioactive Compound 391,C12H26O7P2,CCC(C)=CCCCC(C)CCOP(=O)(O)OP(=O)(O)O,drug_images\CID_391.png
CID_392,Bioactive Compound 392,C6H14N2O2,NCCCC(N)CC(=O)O,drug_images\CID_392.png
CID_393,Bioactive Compound 393,C6H11O10P,O=C(O)C(O)C(=O)C(O)C(O)COP(=O)(O)O,drug_images\CID_393.png
CID_395,Bioactive Compound 395,C43H58N8O6S2,CCC1=C(C(C)SCC(N)C(=O)NC)C2C=c3[nH]c(c(CCC(=O)O)c3C)=Cc3[nH]c(c(C)c3CCC(=O)O)C=c3[nH]c(c(C(C)SCC(N)C(=O)NC)c3C)=CC1=N2,drug_images\CID_395.png
CID_397,Bioactive Compound 397,C10H10N2O,NC(=O)Cc1c[nH]c2ccccc12,drug_images\CID_397.png
CID_398,Bioactive Compound 398,C3H7NO2,CC(C)[N+](=O)[O-],drug_images\CID_398.png
CID_399,Bioactive Compound 399,C7H6O6,O=C(O)C=CC(=CC(=O)O)C(=O)O,drug_images\CID_399.png
CID_400,Bioactive Compound 400,C8H7NO2,O=CNc1ccccc1C=O,drug_images\CID_400.png
CID_401,Bioactive Compound 401,C3H6N2O2,NC1CONC1=O,drug_images\CID_401.png
CID_402,Bioactive Compound 402,H2S,S,drug_images\CID_402.png
CID_403,Bioactive Compound 403,C6H7NO,Nc1ccc(O)cc1,drug_images\CID_403.png
CID_404,Bioactive Compound 404,C6H14N2O3,NC(CCCCNO)C(=O)O,drug_images\CID_404.png
CID_405,Bioactive Compound 405,C27H46O2,CC(C)CCCC(C)C1CCC2C3C(O)C=C4CC(O)CCC4(C)C3CCC12C,drug_images\CID_405.png
CID_406,Bioactive Compound 406,HO3P-2,O=[PH]([O-])[O-],drug_images\CID_406.png
CID_407,Bioactive Compound 407,H3O3P,O=[PH](O)O,drug_images\CID_407.png
CID_408,Bioactive Compound 408,C10H12N2O,CN1C(=O)CCC1c1cccnc1,drug_images\CID_408.png
CID_409,Bioactive Compound 409,C10H14N2O,C[N+]1([O-])CCCC1c1cccnc1,drug_images\CID_409.png
CID_410,Bioactive Compound 410,C16H23N2O6+,CN1CCCC1c1ccc[n+](C2OC(C(=O)O)C(O)C(O)C2O)c1,drug_images\CID_410.png
CID_411,Bioactive Compound 411,C16H21N2O7+,CN1C(=O)CCC1c1ccc[n+](C2OC(C(=O)O)C(O)C(O)C2O)c1,drug_images\CID_411.png
CID_412,Bioactive Compound 412,C9H12N2,c1cncc(C2CCCN2)c1,drug_images\CID_412.png
CID_413,Bioactive Compound 413,C9H10N2O,O=C1CCC(c2cccnc2)N1,drug_images\CID_413.png
CID_414,Bioactive Compound 414,C10H12N2O2,CN1C(=O)C(O)CC1c1cccnc1,drug_images\CID_414.png
CID_415,Bioactive Compound 415,C10H12N2O2,CN1C(=O)CCC1(O)c1cccnc1,drug_images\CID_415.png
CID_416,Bioactive Compound 416,C16H20N2O8,CN1C(=O)C(OC2OC(C(=O)O)C(O)C(O)C2O)CC1c1cccnc1,drug_images\CID_416.png
CID_417,Bioactive Compound 417,C6H5ClO4,O=C(O)C=CC(Cl)=CC(=O)O,drug_images\CID_417.png
CID_418,Bioactive Compound 418,C6H8O2,OC1C=CC=CC1O,drug_images\CID_418.png
CID_419,Bioactive Compound 419,C6H6O5,O=C(O)C=CC(=O)CC(=O)O,drug_images\CID_419.png
CID_420,Bioactive Compound 420,C27H46O,CC(C)CCCC(C)C1CCC2C3=CCC4CC(O)CCC4(C)C3CCC21C,drug_images\CID_420.png
CID_421,Bioactive Compound 421,C8H16O2S2,O=C(O)CCCCC(S)CCS,drug_images\CID_421.png
CID_422,Bioactive Compound 422,C6H13O10P,O=C(O)C(O)C(O)C(O)C(O)COP(=O)(O)O,drug_images\CID_422.png
CID_423,Bioactive Compound 423,C5H9NO3,CC(=O)CC(N)C(=O)O,drug_images\CID_423.png
CID_424,Bioactive Compound 424,C4H7NO4,NC(CC(=O)O)C(=O)O,drug_images\CID_424.png
CID_425,Bioactive Compound 425,C15H12O4,O=C(C=Cc1ccc(O)cc1)c1ccc(O)cc1O,drug_images\CID_425.png
CID_426,Bioactive Compound 426,C11H20N4O6,NC(N)=NCCCC(NC(CCC(=O)O)C(=O)O)C(=O)O,drug_images\CID_426.png
CID_427,Bioactive Compound 427,C9H18N4O4,CC(NC(CCCN=C(N)N)C(=O)O)C(=O)O,drug_images\CID_427.png
CID_428,Bioactive Compound 428,C3H10N2,NCCCN,drug_images\CID_428.png
CID_429,Bioactive Compound 429,C17H22N4O6,Cc1cc2c(cc1C)N(CC(O)C(O)C(O)CO)C1=NC(=O)NC(=O)C1N2,drug_images\CID_429.png
CID_430,Bioactive Compound 430,C11H17N2+,CN1CCCC1c1ccc[n+](C)c1,drug_images\CID_430.png
CID_431,Bioactive Compound 431,C10H13N2+,C[N+]1=CCCC1c1cccnc1,drug_images\CID_431.png
CID_432,Bioactive Compound 432,C10H14N2O,CN1CCCC1(O)c1cccnc1,drug_images\CID_432.png
CID_433,Bioactive Compound 433,C10H12N2O2,O=C1CCC(c2cccnc2)N1CO,drug_images\CID_433.png
CID_434,Bioactive Compound 434,C10H14N2O,CNCCCC(=O)c1cccnc1,drug_images\CID_434.png
CID_435,Bioactive Compound 435,C9H10N2O2,NC(=O)CCC(=O)c1cccnc1,drug_images\CID_435.png
CID_436,Bioactive Compound 436,C10H12N2O2,CNC(=O)CCC(=O)c1cccnc1,drug_images\CID_436.png
CID_437,Bioactive Compound 437,C9H9NO3,O=C(O)CCC(=O)c1cccnc1,drug_images\CID_437.png
CID_438,Bioactive Compound 438,C9H11NO3,O=C(O)CCC(O)c1cccnc1,drug_images\CID_438.png
CID_439,Bioactive Compound 439,C9H9NO2,O=C(O)CC=Cc1cccnc1,drug_images\CID_439.png
CID_440,Bioactive Compound 440,C27H44O,CC(C)CCCC(C)C1CCC2C3CCC4=CC(=O)CCC4(C)C3CCC12C,drug_images\CID_440.png
CID_441,Bioactive Compound 441,C4H8O3,CC(O)CC(=O)O,drug_images\CID_441.png
CID_442,Bioactive Compound 442,C6H11O10P,O=C(O)C(=O)C(O)C(O)C(O)COP(=O)(O)O,drug_images\CID_442.png
CID_443,Bioactive Compound 443,C19H28O2,CC12CCC3C(CCC4CC(=O)CCC43C)C1CCC2=O,drug_images\CID_443.png
CID_444,Bioactive Compound 444,C13H18ClNO,CC(NC(C)(C)C)C(=O)c1cccc(Cl)c1,drug_images\CID_444.png
CID_445,Bioactive Compound 445,C13H20ClNO,CC(NC(C)(C)C)C(O)c1cccc(Cl)c1,drug_images\CID_445.png
CID_446,Bioactive Compound 446,C13H18ClNO2,CC(NC(C)(C)CO)C(=O)c1cccc(Cl)c1,drug_images\CID_446.png
CID_447,Bioactive Compound 447,C7H5ClO2,O=C(O)c1cccc(Cl)c1,drug_images\CID_447.png
CID_448,Bioactive Compound 448,C9H8ClNO3,O=C(O)CNC(=O)c1cccc(Cl)c1,drug_images\CID_448.png
CID_449,Bioactive Compound 449,C6H12O4,CC(O)(CCO)CC(=O)O,drug_images\CID_449.png
CID_450,Bioactive Compound 450,C18H24O2,CC12CCC3c4ccc(O)cc4CCC3C1CCC2O,drug_images\CID_450.png
CID_452,Bioactive Compound 452,C6H10O6,O=C1C(O)C(O)C(O)C(O)C1O,drug_images\CID_452.png
CID_453,Bioactive Compound 453,C6H14O6,OCC(O)C(O)C(O)C(O)CO,drug_images\CID_453.png
CID_454,Bioactive Compound 454,C8H16O,CCCCCCCC=O,drug_images\CID_454.png
CID_455,Bioactive Compound 455,C9H13N5O3,CC(O)C(=O)C1=NC2C(=O)NC(N)=NC2NC1,drug_images\CID_455.png
CID_456,Bioactive Compound 456,C3H4N2O4,NC(=O)NC(=O)C(=O)O,drug_images\CID_456.png
CID_457,Bioactive Compound 457,C7H9N2O+,C[n+]1cccc(C(N)=O)c1,drug_images\CID_457.png
CID_458,Bioactive Compound 458,C6H14NO2S+,C[S+](C)CCC(N)C(=O)O,drug_images\CID_458.png
CID_460,Bioactive Compound 460,C7H8O2,COc1ccccc1O,drug_images\CID_460.png
CID_461,Bioactive Compound 461,C23H45NO4,CCCCCCCCCCCCCCCC(=O)OC(CC(=O)[O-])C[N+](C)(C)C,drug_images\CID_461.png
CID_462,Bioactive Compound 462,C23H46NO4+,CCCCCCCCCCCCCCCC(=O)OC(CC(=O)O)C[N+](C)(C)C,drug_images\CID_462.png
CID_463,Bioactive Compound 463,C10H18N4O5,NC(N)=NCCCC(NC(=O)CCC(=O)O)C(=O)O,drug_images\CID_463.png
CID_464,Bioactive Compound 464,C9H9NO3,O=C(O)CNC(=O)c1ccccc1,drug_images\CID_464.png
CID_465,Bioactive Compound 465,C6H13O7PS,CSCC1OC(OP(=O)(O)O)C(O)C1O,drug_images\CID_465.png
CID_466,Bioactive Compound 466,C6H13O9P,O=P(O)(O)OC1OC(CO)C(O)C(O)C1O,drug_images\CID_466.png
CID_467,Bioactive Compound 467,C40H68O7P2,CC(C)=CCCC(C)=CCCC(C)=CCCC(C)=CC1C(COP(=O)(O)OP(=O)(O)O)C1(C)CCC=C(C)CCC=C(C)CCC=C(C)C,drug_images\CID_467.png
CID_468,Bioactive Compound 468,C30H52O7P2,CC(C)=CCCC(C)=CCCC(C)=CC1C(COP(=O)(O)OP(=O)(O)O)C1(C)CCC=C(C)CCC=C(C)C,drug_images\CID_468.png
CID_469,Bioactive Compound 469,C6H11NO4,NC(CCCC(=O)O)C(=O)O,drug_images\CID_469.png
CID_470,Bioactive Compound 470,C4H10N2O2,NCCC(N)C(=O)O,drug_images\CID_470.png
CID_471,Bioactive Compound 471,C15H12O7,O=C1c2c(O)cc(O)cc2OC(c2ccc(O)c(O)c2)C1O,drug_images\CID_471.png
CID_472,Bioactive Compound 472,C10H9NO4,Nc1ccccc1C(=O)CC(=O)C(=O)O,drug_images\CID_472.png
CID_473,Bioactive Compound 473,C5H8O3S,CSCCC(=O)C(=O)O,drug_images\CID_473.png
CID_474,Bioactive Compound 474,C12H19N6O7P,CN(C)OP(=O)(O)OCC1OC(n2cnc3c(N)ncnc32)C(O)C1O,drug_images\CID_474.png
CID_475,Bioactive Compound 475,C6H13O8P,CC1OC(OP(=O)(O)O)C(O)C(O)C1O,drug_images\CID_475.png
CID_476,Bioactive Compound 476,C6H13O7P,CC(O)(CCOP(=O)(O)O)CC(=O)O,drug_images\CID_476.png
CID_477,Bioactive Compound 477,C6H16O18P4,O=P(O)(O)OC1C(O)C(OP(=O)(O)O)C(OP(=O)(O)O)C(O)C1OP(=O)(O)O,drug_images\CID_477.png
CID_478,Bioactive Compound 478,C6H16O18P4,O=P(O)(O)OC1C(O)C(OP(=O)(O)O)C(OP(=O)(O)O)C(OP(=O)(O)O)C1O,drug_images\CID_478.png
CID_479,Bioactive Compound 479,C11H22N2O4S,CC(C)(CO)C(O)C(=O)NCCC(=O)NCCS,drug_images\CID_479.png
CID_481,Bioactive Compound 481,C6H13O9P,O=C(COP(=O)(O)O)C(O)C(O)C(O)CO,drug_images\CID_481.png
CID_482,Bioactive Compound 482,C6H17O21P5,O=P(O)(O)OC1C(O)C(OP(=O)(O)O)C(OP(=O)(O)O)C(OP(=O)(O)O)C1OP(=O)(O)O,drug_images\CID_482.png
CID_483,Bioactive Compound 483,C6H14O12P2,O=P(O)(O)OCC1OC(CO)(OP(=O)(O)O)C(O)C1O,drug_images\CID_483.png
CID_484,Bioactive Compound 484,C3H5N3,Nc1cnc[nH]1,drug_images\CID_484.png
CID_485,Bioactive Compound 485,C5H13NO4S,C[N+](C)(C)CCOS(=O)(=O)[O-],drug_images\CID_485.png
CID_486,Bioactive Compound 486,C5H14NO4S+,C[N+](C)(C)CCOS(=O)(=O)O,drug_images\CID_486.png
CID_487,Bioactive Compound 487,C4H6O4,CC(C(=O)O)C(=O)O,drug_images\CID_487.png
CID_488,Bioactive Compound 488,C11H17N3O7S,NC(CCC(=O)NC(CSC=O)C(=O)NCC(=O)O)C(=O)O,drug_images\CID_488.png
CID_489,Bioactive Compound 489,C6H13NO8S,O=S(=O)(O)NC1C(O)OC(CO)C(O)C1O,drug_images\CID_489.png
CID_490,Bioactive Compound 490,C2H5O4P,O=CCP(=O)(O)O,drug_images\CID_490.png
CID_491,Bioactive Compound 491,O6S3-2,O=S(=O)([O-])SS(=O)(=O)[O-],drug_images\CID_491.png
CID_492,Bioactive Compound 492,H2O6S3,O=S(=O)(O)SS(=O)(=O)O,drug_images\CID_492.png
CID_493,Bioactive Compound 493,C21H35N9O15P2,N/C(=N\CCCC(N)C(=O)O)NC1OC(COP(=O)(O)OP(=O)(O)OCC2OC(n3cnc4c(N)ncnc43)C(O)C2O)C(O)C1O,drug_images\CID_493.png
CID_494,Bioactive Compound 494,C6H12O4S,CSCC1OC(O)C(O)C1O,drug_images\CID_494.png
CID_495,Bioactive Compound 495,C9H17NO6S,NC(CCSCC1OC(O)C(O)C1O)C(=O)O,drug_images\CID_495.png
CID_496,Bioactive Compound 496,C9H21N3O,CC(=O)NCCCNCCCCN,drug_images\CID_496.png
CID_497,Bioactive Compound 497,C10H17N3O2S,NC(=O)CCCCC1SCC2NC(=O)NC21,drug_images\CID_497.png
CID_499,Bioactive Compound 499,C5H7NO3,O=C1CCC(C(=O)O)N1,drug_images\CID_499.png
CID_500,Bioactive Compound 500,C5H11N3O2,NC(N)=NCCCC(=O)O,drug_images\CID_500.png
CID_501,Bioactive Compound 501,C8H18N4O2,CN(C)/C(N)=N/CCCC(N)C(=O)O,drug_images\CID_501.png
CID_502,Bioactive Compound 502,C5H13N3O,NCCCCNC(N)=O,drug_images\CID_502.png
CID_503,Bioactive Compound 503,C3H7N3O2,NCC(=O)NC(N)=O,drug_images\CID_503.png
CID_504,Bioactive Compound 504,C3H4N2O,O=C1CN=CN1,drug_images\CID_504.png
CID_505,Bioactive Compound 505,C9H15N4O9P,Nc1c(NC2OC(COP(=O)(O)O)C(O)C2O)[nH]c(=O)[nH]c1=O,drug_images\CID_505.png
CID_507,Bioactive Compound 507,C12H21N3O13P2,Nc1ccn(C2OC(COP(=O)(O)OP(=O)(O)OCC(O)CO)C(O)C2O)c(=O)n1,drug_images\CID_507.png
CID_508,Bioactive Compound 508,C10H17N5O16P4,Nc1ncnc2c1ncn2C1OC(COP(=O)(O)OP(=O)(O)OP(=O)(O)OP(=O)(O)O)C(O)C1O,drug_images\CID_508.png
CID_510,Bioactive Compound 510,H3O9P3,O=P1(O)OP(=O)(O)OP(=O)(O)O1,drug_images\CID_510.png
CID_511,Bioactive Compound 511,C12H20N4O10P3S+,Cc1ncc(C[n+]2csc(CCOP(=O)(O)OP(=O)(O)OP(=O)(O)O)c2C)c(N)n1,drug_images\CID_511.png
CID_512,Bioactive Compound 512,C12H10O4,O=C(O)C(=O)C=CCC(=O)c1ccccc1,drug_images\CID_512.png
CID_513,Bioactive Compound 513,C7H10O7,CC(O)(C(=O)O)C(CC(=O)O)C(=O)O,drug_images\CID_513.png
CID_514,Bioactive Compound 514,C17H18N5O10P,Nc1ncnc2c1ncn2C1OC(COP(=O)(O)OC(=O)c2cccc(O)c2O)C(O)C1O,drug_images\CID_514.png
CID_515,Bioactive Compound 515,C7H10O7,CC(C(=O)O)C(O)(CC(=O)O)C(=O)O,drug_images\CID_515.png
CID_516,Bioactive Compound 516,C6H14O10P2,CC(O)(CCOP(=O)(O)OP(=O)(O)O)CC(=O)O,drug_images\CID_516.png
CID_517,Bioactive Compound 517,C43H50N4O16,CC1=C2N=C(C=C3NC(=Cc4[nH]c(c(CCC(=O)O)c4CC(=O)O)Cc4[nH]c1c(CC(=O)O)c4CCC(=O)O)C(CCC(=O)O)C3(C)CC(=O)O)C(CCC(=O)O)C2(C)CC(=O)O,drug_images\CID_517.png
CID_518,Bioactive Compound 518,C43H50N4O17,CC1(CC(=O)O)C2=CC3=NC4(OC(=O)CC4(C)C3CCC(=O)O)C(C)(O)c3[nH]c(c(CCC(=O)O)c3CC(=O)O)Cc3[nH]c(c(CC(=O)O)c3CCC(=O)O)C=C(N2)C1CCC(=O)O,drug_images\CID_518.png
CID_519,Bioactive Compound 519,C6H11O9P,O=C(O)CC(O)C(O)C(=O)COP(=O)(O)O,drug_images\CID_519.png
CID_520,Bioactive Compound 520,C18H40NO5P,CCCCCCCCCCCCCCCC(O)C(N)COP(=O)(O)O,drug_images\CID_520.png
CID_521,Bioactive Compound 521,C25H42N7O18P3S,CC(O)CC(=O)SCCNC(=O)CCNC(=O)C(O)C(C)(C)COP(=O)(O)OP(=O)(O)OCC1OC(n2cnc3c(N)ncnc32)C(O)C1OP(=O)(O)O,drug_images\CID_521.png
CID_522,Bioactive Compound 522,C44H52N4O17,CC(=O)C12NC(=CC3=NC(=C(CCC(=O)O)C3(C)CC(=O)O)Cc3[nH]c(c(CCC(=O)O)c3CC(=O)O)CC3=NC1=C(CC(=O)O)C3(C)CCC(=O)O)C(CCC(=O)O)C2(C)CC(=O)O,drug_images\CID_522.png
CID_523,Bioactive Compound 523,C5H6O4,O=CCCC(=O)C(=O)O,drug_images\CID_523.png
CID_524,Bioactive Compound 524,C4H4O6,O=C(O)C(=O)C(O)C(=O)O,drug_images\CID_524.png
CID_525,Bioactive Compound 525,C4H6O5,O=C(O)CC(O)C(=O)O,drug_images\CID_525.png
CID_526,Bioactive Compound 526,C45H54N4O17,CC(=O)C12NC(=CC3=NC(=C(CCC(=O)O)C3(C)CC(=O)O)CC3(C)N=C(CC4=NC1=C(CC(=O)O)C4(C)CCC(=O)O)C(CCC(=O)O)=C3CC(=O)O)C(CCC(=O)O)C2(C)CC(=O)O,drug_images\CID_526.png
CID_527,Bioactive Compound 527,C3H6O,CCC=O,drug_images\CID_527.png
CID_528,Bioactive Compound 528,C6H11NO4,CC(=O)OCCC(N)C(=O)O,drug_images\CID_528.png
CID_529,Bioactive Compound 529,C2H5O6P,O=C(O)COP(=O)(O)O,drug_images\CID_529.png
CID_531,Bioactive Compound 531,C25H43N8O17P3S,CC(N)CC(=O)SCCNC(=O)CCNC(=O)C(O)C(C)(C)COP(=O)(O)OP(=O)(O)OCC1OC(n2cnc3c(N)ncnc32)C(O)C1OP(=O)(O)O,drug_images\CID_531.png
CID_532,Bioactive Compound 532,C44H54N4O16,CC12CC3=C(CCC(=O)O)C(C)(CC(=O)O)C(=N3)C=C3NC(C)(C4=C(CC(=O)O)C(C)(CCC(=O)O)C(=CC(=N1)C(CCC(=O)O)=C2CC(=O)O)N4)C(C)(CC(=O)O)C3CCC(=O)O,drug_images\CID_532.png
CID_533,Bioactive Compound 533,H2Se,[SeH2],drug_images\CID_533.png
CID_534,Bioactive Compound 534,C44H56N4O16,CC12CC3=C(CCC(=O)O)C(C)(CC(=O)O)C(=N3)C=C3NC(C)(C4NC(=CC(=N1)C(CCC(=O)O)=C2CC(=O)O)C(C)(CCC(=O)O)C4CC(=O)O)C(C)(CC(=O)O)C3CCC(=O)O,drug_images\CID_534.png
CID_535,Bioactive Compound 535,C4H7NO2,NC1(C(=O)O)CC1,drug_images\CID_535.png
CID_536,Bioactive Compound 536,C45H60N4O14,C=C1C(CCC(=O)O)=C2NC1(C)CC1=NC(=C(C)C3=NC(C)(C4N=C(C2C)C(C)(CCC(=O)O)C4CC(=O)O)C(C)(CC(=O)O)C3CCC(=O)O)C(C)(CC(=O)O)C1CCC(=O)O,drug_images\CID_536.png
CID_537,Bioactive Compound 537,C45H62N4O14,CC1=C2N=C(CC3=NC(C(C)C4=NC(C(CC(=O)O)C4(C)CCC(=O)O)C4(C)N=C1C(CCC(=O)O)C4(C)CC(=O)O)C(CCC(=O)O)C3(C)C)C(CCC(=O)O)C2(C)CC(=O)O,drug_images\CID_537.png
CID_538,Bioactive Compound 538,C45H64N6O12,CC1=C2N=C(CC3=NC(C(C)C4=NC(C(CC(=O)O)C4(C)CCC(=O)O)C4(C)N=C1C(CCC(=O)O)C4(C)CC(N)=O)C(CCC(=O)O)C3(C)C)C(CCC(=O)O)C2(C)CC(N)=O,drug_images\CID_538.png
CID_539,Bioactive Compound 539,C45H64CoN6O12,CC1=C2N=C(CC3=NC(C(C)C4=NC(C(CC(=O)O)C4(C)CCC(=O)O)C4(C)N=C1C(CCC(=O)O)C4(C)CC(N)=O)C(CCC(=O)O)C3(C)C)C(CCC(=O)O)C2(C)CC(N)=O.[Co],drug_images\CID_539.png
CID_540,Bioactive Compound 540,CHNO,N#CO,drug_images\CID_540.png
CID_541,Bioactive Compound 541,C7H5NO3,O=Cc1ccc([N+](=O)[O-])cc1,drug_images\CID_541.png
CID_542,Bioactive Compound 542,C6H6O4,O=C(O)CC1C=CC(=O)O1,drug_images\CID_542.png
CID_543,Bioactive Compound 543,C7H6O6,O=C(O)CC1(C(=O)O)C=CC(=O)O1,drug_images\CID_543.png
CID_544,Bioactive Compound 544,AsO3-3,[O-][As]([O-])[O-],drug_images\CID_544.png
CID_545,Bioactive Compound 545,H3AsO3,O[As](O)O,drug_images\CID_545.png
CID_546,Bioactive Compound 546,C2H5O5P,O=C(O)CP(=O)(O)O,drug_images\CID_546.png
CID_547,Bioactive Compound 547,C8H8O4,O=C(O)Cc1ccc(O)c(O)c1,drug_images\CID_547.png
CID_548,Bioactive Compound 548,C8H8O6,O=C(O)CC(C=CC(=O)C(=O)O)=CO,drug_images\CID_548.png
CID_550,Bioactive Compound 550,C8H8O7,O=C(O)CC(C=CC(=O)C(=O)O)C(=O)O,drug_images\CID_550.png
CID_551,Bioactive Compound 551,C7H8O5,O=C(O)CC=CC=C(O)C(=O)O,drug_images\CID_551.png
CID_553,Bioactive Compound 553,C7H10O6,O=C(O)CCC(O)CC(=O)C(=O)O,drug_images\CID_553.png
CID_554,Bioactive Compound 554,C7H13NO2,C[N+]1(C)CCCC1C(=O)[O-],drug_images\CID_554.png
CID_555,Bioactive Compound 555,C7H14NO2+,C[N+]1(C)CCCC1C(=O)O,drug_images\CID_555.png
CID_556,Bioactive Compound 556,C9H13NO6,O=CCCC(NC(=O)CCC(=O)O)C(=O)O,drug_images\CID_556.png
CID_557,Bioactive Compound 557,C6H11NO2,CN1CCCC1C(=O)O,drug_images\CID_557.png
CID_558,Bioactive Compound 558,C6H11N3O3,NC(N)=NCCCC(=O)C(=O)O,drug_images\CID_558.png
CID_559,Bioactive Compound 559,C5H11N3O,NC(N)=NCCCC=O,drug_images\CID_559.png
CID_560,Bioactive Compound 560,C6H10O6,O=C(O)CC(O)C(O)C(=O)CO,drug_images\CID_560.png
CID_561,Bioactive Compound 561,C6H11O6PS,CSCCC(=O)C(=O)COP(=O)(O)O,drug_images\CID_561.png
CID_562,Bioactive Compound 562,C6H10O3S,CSCCC(=O)C(O)=CO,drug_images\CID_562.png
CID_563,Bioactive Compound 563,C4H8O2S,CSCCC(=O)O,drug_images\CID_563.png
CID_564,Bioactive Compound 564,C6H13NO2,NCCCCCC(=O)O,drug_images\CID_564.png
CID_566,Bioactive Compound 566,C8H9HgO2,CC(=O)O.[Hg][c]1ccccc1,drug_images\CID_566.png
CID_567,Bioactive Compound 567,C6H5Hg,[Hg][c]1ccccc1,drug_images\CID_567.png
CID_568,Bioactive Compound 568,C12H8O,c1ccc2c(c1)oc1ccccc12,drug_images\CID_568.png
CID_569,Bioactive Compound 569,C12H10O3,Oc1ccccc1-c1cccc(O)c1O,drug_images\CID_569.png
CID_570,Bioactive Compound 570,C12H10O4,O=C(O)C(=O)C=CC=C(O)c1ccccc1,drug_images\CID_570.png
CID_571,Bioactive Compound 571,C12H21NO4S2,NC(=O)CCCCC(CCS)SC(=O)CCC(=O)O,drug_images\CID_571.png
CID_572,Bioactive Compound 572,C4H10NO5P,O=CN(O)CCCP(=O)(O)O,drug_images\CID_572.png
CID_573,Bioactive Compound 573,C40H56,CC(C=CC=C(C)C=CC1=C(C)CCCC1(C)C)=CC=CC=C(C)C=CC=C(C)C=CC1=C(C)CCCC1(C)C,drug_images\CID_573.png
CID_577,Bioactive Compound 577,C12H24NO10+,[NH3+]C1C(OC2C(O)C(O)C(O)C(O)C2O)OC(CO)C(O)C1O,drug_images\CID_577.png
CID_578,Bioactive Compound 578,C12H23NO10,NC1C(OC2C(O)C(O)C(O)C(O)C2O)OC(CO)C(O)C1O,drug_images\CID_578.png
CID_579,Bioactive Compound 579,C14H25NO11,CC(=O)NC1C(OC2C(O)C(O)C(O)C(O)C2O)OC(CO)C(O)C1O,drug_images\CID_579.png
CID_580,Bioactive Compound 580,C17H30N2O12S,CC(=O)NC(CS)C(=O)NC1C(OC2C(O)C(O)C(O)C(O)C2O)OC(CO)C(O)C1O,drug_images\CID_580.png
CID_581,Bioactive Compound 581,C5H9NO3S,CC(=O)NC(CS)C(=O)O,drug_images\CID_581.png
CID_582,Bioactive Compound 582,C34H58N4O24S2,CC(=O)NC(CSSCC(NC(C)=O)C(=O)NC1C(OC2C(O)C(O)C(O)C(O)C2O)OC(CO)C(O)C1O)C(=O)NC1C(OC2C(O)C(O)C(O)C(O)C2O)OC(CO)C(O)C1O,drug_images\CID_582.png
CID_583,Bioactive Compound 583,C11H15N2O+,CN1C(=O)CCC1c1ccc[n+](C)c1,drug_images\CID_583.png
CID_584,Bioactive Compound 584,C10H8O4,O=C(O)C1(O)C=Cc2ccccc2O1,drug_images\CID_584.png
CID_585,Bioactive Compound 585,C10H8O4,O=C(O)C(=O)C=Cc1ccccc1O,drug_images\CID_585.png
CID_586,Bioactive Compound 586,C4H9N3O2,[H]/N=C(\N)N(C)CC(=O)O,drug_images\CID_586.png
CID_587,Bioactive Compound 587,C4H10N3O5P,CN(CC(=O)O)C(N)=NP(=O)(O)O,drug_images\CID_587.png
CID_588,Bioactive Compound 588,C4H7N3O,CN1CC(=O)N=C1N,drug_images\CID_588.png
CID_589,Bioactive Compound 589,C7H13NO2,C[N+](C)(C)CC=CC(=O)[O-],drug_images\CID_589.png
CID_590,Bioactive Compound 590,C7H14NO2+,C[N+](C)(C)CC=CC(=O)O,drug_images\CID_590.png
CID_591,Bioactive Compound 591,C28H48N8O17P3S+,CC(C)(COP(=O)(O)OP(=O)(O)OCC1OC(n2cnc3c(N)ncnc32)C(O)C1OP(=O)(O)O)C(O)C(=O)NCCC(=O)NCCSC(=O)C=CC[N+](C)(C)C,drug_images\CID_591.png
CID_592,Bioactive Compound 592,C25H40N7O17P3S,CC=CC(=O)SCCNC(=O)CCNC(=O)C(O)C(C)(C)COP(=O)(O)OP(=O)(O)OCC1OC(n2cnc3c(N)ncnc32)C(O)C1OP(=O)(O)O,drug_images\CID_592.png
CID_593,Bioactive Compound 593,C9H16N3O14P3,Nc1ccn(C2OC(COP(=O)(O)OP(=O)(O)OP(=O)(O)O)C(O)C2O)c(=O)n1,drug_images\CID_593.png
CID_594,Bioactive Compound 594,C3H7NO2S,NC(CS)C(=O)O,drug_images\CID_594.png
CID_595,Bioactive Compound 595,C6H12N2O4S2,NC(CSSCC(N)C(=O)O)C(=O)O,drug_images\CID_595.png
CID_596,Bioactive Compound 596,C9H13N3O5,Nc1ccn(C2OC(CO)C(O)C2O)c(=O)n1,drug_images\CID_596.png
CID_597,Bioactive Compound 597,C4H5N3O,Nc1ccnc(=O)[nH]1,drug_images\CID_597.png
CID_598,Bioactive Compound 598,C2H6O3S2,O=S(=O)(O)CCS,drug_images\CID_598.png
CID_599,Bioactive Compound 599,C5H6O6,O=C(O)C(=O)CC(O)C(=O)O,drug_images\CID_599.png
CID_600,Bioactive Compound 600,C6H11O9P,O=C1OC(COP(=O)(O)O)C(O)C(O)C1O,drug_images\CID_600.png
CID_601,Bioactive Compound 601,C6H12N2O3,CC(N)C(=O)NC(C)C(=O)O,drug_images\CID_601.png
CID_602,Bioactive Compound 602,C3H7NO2,CC(N)C(=O)O,drug_images\CID_602.png
CID_603,Bioactive Compound 603,C6H13O9P,O=C(CO)C(O)C(O)C(O)COP(=O)(O)O,drug_images\CID_603.png
CID_604,Bioactive Compound 604,C6H12O7,O=C(O)C(O)C(O)C(O)C(O)CO,drug_images\CID_604.png
CID_605,Bioactive Compound 605,C28H50N8O18P3S+,CC(C)(COP(=O)(O)OP(=O)(O)OCC1OC(n2cnc3c(N)ncnc32)C(O)C1OP(=O)(O)O)C(O)C(=O)NCCC(=O)NCCSC(=O)CC(O)C[N+](C)(C)C,drug_images\CID_605.png
CID_606,Bioactive Compound 606,C6H11N2O6P,O=P(O)(O)OCC(O)C(O)c1cnc[nH]1,drug_images\CID_606.png
CID_607,Bioactive Compound 607,C6H10O8,O=C(O)C(O)C(O)C(O)C(O)C(=O)O,drug_images\CID_607.png
CID_608,Bioactive Compound 608,C6H10O6,O=C1OC(C(O)CO)C(O)C1O,drug_images\CID_608.png
CID_609,Bioactive Compound 609,C6H14NO8P,NC1C(O)OC(COP(=O)(O)O)C(O)C1O,drug_images\CID_609.png
CID_610,Bioactive Compound 610,C6H10O7,O=C(O)C1OC(O)C(O)C(O)C1O,drug_images\CID_610.png
CID_611,Bioactive Compound 611,C5H9NO4,NC(CCC(=O)O)C(=O)O,drug_images\CID_611.png
CID_612,Bioactive Compound 612,C3H6O3,CC(O)C(=O)O,drug_images\CID_612.png
CID_613,Bioactive Compound 613,C25H40N7O19P3S,CC(C(=O)O)C(=O)SCCNC(=O)CCNC(=O)C(O)C(C)(C)COP(=O)(O)OP(=O)(O)OCC1OC(n2cnc3c(N)ncnc32)C(O)C1OP(=O)(O)O,drug_images\CID_613.png
CID_614,Bioactive Compound 614,C5H9NO2,O=C(O)C1CCCN1,drug_images\CID_614.png
CID_615,Bioactive Compound 615,C5H11O8P,O=C(COP(=O)(O)O)C(O)C(O)CO,drug_images\CID_615.png
CID_616,Bioactive Compound 616,C7H15O10P,O=C(CO)C(O)C(O)C(O)C(O)COP(=O)(O)O,drug_images\CID_616.png
CID_617,Bioactive Compound 617,C3H7NO3,NC(CO)C(=O)O,drug_images\CID_617.png
CID_618,Bioactive Compound 618,C6H15O9P,O=P(O)(O)OCC(O)C(O)C(O)C(O)CO,drug_images\CID_618.png
CID_619,Bioactive Compound 619,C5H10O5,O=C(CO)C(O)C(O)CO,drug_images\CID_619.png
CID_620,Bioactive Compound 620,C10H15N5O9P2,Nc1ncnc2c1ncn2C1CC(O)C(COP(=O)(O)OP(=O)(O)O)O1,drug_images\CID_620.png
CID_621,Bioactive Compound 621,C10H14N5O6P,Nc1ncnc2c1ncn2C1CC(O)C(COP(=O)(O)O)O1,drug_images\CID_621.png
CID_622,Bioactive Compound 622,C10H16N5O12P3,Nc1ncnc2c1ncn2C1CC(O)C(COP(=O)(O)OP(=O)(O)OP(=O)(O)O)O1,drug_images\CID_622.png
CID_623,Bioactive Compound 623,C9H15N3O10P2,Nc1ccn(C2CC(O)C(COP(=O)(O)OP(=O)(O)O)O2)c(=O)n1,drug_images\CID_623.png
CID_624,Bioactive Compound 624,C9H14N3O7P,Nc1ccn(C2CC(O)C(COP(=O)(O)O)O2)c(=O)n1,drug_images\CID_624.png
CID_625,Bioactive Compound 625,C9H16N3O13P3,Nc1ccn(C2CC(O)C(COP(=O)(O)OP(=O)(O)OP(=O)(O)O)O2)c(=O)n1,drug_images\CID_625.png
CID_626,Bioactive Compound 626,C6H12O6,O=C(O)CC(O)C(O)C(O)CO,drug_images\CID_626.png
CID_627,Bioactive Compound 627,C6H10O6,O=C(O)CC(=O)C(O)C(O)CO,drug_images\CID_627.png
CID_628,Bioactive Compound 628,C21H27N6O15P2+,Nc1ncnc2c1ncn2C1OC(COP(=O)(O)OP(=O)(O)OCC2OC([n+]3cccc(C(=O)O)c3)C(O)C2O)C(O)C1O,drug_images\CID_628.png
CID_629,Bioactive Compound 629,C17H25N7O6,[H]/N=C(\N)N(C)CCC(N)CC(=O)NC1C=CC(n2ccc(=O)[nH]c2=O)OC1C(=O)O,drug_images\CID_629.png
CID_630,Bioactive Compound 630,C7H10O6,O=C1CC(O)(C(=O)O)CC(O)C1O,drug_images\CID_630.png
CID_631,Bioactive Compound 631,C18H37NO2,CCCCCCCCCCCCCCCC(=O)C(N)CO,drug_images\CID_631.png
CID_632,Bioactive Compound 632,C7H9NO4,O=C(O)C1=NC(C(=O)O)CCC1,drug_images\CID_632.png
CID_633,Bioactive Compound 633,C50H70O2,CC(C)=CCCC(C)=CCCC(C)=CCCC(C)=CCCC(C)=CCCC(C)=CCCC(C)=CCCC(C)=CCC1=CC(=O)c2ccccc2C1=O,drug_images\CID_633.png
CID_634,Bioactive Compound 634,C5H11O7P,O=P(O)(O)OC1CC(O)C(CO)O1,drug_images\CID_634.png
CID_635,Bioactive Compound 635,C5H11O7P,O=P(O)(O)OCC1OC(O)CC1O,drug_images\CID_635.png
CID_636,Bioactive Compound 636,C10H13N5O3,Nc1ncnc2c1ncn2C1CC(O)C(CO)O1,drug_images\CID_636.png
CID_637,Bioactive Compound 637,C9H13N3O4,Nc1ccn(C2CC(O)C(CO)O2)c(=O)n1,drug_images\CID_637.png
CID_640,Bioactive Compound 640,C9H12N2O5,O=c1ccn(C2CC(O)C(CO)O2)c(=O)[nH]1,drug_images\CID_640.png
CID_641,Bioactive Compound 641,C5H11O7P,CC(=O)C(O)C(O)COP(=O)(O)O,drug_images\CID_641.png
CID_642,Bioactive Compound 642,C21H35N7O13P2S,CC(C)(COP(=O)(O)OP(=O)(O)OCC1OC(n2cnc3c(N)ncnc32)C(O)C1O)C(O)C(=O)NCCC(=O)NCCS,drug_images\CID_642.png
CID_643,Bioactive Compound 643,C10H18N2O3,CC1NC(=O)NC1CCCCCC(=O)O,drug_images\CID_643.png
CID_647,Bioactive Compound 647,C5H12O7P2,CC(C)=CCOP(=O)(O)OP(=O)(O)O,drug_images\CID_647.png
CID_648,Bioactive Compound 648,C5H6N2O4,O=C1CC(C(=O)O)NC(=O)N1,drug_images\CID_648.png
CID_649,Bioactive Compound 649,C4H6N2O2,O=C1CCNC(=O)N1,drug_images\CID_649.png
CID_650,Bioactive Compound 650,C4H6O2,CC(=O)C(C)=O,drug_images\CID_650.png
CID_652,Bioactive Compound 652,C9H20N2O2,CC(N)C(N)CCCCCC(=O)O,drug_images\CID_652.png
CID_654,Bioactive Compound 654,C4H11O4P,CCOP(=O)(O)OCC,drug_images\CID_654.png
CID_655,Bioactive Compound 655,C4H11O3PS,CCOP(O)(=S)OCC,drug_images\CID_655.png
CID_656,Bioactive Compound 656,C34H64O13,CCCCCCCCCC(CCCCCCCCCCCC(=O)O)OC1OC(CO)C(O)C(O)C1OC1OC(CO)C(O)C(O)C1O,drug_images\CID_656.png
CID_657,Bioactive Compound 657,C36H66O14,CCCCCCCCCC(CCCCCCCCCCCC(=O)O)OC1OC(CO)C(O)C(O)C1OC1OC(COC(C)=O)C(O)C(O)C1O,drug_images\CID_657.png
CID_658,Bioactive Compound 658,C38H68O15,CCCCCCCCCC(CCCCCCCCCCCC(=O)O)OC1OC(COC(C)=O)C(O)C(O)C1OC1OC(COC(C)=O)C(O)C(O)C1O,drug_images\CID_658.png
CID_660,Bioactive Compound 660,C9H8O2,O=C1CCc2ccccc2O1,drug_images\CID_660.png
CID_662,Bioactive Compound 662,C15H12O6,O=C1c2c(O)cc(O)cc2OC(c2ccc(O)cc2)C1O,drug_images\CID_662.png
CID_663,Bioactive Compound 663,C8H17NOS2,NC(=O)CCCCC(S)CCS,drug_images\CID_663.png
CID_667,Bioactive Compound 667,C42H50N4O16,CC1(CC(=O)O)C2=CC3=NC(Cc4[nH]c(c(CCC(=O)O)c4CC(=O)O)Cc4[nH]c(c(CC(=O)O)c4CCC(=O)O)C=C(N2)C1CCC(=O)O)C(C)(CC(=O)O)C3CCC(=O)O,drug_images\CID_667.png
CID_668,Bioactive Compound 668,C3H7O6P,O=C(CO)COP(=O)(O)O,drug_images\CID_668.png
CID_669,Bioactive Compound 669,C4H9O6P,CC(=O)C(O)COP(=O)(O)O,drug_images\CID_669.png
CID_670,Bioactive Compound 670,C3H6O3,O=C(CO)CO,drug_images\CID_670.png
CID_671,Bioactive Compound 671,C11H8O4,O=C(O)c1cc(O)c2ccccc2c1O,drug_images\CID_671.png
CID_672,Bioactive Compound 672,C13H18N4O6,Cc1nc2c(=O)[nH]c(=O)nc-2n(CC(O)C(O)C(O)CO)c1C,drug_images\CID_672.png
CID_673,Bioactive Compound 673,C4H9NO2,CN(C)CC(=O)O,drug_images\CID_673.png
CID_674,Bioactive Compound 674,C2H7N,CNC,drug_images\CID_674.png
CID_675,Bioactive Compound 675,C9H10N2,Cc1cc2nc[nH]c2cc1C,drug_images\CID_675.png
CID_677,Bioactive Compound 677,C5H10O4,CC(C)(O)C(O)C(=O)O,drug_images\CID_677.png
CID_679,Bioactive Compound 679,C2H6OS,CS(C)=O,drug_images\CID_679.png
CID_680,Bioactive Compound 680,C12H25O4P,CCC(C)=CCCCC(C)CCOP(=O)(O)O,drug_images\CID_680.png
CID_681,Bioactive Compound 681,C8H11NO2,NCCc1ccc(O)c(O)c1,drug_images\CID_681.png
CID_682,Bioactive Compound 682,C9H9NO4,NC(CC1=CC(=O)C(=O)C=C1)C(=O)O,drug_images\CID_682.png
CID_683,Bioactive Compound 683,C3H8O10P2,O=C(OP(=O)(O)O)C(O)COP(=O)(O)O,drug_images\CID_683.png
CID_684,Bioactive Compound 684,C16H26N2O16P2,Cc1cn(C2CC(O)C(COP(=O)(O)OP(=O)(O)OC3OC(CO)C(O)C(O)C3O)O2)c(=O)[nH]c1=O,drug_images\CID_684.png
CID_685,Bioactive Compound 685,C16H24N2O15P2,Cc1cn(C2CC(O)C(COP(=O)(O)OP(=O)(O)OC3OC(C)C(=O)C(O)C3O)O2)c(=O)[nH]c1=O,drug_images\CID_685.png
CID_686,Bioactive Compound 686,C16H26N2O15P2,Cc1cn(C2CC(O)C(COP(=O)(O)OP(=O)(O)OC3OC(C)C(O)C(O)C3O)O2)c(=O)[nH]c1=O,drug_images\CID_686.png
CID_687,Bioactive Compound 687,C9H14N2O11P2,O=c1ccn(C2CC(O)C(COP(=O)(O)OP(=O)(O)O)O2)c(=O)[nH]1,drug_images\CID_687.png
CID_688,Bioactive Compound 688,C9H13N2O8P,O=c1ccn(C2CC(O)C(COP(=O)(O)O)O2)c(=O)[nH]1,drug_images\CID_688.png
CID_689,Bioactive Compound 689,C9H15N2O14P3,O=c1ccn(C2CC(O)C(COP(=O)(O)OP(=O)(O)OP(=O)(O)O)O2)c(=O)[nH]1,drug_images\CID_689.png
CID_690,Bioactive Compound 690,C6H10N2O2,CC1=NCCC(C(=O)O)N1,drug_images\CID_690.png
CID_691,Bioactive Compound 691,C9H8O3,O=C(O)C(O)=Cc1ccccc1,drug_images\CID_691.png
CID_692,Bioactive Compound 692,C30H27N3O15,O=C(NC1COC(=O)C(NC(=O)c2cccc(O)c2O)COC(=O)C(NC(=O)c2cccc(O)c2O)COC1=O)c1cccc(O)c1O,drug_images\CID_692.png
CID_693,Bioactive Compound 693,C30H50O,CC(C)=CCCC(C)=CCCC(C)=CCCC=C(C)CCC=C(C)CCC1OC1(C)C,drug_images\CID_693.png
CID_694,Bioactive Compound 694,C6H6N2O,ON=Cc1cccnc1,drug_images\CID_694.png
CID_695,Bioactive Compound 695,C4H8O8P-,O=C([O-])C(O)C(O)COP(=O)(O)O,drug_images\CID_695.png
CID_696,Bioactive Compound 696,C4H9O8P,O=C(O)C(O)C(O)COP(=O)(O)O,drug_images\CID_696.png
CID_697,Bioactive Compound 697,C4H9O7P,O=CC(O)C(O)COP(=O)(O)O,drug_images\CID_697.png
CID_698,Bioactive Compound 698,C18H22O2,CC12CCC3c4ccc(O)cc4CCC3C1CCC2=O,drug_images\CID_698.png
CID_699,Bioactive Compound 699,C18H22O5S,CC12CCC3c4ccc(OS(=O)(=O)O)cc4CCC3C1CCC2=O,drug_images\CID_699.png
CID_700,Bioactive Compound 700,C2H7NO,NCCO,drug_images\CID_700.png
CID_701,Bioactive Compound 701,C7H12O3,CCOC(=O)C(C)C(C)=O,drug_images\CID_701.png
CID_702,Bioactive Compound 702,C2H6O,CCO,drug_images\CID_702.png
CID_703,Bioactive Compound 703,C27H33N9O15P2,Cc1cc2nc3c(=O)[nH]c(=O)nc-3n(CC(O)C(O)C(O)COP(=O)(O)OP(=O)(O)OCC3OC(n4cnc5c(N)ncnc54)C(O)C3O)c2cc1C,drug_images\CID_703.png
CID_704,Bioactive Compound 704,C15H26N6O13P2,NCC(O)C(O)C(O)COP(=O)(O)OP(=O)(O)OCC1OC(n2cnc3c(N)ncnc32)C(O)C1O,drug_images\CID_704.png
CID_705,Bioactive Compound 705,C27H35N9O15P2,Cc1cc2c(cc1C)N(CC(O)C(O)C(O)COP(=O)(O)OP(=O)(O)OCC1OC(n3cnc4c(N)ncnc43)C(O)C1O)c1[nH]c(=O)[nH]c(=O)c1N2,drug_images\CID_705.png
CID_706,Bioactive Compound 706,C15H28O7P2,CC(C)=CCCC(C)=CCCC(C)=CCOP(=O)(O)OP(=O)(O)O,drug_images\CID_706.png
CID_707,Bioactive Compound 707,C40H66O,CC(C)=CCCC(C)=CCCC(C)=CCCC(C)=CCCC(C)=CCCC(C)=CCCC(C)=CCCC(C)=CCO,drug_images\CID_707.png
CID_708,Bioactive Compound 708,C40H68O7P2,CC(C)=CCCC(C)=CCCC(C)=CCCC(C)=CCCC(C)=CCCC(C)=CCCC(C)=CCCC(C)=CCOP(=O)(O)OP(=O)(O)O,drug_images\CID_708.png
CID_709,Bioactive Compound 709,C10H10O4,COc1cc(C=CC(=O)O)ccc1O,drug_images\CID_709.png
CID_710,Bioactive Compound 710,C17H21N4O9P,Cc1cc2nc3c(=O)[nH]c(=O)nc-3n(CC(O)C(O)C(O)COP(=O)(O)O)c2cc1C,drug_images\CID_710.png
CID_711,Bioactive Compound 711,C17H23N4O9P,Cc1cc2c(cc1C)N(CC(O)C(O)C(O)COP(=O)(O)O)c1[nH]c(=O)[nH]c(=O)c1N2,drug_images\CID_711.png
CID_712,Bioactive Compound 712,CH2O,C=O,drug_images\CID_712.png
CID_713,Bioactive Compound 713,CH3NO,NC=O,drug_images\CID_713.png
CID_714,Bioactive Compound 714,C22H36N7O17P3S,CC(C)(COP(=O)(O)OP(=O)(O)OCC1OC(n2cnc3c(N)ncnc32)C(O)C1OP(=O)(O)O)C(O)C(=O)NCCC(=O)NCCSC=O,drug_images\CID_714.png
CID_715,Bioactive Compound 715,C35H44N4O16,O=CNCc1cc(COc2ccc(CCNC(=O)CCC(NC(=O)CCC(NC(=O)CCC(C(=O)O)C(CCC(=O)O)C(=O)O)C(=O)O)C(=O)O)cc2)co1,drug_images\CID_715.png
CID_716,Bioactive Compound 716,C6H12O6,OCC1OC(O)(CO)C(O)C1O,drug_images\CID_716.png
CID_717,Bioactive Compound 717,C6H13O9P,O=P(O)(O)OCC1(O)OC(CO)C(O)C1O,drug_images\CID_717.png
CID_718,Bioactive Compound 718,C6H14O12P2,O=P(O)(O)OCC1OC(O)(COP(=O)(O)O)C(O)C1O,drug_images\CID_718.png
CID_719,Bioactive Compound 719,C6H13O9P,O=P(O)(O)OCC1OC(O)(CO)C(O)C1O,drug_images\CID_719.png
CID_720,Bioactive Compound 720,C12H22N2O7,NC(CCCCNC1OC(CO)C(O)C(O)C1=O)C(=O)O,drug_images\CID_720.png
CID_721,Bioactive Compound 721,C12H23N2O10P,NC(CCCCNC1OC(COP(=O)(O)O)C(O)C(O)C1=O)C(=O)O,drug_images\CID_721.png
CID_722,Bioactive Compound 722,C6H10O7,O=C(O)C1(O)OC(CO)C(O)C1O,drug_images\CID_722.png
CID_723,Bioactive Compound 723,C4H4O4,O=C(O)C=CC(=O)O,drug_images\CID_723.png
CID_724,Bioactive Compound 724,C3H7O7P,O=C(O)C(O)COP(=O)(O)O,drug_images\CID_724.png
CID_725,Bioactive Compound 725,C7H15NO2,C[N+](C)(C)CCCC(=O)[O-],drug_images\CID_725.png
CID_726,Bioactive Compound 726,C28H50N8O17P3S+,CC(C)(COP(=O)(O)OP(=O)(O)OCC1OC(n2cnc3c(N)ncnc32)C(O)C1OP(=O)(O)O)C(O)C(=O)NCCC(=O)NCCSC(=O)CCC[N+](C)(C)C,drug_images\CID_726.png
CID_727,Bioactive Compound 727,C6H6Cl6,ClC1C(Cl)C(Cl)C(Cl)C(Cl)C1Cl,drug_images\CID_727.png
CID_728,Bioactive Compound 728,C6H5Cl5,ClC1=CC(Cl)C(Cl)C(Cl)C1Cl,drug_images\CID_728.png
CID_729,Bioactive Compound 729,C3H7O6P,O=CC(O)COP(=O)(O)O,drug_images\CID_729.png
CID_734,Bioactive Compound 734,C10H20O7P2,CC(C)=CCCC(C)=CCOP(=O)(O)OP(=O)(O)O,drug_images\CID_734.png
CID_735,Bioactive Compound 735,C20H36O7P2,CC(C)=CCCC(C)=CCCC(C)=CCCC(C)=CCOP(=O)(O)OP(=O)(O)O,drug_images\CID_735.png
CID_736,Bioactive Compound 736,C6H10O6,O=C1OC(CO)C(O)C(O)C1O,drug_images\CID_736.png
CID_737,Bioactive Compound 737,C6H14O12P2,O=P(O)(O)OCC1OC(OP(=O)(O)O)C(O)C(O)C1O,drug_images\CID_737.png
CID_738,Bioactive Compound 738,C5H10N2O3,NC(=O)CCC(N)C(=O)O,drug_images\CID_738.png
CID_739,Bioactive Compound 739,C6H13NO5,NC1C(O)OC(CO)C(O)C1O,drug_images\CID_739.png
CID_740,Bioactive Compound 740,C6H14NO8P,NC1C(OP(=O)(O)O)OC(CO)C(O)C1O,drug_images\CID_740.png
CID_741,Bioactive Compound 741,C26H40N7O19P3S,CC(C)(COP(=O)(O)OP(=O)(O)OCC1OC(n2cnc3c(N)ncnc32)C(O)C1OP(=O)(O)O)C(O)C(=O)NCCC(=O)NCCSC(=O)C=CCC(=O)O,drug_images\CID_741.png
CID_742,Bioactive Compound 742,C5H9NO3,NC(C=O)CCC(=O)O,drug_images\CID_742.png
CID_743,Bioactive Compound 743,C5H8O4,O=C(O)CCCC(=O)O,drug_images\CID_743.png
CID_744,Bioactive Compound 744,C26H42N7O19P3S,CC(C)(COP(=O)(O)OP(=O)(O)OCC1OC(n2cnc3c(N)ncnc32)C(O)C1OP(=O)(O)O)C(O)C(=O)NCCC(=O)NCCSC(=O)CCCC(=O)O,drug_images\CID_744.png
CID_745,Bioactive Compound 745,C10H17N3O6S,NC(CCC(=O)NC(CS)C(=O)NCC(=O)O)C(=O)O,drug_images\CID_745.png
CID_746,Bioactive Compound 746,C10H17N3O6S2,NC(CCC(=O)NC(CSS)C(=O)NCC(=O)O)C(=O)O,drug_images\CID_746.png
CID_747,Bioactive Compound 747,C10H16N3O9S2-,NC(CCC(=O)NC(CSS(=O)(=O)[O-])C(=O)NCC(=O)O)C(=O)O,drug_images\CID_747.png
CID_748,Bioactive Compound 748,C10H17N3O9S2,NC(CCC(=O)NC(CSS(=O)(=O)O)C(=O)NCC(=O)O)C(=O)O,drug_images\CID_748.png
CID_749,Bioactive Compound 749,C17H34N6O5S,NCCCCNCCCNC(=O)CNC(=O)C(CS)NC(=O)CCC(N)C(=O)O,drug_images\CID_749.png
CID_750,Bioactive Compound 750,C2H5NO2,NCC(=O)O,drug_images\CID_750.png
CID_751,Bioactive Compound 751,C3H6O3,O=CC(O)CO,drug_images\CID_751.png
CID_752,Bioactive Compound 752,C3H6O4,O=C(O)C(O)CO,drug_images\CID_752.png
CID_753,Bioactive Compound 753,C3H8O3,OCC(O)CO,drug_images\CID_753.png
CID_754,Bioactive Compound 754,C3H9O6P,O=P(O)(O)OCC(O)CO,drug_images\CID_754.png
CID_755,Bioactive Compound 755,C26H43NO6,CC(CCC(=O)NCC(=O)O)C1CCC2C3C(O)CC4CC(O)CCC4(C)C3CC(O)C12C,drug_images\CID_755.png
CID_756,Bioactive Compound 756,C2H4O2,O=CCO,drug_images\CID_756.png
CID_757,Bioactive Compound 757,C2H4O3,O=C(O)CO,drug_images\CID_757.png
CID_758,Bioactive Compound 758,C42H71N6O31P,CC(=O)NC(CC(=O)NC1OC(CO)C(OC2OC(CO)C(OC3OC(CO)C(OC4OC(COP(=O)(O)OC5OC(CO)C(O)C(O)C5NC(C)=O)C(O)C(O)C4O)C(O)C3O)C(O)C2NC(C)=O)C(O)C1NC(C)=O)C(N)=O,drug_images\CID_758.png
CID_759,Bioactive Compound 759,C34H58N5O26P,CC(=O)NC(CC(=O)NC1OC(CO)C(OC2OC(CO)C(OC3OC(CO)C(OC4OC(COP(=O)(O)O)C(O)C(O)C4O)C(O)C3O)C(O)C2NC(C)=O)C(O)C1NC(C)=O)C(N)=O,drug_images\CID_759.png
CID_760,Bioactive Compound 760,C2H2O3,O=CC(=O)O,drug_images\CID_760.png
CID_763,Bioactive Compound 763,C3H7N3O2,NC(N)=NCC(=O)O,drug_images\CID_763.png
CID_765,Bioactive Compound 765,C10H13N5O5,Nc1nc(=O)c2ncn(C3OC(CO)C(O)C3O)c2[nH]1,drug_images\CID_765.png
CID_767,Bioactive Compound 767,CH2O3,O=C(O)O,drug_images\CID_767.png
CID_768,Bioactive Compound 768,CHN,C#N,drug_images\CID_768.png
CID_769,Bioactive Compound 769,CHO3-,O=C([O-])O,drug_images\CID_769.png
CID_771,Bioactive Compound 771,C49H72N4O5,C=CC1=C2C=C3NC(=CC4NC(=CC5NC(C=C(N2)C1C)C(C(O)CCC=C(C)CCC=C(C)CCC=C(C)C)C5C)C(C)C4CCC(=O)O)C(CCC(=O)O)C3C,drug_images\CID_771.png
CID_772,Bioactive Compound 772,C26H42N2O37S5,CC(=O)NC1C(O)OC(COS(=O)(=O)O)C(OC2OC(C(=O)O)C(OC3OC(CO)C(OC4OC(C(=O)O)C(O)C(O)C4OS(=O)(=O)O)C(OS(=O)(=O)O)C3NS(=O)(=O)O)C(O)C2OS(=O)(=O)O)C1O,drug_images\CID_772.png
CID_773,Bioactive Compound 773,C6H9N3O2,NC(Cc1cnc[nH]1)C(=O)O,drug_images\CID_773.png
CID_774,Bioactive Compound 774,C5H9N3,NCCc1cnc[nH]1,drug_images\CID_774.png
CID_775,Bioactive Compound 775,C6H9N3O,NC(C=O)Cc1cnc[nH]1,drug_images\CID_775.png
CID_776,Bioactive Compound 776,C6H11N3O,NC(CO)Cc1cnc[nH]1,drug_images\CID_776.png
CID_777,Bioactive Compound 777,C6H9N3O,Cc1ncc(CO)c(N)n1,drug_images\CID_777.png
CID_778,Bioactive Compound 778,C4H9NO2S,NC(CCS)C(=O)O,drug_images\CID_778.png
CID_779,Bioactive Compound 779,C4H9NO3,NC(CCO)C(=O)O,drug_images\CID_779.png
CID_780,Bioactive Compound 780,C8H8O4,O=C(O)Cc1cc(O)ccc1O,drug_images\CID_780.png
CID_781,Bioactive Compound 781,CHNS,N#CS,drug_images\CID_781.png
CID_782,Bioactive Compound 782,C6H8N2O4,O=C(O)CCC1NC(=O)NC1=O,drug_images\CID_782.png
CID_783,Bioactive Compound 783,H2,[H][H],drug_images\CID_783.png
CID_784,Bioactive Compound 784,H2O2,OO,drug_images\CID_784.png
CID_785,Bioactive Compound 785,C6H6O2,Oc1ccc(O)cc1,drug_images\CID_785.png
CID_786,Bioactive Compound 786,C5H12O8P2,CC(=CCOP(=O)(O)OP(=O)(O)O)CO,drug_images\CID_786.png
CID_787,Bioactive Compound 787,H3NO,NO,drug_images\CID_787.png
CID_788,Bioactive Compound 788,C40H46N4O17,O=C(O)CCc1c[nH]c(Cc2[nH]c(Cc3[nH]c(Cc4[nH]c(CO)c(CC(=O)O)c4CCC(=O)O)c(CC(=O)O)c3CCC(=O)O)c(CC(=O)O)c2CCC(=O)O)c1CC(=O)O,drug_images\CID_788.png
CID_790,Bioactive Compound 790,C5H4N4O,O=c1nc[nH]c2nc[nH]c12,drug_images\CID_790.png
CID_791,Bioactive Compound 791,C6H13NO2,CCC(C)C(N)C(=O)O,drug_images\CID_791.png
CID_792,Bioactive Compound 792,C6H9N2O5P,O=C(COP(=O)(O)O)Cc1cnc[nH]1,drug_images\CID_792.png
CID_793,Bioactive Compound 793,C6H8N2O3,O=C(O)C(O)Cc1cnc[nH]1,drug_images\CID_793.png
CID_794,Bioactive Compound 794,C6H6N2O3,O=C(O)C(=O)Cc1cnc[nH]1,drug_images\CID_794.png
CID_795,Bioactive Compound 795,C3H4N2,c1c[nH]cn1,drug_images\CID_795.png
CID_796,Bioactive Compound 796,C4H5NO4,[H]/N=C(\CC(=O)O)C(=O)O,drug_images\CID_796.png
CID_798,Bioactive Compound 798,C8H7N,c1ccc2[nH]ccc2c1,drug_images\CID_798.png
CID_799,Bioactive Compound 799,C11H14NO6P,O=P(O)(O)OCC(O)C(O)c1c[nH]c2ccccc12,drug_images\CID_799.png
CID_800,Bioactive Compound 800,C10H9NO,O=CCc1c[nH]c2ccccc12,drug_images\CID_800.png
CID_801,Bioactive Compound 801,C10H8NO2-,O=C([O-])Cc1c[nH]c2ccccc12,drug_images\CID_801.png
CID_802,Bioactive Compound 802,C10H9NO2,O=C(O)Cc1c[nH]c2ccccc12,drug_images\CID_802.png
CID_803,Bioactive Compound 803,C11H9NO3,O=C(O)C(=O)Cc1c[nH]c2ccccc12,drug_images\CID_803.png
CID_805,Bioactive Compound 805,C6H14O12P2,O=P(O)(O)OC1C(O)C(O)C(OP(=O)(O)O)C(O)C1O,drug_images\CID_805.png
CID_806,Bioactive Compound 806,C6H15O15P3,O=P(O)(O)OC1C(O)C(O)C(OP(=O)(O)O)C(OP(=O)(O)O)C1O,drug_images\CID_806.png
CID_807,Bioactive Compound 807,I2,II,drug_images\CID_807.png
CID_808,Bioactive Compound 808,C25H42N7O17P3S,CC(C)C(=O)SCCNC(=O)CCNC(=O)C(O)C(C)(C)COP(=O)(O)OP(=O)(O)OCC1OC(n2cnc3c(N)ncnc32)C(O)C1OP(=O)(O)O,drug_images\CID_808.png
CID_809,Bioactive Compound 809,C10H10O6,C=C(OC1C=CC=C(C(=O)O)C1O)C(=O)O,drug_images\CID_809.png
CID_810,Bioactive Compound 810,C26H44N7O17P3S,CC(C)CC(=O)SCCNC(=O)CCNC(=O)C(O)C(C)(C)COP(=O)(O)OP(=O)(O)OCC1OC(n2cnc3c(N)ncnc32)C(O)C1OP(=O)(O)O,drug_images\CID_810.png
CID_811,Bioactive Compound 811,C5H6O4,C=C(CC(=O)O)C(=O)O,drug_images\CID_811.png
CID_813,Bioactive Compound 813,K+,[K+],drug_images\CID_813.png
CID_815,Bioactive Compound 815,C18H36N4O11,NCC1OC(OC2C(N)CC(N)C(OC3OC(CO)C(O)C(N)C3O)C2O)C(O)C(O)C1O,drug_images\CID_815.png
CID_816,Bioactive Compound 816,C18H37N5O10,NCC1OC(OC2C(N)CC(N)C(OC3OC(CO)C(O)C(N)C3O)C2O)C(N)C(O)C1O,drug_images\CID_816.png
CID_817,Bioactive Compound 817,C8H14O8,O=C(O)C(=O)CC(O)C(O)C(O)C(O)CO,drug_images\CID_817.png
CID_818,Bioactive Compound 818,C8H15O11P,O=C(O)C(=O)CC(O)C(O)C(O)C(O)COP(=O)(O)O,drug_images\CID_818.png
CID_819,Bioactive Compound 819,C76H142N2O30P2,CCCCCCCCCCCC(O)CC(=O)NC1C(OP(=O)(O)O)OC(COC2OC(COC3(C(=O)O)CC(O)C(O)C(C(O)CO)O3)C(OP(=O)(O)O)C(OC(=O)CC(O)CCCCCCCCCCC)C2NC(=O)CC(O)CCCCCCCCCCC)C(O)C1OC(=O)CC(O)CCCCCCCCCCC,drug_images\CID_819.png
CID_820,Bioactive Compound 820,C96H176N2O38P2,CCCCCCCCCCCC(=O)OC(CCCCCCCCCCC)CC(=O)NC1C(OCC2OC(OP(=O)(O)O)C(NC(=O)CC(O)CCCCCCCCCCC)C(OC(=O)CC(O)CCCCCCCCCCC)C2O)OC(COC2(C(=O)O)CC(OC3(C(=O)O)CC(O)C(O)C(C(O)CO)O3)C(O)C(C(O)CO)O2)C(OP(=O)(O)O)C1OC(=O)CC(O)CCCCCCCCCCC,drug_images\CID_820.png
CID_821,Bioactive Compound 821,C110H203N2O42P3,CCCCCCCCCCCCCC(=O)OC(CCCCCCCCCCC)CC(=O)OC1C(NC(=O)CC(CCCCCCCCCCC)OC(=O)CCCCCCCCCCC)C(OCC2OC(OP(=O)(O)OP(=O)(O)O)C(NC(=O)CC(O)CCCCCCCCCCC)C(OC(=O)CC(O)CCCCCCCCCCC)C2O)OC(COC2(C(=O)O)CC(OC3(C(=O)O)CC(O)C(O)C(C(O)CO)O3)C(O)C(C(O)CO)O2)C1OP(=O)(O)O,drug_images\CID_821.png
CID_822,Bioactive Compound 822,C84H154N2O37P2,CCCCCCCCCCCC(O)CC(=O)NC1C(OP(=O)(O)O)OC(COC2OC(COC3(C(=O)O)CC(O)C(OC4(C(=O)O)CC(O)C(O)C(C(O)CO)O4)C(C(O)CO)O3)C(OP(=O)(O)O)C(OC(=O)CC(O)CCCCCCCCCCC)C2NC(=O)CC(O)CCCCCCCCCCC)C(O)C1OC(=O)CC(O)CCCCCCCCCCC,drug_images\CID_822.png
CID_823,Bioactive Compound 823,C8H21NO6P+,C[N+](C)(C)CCOP(=O)(O)OCC(O)CO,drug_images\CID_823.png
CID_824,Bioactive Compound 824,C5H11NO2,CCCC(N)C(=O)O,drug_images\CID_824.png
CID_825,Bioactive Compound 825,C5H9NO3,O=C(O)C1CC(O)CN1,drug_images\CID_825.png
CID_826,Bioactive Compound 826,C15H26N4O8,CC(N)C(=O)NC(CCC(=O)NC(CCCC(N)C(=O)O)C(=O)O)C(=O)O,drug_images\CID_826.png
CID_827,Bioactive Compound 827,C5H12O5,OCC(O)C(O)C(O)CO,drug_images\CID_827.png
CID_828,Bioactive Compound 828,C10H18N4O6,N/C(=N\CCCC(N)C(=O)O)NC(CC(=O)O)C(=O)O,drug_images\CID_828.png
CID_829,Bioactive Compound 829,C4H7NO3,NC(CC=O)C(=O)O,drug_images\CID_829.png
CID_830,Bioactive Compound 830,C5H7N3O4,[N-]=[N+]=CC(=O)OCC(N)C(=O)O,drug_images\CID_830.png
CID_831,Bioactive Compound 831,C5H8N3O4+,N#[N+]C=C(O)OCC(N)C(=O)O,drug_images\CID_831.png
CID_832,Bioactive Compound 832,C4H8NO7P,NC(CC(=O)OP(=O)(O)O)C(=O)O,drug_images\CID_832.png
CID_833,Bioactive Compound 833,C6H13N3O3,NC(=O)NCCCC(N)C(=O)O,drug_images\CID_833.png
CID_834,Bioactive Compound 834,C7H14N2O4S,NC(CCSCC(N)C(=O)O)C(=O)O,drug_images\CID_834.png
CID_835,Bioactive Compound 835,C6H6O6,O=C1OC(C(O)CO)C(=O)C1=O,drug_images\CID_835.png
CID_836,Bioactive Compound 836,C9H11NO4,NC(Cc1ccc(O)c(O)c1)C(=O)O,drug_images\CID_836.png
CID_837,Bioactive Compound 837,C9H7NO4,O=C1C=C2NC(C(=O)O)C=C2CC1=O,drug_images\CID_837.png
CID_838,Bioactive Compound 838,C9H13NO3,CNCC(O)c1ccc(O)c(O)c1,drug_images\CID_838.png
CID_839,Bioactive Compound 839,C5H9NO5,NC(CC(O)C(=O)O)C(=O)O,drug_images\CID_839.png
CID_840,Bioactive Compound 840,C6H12O5,CC1OC(O)C(O)C(O)C1O,drug_images\CID_840.png
CID_841,Bioactive Compound 841,C6H12O5,CC(O)C(O)C(O)C(=O)CO,drug_images\CID_841.png
CID_842,Bioactive Compound 842,C8H14N2O5S,NC(CCC(=O)NC(CS)C(=O)O)C(=O)O,drug_images\CID_842.png
CID_843,Bioactive Compound 843,C5H10NO7P,NC(CCC(=O)OP(=O)(O)O)C(=O)O,drug_images\CID_843.png
CID_844,Bioactive Compound 844,C5H9NO3,NC(CCC=O)C(=O)O,drug_images\CID_844.png
CID_845,Bioactive Compound 845,C6H12N3O4P,NC(COP(=O)(O)O)Cc1cnc[nH]1,drug_images\CID_845.png
CID_846,Bioactive Compound 846,C10H12N2O3,Nc1ccccc1C(=O)CC(N)C(=O)O,drug_images\CID_846.png
CID_847,Bioactive Compound 847,C5H11NO3S,CS(=O)CCC(N)C(=O)O,drug_images\CID_847.png
CID_848,Bioactive Compound 848,C6H12O4,CC(C)(CO)C(O)C(=O)O,drug_images\CID_848.png
CID_849,Bioactive Compound 849,C6H11NO2,O=C(O)C1CCCCN1,drug_images\CID_849.png
CID_850,Bioactive Compound 850,C5H11O8P,O=C(CO)C(O)C(O)COP(=O)(O)O,drug_images\CID_850.png
CID_851,Bioactive Compound 851,C3H7NO2Se,NC(C[SeH])C(=O)O,drug_images\CID_851.png
CID_852,Bioactive Compound 852,C5H9NO4,CC(C(=O)O)C(N)C(=O)O,drug_images\CID_852.png
CID_853,Bioactive Compound 853,C15H11I4NO4,NC(Cc1cc(I)c(Oc2cc(I)c(O)c(I)c2)c(I)c1)C(=O)O,drug_images\CID_853.png
CID_854,Bioactive Compound 854,C5H10O5,O=CC(O)C(O)C(O)CO,drug_images\CID_854.png
CID_855,Bioactive Compound 855,C3H6O2,CC(O)C=O,drug_images\CID_855.png
CID_856,Bioactive Compound 856,C30H50O,CC(C)=CCCC(C)C1CCC2(C)C3=C(CCC12C)C1(C)CCC(O)C(C)(C)C1CC3,drug_images\CID_856.png
CID_857,Bioactive Compound 857,C6H13NO2,CC(C)CC(N)C(=O)O,drug_images\CID_857.png
CID_858,Bioactive Compound 858,C16H20O2,O=CCCCC1OC1C=CC=C1C=CCC=CC1,drug_images\CID_858.png
CID_859,Bioactive Compound 859,C31H49N3O8S,CCCCCC=CCC=CC=CC=CC(SCC(NC(=O)CCC(N)C(=O)O)C(=O)NCC(C)=O)C(O)CCCC(=O)O,drug_images\CID_859.png
CID_860,Bioactive Compound 860,C18H30O2,CCC=CCC=CCC=CCCCCCCCC(=O)O,drug_images\CID_860.png
CID_861,Bioactive Compound 861,C15H12I3NO4,NC(Cc1cc(I)c(Oc2ccc(O)c(I)c2)c(I)c1)C(=O)O,drug_images\CID_861.png
CID_862,Bioactive Compound 862,C68H130N2O23P2,CCCCCCCCCCCC(O)CC(=O)NC1C(OP(=O)(O)O)OC(COC2OC(CO)C(OP(=O)(O)O)C(OC(=O)CC(O)CCCCCCCCCCC)C2NC(=O)CC(O)CCCCCCCCCCC)C(O)C1OC(=O)CC(O)CCCCCCCCCCC,drug_images\CID_862.png
CID_863,Bioactive Compound 863,C8H15NOS2,NC(=O)CCCCC1CCSS1,drug_images\CID_863.png
CID_864,Bioactive Compound 864,C8H14O2S2,O=C(O)CCCCC1CCSS1,drug_images\CID_864.png
CID_865,Bioactive Compound 865,C7H14N2O4,NC(CCCC(N)C(=O)O)C(=O)O,drug_images\CID_865.png
CID_866,Bioactive Compound 866,C6H14N2O2,NCCCCC(N)C(=O)O,drug_images\CID_866.png
CID_867,Bioactive Compound 867,C3H4O4,O=C(O)CC(=O)O,drug_images\CID_867.png
CID_868,Bioactive Compound 868,C3H4O3,O=CCC(=O)O,drug_images\CID_868.png
CID_869,Bioactive Compound 869,C24H38N7O19P3S,CC(C)(COP(=O)(O)OP(=O)(O)OCC1OC(n2cnc3c(N)ncnc32)C(O)C1OP(=O)(O)O)C(O)C(=O)NCCC(=O)NCCSC(=O)CC(=O)O,drug_images\CID_869.png
CID_870,Bioactive Compound 870,C24H42O21,OCC1OC(OC2C(CO)OC(OC3C(CO)OC(OC4C(CO)OC(O)C(O)C4O)C(O)C3O)C(O)C2O)C(O)C(O)C1O,drug_images\CID_870.png
CID_871,Bioactive Compound 871,C18H32O16,OCC1OC(OC2C(CO)OC(OC3C(CO)OC(O)C(O)C3O)C(O)C2O)C(O)C(O)C1O,drug_images\CID_871.png
CID_872,Bioactive Compound 872,C12H22O11,OCC1OC(OCC2OC(O)C(O)C(O)C2O)C(O)C(O)C1O,drug_images\CID_872.png
CID_873,Bioactive Compound 873,C9H10O3,O=C(O)CCc1ccccc1O,drug_images\CID_873.png
CID_874,Bioactive Compound 874,C5H6O4,CC(=CC(=O)O)C(=O)O,drug_images\CID_874.png
CID_875,Bioactive Compound 875,C4H6O6,O=C(O)C(O)C(O)C(=O)O,drug_images\CID_875.png
CID_876,Bioactive Compound 876,C5H11NO2S,CSCCC(N)C(=O)O,drug_images\CID_876.png
CID_877,Bioactive Compound 877,C25H40N7O17P3S,C=C(C)C(=O)SCCNC(=O)CCNC(=O)C(O)C(C)(C)COP(=O)(O)OP(=O)(O)OCC1OC(n2cnc3c(N)ncnc32)C(O)C1OP(=O)(O)O,drug_images\CID_877.png
CID_878,Bioactive Compound 878,CH4S,CS,drug_images\CID_878.png
CID_879,Bioactive Compound 879,C34H44N4O15,NCc1cc(COc2ccc(CCNC(=O)CCC(NC(=O)CCC(NC(=O)CCC(C(=O)O)C(CCC(=O)O)C(=O)O)C(=O)O)C(=O)O)cc2)co1,drug_images\CID_879.png
CID_880,Bioactive Compound 880,C3H4O2,CC(=O)C=O,drug_images\CID_880.png
CID_881,Bioactive Compound 881,CH3-,[CH3-],drug_images\CID_881.png
CID_887,Bioactive Compound 887,CH4O,CO,drug_images\CID_887.png
CID_888,Bioactive Compound 888,Mg+2,[Mg+2],drug_images\CID_888.png
CID_890,Bioactive Compound 890,C6H18O24P6,O=P(O)(O)OC1C(OP(=O)(O)O)C(OP(=O)(O)O)C(OP(=O)(O)O)C(OP(=O)(O)O)C1OP(=O)(O)O,drug_images\CID_890.png
CID_891,Bioactive Compound 891,C7H8O6,COC(=O)C(=CC(=O)O)CC(=O)O,drug_images\CID_891.png
CID_892,Bioactive Compound 892,C6H12O6,OC1C(O)C(O)C(O)C(O)C1O,drug_images\CID_892.png
CID_893,Bioactive Compound 893,C3H8O3S2,CSCCS(=O)(=O)O,drug_images\CID_893.png
CID_894,Bioactive Compound 894,C12H16NO9P,O=C(O)c1ccccc1NC1OC(COP(=O)(O)O)C(O)C1O,drug_images\CID_894.png
CID_895,Bioactive Compound 895,C12H24N2O3,NCCCCCC(=O)NCCCCCC(=O)O,drug_images\CID_895.png
CID_896,Bioactive Compound 896,C13H16N2O2,COc1ccc2[nH]cc(CCNC(C)=O)c2c1,drug_images\CID_896.png
CID_897,Bioactive Compound 897,C8H16N2O5,CC(=O)NC1C(N)OC(CO)C(O)C1O,drug_images\CID_897.png
CID_898,Bioactive Compound 898,C8H16NO9P,CC(=O)NC1C(O)OC(COP(=O)(O)O)C(O)C1O,drug_images\CID_898.png
CID_899,Bioactive Compound 899,C8H15NO6,CC(=O)NC1C(O)OC(CO)C(O)C1O,drug_images\CID_899.png
CID_900,Bioactive Compound 900,C8H16NO9P,CC(=O)NC1C(OP(=O)(O)O)OC(CO)C(O)C1O,drug_images\CID_900.png
CID_901,Bioactive Compound 901,C7H12NO8P,CC(=O)NC(CCC(=O)OP(=O)(O)O)C(=O)O,drug_images\CID_901.png
CID_902,Bioactive Compound 902,C6H12N2O3,CC(=O)NCCC(N)C(=O)O,drug_images\CID_902.png
CID_903,Bioactive Compound 903,C12H14N2O2,CC(=O)NCCc1c[nH]c2ccc(O)cc12,drug_images\CID_903.png
CID_904,Bioactive Compound 904,C8H9NO,CC(=O)Nc1ccccc1,drug_images\CID_904.png
CID_905,Bioactive Compound 905,C7H11NO4,CC(=O)NC(CCC=O)C(=O)O,drug_images\CID_905.png
CID_906,Bioactive Compound 906,C11H19NO9,CC(=O)NC1C(O)CC(O)(C(=O)O)OC1C(O)C(O)CO,drug_images\CID_906.png
CID_907,Bioactive Compound 907,C7H14N2O3,CC(=O)NC(CCCN)C(=O)O,drug_images\CID_907.png
CID_908,Bioactive Compound 908,C3H6N2O2,N/C=N/CC(=O)O,drug_images\CID_908.png
CID_909,Bioactive Compound 909,C6H10N2O4,N/C=N/C(CCC(=O)O)C(=O)O,drug_images\CID_909.png
CID_910,Bioactive Compound 910,C11H12N2O4,NC(CC(=O)c1ccccc1NC=O)C(=O)O,drug_images\CID_910.png
CID_911,Bioactive Compound 911,C6H11NO3S,CSCCC(NC=O)C(=O)O,drug_images\CID_911.png
CID_912,Bioactive Compound 912,C6H11N3,CNCCc1cnc[nH]1,drug_images\CID_912.png
CID_913,Bioactive Compound 913,C9H13NO,CNCC(O)c1ccccc1,drug_images\CID_913.png
CID_914,Bioactive Compound 914,C12H14N2O2,CNC(Cc1c[nH]c2ccccc12)C(=O)O,drug_images\CID_914.png
CID_915,Bioactive Compound 915,C11H15NO8,O=C(O)CCC(=O)NC(CCCC(=O)C(=O)O)C(=O)O,drug_images\CID_915.png
CID_916,Bioactive Compound 916,C12H28N4O,CC(=O)NCCCNCCCCNCCCN,drug_images\CID_916.png
CID_917,Bioactive Compound 917,C6H11N5,CN1CNc2nc[nH]c2C1N,drug_images\CID_917.png
CID_918,Bioactive Compound 918,C9H13NO7,O=C(O)CCC(=O)NC(CCC(=O)O)C(=O)O,drug_images\CID_918.png
CID_919,Bioactive Compound 919,C9H15NO6,O=C(O)CCC(=O)NC(CCCO)C(=O)O,drug_images\CID_919.png
CID_920,Bioactive Compound 920,C9H16N2O5,NCCCC(NC(=O)CCC(=O)O)C(=O)O,drug_images\CID_920.png
CID_921,Bioactive Compound 921,C5H11N3O,CN1C(=O)NCCC1N,drug_images\CID_921.png
CID_922,Bioactive Compound 922,C6H12N2O3,CNC(=O)CCC(N)C(=O)O,drug_images\CID_922.png
CID_923,Bioactive Compound 923,Na+,[Na+],drug_images\CID_923.png
CID_925,Bioactive Compound 925,C21H27N7O14P2,NC(=O)c1ccc[n+](C2OC(COP(=O)([O-])OP(=O)(O)OCC3OC(n4cnc5c(N)ncnc54)C(O)C3O)C(O)C2O)c1,drug_images\CID_925.png
CID_926,Bioactive Compound 926,C21H28N7O14P2+,NC(=O)c1ccc[n+](C2OC(COP(=O)(O)OP(=O)(O)OCC3OC(n4cnc5c(N)ncnc54)C(O)C3O)C(O)C2O)c1,drug_images\CID_926.png
CID_927,Bioactive Compound 927,C15H23N5O13P2,Nc1ncnc2c1ncn2C1OC(COP(=O)(O)OP(=O)(O)OCC2OCC(O)C2O)C(O)C1O,drug_images\CID_927.png
CID_928,Bioactive Compound 928,C21H29N7O14P2,NC(=O)C1=CN(C2OC(COP(=O)(O)OP(=O)(O)OCC3OC(n4cnc5c(N)ncnc54)C(O)C3O)C(O)C2O)C=CC1,drug_images\CID_928.png
CID_929,Bioactive Compound 929,C21H29N7O17P3+,NC(=O)c1ccc[n+](C2OC(COP(=O)(O)OP(=O)(O)OCC3OC(n4cnc5c(N)ncnc54)C(OP(=O)(O)O)C3O)C(O)C2O)c1,drug_images\CID_929.png
CID_930,Bioactive Compound 930,C21H30N7O17P3,NC(=O)C1=CN(C2OC(COP(=O)(O)OP(=O)(O)OCC3OC(n4cnc5c(N)ncnc54)C(OP(=O)(O)O)C3O)C(O)C2O)C=CC1,drug_images\CID_930.png
CID_931,Bioactive Compound 931,C10H8,c1ccc2ccccc2c1,drug_images\CID_931.png
CID_932,Bioactive Compound 932,C15H12O5,O=C1CC(c2ccc(O)cc2)Oc2cc(O)cc(O)c21,drug_images\CID_932.png
CID_933,Bioactive Compound 933,H4NO+,[NH3+]O,drug_images\CID_933.png
CID_934,Bioactive Compound 934,Ni+2,[Ni+2],drug_images\CID_934.png
CID_935,Bioactive Compound 935,Ni,[Ni],drug_images\CID_935.png
CID_936,Bioactive Compound 936,C6H6N2O,NC(=O)c1cccnc1,drug_images\CID_936.png
CID_937,Bioactive Compound 937,C6H4NO2-,O=C([O-])c1cccnc1,drug_images\CID_937.png
CID_938,Bioactive Compound 938,C6H5NO2,O=C(O)c1cccnc1,drug_images\CID_938.png
CID_939,Bioactive Compound 939,C11H16N2O8P+,NC(=O)c1ccc[n+](C2OC(COP(=O)(O)O)C(O)C2O)c1,drug_images\CID_939.png
CID_940,Bioactive Compound 940,C11H15N2O5+,NC(=O)c1ccc[n+](C2OC(CO)C(O)C2O)c1,drug_images\CID_940.png
CID_941,Bioactive Compound 941,C11H15NO9P+,O=C(O)c1ccc[n+](C2OC(COP(=O)(O)O)C(O)C2O)c1,drug_images\CID_941.png
CID_942,Bioactive Compound 942,C10H14N2,CN1CCCC1c1cccnc1,drug_images\CID_942.png
CID_943,Bioactive Compound 943,NO3-,O=[N+]([O-])[O-],drug_images\CID_943.png
CID_944,Bioactive Compound 944,HNO3,O=[N+]([O-])O,drug_images\CID_944.png
CID_945,Bioactive Compound 945,HNO,N=O,drug_images\CID_945.png
CID_946,Bioactive Compound 946,NO2-,O=N[O-],drug_images\CID_946.png
CID_947,Bioactive Compound 947,N2,N#N,drug_images\CID_947.png
CID_948,Bioactive Compound 948,N2O,[N-]=[N+]=O,drug_images\CID_948.png
CID_949,Bioactive Compound 949,C8H11N,CN(C)c1ccccc1,drug_images\CID_949.png
CID_950,Bioactive Compound 950,C8H11NO,C[N+](C)([O-])c1ccccc1,drug_images\CID_950.png
CID_951,Bioactive Compound 951,C8H11NO3,NCC(O)c1ccc(O)c(O)c1,drug_images\CID_951.png
CID_952,Bioactive Compound 952,C5H10O4,OCC1OCC(O)C1O,drug_images\CID_952.png
CID_953,Bioactive Compound 953,C4H10NO6P,NC(CCOP(=O)(O)O)C(=O)O,drug_images\CID_953.png
CID_954,Bioactive Compound 954,C8H13NO6,NC(CCOC(=O)CCC(=O)O)C(=O)O,drug_images\CID_954.png
CID_955,Bioactive Compound 955,C11H10O5,O=C(O)CCC(=O)c1ccccc1C(=O)O,drug_images\CID_955.png
CID_956,Bioactive Compound 956,C32H44N7O20P3S,CC(C)(COP(=O)(O)OP(=O)(O)OCC1OC(n2cnc3c(N)ncnc32)C(O)C1OP(=O)(O)O)C(O)C(=O)NCCC(=O)NCCSC(=O)c1ccccc1C(=O)CCC(=O)O,drug_images\CID_956.png
CID_957,Bioactive Compound 957,C8H18O,CCCCCCCCO,drug_images\CID_957.png
CID_958,Bioactive Compound 958,C47H70O3,COC1=CC(=O)C=C(CC=C(C)CCC=C(C)CCC=C(C)CCC=C(C)CCC=C(C)CCC=C(C)CCC=C(C)CCC=C(C)C)C1=O,drug_images\CID_958.png
CID_959,Bioactive Compound 959,C48H72O3,COC1=CC(=O)C(C)=C(CC=C(C)CCC=C(C)CCC=C(C)CCC=C(C)CCC=C(C)CCC=C(C)CCC=C(C)CCC=C(C)C)C1=O,drug_images\CID_959.png
CID_961,Bioactive Compound 961,HO-,[OH-],drug_images\CID_961.png
CID_962,Bioactive Compound 962,H2O,O,drug_images\CID_962.png
CID_963,Bioactive Compound 963,C43H77N3O20P2,CCCCCCCCCCCC(O)CC(=O)NC1C(OP(=O)(O)OP(=O)(O)OCC2OC(n3ccc(=O)[nH]c3=O)C(O)C2O)OC(CO)C(O)C1OC(=O)CC(O)CCCCCCCCCCC,drug_images\CID_963.png
CID_964,Bioactive Compound 964,C3H4O4,O=C(O)C(=O)CO,drug_images\CID_964.png
CID_965,Bioactive Compound 965,C18H34O2,CCCCCCCCC=CCCCCCCCC(=O)O,drug_images\CID_965.png
CID_966,Bioactive Compound 966,C39H68N7O17P3S,CCCCCCCCC=CCCCCCCCC(=O)SCCNC(=O)CCNC(=O)C(O)C(C)(C)COP(=O)(O)OP(=O)(O)OCC1OC(n2cnc3c(N)ncnc32)C(O)C1OP(=O)(O)O,drug_images\CID_966.png
CID_967,Bioactive Compound 967,C5H4N2O4,O=C(O)c1cc(=O)[nH]c(=O)[nH]1,drug_images\CID_967.png
CID_968,Bioactive Compound 968,C10H13N2O11P,O=C(O)c1cc(=O)[nH]c(=O)n1C1OC(COP(=O)(O)O)C(O)C1O,drug_images\CID_968.png
CID_969,Bioactive Compound 969,C29H36N5O18P,CC(OP(=O)(O)OCC(O)C(O)C(O)Cn1c2cc(=O)ccc-2cc2c(=O)[nH]c(=O)[nH]c21)C(=O)NC(CCC(=O)NC(CCC(=O)O)C(=O)O)C(=O)O,drug_images\CID_969.png
CID_970,Bioactive Compound 970,C4H4O5,O=C(O)CC(=O)C(=O)O,drug_images\CID_970.png
CID_971,Bioactive Compound 971,C2H2O4,O=C(O)C(=O)O,drug_images\CID_971.png
CID_972,Bioactive Compound 972,C6H6O7,O=C(O)CC(C(=O)O)C(=O)C(=O)O,drug_images\CID_972.png
CID_973,Bioactive Compound 973,C23H36N7O19P3S,CC(C)(COP(=O)(O)OP(=O)(O)OCC1OC(n2cnc3c(N)ncnc32)C(O)C1OP(=O)(O)O)C(O)C(=O)NCCC(=O)NCCSC(=O)C(=O)O,drug_images\CID_973.png
CID_974,Bioactive Compound 974,C2H3NO3,NC(=O)C(=O)O,drug_images\CID_974.png
CID_975,Bioactive Compound 975,C20H32N6O12S2,NC(CCC(=O)NC(CSSCC(NC(=O)CCC(N)C(=O)O)C(=O)NCC(=O)O)C(=O)NCC(=O)O)C(=O)O,drug_images\CID_975.png
CID_976,Bioactive Compound 976,C5H6O3,C=CCC(=O)C(=O)O,drug_images\CID_976.png
CID_977,Bioactive Compound 977,O2,O=O,drug_images\CID_977.png
CID_978,Bioactive Compound 978,C7H7NO2,Nc1ccc(C(=O)O)cc1,drug_images\CID_978.png
CID_979,Bioactive Compound 979,C9H8O4,O=C(O)C(=O)Cc1ccc(O)cc1,drug_images\CID_979.png
CID_980,Bioactive Compound 980,C6H5NO3,O=[N+]([O-])c1ccc(O)cc1,drug_images\CID_980.png
CID_981,Bioactive Compound 981,C13H19N4O12P,Nc1c(C(=O)NC(CC(=O)O)C(=O)O)ncn1C1OC(COP(=O)(O)O)C(O)C1O,drug_images\CID_981.png
CID_982,Bioactive Compound 982,C20H27N10O16P3,Nc1ncnc2c1ncn2C1OC(COP(=O)(O)OP(=O)(O)OP(=O)(O)OCC2OC(n3cnc4c(N)ncnc43)C(O)C2O)C(O)C1O,drug_images\CID_982.png
CID_983,Bioactive Compound 983,H5O10P3,O=P(O)(O)OP(=O)(O)OP(=O)(O)O,drug_images\CID_983.png
CID_984,Bioactive Compound 984,C16H32O,CCCCCCCCCCCCCCCC=O,drug_images\CID_984.png
CID_985,Bioactive Compound 985,C16H32O2,CCCCCCCCCCCCCCCC(=O)O,drug_images\CID_985.png
CID_986,Bioactive Compound 986,C37H66N7O17P3S,CCCCCCCCCCCCCCCC(=O)SCCNC(=O)CCNC(=O)C(O)C(C)(C)COP(=O)(O)OP(=O)(O)OCC1OC(n2cnc3c(N)ncnc32)C(O)C1OP(=O)(O)O,drug_images\CID_986.png
CID_987,Bioactive Compound 987,C11H23N2O7PS,CC(C)(COP(=O)(O)O)C(O)C(=O)NCCC(=O)NCCS,drug_images\CID_987.png
CID_988,Bioactive Compound 988,C9H17NO5,CC(C)(CO)C(O)C(=O)NCCC(=O)O,drug_images\CID_988.png
CID_989,Bioactive Compound 989,C6H10O3,CC1(C)COC(=O)C1O,drug_images\CID_989.png
CID_990,Bioactive Compound 990,C10H15N5O13P2S,Nc1ncnc2c1ncn2C1OC(COP(=O)(O)OS(=O)(=O)O)C(OP(=O)(O)O)C1O,drug_images\CID_990.png
CID_991,Bioactive Compound 991,C10H14NO5PS,CCOP(=S)(OCC)Oc1ccc([N+](=O)[O-])cc1,drug_images\CID_991.png
CID_992,Bioactive Compound 992,C6HCl5O,Oc1c(Cl)c(Cl)c(Cl)c(Cl)c1Cl,drug_images\CID_992.png
CID_993,Bioactive Compound 993,C5H10O5,OCC1OC(O)C(O)C1O,drug_images\CID_993.png
CID_994,Bioactive Compound 994,C9H11NO2,NC(Cc1ccccc1)C(=O)O,drug_images\CID_994.png
CID_995,Bioactive Compound 995,C14H10,c1ccc2c(c1)ccc1ccccc12,drug_images\CID_995.png
CID_996,Bioactive Compound 996,C6H6O,Oc1ccccc1,drug_images\CID_996.png
CID_997,Bioactive Compound 997,C9H8O3,O=C(O)C(=O)Cc1ccccc1,drug_images\CID_997.png
CID_998,Bioactive Compound 998,C8H8O,O=CCc1ccccc1,drug_images\CID_998.png
CID_999,Bioactive Compound 999,C8H8O2,O=C(O)Cc1ccccc1,drug_images\CID_999.png
CID_1000,Bioactive Compound 1000,C8H11NO,NCC(O)c1ccccc1,drug_images\CID_1000.png
CID_1001,Bioactive Compound 1001,C8H11N,NCCc1ccccc1,drug_images\CID_1001.png
CID_1002,Bioactive Compound 1002,C9H8N2O2,O=C1NC(=O)C(c2ccccc2)N1,drug_images\CID_1002.png
CID_1003,Bioactive Compound 1003,H2O4P-,O=P([O-])(O)O,drug_images\CID_1003.png
CID_1004,Bioactive Compound 1004,H3O4P,O=P(O)(O)O,drug_images\CID_1004.png
CID_1005,Bioactive Compound 1005,C3H5O6P,C=C(OP(=O)(O)O)C(=O)O,drug_images\CID_1005.png
CID_1006,Bioactive Compound 1006,C4H9NO7P-,NC(C(=O)[O-])C(O)COP(=O)(O)O,drug_images\CID_1006.png
CID_1007,Bioactive Compound 1007,C4H10NO7P,NC(C(=O)O)C(O)COP(=O)(O)O,drug_images\CID_1007.png
CID_1008,Bioactive Compound 1008,C15H24N5O14P2+,Nc1c2ncn(C3OC(COP(=O)(O)O)C(O)C3O)c2nc[n+]1C1OC(COP(=O)(O)O)C(O)C1O,drug_images\CID_1008.png
CID_1009,Bioactive Compound 1009,C15H26N5O20P4+,Nc1c2ncn(C3OC(COP(=O)(O)OP(=O)(O)OP(=O)(O)O)C(O)C3O)c2nc[n+]1C1OC(COP(=O)(O)O)C(O)C1O,drug_images\CID_1009.png
CID_1010,Bioactive Compound 1010,C9H14N3O9P,Nc1c(C(=O)O)ncn1C1OC(COP(=O)(O)O)C(O)C1O,drug_images\CID_1010.png
CID_1011,Bioactive Compound 1011,C10H15N4O9P,NC(=O)c1ncn(C2OC(COP(=O)(O)O)C(O)C2O)c1NC=O,drug_images\CID_1011.png
CID_1012,Bioactive Compound 1012,C15H25N5O15P2,NC(=O)c1ncn(C2OC(COP(=O)(O)O)C(O)C2O)c1NC=NC1OC(COP(=O)(O)O)C(O)C1O,drug_images\CID_1012.png
CID_1013,Bioactive Compound 1013,C15H25N5O15P2,NC(=O)c1ncn(C2OC(COP(=O)(O)O)C(O)C2O)c1N/C=N/CC(=O)C(O)C(O)COP(=O)(O)O,drug_images\CID_1013.png
CID_1014,Bioactive Compound 1014,C5H15NO4P+,C[N+](C)(C)CCOP(=O)(O)O,drug_images\CID_1014.png
CID_1015,Bioactive Compound 1015,C2H8NO4P,NCCOP(=O)(O)O,drug_images\CID_1015.png
CID_1016,Bioactive Compound 1016,C4H10NO6P,CC(OP(=O)(O)O)C(N)C(=O)O,drug_images\CID_1016.png
CID_1017,Bioactive Compound 1017,C8H6O4,O=C(O)c1ccccc1C(=O)O,drug_images\CID_1017.png
CID_1018,Bioactive Compound 1018,C6H5NO2,O=C(O)c1ccccn1,drug_images\CID_1018.png
CID_1019,Bioactive Compound 1019,C6H6NO7P,O=[N+]([O-])c1ccc(O)c(OP(=O)(O)O)c1,drug_images\CID_1019.png
CID_1020,Bioactive Compound 1020,C9H18O7P2,CC(C)=CCCC=CCOP(=O)(O)OP(=O)(O)O,drug_images\CID_1020.png
CID_1021,Bioactive Compound 1021,C10H14N2O4,NCc1[nH]cc(CCC(=O)O)c1CC(=O)O,drug_images\CID_1021.png
CID_1022,Bioactive Compound 1022,C20H16N4,C1=C/C2=C/C3=CC/C(=C/C4=NC(=C\C5=NC(=C\C1=N2)/CC5)/C=C4)N3,drug_images\CID_1022.png
CID_1023,Bioactive Compound 1023,H4O7P2,O=P(O)(O)OP(=O)(O)O,drug_images\CID_1023.png
CID_1024,Bioactive Compound 1024,C14H6N2O8,O=C(O)c1cc(C(=O)O)c2c(n1)C(=O)C(=O)c1cc(C(=O)O)[nH]c1-2,drug_images\CID_1024.png
CID_1025,Bioactive Compound 1025,C10H15N5O7P-,NC1=NC2NC=C(C(O)C3OP(=O)([O-])OCC3O)NC2C(=O)N1,drug_images\CID_1025.png
CID_1026,Bioactive Compound 1026,C10H16N5O7P,NC1=NC2NC=C(C(O)C3OP(=O)(O)OCC3O)NC2C(=O)N1,drug_images\CID_1026.png
CID_1027,Bioactive Compound 1027,C21H32O2,CC(=O)C1CCC2C3CC=C4CC(O)CCC4(C)C3CCC12C,drug_images\CID_1027.png
CID_1028,Bioactive Compound 1028,C10H10O6,O=C(O)C(=O)CC1(C(=O)O)C=CC(O)C=C1,drug_images\CID_1028.png
CID_1029,Bioactive Compound 1029,C6H14N2O3,NCC(O)CCC(N)C(=O)O,drug_images\CID_1029.png
CID_1030,Bioactive Compound 1030,C3H8O2,CC(O)CO,drug_images\CID_1030.png
CID_1031,Bioactive Compound 1031,C3H8O,CCCO,drug_images\CID_1031.png
CID_1032,Bioactive Compound 1032,C3H6O2,CCC(=O)O,drug_images\CID_1032.png
CID_1033,Bioactive Compound 1033,C24H40N7O17P3S,CCC(=O)SCCNC(=O)CCNC(=O)C(O)C(C)(C)COP(=O)(O)OP(=O)(O)OCC1OC(n2cnc3c(N)ncnc32)C(O)C1OP(=O)(O)O,drug_images\CID_1033.png
CID_1034,Bioactive Compound 1034,C3H7O5P,CCC(=O)OP(=O)(O)O,drug_images\CID_1034.png
CID_1035,Bioactive Compound 1035,C20H32O5,CCCCCC(O)C=CC1C2CC(OO2)C1CC=CCCCC(=O)O,drug_images\CID_1035.png
CID_1037,Bioactive Compound 1037,C34H46N4O4,C=CC1C2C=C3NC(=CC4=C(CCC(=O)O)C(C)C(=CC5NC(C=C(N2)C1C)C(C=C)C5C)N4)C(CCC(=O)O)C3C,drug_images\CID_1037.png
CID_1038,Bioactive Compound 1038,H+,[H+],drug_images\CID_1038.png
CID_1039,Bioactive Compound 1039,C34H52N4O4,C=CC1C2=NC(=C1C)CC1NC(CC3NC(CC4NC(C2)C(C)C4CCC(=O)O)C(CCC(=O)O)C3C)C(C)C1C=C,drug_images\CID_1039.png
CID_1040,Bioactive Compound 1040,C34H36N4O4,C=CC1=C(C)/C2=C/C3=NC(=C\C4=NC(=C\C5=C(CCC(=O)O)C(C)/C(=C/C1=N2)N5)/C(CCC(=O)O)=C4C)/C(C)C3C=C,drug_images\CID_1040.png
CID_1041,Bioactive Compound 1041,C5H13O14P3,O=P(O)(O)OCC1OC(OP(=O)(O)OP(=O)(O)O)C(O)C1O,drug_images\CID_1041.png
CID_1042,Bioactive Compound 1042,C9H13N2O9P,O=c1[nH]cc(C2OC(COP(=O)(O)O)C(O)C2O)c(=O)[nH]1,drug_images\CID_1042.png
CID_1043,Bioactive Compound 1043,C6H4N4,c1cnc2ncncc2n1,drug_images\CID_1043.png
CID_1044,Bioactive Compound 1044,C5H4N4,c1ncc2[nH]cnc2n1,drug_images\CID_1044.png
CID_1045,Bioactive Compound 1045,C4H12N2,NCCCCN,drug_images\CID_1045.png
CID_1046,Bioactive Compound 1046,C5H5N3O,NC(=O)c1cnccn1,drug_images\CID_1046.png
CID_1047,Bioactive Compound 1047,C5H4N2O2,O=C(O)c1cnccn1,drug_images\CID_1047.png
CID_1048,Bioactive Compound 1048,C3H4N2,c1cn[nH]c1,drug_images\CID_1048.png
CID_1049,Bioactive Compound 1049,C5H5N,c1ccncc1,drug_images\CID_1049.png
CID_1050,Bioactive Compound 1050,C8H9NO3,Cc1ncc(CO)c(C=O)c1O,drug_images\CID_1050.png
CID_1051,Bioactive Compound 1051,C8H10NO6P,Cc1ncc(COP(=O)(O)O)c(C=O)c1O,drug_images\CID_1051.png
CID_1052,Bioactive Compound 1052,C8H12N2O2,Cc1ncc(CO)c(CN)c1O,drug_images\CID_1052.png
CID_1053,Bioactive Compound 1053,C8H13N2O5P,Cc1ncc(COP(=O)(O)O)c(CN)c1O,drug_images\CID_1053.png
CID_1054,Bioactive Compound 1054,C8H11NO3,Cc1ncc(CO)c(CO)c1O,drug_images\CID_1054.png
CID_1055,Bioactive Compound 1055,C8H12NO6P,Cc1ncc(COP(=O)(O)O)c(CO)c1O,drug_images\CID_1055.png
CID_1056,Bioactive Compound 1056,C4H6N2,C1=CNCN=C1,drug_images\CID_1056.png
CID_1057,Bioactive Compound 1057,C6H6O3,Oc1cccc(O)c1O,drug_images\CID_1057.png
CID_1058,Bioactive Compound 1058,H3O7P2-,O=P([O-])(O)OP(=O)(O)O,drug_images\CID_1058.png
CID_1059,Bioactive Compound 1059,C5H7NO3,O=C(O)C1CC(O)C=N1,drug_images\CID_1059.png
CID_1060,Bioactive Compound 1060,C3H4O3,CC(=O)C(=O)O,drug_images\CID_1060.png
CID_1061,Bioactive Compound 1061,O4P-3,O=P([O-])([O-])[O-],drug_images\CID_1061.png
CID_1062,Bioactive Compound 1062,C19H28O4,COc1c(O)c(C)c(CC=C(C)CCC=C(C)C)c(O)c1OC,drug_images\CID_1062.png
CID_1063,Bioactive Compound 1063,C12H13N5O3,NC1=NC(=O)C2=C(CNC3C=CC(O)C3O)C=NC2=N1,drug_images\CID_1063.png
CID_1064,Bioactive Compound 1064,C7H12O6,O=C(O)C1(O)CC(O)C(O)C(O)C1,drug_images\CID_1064.png
CID_1065,Bioactive Compound 1065,C20H24N2O2,C=CC1CN2CCC1CC2C(O)c1ccnc2ccc(OC)cc12,drug_images\CID_1065.png
CID_1066,Bioactive Compound 1066,C7H5NO4,O=C(O)c1cccnc1C(=O)O,drug_images\CID_1066.png
CID_1067,Bioactive Compound 1067,C29H44N5O18P,CC(OP(=O)(O)OCC(O)C(O)C(O)CN1c2[nH]c(=O)[nH]c(=O)c2CC2CCC(O)CC21)C(=O)NC(CCC(=O)NC(CCC(=O)O)C(=O)O)C(=O)O,drug_images\CID_1067.png
CID_1068,Bioactive Compound 1068,C2H6S,CSC,drug_images\CID_1068.png
CID_1069,Bioactive Compound 1069,C51H76O2,CC(C)=CCCC(C)=CCCC(C)=CCCC(C)=CCCC(C)=CCCC(C)=CCCC(C)=CCCC(C)=CCC1=C(C)C(O)c2ccccc2C1O,drug_images\CID_1069.png
CID_1070,Bioactive Compound 1070,C20H28O,CC(C=CC=C(C)C=CC1=C(C)CCCC1(C)C)=CC=O,drug_images\CID_1070.png
CID_1071,Bioactive Compound 1071,C20H30O,CC(C=CC1=C(C)CCCC1(C)C)=CC=CC(C)=CCO,drug_images\CID_1071.png
CID_1072,Bioactive Compound 1072,C17H20N4O6,Cc1cc2nc3c(=O)[nH]c(=O)nc-3n(CC(O)C(O)C(O)CO)c2cc1C,drug_images\CID_1072.png
CID_1073,Bioactive Compound 1073,C5H12O11P2,O=P(O)(O)OCC1OC(OP(=O)(O)O)C(O)C1O,drug_images\CID_1073.png
CID_1074,Bioactive Compound 1074,C5H11O8P,O=P(O)(O)OC1OC(CO)C(O)C1O,drug_images\CID_1074.png
CID_1076,Bioactive Compound 1076,C10H19NO2S2,CC(=O)SC(CCS)CCCCC(N)=O,drug_images\CID_1076.png
CID_1077,Bioactive Compound 1077,C15H20N5O6S+,C[S+](CCC(=O)C(=O)O)CC1OC(n2cnc3c(N)ncnc32)C(O)C1O,drug_images\CID_1077.png
CID_1078,Bioactive Compound 1078,C14H23N6O3S+,C[S+](CCCN)CC1OC(n2cnc3c(N)ncnc32)C(O)C1O,drug_images\CID_1078.png
CID_1079,Bioactive Compound 1079,C15H23N6O5S+,C[S+](CCC(N)C(=O)O)CC1OC(n2cnc3c(N)ncnc32)C(O)C1O,drug_images\CID_1079.png
CID_1080,Bioactive Compound 1080,C5H9NO4S,NC(CSCC(=O)O)C(=O)O,drug_images\CID_1080.png
CID_1081,Bioactive Compound 1081,C5H8O5,CC(O)(CC(=O)O)C(=O)O,drug_images\CID_1081.png
CID_1082,Bioactive Compound 1082,C11H19N3O7S,NC(CCC(=O)NC(CSCO)C(=O)NCC(=O)O)C(=O)O,drug_images\CID_1082.png
CID_1083,Bioactive Compound 1083,C13H21N3O8S,CC(O)C(=O)SCC(NC(=O)CCC(N)C(=O)O)C(=O)NCC(=O)O,drug_images\CID_1083.png
CID_1084,Bioactive Compound 1084,O3S2-2,O=S([O-])([O-])=S,drug_images\CID_1084.png
CID_1086,Bioactive Compound 1086,O4S2-2,O=S([O-])S(=O)[O-],drug_images\CID_1086.png
CID_1087,Bioactive Compound 1087,C11H20N2O6,NC(CCCCNC(CCC(=O)O)C(=O)O)C(=O)O,drug_images\CID_1087.png
CID_1088,Bioactive Compound 1088,C3H7NO2,CNCC(=O)O,drug_images\CID_1088.png
CID_1089,Bioactive Compound 1089,H2O4Se,O=[Se](=O)(O)O,drug_images\CID_1089.png
CID_1090,Bioactive Compound 1090,O3Se-2,O=[Se]([O-])[O-],drug_images\CID_1090.png
CID_1091,Bioactive Compound 1091,H2O3Se,O=[Se](O)O,drug_images\CID_1091.png
CID_1092,Bioactive Compound 1092,H3O3PSe,OP(O)(O)=[Se],drug_images\CID_1092.png
CID_1093,Bioactive Compound 1093,C13H19N6O9P,Nc1ncnc2c1ncn2C1OC(COP(=O)(O)OC(=O)C(N)CO)C(O)C1O,drug_images\CID_1093.png
CID_1094,Bioactive Compound 1094,C7H10O5,O=C(O)C1=CC(O)C(O)C(O)C1,drug_images\CID_1094.png
CID_1095,Bioactive Compound 1095,C7H11O8P,O=C(O)C1=CC(OP(=O)(O)O)C(O)C(O)C1,drug_images\CID_1095.png
CID_1096,Bioactive Compound 1096,C42H49FeN4O16,CC1(CC(=O)O)C2=CC3[N-]C(=C(CCC(=O)O)C3CC(=O)O)C=C3[N-]C(C=C4[N-]C(=CC(=N2)C1CCC(=O)O)C(CCC(=O)O)C4(C)CC(=O)O)C(CCC(=O)O)C3CC(=O)O.[Fe+3],drug_images\CID_1096.png
CID_1097,Bioactive Compound 1097,C42H52N4O16,CC1(CC(=O)O)C2=CC3NC(=C(CCC(=O)O)C3CC(=O)O)C=C3NC(C=C4NC(=CC(=N2)C1CCC(=O)O)C(CCC(=O)O)C4(C)CC(=O)O)C(CCC(=O)O)C3CC(=O)O,drug_images\CID_1097.png
CID_1098,Bioactive Compound 1098,C42H48N4O16,CC1(CC(=O)O)C2=CC3=C(CC(=O)O)C(CCC(=O)O)C(=N3)CC3N=C(C=C4N=C(C=C(N2)C1CCC(=O)O)C(C)(CC(=O)O)C4CCC(=O)O)C(CC(=O)O)=C3CCC(=O)O,drug_images\CID_1098.png
CID_1099,Bioactive Compound 1099,O3S-2,O=S([O-])[O-],drug_images\CID_1099.png
CID_1100,Bioactive Compound 1100,H2O3S,O=S(O)O,drug_images\CID_1100.png
CID_1101,Bioactive Compound 1101,C6H12O6,O=C(CO)C(O)C(O)C(O)CO,drug_images\CID_1101.png
CID_1102,Bioactive Compound 1102,C7H19N3,NCCCCNCCCN,drug_images\CID_1102.png
CID_1103,Bioactive Compound 1103,C10H26N4,NCCCNCCCCNCCCN,drug_images\CID_1103.png
CID_1104,Bioactive Compound 1104,C18H37NO2,CCCCCCCCCCCCCC=CC(O)C(N)CO,drug_images\CID_1104.png
CID_1105,Bioactive Compound 1105,C30H50,CC(C)=CCCC(C)=CCCC(C)=CCCC=C(C)CCC=C(C)CCC=C(C)C,drug_images\CID_1105.png
CID_1106,Bioactive Compound 1106,C39H70N7O17P3S,CCCCCCCCCCCCCCCCCC(=O)SCCNC(=O)CCNC(=O)C(O)C(C)(C)COP(=O)(O)OP(=O)(O)OCC1OC(n2cnc3c(N)ncnc32)C(O)C1OP(=O)(O)O,drug_images\CID_1106.png
CID_1107,Bioactive Compound 1107,C17H28O,OC1CCC2C(CCC3C4CCCC4CCC23)C1,drug_images\CID_1107.png
CID_1108,Bioactive Compound 1108,C17H28,C1CCC2C(C1)CCC1C3CCCC3CCC21,drug_images\CID_1108.png
CID_1110,Bioactive Compound 1110,C4H6O4,O=C(O)CCC(=O)O,drug_images\CID_1110.png
CID_1111,Bioactive Compound 1111,C25H40N7O19P3S,CC(C)(COP(=O)(O)OP(=O)(O)OCC1OC(n2cnc3c(N)ncnc32)C(O)C1OP(=O)(O)O)C(O)C(=O)NCCC(=O)NCCSC(=O)CCC(=O)O,drug_images\CID_1111.png
CID_1112,Bioactive Compound 1112,C4H6O3,O=CCCC(=O)O,drug_images\CID_1112.png
CID_1113,Bioactive Compound 1113,C16H25N4O10P2S+,Cc1ncc(C[n+]2csc(CCOP(=O)(O)OP(=O)(O)OC(O)CCC(=O)O)c2C)c(N)n1,drug_images\CID_1113.png
CID_1114,Bioactive Compound 1114,C11H12O6,O=C(O)CCC(=O)C1=C(C(=O)O)C(O)CC=C1,drug_images\CID_1114.png
CID_1115,Bioactive Compound 1115,C12H22O11,OCC1OC(OC2(CO)OC(CO)C(O)C2O)C(O)C(O)C1O,drug_images\CID_1115.png
CID_1116,Bioactive Compound 1116,C12H23O14P,O=P(O)(O)OCC1OC(CO)(OC2OC(CO)C(O)C(O)C2O)C(O)C1O,drug_images\CID_1116.png
CID_1117,Bioactive Compound 1117,O4S-2,O=S(=O)([O-])[O-],drug_images\CID_1117.png
CID_1118,Bioactive Compound 1118,H2O4S,O=S(=O)(O)O,drug_images\CID_1118.png
CID_1119,Bioactive Compound 1119,O2S,O=S=O,drug_images\CID_1119.png
CID_1120,Bioactive Compound 1120,C50H84O7P2,CC(C)=CCCC(C)=CCCC(C)=CCCC(C)=CCCC(C)=CCCC(C)=CCCC(C)=CCCC(C)=CCCC(C)=CCCC(C)=CCOP(=O)(O)OP(=O)(O)O,drug_images\CID_1120.png
CID_1121,Bioactive Compound 1121,C55H92O7P2,CC(C)=CCCC(C)=CCCC(C)=CCCC(C)=CCCC(C)=CCCC(C)=CCCC(C)=CCCC(C)=CCCC(C)=CCCC(C)=CCCC(C)=CCOP(=O)(O)OP(=O)(O)O,drug_images\CID_1121.png
CID_1122,Bioactive Compound 1122,C3H4O4,O=CC(O)C(=O)O,drug_images\CID_1122.png
CID_1123,Bioactive Compound 1123,C2H7NO3S,NCCS(=O)(=O)O,drug_images\CID_1123.png
CID_1124,Bioactive Compound 1124,C10H16N2O11P2,Cc1cn(C2CC(O)C(COP(=O)(O)OP(=O)(O)O)O2)c(=O)[nH]c1=O,drug_images\CID_1124.png
CID_1126,Bioactive Compound 1126,C35H62N7O17P3S,CCCCCCCCCCCCCC(=O)SCCNC(=O)CCNC(=O)C(O)C(C)(C)COP(=O)(O)OP(=O)(O)OCC1OC(n2cnc3c(N)ncnc32)C(O)C1OP(=O)(O)O,drug_images\CID_1126.png
CID_1127,Bioactive Compound 1127,C4H8S,C1CCSC1,drug_images\CID_1127.png
CID_1128,Bioactive Compound 1128,C4H8OS,O=S1CCCC1,drug_images\CID_1128.png
CID_1130,Bioactive Compound 1130,C12H17N4OS+,Cc1ncc(C[n+]2csc(CCO)c2C)c(N)n1,drug_images\CID_1130.png
CID_1131,Bioactive Compound 1131,C12H18N4O4PS+,Cc1ncc(C[n+]2csc(CCOP(=O)(O)O)c2C)c(N)n1,drug_images\CID_1131.png
CID_1132,Bioactive Compound 1132,C12H19N4O7P2S+,Cc1ncc(C[n+]2csc(CCOP(=O)(O)OP(=O)(O)O)c2C)c(N)n1,drug_images\CID_1132.png
CID_1133,Bioactive Compound 1133,C2H4O2S,O=C(O)CS,drug_images\CID_1133.png
CID_1134,Bioactive Compound 1134,C10H14N2O5,Cc1cn(C2CC(O)C(CO)O2)c(=O)[nH]c1=O,drug_images\CID_1134.png
CID_1135,Bioactive Compound 1135,C5H6N2O2,Cc1c[nH]c(=O)[nH]c1=O,drug_images\CID_1135.png
CID_1136,Bioactive Compound 1136,C6H9NOS,Cc1ncsc1CCO,drug_images\CID_1136.png
CID_1137,Bioactive Compound 1137,C6H10NO4PS,Cc1ncsc1CCOP(=O)(O)O,drug_images\CID_1137.png
CID_1138,Bioactive Compound 1138,C26H42N7O17P3S,CC=C(C)C(=O)SCCNC(=O)CCNC(=O)C(O)C(C)(C)COP(=O)(O)OP(=O)(O)OCC1OC(n2cnc3c(N)ncnc32)C(O)C1OP(=O)(O)O,drug_images\CID_1138.png
CID_1139,Bioactive Compound 1139,C10H15N2O8P,Cc1cn(C2CC(O)C(COP(=O)(O)O)O2)c(=O)[nH]c1=O,drug_images\CID_1139.png
CID_1140,Bioactive Compound 1140,C7H8,Cc1ccccc1,drug_images\CID_1140.png
CID_1141,Bioactive Compound 1141,C7H10O2,CC1=CC=CC(O)C1O,drug_images\CID_1141.png
CID_1142,Bioactive Compound 1142,C27H42N7O19P3S,CC(=CC(=O)SCCNC(=O)CCNC(=O)C(O)C(C)(C)COP(=O)(O)OP(=O)(O)OCC1OC(n2cnc3c(N)ncnc32)C(O)C1OP(=O)(O)O)CC(=O)O,drug_images\CID_1142.png
CID_1143,Bioactive Compound 1143,C12H22O11,OCC1OC(OC2OC(CO)C(O)C(O)C2O)C(O)C(O)C1O,drug_images\CID_1143.png
CID_1144,Bioactive Compound 1144,C12H23O14P,O=P(O)(O)OCC1OC(OC2OC(CO)C(O)C(O)C2O)C(O)C(O)C1O,drug_images\CID_1144.png
CID_1145,Bioactive Compound 1145,C3H9NO,C[N+](C)(C)[O-],drug_images\CID_1145.png
CID_1146,Bioactive Compound 1146,C3H9N,CN(C)C,drug_images\CID_1146.png
CID_1147,Bioactive Compound 1147,C3H9S+,C[S+](C)C,drug_images\CID_1147.png
CID_1148,Bioactive Compound 1148,C11H12N2O2,NC(Cc1c[nH]c2ccccc12)C(=O)O,drug_images\CID_1148.png
CID_1149,Bioactive Compound 1149,C27H49N9O10S2,NC(CCC(=O)NC(CS)C(=O)NCC(=O)NCCCCNCCCNC(=O)CNC(=O)C(CS)NC(=O)CCC(N)C(=O)O)C(=O)O,drug_images\CID_1149.png
CID_1150,Bioactive Compound 1150,C10H12N2,NCCc1c[nH]c2ccccc12,drug_images\CID_1150.png
CID_1151,Bioactive Compound 1151,C10H17N2O14P3,Cc1cn(C2CC(O)C(COP(=O)(O)OP(=O)(O)OP(=O)(O)O)O2)c(=O)[nH]c1=O,drug_images\CID_1151.png
CID_1152,Bioactive Compound 1152,H2O4W,[O]=[W](=[O])([OH])[OH],drug_images\CID_1152.png
CID_1153,Bioactive Compound 1153,C9H11NO3,NC(Cc1ccc(O)cc1)C(=O)O,drug_images\CID_1153.png
CID_1154,Bioactive Compound 1154,C59H94O4,COC1=C(OC)C(O)C(CC=C(C)CCC=C(C)CCC=C(C)CCC=C(C)CCC=C(C)CCC=C(C)CCC=C(C)CCC=C(C)CCC=C(C)CCC=C(C)C)=C(C)C1O,drug_images\CID_1154.png
CID_1155,Bioactive Compound 1155,C49H78O4,COC1=C(OC)C(O)C(CC=C(C)CCC=C(C)CCC=C(C)CCC=C(C)CCC=C(C)CCC=C(C)CCC=C(C)CCC=C(C)C)=C(C)C1O,drug_images\CID_1155.png
CID_1156,Bioactive Compound 1156,C59H90O4,COC1=C(OC)C(=O)C(CC=C(C)CCC=C(C)CCC=C(C)CCC=C(C)CCC=C(C)CCC=C(C)CCC=C(C)CCC=C(C)CCC=C(C)CCC=C(C)C)=C(C)C1=O,drug_images\CID_1156.png
CID_1157,Bioactive Compound 1157,C49H74O4,COC1=C(OC)C(=O)C(CC=C(C)CCC=C(C)CCC=C(C)CCC=C(C)CCC=C(C)CCC=C(C)CCC=C(C)CCC=C(C)C)=C(C)C1=O,drug_images\CID_1157.png
CID_1158,Bioactive Compound 1158,C9H14N2O12P2,O=c1ccn(C2OC(COP(=O)(O)OP(=O)(O)O)C(O)C2O)c(=O)[nH]1,drug_images\CID_1158.png
CID_1160,Bioactive Compound 1160,C28H43N5O23P2,CC(=O)NC1C(OP(=O)(O)OP(=O)(O)OCC2OC(n3ccc(=O)[nH]c3=O)C(O)C2O)OC(CO)C(O)C1OC(C)C(=O)NC(C)C(=O)NC(CCC(=O)O)C(=O)O,drug_images\CID_1160.png
CID_1161,Bioactive Compound 1161,C35H55N7O26P2,CC(=O)NC1C(OP(=O)(O)OP(=O)(O)OCC2OC(n3ccc(=O)[nH]c3=O)C(O)C2O)OC(CO)C(O)C1OC(C)C(=O)NC(C)C(=O)NC(CCC(=O)NC(CCCC(N)C(=O)O)C(=O)O)C(=O)O,drug_images\CID_1161.png
CID_1162,Bioactive Compound 1162,C20H29N3O19P2,C=C(OC1C(O)C(CO)OC(OP(=O)(O)OP(=O)(O)OCC2OC(n3ccc(=O)[nH]c3=O)C(O)C2O)C1NC(C)=O)C(=O)O,drug_images\CID_1162.png
CID_1163,Bioactive Compound 1163,C23H36N4O20P2,CC(=O)NC1C(OP(=O)(O)OP(=O)(O)OCC2OC(n3ccc(=O)[nH]c3=O)C(O)C2O)OC(CO)C(O)C1OC(C)C(=O)NC(C)C(=O)O,drug_images\CID_1163.png
CID_1164,Bioactive Compound 1164,C15H24N2O17P2,O=c1ccn(C2OC(COP(=O)(O)OP(=O)(O)OC3OC(C(O)CO)C(O)C3O)C(O)C2O)c(=O)[nH]1,drug_images\CID_1164.png
CID_1165,Bioactive Compound 1165,C14H22N2O16P2,O=c1ccn(C2OC(COP(=O)(O)OP(=O)(O)OC3OCC(O)C(O)C3O)C(O)C2O)c(=O)[nH]1,drug_images\CID_1165.png
CID_1166,Bioactive Compound 1166,C15H24N2O17P2,O=c1ccn(C2OC(COP(=O)(O)OP(=O)(O)OC3OC(CO)C(O)C(O)C3O)C(O)C2O)c(=O)[nH]1,drug_images\CID_1166.png
CID_1167,Bioactive Compound 1167,C17H27N3O17P2,CC(=O)NC1C(OP(=O)(O)OP(=O)(O)OCC2OC(n3ccc(=O)[nH]c3=O)C(O)C2O)OC(CO)C(O)C1O,drug_images\CID_1167.png
CID_1168,Bioactive Compound 1168,C17H25N3O18P2,CC(=O)NC1C(OP(=O)(O)OP(=O)(O)OCC2OC(n3ccc(=O)[nH]c3=O)C(O)C2O)OC(C(=O)O)C(O)C1O,drug_images\CID_1168.png
CID_1169,Bioactive Compound 1169,C20H31N3O19P2,CC(=O)NC1C(OP(=O)(O)OP(=O)(O)OCC2OC(n3ccc(=O)[nH]c3=O)C(O)C2O)OC(CO)C(O)C1OC(C)C(=O)O,drug_images\CID_1169.png
CID_1170,Bioactive Compound 1170,C31H53N3O19P2,CCCCCCCCCCCC(O)CC(=O)OC1C(O)C(CO)OC(OP(=O)(O)OP(=O)(O)OCC2OC(n3ccc(=O)[nH]c3=O)C(O)C2O)C1NC(C)=O,drug_images\CID_1170.png
CID_1171,Bioactive Compound 1171,C29H51N3O18P2,CCCCCCCCCCCC(O)CC(=O)OC1C(N)C(OP(=O)(O)OP(=O)(O)OCC2OC(n3ccc(=O)[nH]c3=O)C(O)C2O)OC(CO)C1O,drug_images\CID_1171.png
CID_1172,Bioactive Compound 1172,C9H13N2O9P,O=c1ccn(C2OC(COP(=O)(O)O)C(O)C2O)c(=O)[nH]1,drug_images\CID_1172.png
CID_1173,Bioactive Compound 1173,C55H91O4P,CC(C)=CCCC(C)=CCCC(C)=CCCC(C)=CCCC(C)=CCCC(C)=CCCC(C)=CCCC(C)=CCCC(C)=CCCC(C)=CCCC(C)=CCOP(=O)(O)O,drug_images\CID_1173.png
CID_1174,Bioactive Compound 1174,C4H4N2O2,O=c1cc[nH]c(=O)[nH]1,drug_images\CID_1174.png
CID_1175,Bioactive Compound 1175,C5H4N4O3,O=c1[nH]c(=O)c2[nH]c(=O)[nH]c2[nH]1,drug_images\CID_1175.png
CID_1176,Bioactive Compound 1176,CH4N2O,NC(N)=O,drug_images\CID_1176.png
CID_1177,Bioactive Compound 1177,C9H12N2O6,O=c1ccn(C2OC(CO)C(O)C2O)c(=O)[nH]1,drug_images\CID_1177.png
CID_1178,Bioactive Compound 1178,C6H6N2O2,O=C(O)C=Cc1cnc[nH]1,drug_images\CID_1178.png
CID_1179,Bioactive Compound 1179,C40H44N4O16,O=C(O)CCc1c2[nH]c(c1CC(=O)O)Cc1[nH]c(c(CC(=O)O)c1CCC(=O)O)Cc1[nH]c(c(CC(=O)O)c1CCC(=O)O)Cc1[nH]c(c(CCC(=O)O)c1CC(=O)O)C2,drug_images\CID_1179.png
CID_1180,Bioactive Compound 1180,C40H40N4O16,O=C(O)CCC1=C(CC(=O)O)C2=NC/1=C\C1=NC(=C\C3=NC(=C\C4=C(CC(=O)O)C(CCC(=O)O)/C(=C/2)N4)/C(CCC(=O)O)=C3CC(=O)O)/C(CC(=O)O)C1CCC(=O)O,drug_images\CID_1180.png
CID_1181,Bioactive Compound 1181,C9H15N2O15P3,O=c1ccn(C2OC(COP(=O)(O)OP(=O)(O)OP(=O)(O)O)C(O)C2O)c(=O)[nH]1,drug_images\CID_1181.png
CID_1182,Bioactive Compound 1182,C5H11NO2,CC(C)C(N)C(=O)O,drug_images\CID_1182.png
CID_1183,Bioactive Compound 1183,C8H8O3,COc1cc(C=O)ccc1O,drug_images\CID_1183.png
CID_1184,Bioactive Compound 1184,C51H72O2,CC(C)=CCCC(C)=CCCC(C)=CCCC(C)=CCCC(C)=CCCC(C)=CCCC(C)=CCCC(C)=CCC1=C(C)C(=O)c2ccccc2C1=O,drug_images\CID_1184.png
CID_1188,Bioactive Compound 1188,C5H4N4O2,O=c1[nH]c(=O)c2[nH]cnc2[nH]1,drug_images\CID_1188.png
CID_1189,Bioactive Compound 1189,C10H12N4O6,O=c1[nH]c(=O)c2ncn(C3OC(CO)C(O)C3O)c2[nH]1,drug_images\CID_1189.png
CID_1190,Bioactive Compound 1190,C10H13N4O9P,O=c1[nH]c(=O)c2ncn(C3OC(COP(=O)(O)O)C(O)C3O)c2[nH]1,drug_images\CID_1190.png
CID_1191,Bioactive Compound 1191,C10H15N4O15P3,O=c1[nH]c(=O)c2ncn(C3OC(COP(=O)(O)OP(=O)(O)OP(=O)(O)O)C(O)C3O)c2[nH]1,drug_images\CID_1191.png
CID_1192,Bioactive Compound 1192,C5H12O11P2,O=C(COP(=O)(O)O)C(O)C(O)COP(=O)(O)O,drug_images\CID_1192.png
CID_1193,Bioactive Compound 1193,C7H16O13P2,O=C(COP(=O)(O)O)C(O)C(O)C(O)C(O)COP(=O)(O)O,drug_images\CID_1193.png
CID_1194,Bioactive Compound 1194,C6H9NO2,O=C(O)C1=NCCCC1,drug_images\CID_1194.png
CID_1195,Bioactive Compound 1195,C5H12O7P2,C=C(C)CCOP(=O)(O)OP(=O)(O)O,drug_images\CID_1195.png
CID_1196,Bioactive Compound 1196,C5H7NO2,O=C(O)C1CCC=N1,drug_images\CID_1196.png
CID_1197,Bioactive Compound 1197,C11H18N2O7,NC(CCCC(NC(=O)CCC(=O)O)C(=O)O)C(=O)O,drug_images\CID_1197.png
CID_1198,Bioactive Compound 1198,C6H8O7,O=C(O)CC(C(=O)O)C(O)C(=O)O,drug_images\CID_1198.png
CID_1199,Bioactive Compound 1199,C15H14ClNO4S,Cc1ccc(S(=O)(=O)N(CC(=O)O)c2cccc(Cl)c2)cc1,drug_images\CID_1199.png
CID_1200,Bioactive Compound 1200,C30H27N3O9S,NC(CCC(=O)NC(CSC1c2c(cc3ccc4cccc5ccc2c3c45)C(=O)C(=O)C1O)C(=O)NCC(=O)O)C(=O)O,drug_images\CID_1200.png
CID_1201,Bioactive Compound 1201,C22H26O5,CCCc1cc(=O)oc2c3c(c4c(c12)OC(C)(C)C=C4)OC(C)C(C)C3O,drug_images\CID_1201.png
CID_1202,Bioactive Compound 1202,C22H36O3,CCCCCC(O)C=CC1CC2CC(C2)C1CC=CCCCC(=O)O,drug_images\CID_1202.png
CID_1203,Bioactive Compound 1203,C15H14O6,Oc1cc(O)c2c(c1)OC(c1ccc(O)c(O)c1)C(O)C2,drug_images\CID_1203.png
CID_1204,Bioactive Compound 1204,C11H13ClN2,Clc1ccc(C2CC3CCC2N3)cn1,drug_images\CID_1204.png
CID_1205,Bioactive Compound 1205,C22H35NO2,CC1OC(=O)C2CC3CCCCC3C(C=CC3CCCC(C)N3C)C12,drug_images\CID_1205.png
CID_1206,Bioactive Compound 1206,C10H15N,CNC(C)Cc1ccccc1,drug_images\CID_1206.png
CID_1207,Bioactive Compound 1207,C16H15N,CC12NC(Cc3ccccc31)c1ccccc12,drug_images\CID_1207.png
CID_1208,Bioactive Compound 1208,C14H19NO,CC1C2Cc3ccc(O)cc3C1(C)CCN2,drug_images\CID_1208.png
CID_1209,Bioactive Compound 1209,C5H7N3O5,NC(Cn1oc(=O)[nH]c1=O)C(=O)O,drug_images\CID_1209.png
CID_1210,Bioactive Compound 1210,C37H42N2O6+2,COc1cc2c3cc1Oc1cc(ccc1O)CC1c4c(cc(OC)c(O)c4Oc4ccc(cc4)CC3[NH+](C)CC2)CC[N+]1(C)C,drug_images\CID_1210.png
CID_1211,Bioactive Compound 1211,C37H41N2O6+,COc1cc2c3cc1Oc1cc(ccc1O)CC1c4c(cc(OC)c(O)c4Oc4ccc(cc4)CC3N(C)CC2)CC[N+]1(C)C,drug_images\CID_1211.png
CID_1212,Bioactive Compound 1212,C10H11N5O2,CC(N)(C(=O)O)c1ccc(-c2nn[nH]n2)cc1,drug_images\CID_1212.png
CID_1213,Bioactive Compound 1213,C12H22O,CC1CCCC2(C)CCCCC12O,drug_images\CID_1213.png
CID_1214,Bioactive Compound 1214,C6H9NO4,N[C@]1(C(=O)O)C[C@@H](C(=O)O)C1,drug_images\CID_1214.png
CID_1215,Bioactive Compound 1215,C8H9Cl2N,CC(N)c1cccc(Cl)c1Cl,drug_images\CID_1215.png
CID_1216,Bioactive Compound 1216,C5H12NO5P,NC(CCCP(=O)(O)O)C(=O)O,drug_images\CID_1216.png
CID_1217,Bioactive Compound 1217,C8H9NO3,NC(C(=O)O)c1cccc(O)c1,drug_images\CID_1217.png
CID_1218,Bioactive Compound 1218,C16H16ClNO2,Oc1cc2c(c(Cl)c1O)CCNCC2c1ccccc1,drug_images\CID_1218.png
CID_1219,Bioactive Compound 1219,C16H25NO,CCCN(CCC)C1CCc2ccc(O)cc2C1,drug_images\CID_1219.png
CID_1220,Bioactive Compound 1220,C16H25NO,CCCN(CCC)C1CCc2cccc(O)c2C1,drug_images\CID_1220.png
CID_1221,Bioactive Compound 1221,C7H10N2O4,Cc1o[nH]c(=O)c1CC(N)C(=O)O,drug_images\CID_1221.png
CID_1222,Bioactive Compound 1222,C10H11NO4,CC(N)(C(=O)O)c1ccc(C(=O)O)cc1,drug_images\CID_1222.png
CID_1223,Bioactive Compound 1223,C20H29NO2,CCC12CCN(CC3(O)CC3)C(Cc3ccc(O)cc31)C2(C)C,drug_images\CID_1223.png
CID_1224,Bioactive Compound 1224,C25H31NO,CC(C)(C)C1(O)CCN2CC3c4ccccc4CCc4cccc(c43)C2C1,drug_images\CID_1224.png
CID_1225,Bioactive Compound 1225,C19H20ClNO2,C=CCN1CCc2c(cc(O)c(O)c2Cl)C(c2ccccc2)C1,drug_images\CID_1225.png
CID_1226,Bioactive Compound 1226,C7H11NO4,O=C(O)C1CCCNC1C(=O)O,drug_images\CID_1226.png
CID_1227,Bioactive Compound 1227,C10H12N2O,CN1C(=O)CCC1c1ccccn1,drug_images\CID_1227.png
CID_1228,Bioactive Compound 1228,C8H17N2O5P,O=C(O)C1CN(CCCP(=O)(O)O)CCN1,drug_images\CID_1228.png
CID_1229,Bioactive Compound 1229,C11H16INO2,COc1cc(CC(C)N)c(OC)cc1I,drug_images\CID_1229.png
CID_1230,Bioactive Compound 1230,C15H18ClO4-,O=C([O-])C1(CCCCCCOc2ccc(Cl)cc2)CO1,drug_images\CID_1230.png
CID_1231,Bioactive Compound 1231,C15H19ClO4,O=C(O)C1(CCCCCCOc2ccc(Cl)cc2)CO1,drug_images\CID_1231.png
CID_1232,Bioactive Compound 1232,C4H8N2O2,NC1CCN(O)C1=O,drug_images\CID_1232.png
CID_1233,Bioactive Compound 1233,C5H6N2O4,NC(C(=O)O)c1cc(=O)[nH]o1,drug_images\CID_1233.png
CID_1234,Bioactive Compound 1234,C28H40N2O5,COc1ccc(CCN(C)CCCC(C#N)(c2cc(OC)c(OC)c(OC)c2)C(C)C)cc1OC,drug_images\CID_1234.png
CID_1235,Bioactive Compound 1235,C17H23NO,C=CCN1CCC2(C)c3cc(O)ccc3CC1C2C,drug_images\CID_1235.png
CID_1236,Bioactive Compound 1236,C36H39N3O6,COC(=O)C1=C(C)NC(C)=C(C(=O)OCCCN2CCC(c3ccccc3)(c3ccccc3)CC2)C1c1cccc([N+](=O)[O-])c1,drug_images\CID_1236.png
CID_1237,Bioactive Compound 1237,C9H13NO3,COc1cc(C(O)CN)ccc1O,drug_images\CID_1237.png
CID_1238,Bioactive Compound 1238,C19H21ClN2S,CN1CCN(C2Cc3ccccc3Sc3ccc(Cl)cc32)CC1,drug_images\CID_1238.png
CID_1239,Bioactive Compound 1239,C23H34BrN3O3,CC1(NCC(O)COc2cccc3[nH]ccc23)CCC(C(C)(C)NC(=O)CBr)CC1,drug_images\CID_1239.png
CID_1240,Bioactive Compound 1240,C21H27NO,CCCN(CCc1ccccc1)C1CCc2c(O)cccc2C1,drug_images\CID_1240.png
CID_1241,Bioactive Compound 1241,C19H21NO2,C=CCN1CCc2cc(O)c(O)cc2C(c2ccccc2)C1,drug_images\CID_1241.png
CID_1242,Bioactive Compound 1242,C16H17NO2,Oc1cc2c(cc1O)C(c1ccccc1)CNCC2,drug_images\CID_1242.png
CID_1243,Bioactive Compound 1243,C17H18BrNO,CN1CCc2cc(Br)c(O)cc2C(c2ccccc2)C1,drug_images\CID_1243.png
CID_1245,Bioactive Compound 1245,C9H10O5,COc1cc(C(O)C(=O)O)ccc1O,drug_images\CID_1245.png
CID_1246,Bioactive Compound 1246,C21H25NO4,COc1ccc2c3c1OC1C(=O)CCC4(O)C(C2)N(CC2CC2)CCC314,drug_images\CID_1246.png
CID_1247,Bioactive Compound 1247,C22H28O5,CCCc1cc(=O)oc2c3c(c4c(c12)OC(C)(C)CC4)OC(C)C(C)C3O,drug_images\CID_1247.png
CID_1248,Bioactive Compound 1248,C21H20NO6+,C[N+]1(C)CCc2cc3c(cc2C1C1OC(=O)c2c1ccc1c2OCO1)OCO3,drug_images\CID_1248.png
CID_1249,Bioactive Compound 1249,C15H14O7,Oc1cc(O)c2c(c1)OC(c1cc(O)c(O)c(O)c1)C(O)C2,drug_images\CID_1249.png
CID_1250,Bioactive Compound 1250,C13H18N2O,CN1CCC2(C)c3cc(O)ccc3N(C)C12,drug_images\CID_1250.png
CID_1251,Bioactive Compound 1251,C21H28O2,C=C1C(C)CCC2=C(CCCC2(C)C)C1c1cc(O)ccc1O,drug_images\CID_1251.png
CID_1252,Bioactive Compound 1252,C21H26O3,CC1CCC2=C(CCCC2(C)C)C2=C1COC1(O)C=CC(=O)C=C21,drug_images\CID_1252.png
CID_1253,Bioactive Compound 1253,C15H18N2O,CC=C1C2C=C(C)CC1(N)c1ccc(=O)[nH]c1C2,drug_images\CID_1253.png
CID_1254,Bioactive Compound 1254,C10H20O,CC1CCC(C(C)C)C(O)C1,drug_images\CID_1254.png
CID_1255,Bioactive Compound 1255,C17H19NO3,COc1ccc2c3c1OC1C(O)C=CC4C(C2)NCCC341,drug_images\CID_1255.png
CID_1256,Bioactive Compound 1256,C10H14O2,C=C(C)C1CC=C(C(=O)O)CC1,drug_images\CID_1256.png
CID_1257,Bioactive Compound 1257,C13H21N3,CCCN1CCCC2Cc3[nH]ncc3CC21,drug_images\CID_1257.png
CID_1258,Bioactive Compound 1258,C17H21NO5,C[N+]1([O-])C2CC(OC(=O)C(CO)c3ccccc3)CC1C1OC12,drug_images\CID_1258.png
CID_1259,Bioactive Compound 1259,C32H48N4O6S,CC(C)CCN(CC(O)C1Cc2ccc(cc2)OCCCCCC(=O)NC(C(C)C)C(=O)N1)S(=O)(=O)c1ccc(N)cc1,drug_images\CID_1259.png
CID_1260,Bioactive Compound 1260,C16H25N3O7S2,CCCCOc1ccc(S(=O)(=O)N2CC(NS(C)(=O)=O)CC2C(=O)NO)cc1,drug_images\CID_1260.png
CID_1261,Bioactive Compound 1261,C17H18BNO5,O=C(Cc1ccccc1)NC(Cc1cccc(C(=O)O)c1)B(O)O,drug_images\CID_1261.png
CID_1263,Bioactive Compound 1263,C19H19N5O3S2,O=C(O)/C(=N\C(=O)C(CS)CCc1ccccc1)c1ccc(Cn2cnnn2)s1,drug_images\CID_1263.png
CID_1264,Bioactive Compound 1264,C20H28N11O4+,Cn1cc(NC(=O)c2nc(NC(=O)c3nc(NC=O)cn3C)cn2C)nc1C(=O)NCC[NH+](C)C,drug_images\CID_1264.png
CID_1265,Bioactive Compound 1265,C20H27N11O4,CN(C)CCNC(=O)c1nc(NC(=O)c2nc(NC(=O)c3nc(NC=O)cn3C)cn2C)cn1C,drug_images\CID_1265.png
CID_1266,Bioactive Compound 1266,C26H21N5O2,N#Cc1ccc2cc1Oc1ccc3cccc(c3c1)N1CCC(NCc3cncn3C2)C1=O,drug_images\CID_1266.png
CID_1267,Bioactive Compound 1267,C27H23N5O2,N#Cc1ccc2cc1Oc1ccc3cccc(c3c1)N1CCC(NCCc3cncn3C2)C1=O,drug_images\CID_1267.png
CID_1268,Bioactive Compound 1268,C23H27N3O4S,CC1(C)SC(C(NC(=O)Cc2ccccc2)C(=O)NCc2ccccc2)NC1C(=O)O,drug_images\CID_1268.png
CID_1269,Bioactive Compound 1269,C31H42N4O4,CC(C)C(NC(=O)C(Cc1ccccc1)CC(O)C(Cc1ccccc1)NC(=O)OC(C)(C)C)c1ncc[nH]1,drug_images\CID_1269.png
CID_1270,Bioactive Compound 1270,C16H23N3O6,CC(C)CC(NC(=O)C(O)C(N)Cc1ccc([N+](=O)[O-])cc1)C(=O)O,drug_images\CID_1270.png
CID_1271,Bioactive Compound 1271,C6H9NO4,NC(C(=O)O)C1CC1C(=O)O,drug_images\CID_1271.png
CID_1272,Bioactive Compound 1272,C14H19NO5S,CCC(C=O)C(CNS(=O)(=O)c1ccc(C)cc1)C(=O)O,drug_images\CID_1272.png
CID_1273,Bioactive Compound 1273,C13H16N2O7S,CCC(C=O)C(CNS(=O)(=O)c1ccc([N+](=O)[O-])cc1)C(=O)O,drug_images\CID_1273.png
CID_1274,Bioactive Compound 1274,C14H27N,CCCCCCCCC=CC=CC(C)N,drug_images\CID_1274.png
CID_1275,Bioactive Compound 1275,C26H32N4O7S,CC(C)C(NC(=O)c1ccc2ccccc2c1)C(=O)N1CCCC1C(=O)NC(C=O)CC(=O)NS(C)(=O)=O,drug_images\CID_1275.png
CID_1276,Bioactive Compound 1276,C13H15NO5S,CCC1C(=O)N(S(=O)(=O)c2ccc(C)cc2)C1C(=O)O,drug_images\CID_1276.png
CID_1277,Bioactive Compound 1277,C10H20NO9P,CC(=O)NC1C(O)CC(P(=O)(O)O)OC1C(O)C(O)CO,drug_images\CID_1277.png
CID_1278,Bioactive Compound 1278,C22H25N4O+,NC(=[NH2+])C1=CC2C=C(C(=O)N3CCC(Cc4ccccc4)CC3)N=C2C=C1,drug_images\CID_1278.png
CID_1279,Bioactive Compound 1279,C22H24N4O,[H]/N=C(\N)C1=CC2C=C(C(=O)N3CCC(Cc4ccccc4)CC3)N=C2C=C1,drug_images\CID_1279.png
CID_1280,Bioactive Compound 1280,C9H14N2O4S3,CNC1CC(C)S(=O)(=O)c2sc(S(N)(=O)=O)cc21,drug_images\CID_1280.png
CID_1281,Bioactive Compound 1281,C16H15N6+,NC(=[NH2+])c1ccc2nc(Cc3nc4ccccc4[nH]3)[nH]c2c1,drug_images\CID_1281.png
CID_1282,Bioactive Compound 1282,C16H14N6,[H]/N=C(\N)c1ccc2nc(Cc3nc4ccccc4[nH]3)[nH]c2c1,drug_images\CID_1282.png
CID_1283,Bioactive Compound 1283,C4H5IN2O2,O=C1NCC(I)C(=O)N1,drug_images\CID_1283.png
CID_1284,Bioactive Compound 1284,C13H17NO5S,CCCOC(=O)C1=CSC2C(C(C)OC(C)=O)C(=O)N12,drug_images\CID_1284.png
CID_1285,Bioactive Compound 1285,C20H26O4,C=C1C(=O)OC2C=C(C)CCC=C(C(=O)O)CCC=C(C)CCC12,drug_images\CID_1285.png
CID_1286,Bioactive Compound 1286,C22H26O6,COc1ccc(CC2COC(=O)C2Cc2ccc(OC)c(OC)c2)cc1OC,drug_images\CID_1286.png
CID_1287,Bioactive Compound 1287,C22H18O11,O=C(OC1Cc2c(O)cc(O)cc2OC1c1cc(O)c(O)c(O)c1)c1cc(O)c(O)c(O)c1,drug_images\CID_1287.png
CID_1288,Bioactive Compound 1288,C17H23N3O2,CC(C)C1C(=O)NC(CO)Cc2c[nH]c3cccc(c23)N1C,drug_images\CID_1288.png
CID_1289,Bioactive Compound 1289,C18H27N3O4,CNC(=O)C(Cc1ccccc1)NC(=O)C(CC(=O)NO)CC(C)C,drug_images\CID_1289.png
CID_1290,Bioactive Compound 1290,C9H11INO3P,O=C(Cc1ccc(I)cc1)NC[PH](=O)O,drug_images\CID_1290.png
CID_1291,Bioactive Compound 1291,C11H19N3O5S3,CCNC1CN(CCOC)S(=O)(=O)c2sc(S(N)(=O)=O)cc21,drug_images\CID_1291.png
CID_1292,Bioactive Compound 1292,C8H8O3,O=C(O)C(O)c1ccccc1,drug_images\CID_1292.png
CID_1293,Bioactive Compound 1293,C23H39NO2,CCCCCC=CCC=CCC=CCC=CCCCC(=O)NC(C)CO,drug_images\CID_1293.png
CID_1294,Bioactive Compound 1294,C11H16ClO3P,CCC(COc1ccccc1)OP(C)(=O)Cl,drug_images\CID_1294.png
CID_1295,Bioactive Compound 1295,C17H19N,c1ccc(C(c2ccccc2)C2CCCN2)cc1,drug_images\CID_1295.png
CID_1296,Bioactive Compound 1296,C14H17N3O5S3,CNC1CN(c2cccc(OC)c2)S(=O)(=O)c2sc(S(N)(=O)=O)cc21,drug_images\CID_1296.png
CID_1297,Bioactive Compound 1297,C9H9NO5,NC(C(=O)O)c1ccc(C(=O)O)c(O)c1,drug_images\CID_1297.png
CID_1299,Bioactive Compound 1299,C7H8FN3O4,NC(Cn1cc(F)c(=O)[nH]c1=O)C(=O)O,drug_images\CID_1299.png
CID_1300,Bioactive Compound 1300,C7H8IN3O4,NC(Cn1cc(I)c(=O)[nH]c1=O)C(=O)O,drug_images\CID_1300.png
CID_1301,Bioactive Compound 1301,C14H13NaO3,COc1ccc2cc(C(C)C(=O)[O-])ccc2c1.[Na+],drug_images\CID_1301.png
CID_1302,Bioactive Compound 1302,C14H14O3,COc1ccc2cc(C(C)C(=O)O)ccc2c1,drug_images\CID_1302.png
CID_1303,Bioactive Compound 1303,C9H10O3,CC(O)(C(=O)O)c1ccccc1,drug_images\CID_1303.png
CID_1304,Bioactive Compound 1304,C19H33NO2S,COC(=O)C(N)CSCC=C(C)CCC=C(C)CCC=C(C)C,drug_images\CID_1304.png
CID_1305,Bioactive Compound 1305,C28H42N4O2,O=c1ccc2c([nH]1)CCCC2NCCCCCCCCCCNC1CCCc2[nH]c(=O)ccc21,drug_images\CID_1305.png
CID_1306,Bioactive Compound 1306,C30H46N4O2,O=c1ccc2c([nH]1)CCCC2NCCCCCCCCCCCCNC1CCCc2[nH]c(=O)ccc21,drug_images\CID_1306.png
CID_1307,Bioactive Compound 1307,C11H21N3O4,CC(NC=O)NC(=O)C(C)NC(=O)OC(C)(C)C,drug_images\CID_1307.png
CID_1308,Bioactive Compound 1308,C20H24N4O2,[H]/N=C(\N)c1ccc(CCC(CC(=O)OC)c2cccc(/C(N)=N/[H])c2)cc1,drug_images\CID_1308.png
CID_1309,Bioactive Compound 1309,C21H21NO6,COc1ccc2c(c1OC)C(=O)OC2C1c2cc3c(cc2CCN1C)OCO3,drug_images\CID_1309.png
CID_1310,Bioactive Compound 1310,C7H11NO4,NC1(C(=O)O)CCC(C(=O)O)C1,drug_images\CID_1310.png
CID_1311,Bioactive Compound 1311,C20H21NO4,COc1ccc2c(c1OC)C(=O)OC2C1c2ccccc2CCN1C,drug_images\CID_1311.png
CID_1312,Bioactive Compound 1312,C12H15N5O10P2,O=P(O)(O)OP(=O)(O)OCC1OC(n2cnc3c2ncn2ccnc32)C(O)C1O,drug_images\CID_1312.png
CID_1313,Bioactive Compound 1313,C6H13NO4,OCC(O)C1NCC(O)C1O,drug_images\CID_1313.png
CID_1314,Bioactive Compound 1314,C12H12F3NO2,CC(=O)NC(Cc1ccccc1)C(=O)C(F)(F)F,drug_images\CID_1314.png
CID_1315,Bioactive Compound 1315,C15H22F4N5O12P3,Nc1ncnc2c1ncn2C1OC(COP(=O)(O)OP(=O)(O)C(F)(F)CCCC(F)(F)P(=O)(O)O)C(O)C1O,drug_images\CID_1315.png
CID_1316,Bioactive Compound 1316,C12H19N2+,C[N+]1(C)CCN(c2ccccc2)CC1,drug_images\CID_1316.png
CID_1317,Bioactive Compound 1317,C10H24N2,NCCCCCCCCCCN,drug_images\CID_1317.png
CID_1318,Bioactive Compound 1318,C12H8N2,c1cnc2c(c1)ccc1cccnc12,drug_images\CID_1318.png
CID_1319,Bioactive Compound 1319,C20H16O3,OC1Cc2c(cc3ccc4cccc5ccc2c3c45)C(O)C1O,drug_images\CID_1319.png
CID_1320,Bioactive Compound 1320,C14H8O5,O=C1c2ccc(O)cc2C(=O)c2c1ccc(O)c2O,drug_images\CID_1320.png
CID_1321,Bioactive Compound 1321,C23H44O5,CCCCCCCCCC(=O)OCC(CO)OC(=O)CCCCCCCCC,drug_images\CID_1321.png
CID_1322,Bioactive Compound 1322,C2H8N2,CNNC,drug_images\CID_1322.png
CID_1323,Bioactive Compound 1323,C19H36O5,CCCCCCCC(=O)OCC(CO)OC(=O)CCCCCCC,drug_images\CID_1323.png
CID_1324,Bioactive Compound 1324,C39H72O5,CCCCCCCCC=CCCCCCCCC(=O)OCC(CO)OC(=O)CCCCCCCC=CCCCCCCCC,drug_images\CID_1324.png
CID_1325,Bioactive Compound 1325,C35H30O20,CC1(OC(=O)c2cc(O)c(O)c(O)c2)CC(OC(=O)c2cc(O)c(O)c(O)c2)C(OC(=O)c2cc(O)c(O)c(O)c2)C(OC(=O)c2cc(O)c(O)c(O)c2)C1,drug_images\CID_1325.png
CID_1326,Bioactive Compound 1326,C8H10N4O2,Cn1c(=O)c2ncn(C)c2n(C)c1=O,drug_images\CID_1326.png
CID_1327,Bioactive Compound 1327,C31H42N4O7,CC(C)CC(NC(=O)OCc1ccccc1)C(=O)NCC(=O)CNC(=O)C(CC(C)C)NC(=O)OCc1ccccc1,drug_images\CID_1327.png
CID_1328,Bioactive Compound 1328,C15H16N4O2,CCn1c(=O)c2[nH]c(-c3ccccc3)nc2n(CC)c1=O,drug_images\CID_1328.png
CID_1329,Bioactive Compound 1329,C16H24N4O2,CCCn1c(=O)c2[nH]c(C3CCCC3)nc2n(CCC)c1=O,drug_images\CID_1329.png
CID_1330,Bioactive Compound 1330,C17H20N4O5S,CCCn1c(=O)c2[nH]c(-c3ccc(S(=O)(=O)O)cc3)nc2n(CCC)c1=O,drug_images\CID_1330.png
CID_1331,Bioactive Compound 1331,C12H18N4S2,[H]/N=C(\N)SCCc1cccc(CCS/C(N)=N/[H])c1,drug_images\CID_1331.png
CID_1333,Bioactive Compound 1333,C14H23O2+,[H][O+]=C1C2CCCCC2C(O)C2CCCCC12,drug_images\CID_1333.png
CID_1335,Bioactive Compound 1335,C5H11NO3,OCC1NCC(O)C1O,drug_images\CID_1335.png
CID_1337,Bioactive Compound 1337,C12H18N4S2,[H]/N=C(\N)SCCc1ccc(CCS/C(N)=N/[H])cc1,drug_images\CID_1337.png
CID_1338,Bioactive Compound 1338,C27H38N2O+2,C=CC[N+](C)(C)c1ccc(CCC(=O)CCc2ccc([N+](C)(C)CC=C)cc2)cc1,drug_images\CID_1338.png
CID_1339,Bioactive Compound 1339,C29H40N6O7,CC(C)CC(NC(=O)OCc1ccccc1)C(=O)NNC(=O)NNC(=O)C(CC(C)C)NC(=O)OCc1ccccc1,drug_images\CID_1339.png
CID_1340,Bioactive Compound 1340,C9H7NO2,O=c1[nH]ccc2c(O)cccc12,drug_images\CID_1340.png
CID_1341,Bioactive Compound 1341,C22H34O5,C=CC1(C)CC(=O)C2C3(C)CCCC(C)(C)C3C(O)C(OC(C)=O)C2(C)O1,drug_images\CID_1341.png
CID_1342,Bioactive Compound 1342,C14H16N2,c1ccc2c(N3CCNCC3)cccc2c1,drug_images\CID_1342.png
CID_1343,Bioactive Compound 1343,C9H10N2O5,O=c1ccn(C2OC(CO)C3OC32)c(=O)[nH]1,drug_images\CID_1343.png
CID_1344,Bioactive Compound 1344,C6H14N2,NCCN1CCCC1,drug_images\CID_1344.png
CID_1345,Bioactive Compound 1345,C21H21ClN2O,CCC(C)N(C)C(=O)c1cc2ccccc2c(-c2ccccc2Cl)n1,drug_images\CID_1345.png
CID_1346,Bioactive Compound 1346,C11H16N2O,COc1ccccc1N1CCNCC1,drug_images\CID_1346.png
CID_1347,Bioactive Compound 1347,C15H12O5,O=C(O)c1cc(C=Cc2cc(O)ccc2O)ccc1O,drug_images\CID_1347.png
CID_1348,Bioactive Compound 1348,C20H14ClN3,Clc1cccc(Nc2nnc(-c3ccccc3)c3ccccc23)c1,drug_images\CID_1348.png
CID_1350,Bioactive Compound 1350,C9H13N2O10P,O=C1CC(=O)N(C2OC(COP(=O)(O)O)C(O)C2O)C(=O)N1,drug_images\CID_1350.png
CID_1351,Bioactive Compound 1351,C18H17BrFN3O3,CCC(=O)c1ccc(F)c(C2CC2NC(=O)Nc2ccc(Br)cn2)c1O,drug_images\CID_1351.png
CID_1352,Bioactive Compound 1352,C14H17N3O2S,CC1CN(S(=O)(=O)c2cccc3cnccc23)CCN1,drug_images\CID_1352.png
CID_1353,Bioactive Compound 1353,C17H16N4O2,O=C(Nc1ccccn1)Nc1cccc2c1C1CCCN1C2=O,drug_images\CID_1353.png
CID_1354,Bioactive Compound 1354,C8H10ClN5,NC(N)=N/C(N)=N/c1cccc(Cl)c1,drug_images\CID_1354.png
CID_1355,Bioactive Compound 1355,C10H13ClN2,Clc1cccc(N2CCNCC2)c1,drug_images\CID_1355.png
CID_1356,Bioactive Compound 1356,C29H33N5O6,CC(C)CC(NC(=O)OCc1ccccc1)C(=O)NNC(=O)NNC(=O)c1cccc(OCc2ccccc2)c1,drug_images\CID_1356.png
CID_1357,Bioactive Compound 1357,C26H31N3O4S,CC(C)CC(C(=O)NCC(O)CNS(=O)(=O)c1ccccn1)c1cccc(-c2ccccc2)c1,drug_images\CID_1357.png
CID_1358,Bioactive Compound 1358,C34H53N7O8,CCC(C)C(NC(=O)C1CCCN1CC(O)C1Cc2ccc(cc2)OCCCC(=O)NC(CC(N)=O)C(=O)N1)C(=O)NC(C(N)=O)C(C)C,drug_images\CID_1358.png
CID_1359,Bioactive Compound 1359,C10H7F3N2,FC(F)(F)c1ccccc1-n1ccnc1,drug_images\CID_1359.png
CID_1360,Bioactive Compound 1360,C16H21ClN2O2,COc1ccc(OCCCCCCn2ccnc2)c(Cl)c1,drug_images\CID_1360.png
CID_1361,Bioactive Compound 1361,C27H32N4O6S,CC(C)CC(NC(=O)c1ccncc1)C(=O)NCC(O)CNS(=O)(=O)c1ccc(Oc2ccccc2)cc1,drug_images\CID_1361.png
CID_1362,Bioactive Compound 1362,C32H42N4O7,CC(C)CC(NC(=O)OCc1ccccc1)C(=O)NC1CN(C(=O)C(CC(C)C)NC(=O)OCc2ccccc2)CC1=O,drug_images\CID_1362.png
CID_1363,Bioactive Compound 1363,C26H52NO8P,CCCCCCCCCCCCCCCC(=O)OCC(COP(=O)([O-])OCC[N+](C)(C)C)OC(C)=O,drug_images\CID_1363.png
CID_1364,Bioactive Compound 1364,C26H53NO8P+,CCCCCCCCCCCCCCCC(=O)OCC(COP(=O)(O)OCC[N+](C)(C)C)OC(C)=O,drug_images\CID_1364.png
CID_1365,Bioactive Compound 1365,C16H16N4O5S,C=CCn1c(=O)c2c(nc(-c3ccc(S(=O)(=O)O)cc3)n2C)n(C)c1=O,drug_images\CID_1365.png
CID_1366,Bioactive Compound 1366,C7H13NO2,NC1(C(=O)O)CCCCC1,drug_images\CID_1366.png
CID_1367,Bioactive Compound 1367,C6H6N4,Nn1nnc2ccccc21,drug_images\CID_1367.png
CID_1368,Bioactive Compound 1368,C8H13NO4,NC1(C(=O)O)CCCC(C(=O)O)C1,drug_images\CID_1368.png
CID_1369,Bioactive Compound 1369,C16H13NO3S,O=S(=O)(O)c1cccc2cccc(Nc3ccccc3)c12,drug_images\CID_1369.png
CID_1370,Bioactive Compound 1370,C13H15NO3,O=C(c1ccc2c(c1)OCO2)N1CCCCC1,drug_images\CID_1370.png
CID_1371,Bioactive Compound 1371,C19H21N3O6S,COc1ccc(S(=O)(=O)N2CN(Cc3ccccc3)C(=O)CC2C(=O)NO)cc1,drug_images\CID_1371.png
CID_1372,Bioactive Compound 1372,C19H19NO3,COc1ccc2c(c1)c(CC(=O)O)c(C)n2Cc1ccccc1,drug_images\CID_1372.png
CID_1373,Bioactive Compound 1373,C11H14N4O4,Nc1ccnc2c1ncn2C1OC(CO)C(O)C1O,drug_images\CID_1373.png
CID_1374,Bioactive Compound 1374,C6H13NO4,OCC1NCC(O)C(O)C1O,drug_images\CID_1374.png
CID_1375,Bioactive Compound 1375,C21H33N5O4,CCOC(=O)NC(Cc1ccccc1)C(=O)N1CCCC1C(=O)NNCCCCN,drug_images\CID_1375.png
CID_1376,Bioactive Compound 1376,C39H70O4,CCCCCC=CCC=CCC=CCC=CCCCC(=O)OC(CO)COCCCCCCCCCCCCCCCC,drug_images\CID_1376.png
CID_1377,Bioactive Compound 1377,C25H54NO6P,CCCCCCCCCCCCCCCCOCC(COP(=O)([O-])OCC[N+](C)(C)C)OC,drug_images\CID_1377.png
CID_1378,Bioactive Compound 1378,C25H55NO6P+,CCCCCCCCCCCCCCCCOCC(COP(=O)(O)OCC[N+](C)(C)C)OC,drug_images\CID_1378.png
CID_1379,Bioactive Compound 1379,C21H42O4,CCCCCCCCCCCCCCCCOCC(CO)OC(C)=O,drug_images\CID_1379.png
CID_1380,Bioactive Compound 1380,C20H42O3,CCCCCCCCCCCCCCCCOCC(CO)OC,drug_images\CID_1380.png
CID_1381,Bioactive Compound 1381,C16H32F3O6P,CCCCCCCCCCOCC(COCC(F)(F)F)OP(=O)(O)OC,drug_images\CID_1381.png
CID_1382,Bioactive Compound 1382,C16H12O3,Cc1cc2c(c(O)c1C)C(=O)c1ccccc1C2=O,drug_images\CID_1382.png
CID_1385,Bioactive Compound 1385,C16H18ClNO4S,CC1=C(C(=O)Nc2ccc(Cl)c(C(=O)OC(C)C)c2)SCCO1,drug_images\CID_1385.png
CID_1387,Bioactive Compound 1387,C8H8N2O3S2,Cn1sc(=O)c2cc(S(N)(=O)=O)ccc21,drug_images\CID_1387.png
CID_1388,Bioactive Compound 1388,C12H15N,CN1CC=C(c2ccccc2)CC1,drug_images\CID_1388.png
CID_1389,Bioactive Compound 1389,C20H20N2O5S,CN1C(=O)C(=O)c2cc(S(=O)(=O)N3CCCC3COc3ccccc3)ccc21,drug_images\CID_1389.png
CID_1390,Bioactive Compound 1390,C4H6N2,Cn1ccnc1,drug_images\CID_1390.png
CID_1391,Bioactive Compound 1391,C11H15N5O5,Cn1c(N)c2ncn(C3OC(CO)C(O)C3O)c2nc1=O,drug_images\CID_1391.png
CID_1392,Bioactive Compound 1392,C27H58NO6P,CCCCCCCCCCCCCCCCCCOCC(COP(=O)([O-])OCC[N+](C)(C)C)OC,drug_images\CID_1392.png
CID_1393,Bioactive Compound 1393,C27H59NO6P+,CCCCCCCCCCCCCCCCCCOCC(COP(=O)(O)OCC[N+](C)(C)C)OC,drug_images\CID_1393.png
CID_1394,Bioactive Compound 1394,C23H42O5,CCCCCCCCC=CCCCCCCCC(=O)OCC(CO)OC(C)=O,drug_images\CID_1394.png
CID_1396,Bioactive Compound 1396,C16H11BrF3N3O2S,NS(=O)(=O)c1ccc(-n2nc(C(F)(F)F)cc2-c2ccc(Br)cc2)cc1,drug_images\CID_1396.png
CID_1397,Bioactive Compound 1397,C42H74O5,CCCCCC=CCC=CCC=CCC=CCCCC(=O)OC(CCO)COC(=O)CCCCCCCCCCCCCCCCC,drug_images\CID_1397.png
CID_1398,Bioactive Compound 1398,C41H72O5,CCCCCC=CCC=CCC=CCC=CCCCC(=O)OC(CO)COC(=O)CCCCCCCCCCCCCCCCC,drug_images\CID_1398.png
CID_1399,Bioactive Compound 1399,C39H72O5,CCCCCC=CCC=CCCCCCCCC(=O)OC(CO)COC(=O)CCCCCCCCCCCCCCCCC,drug_images\CID_1399.png
CID_1400,Bioactive Compound 1400,C16H19N5,Cc1ccc(-c2nn(C(C)(C)C)c3ncnc(N)c23)cc1,drug_images\CID_1400.png
CID_1401,Bioactive Compound 1401,C28H41N7O3,CCN(CC)CCCCNc1ncc2cc(-c3cc(OC)cc(OC)c3)c(NC(=O)NC(C)(C)C)nc2n1,drug_images\CID_1401.png
CID_1402,Bioactive Compound 1402,C23H27BN4O4,N#Cc1cccc(CC(NC(=O)C2CCCN2C(=O)C(N)Cc2ccccc2)B(O)O)c1,drug_images\CID_1402.png
CID_1403,Bioactive Compound 1403,C19H22N2OS,CCN(CC)C(C)C(=O)N1c2ccccc2Sc2ccccc21,drug_images\CID_1403.png
CID_1406,Bioactive Compound 1406,C20H32O3,CCCCCC=CC=CC(O)CC=CCC=CCCCC(=O)O,drug_images\CID_1406.png
CID_1407,Bioactive Compound 1407,C20H32O3,CCCCCC=CCC1OC1CC=CCC=CCCCC(=O)O,drug_images\CID_1407.png
CID_1408,Bioactive Compound 1408,C24H39N3O4,CC(C)CCNCC(O)C1Cc2ccc(cc2)OCCCC(=O)NC(C(C)C)C(=O)N1,drug_images\CID_1408.png
CID_1409,Bioactive Compound 1409,C20H32O6,CCCCCC(O)C=CC1OC(=O)CC(O)C1CC=CCCCC(=O)O,drug_images\CID_1409.png
CID_1410,Bioactive Compound 1410,C27H29NO9,COc1cccc2c1C(=O)c1c(cc3c(c1O)C(OC1CC(N)C(O)C(C)O1)CC(O)(C(C)=O)C3)C2=O,drug_images\CID_1410.png
CID_1411,Bioactive Compound 1411,C21H28O4,CCCCCc1cc(O)c2c(c1)OC(C)(C)C1CC=C(C(=O)O)CC21,drug_images\CID_1411.png
CID_1412,Bioactive Compound 1412,C20H32O4,O=C(O)CCCC=CCC=CC=CC(O)CC=CCCCCCO,drug_images\CID_1412.png
CID_1413,Bioactive Compound 1413,C20H32O3,CCCCCC=CCC(O)C=CC=CCC=CCCCC(=O)O,drug_images\CID_1413.png
CID_1414,Bioactive Compound 1414,C17H28O3,CCCCCC(O)C=CC=CCC=CCCCC(=O)O,drug_images\CID_1414.png
CID_1415,Bioactive Compound 1415,C20H32O4,CCCCCC=CCC(C=CC=CCC=CCCCC(=O)O)OO,drug_images\CID_1415.png
CID_1416,Bioactive Compound 1416,C18H32O3,CCCCCC1OC1CC=CCCCCCCCC(=O)O,drug_images\CID_1416.png
CID_1417,Bioactive Compound 1417,C24H28O6,CCCc1cc(=O)oc2c3c(c4c(c12)OC(C)(C)C=C4)OC(C)C(C)C3OC(C)=O,drug_images\CID_1417.png
CID_1418,Bioactive Compound 1418,C22H29NO4,CCCc1cc(=O)oc2c3c(c4c(c12)OC(C)(C)CC4)OC(C)C(C)C3N,drug_images\CID_1418.png
CID_1419,Bioactive Compound 1419,C22H25N3O4,CCCc1cc(=O)oc2c3c(c4c(c12)OC(C)(C)C=C4)OC(C)C(C)C3N=[N+]=[N-],drug_images\CID_1419.png
CID_1420,Bioactive Compound 1420,C13H26O3,COCCCCCCCCCCCC(=O)O,drug_images\CID_1420.png
CID_1421,Bioactive Compound 1421,C22H24O5,CCCc1cc(=O)oc2c3c(c4c(c12)OC(C)(C)C=C4)OC(C)C(C)C3=O,drug_images\CID_1421.png
CID_1422,Bioactive Compound 1422,C22H26O4S,CCCc1cc(=O)oc2c3c(c4c(c12)OC(C)(C)C=C4)OC(C)C(C)C3S,drug_images\CID_1422.png
CID_1423,Bioactive Compound 1423,C19H37NO2,CCCCCCCNC1CCCC1CCCCCCC(=O)O,drug_images\CID_1423.png
CID_1424,Bioactive Compound 1424,C18H32O3,CCCCCC(O)C=CC=CCCCCCCCC(=O)O,drug_images\CID_1424.png
CID_1425,Bioactive Compound 1425,C18H30O3,CCCCCC(O)C=CC=CCC=CCCCCC(=O)O,drug_images\CID_1425.png
CID_1426,Bioactive Compound 1426,C18H32O4,CCCCCC(C=CC=CCCCCCCCC(=O)O)OO,drug_images\CID_1426.png
CID_1427,Bioactive Compound 1427,C20H34O5,CCCCCC(=O)CCC1C(O)CC(O)C1CC=CCCCC(=O)O,drug_images\CID_1427.png
CID_1428,Bioactive Compound 1428,C20H36O5,CCCCCC(O)CCC1C(O)CC(=O)C1CCCCCCC(=O)O,drug_images\CID_1428.png
CID_1429,Bioactive Compound 1429,C17H28O3,CCCCC(=O)C=CC=CCCCCCCCC(=O)O,drug_images\CID_1429.png
CID_1430,Bioactive Compound 1430,C20H30O4,CCCCCC#CCC(O)C=CC=CC=CC(O)CCCC(=O)O,drug_images\CID_1430.png
CID_1431,Bioactive Compound 1431,C20H32O3,CCCCCC1OC1CC=CCC=CCC=CCCCC(=O)O,drug_images\CID_1431.png
CID_1433,Bioactive Compound 1433,C10H15N3,C/C(N)=N\Cc1cccc(CN)c1,drug_images\CID_1433.png
CID_1434,Bioactive Compound 1434,C20H36O3,CCCCCC(O)C=CC=CCCCCCCCCCC(=O)O,drug_images\CID_1434.png
CID_1435,Bioactive Compound 1435,C20H30O3,CCC=CCC(O)C=CC=CCC=CCC=CCCCC(=O)O,drug_images\CID_1435.png
CID_1436,Bioactive Compound 1436,C20H32O3,CCCCCC(O)C=CC=CCC=CCC=CCCCC(=O)O,drug_images\CID_1436.png
CID_1437,Bioactive Compound 1437,C20H34O3,CCCCCC(O)C=CC=CCC=CCCCCCCC(=O)O,drug_images\CID_1437.png
CID_1438,Bioactive Compound 1438,C20H36O4,CCCCCC(C=CC=CCCCCCCCCCC(=O)O)OO,drug_images\CID_1438.png
CID_1439,Bioactive Compound 1439,C20H30O4,CCC=CCC(C=CC=CCC=CCC=CCCCC(=O)O)OO,drug_images\CID_1439.png
CID_1440,Bioactive Compound 1440,C20H32O4,CCCCCC(C=CC=CCC=CCC=CCCCC(=O)O)OO,drug_images\CID_1440.png
CID_1441,Bioactive Compound 1441,C20H30O5,CCCCCC(=O)C=CC1C(O)CC(=O)C1CC=CCCCC(=O)O,drug_images\CID_1441.png
CID_1442,Bioactive Compound 1442,C20H32O5,CCCCCC(=O)C=CC1C(O)CC(O)C1CC=CCCCC(=O)O,drug_images\CID_1442.png
CID_1443,Bioactive Compound 1443,C20H30O3,CCCCCC(=O)C=CC=CCC=CCC=CCCCC(=O)O,drug_images\CID_1443.png
CID_1444,Bioactive Compound 1444,C20H28O3,CCCCCC=CC=C1C(=O)C=CC1CC=CCCCC(=O)O,drug_images\CID_1444.png
CID_1445,Bioactive Compound 1445,C22H36O5,CCCCC(C)(C)C(O)C=CC1C(O)CC(=O)C1CC=CCCCC(=O)O,drug_images\CID_1445.png
CID_1446,Bioactive Compound 1446,C17H22O2,C=CCCCCCC=CC(O)C#CC#CC(O)C=C,drug_images\CID_1446.png
CID_1447,Bioactive Compound 1447,C17H22O,C=CCCCCCC=CCC#CC#CC(O)C=C,drug_images\CID_1447.png
CID_1448,Bioactive Compound 1448,C21H31NO4,CC1=CC2OC(=O)C(N(C)C)C2CCC(C)=CCCC(C(=O)O)=CCC1,drug_images\CID_1448.png
CID_1449,Bioactive Compound 1449,C18H32O2,C#CCCCCCCCCCCCCCCCC(=O)O,drug_images\CID_1449.png
CID_1450,Bioactive Compound 1450,C23H30O5,O=C(O)CCCC=CCC1C(=O)CC(O)C1C=CC(O)CCc1ccccc1,drug_images\CID_1450.png
CID_1451,Bioactive Compound 1451,C25H32O2,C#CC1(O)CCC2C3CCc4cc(OC5CCCC5)ccc4C3CCC21C,drug_images\CID_1451.png
CID_1452,Bioactive Compound 1452,C22H33NO4,CC12CCC(=NOCC(=O)O)C=C1CCC1C2CCC2(C)C1CCC2(C)O,drug_images\CID_1452.png
CID_1453,Bioactive Compound 1453,C20H32O6,CC(O)CCCC(O)C=CC1C(O)CC(=O)C1CC=CCCCC(=O)O,drug_images\CID_1453.png
CID_1454,Bioactive Compound 1454,C20H34O6,CC(O)CCCC(O)C=CC1C(O)CC(O)C1CC=CCCCC(=O)O,drug_images\CID_1454.png
CID_1455,Bioactive Compound 1455,C21H17Cl3O3,COc1ccc(OCc2ccc(COc3c(Cl)cccc3Cl)cc2)c(Cl)c1,drug_images\CID_1455.png
CID_1456,Bioactive Compound 1456,C9H5N3O2,O=c1onc2cnc3ccccc3n12,drug_images\CID_1456.png
CID_1457,Bioactive Compound 1457,C18H16O3,OC1Cc2c(ccc3cc4ccccc4cc23)C(O)C1O,drug_images\CID_1457.png
CID_1458,Bioactive Compound 1458,C14H21N5O4,COC1(C)C(C)(O)C(CO)OC1(C)n1cnc2c(N)ncnc21,drug_images\CID_1458.png
CID_1459,Bioactive Compound 1459,C9H13FN2O10P2,O=c1ccn(C2CC(F)C(COP(=O)(O)OP(=O)(O)O)O2)c(=O)[nH]1,drug_images\CID_1459.png
CID_1460,Bioactive Compound 1460,C10H16N5O11P3,Nc1ncnc2c1ncn2C1CCC(COP(=O)(O)OP(=O)(O)OP(=O)(O)O)O1,drug_images\CID_1460.png
CID_1461,Bioactive Compound 1461,C9H16N3O12P3,Nc1ccn(C2CCC(COP(=O)(O)OP(=O)(O)OP(=O)(O)O)O2)c(=O)n1,drug_images\CID_1461.png
CID_1463,Bioactive Compound 1463,C10H14N5O5P,CC1OC(n2cnc3c(N)ncnc32)CC1OP(=O)(O)O,drug_images\CID_1463.png
CID_1464,Bioactive Compound 1464,C27H28N6O,CCOc1ccc(-c2nc3ccc(-c4nc5ccc(N6CCN(C)CC6)cc5[nH]4)cc3[nH]2)cc1,drug_images\CID_1464.png
CID_1465,Bioactive Compound 1465,C9H12N2O4,CC1OC(n2ccc(=O)[nH]c2=O)CC1O,drug_images\CID_1465.png
CID_1466,Bioactive Compound 1466,C32H48O9,COC1C(O)C(C)OC(OC2CCC3(C)C(CCC4C3CCC3(C)C(C5=CC(=O)OC5)CCC43O)C2)C1OC(C)=O,drug_images\CID_1466.png
CID_1467,Bioactive Compound 1467,C10H14N5O6P,Nc1ncnc2c1ncn2C1CC(OP(=O)(O)O)C(CO)O1,drug_images\CID_1467.png
CID_1468,Bioactive Compound 1468,C10H11N5O2,Nc1ncnc2c1ncn2C1C=CC(O)C1O,drug_images\CID_1468.png
CID_1469,Bioactive Compound 1469,C23H38O3,CCCCCCCCC=CCCCCCC(O)Cc1cc(O)ccc1O,drug_images\CID_1469.png
CID_1470,Bioactive Compound 1470,C20H20O5,CC(C)=CCc1c(O)ccc(C2COc3cc(O)ccc3C2=O)c1O,drug_images\CID_1470.png
CID_1471,Bioactive Compound 1471,C28H34N2O9,C=CC1C(OC2OC(CO)C(O)C(OC(C)=O)C2O)OC=C2C(=O)N3CCC4c5ccccc5NC4C3CC21,drug_images\CID_1471.png
CID_1472,Bioactive Compound 1472,C6H13NO4,OCC1NC(CO)C(O)C1O,drug_images\CID_1472.png
CID_1473,Bioactive Compound 1473,C6H15BNO5-,NC(CCCC[B-](O)(O)O)C(=O)O,drug_images\CID_1473.png
CID_1474,Bioactive Compound 1474,C10H8N2,c1ccc(-c2ccccn2)nc1,drug_images\CID_1474.png
CID_1475,Bioactive Compound 1475,C16H14BNO6S3,O=S(=O)(Nc1cccc(B(O)O)c1)c1cc(S(=O)(=O)c2ccccc2)cs1,drug_images\CID_1475.png
CID_1477,Bioactive Compound 1477,C18H30O6,CCCCCC(O)C=CC1OC(O)CC(O)C1CC=CCC(=O)O,drug_images\CID_1477.png
CID_1478,Bioactive Compound 1478,C20H21ClNO6+,CC[n+]1c(C)c(C(=O)OC(C)C)c(-c2ccccc2Cl)c(C(=O)O)c1C(=O)O,drug_images\CID_1478.png
CID_1479,Bioactive Compound 1479,C18H30O6,CCCCCC(O)C=CC1C(O)CC(O)C1CC(=O)CCC(=O)O,drug_images\CID_1479.png
CID_1480,Bioactive Compound 1480,C8H5Cl3O3,O=C(O)COc1cc(Cl)c(Cl)cc1Cl,drug_images\CID_1480.png
CID_1481,Bioactive Compound 1481,C16H21Cl3O3,CCCCCCC(C)OC(=O)COc1cc(Cl)c(Cl)cc1Cl,drug_images\CID_1481.png
CID_1482,Bioactive Compound 1482,C9H7Cl3O3,COC(=O)COc1cc(Cl)c(Cl)cc1Cl,drug_images\CID_1482.png
CID_1483,Bioactive Compound 1483,C6H3Br3O,Oc1c(Br)cc(Br)cc1Br,drug_images\CID_1483.png
CID_1484,Bioactive Compound 1484,C12H14N6,Nc1nc(N)c2c(n1)NCC(c1ccccc1)N2,drug_images\CID_1484.png
CID_1485,Bioactive Compound 1485,C7H7Cl2N,NCc1ccc(Cl)cc1Cl,drug_images\CID_1485.png
CID_1486,Bioactive Compound 1486,C8H6Cl2O3,O=C(O)COc1ccc(Cl)cc1Cl,drug_images\CID_1486.png
CID_1487,Bioactive Compound 1487,C16H22Cl2O3,CCCCCCC(C)OC(=O)COc1ccc(Cl)cc1Cl,drug_images\CID_1487.png
CID_1488,Bioactive Compound 1488,C9H8Cl2O3,COC(=O)COc1ccc(Cl)cc1Cl,drug_images\CID_1488.png
CID_1489,Bioactive Compound 1489,C10H10Cl2O3,O=C(O)CCCOc1ccc(Cl)cc1Cl,drug_images\CID_1489.png
CID_1490,Bioactive Compound 1490,C11H12Cl2O3,COC(=O)CCCOc1ccc(Cl)cc1Cl,drug_images\CID_1490.png
CID_1491,Bioactive Compound 1491,C7H6O4,O=C(O)c1ccc(O)cc1O,drug_images\CID_1491.png
CID_1492,Bioactive Compound 1492,C14H14N2O6S,COc1ccc(S(=O)(=O)Nc2cc([N+](=O)[O-])ccc2OC)cc1,drug_images\CID_1492.png
CID_1493,Bioactive Compound 1493,C6H4N2O5,O=[N+]([O-])c1ccc(O)c([N+](=O)[O-])c1,drug_images\CID_1493.png
CID_1494,Bioactive Compound 1494,C6H12O5,OCC1OC(CO)C(O)C1O,drug_images\CID_1494.png
CID_1495,Bioactive Compound 1495,C6H14O11P2,O=P(O)(O)OCC1OC(COP(=O)(O)O)C(O)C1O,drug_images\CID_1495.png
CID_1496,Bioactive Compound 1496,C26H32N4O,NC(NC1CCC1)c1ccc(-c2ccc(-c3ccc(C(N)NC4CCC4)cc3)o2)cc1,drug_images\CID_1496.png
CID_1497,Bioactive Compound 1497,C30H40N4O,NC(NC1CCCCC1)c1ccc(-c2ccc(-c3ccc(C(N)NC4CCCCC4)cc3)o2)cc1,drug_images\CID_1497.png
CID_1498,Bioactive Compound 1498,C17H21N5O2,Cc1cc(CCCOc2c(C)cc(-c3nnn(C)n3)cc2C)on1,drug_images\CID_1498.png
CID_1499,Bioactive Compound 1499,C23H28N4O,[H]/N=C(\N)c1ccc(CC2CCCCC(Cc3ccc(/C(N)=N/[H])cc3)C2=O)cc1,drug_images\CID_1499.png
CID_1500,Bioactive Compound 1500,C31H35N7O3,CC1=CC(C(=O)NC2CCC(c3cnc(N)[nH]3)CC2)n2c(=O)n(CC(c3ccccc3)c3ccccc3)c(=O)n2C1,drug_images\CID_1500.png
CID_1501,Bioactive Compound 1501,C30H36N6O3,[H]/N=C(\N)C1CCC(CNC(=O)C2C=C(C)Cn3c(=O)n(CC(c4ccccc4)c4ccccc4)c(=O)n32)CC1,drug_images\CID_1501.png
CID_1502,Bioactive Compound 1502,C15H15N4O2+,COc1ccc(O)c(-c2nc3ccc(C(N)=[NH2+])cc3[nH]2)c1,drug_images\CID_1502.png
CID_1503,Bioactive Compound 1503,C15H14N4O2,[H]/N=C(\N)c1ccc2nc(-c3cc(OC)ccc3O)[nH]c2c1,drug_images\CID_1503.png
CID_1504,Bioactive Compound 1504,C20H16N4O,[H]/N=C(\N)c1ccc2nc(-c3cccc(-c4ccccc4)c3O)[nH]c2c1,drug_images\CID_1504.png
CID_1505,Bioactive Compound 1505,C14H13N4O+,NC(=[NH2+])c1ccc2nc(-c3ccccc3O)[nH]c2c1,drug_images\CID_1505.png
CID_1506,Bioactive Compound 1506,C14H12N4O,[H]/N=C(\N)c1ccc2nc(-c3ccccc3O)[nH]c2c1,drug_images\CID_1506.png
CID_1507,Bioactive Compound 1507,C15H14N3O+,NC(=[NH2+])c1ccc2[nH]c(-c3ccccc3O)cc2c1,drug_images\CID_1507.png
CID_1508,Bioactive Compound 1508,C15H13N3O,[H]/N=C(\N)c1ccc2[nH]c(-c3ccccc3O)cc2c1,drug_images\CID_1508.png
CID_1509,Bioactive Compound 1509,C13H12N5O+,NC(=[NH2+])c1ccc2nc(-c3ccc[nH]c3=O)[nH]c2c1,drug_images\CID_1509.png
CID_1510,Bioactive Compound 1510,C13H11N5O,[H]/N=C(\N)c1ccc2nc(-c3ccc[nH]c3=O)[nH]c2c1,drug_images\CID_1510.png
CID_1511,Bioactive Compound 1511,C15H13N3O2,COc1cccc(-c2nc3c(C(N)=O)cccc3[nH]2)c1,drug_images\CID_1511.png
CID_1512,Bioactive Compound 1512,C13H12N5O+,NC(=[NH2+])c1ccc2nc(-c3ncccc3O)[nH]c2c1,drug_images\CID_1512.png
CID_1513,Bioactive Compound 1513,C13H11N5O,[H]/N=C(\N)c1ccc2nc(-c3ncccc3O)[nH]c2c1,drug_images\CID_1513.png
CID_1514,Bioactive Compound 1514,C13H12N2O5S3,COc1cccc(N2C=Cc3cc(S(N)(=O)=O)sc3S2(=O)=O)c1,drug_images\CID_1514.png
CID_1515,Bioactive Compound 1515,C11H16N2O3,Nc1ccc(C2NC(CO)C(O)C2O)cc1,drug_images\CID_1515.png
CID_1516,Bioactive Compound 1516,C9H8BrNO4,O=C(O)C(Nc1ccc(Br)cc1)C(=O)O,drug_images\CID_1516.png
CID_1517,Bioactive Compound 1517,C28H28Cl3FN2O4,CC(C)(Oc1ccc(CCCN(CCc2c(F)cccc2Cl)C(=O)Nc2cccc(Cl)c2Cl)cc1)C(=O)O,drug_images\CID_1517.png
CID_1518,Bioactive Compound 1518,C16H20NO+,C[N+](C)(C)CCC(=O)c1cccc2ccccc12,drug_images\CID_1518.png
CID_1519,Bioactive Compound 1519,C32H38N4O4S,CC1(C)SC(C(NC(=O)Cc2ccccc2)C(=O)NCc2ccccc2)NC1C(=O)NC(CO)Cc1ccccc1,drug_images\CID_1519.png
CID_1520,Bioactive Compound 1520,C6H15NS,CCCCNCCS,drug_images\CID_1520.png
CID_1521,Bioactive Compound 1521,C10H9NO5S2,O=C(O)C(=O)Nc1sc2c(c1C(=O)O)CCSC2,drug_images\CID_1521.png
CID_1522,Bioactive Compound 1522,C11H11N5O,OCCNc1ncnc2c1nc1ccccn12,drug_images\CID_1522.png
CID_1523,Bioactive Compound 1523,C13H19N2O9P,Cc1ncc(COP(=O)(O)O)c(CNC(C)(CC(=O)O)C(=O)O)c1O,drug_images\CID_1523.png
CID_1524,Bioactive Compound 1524,C23H29BrN6O5S,[H]/N=C(\N)C1CCC(CNC(=O)C2C=CCn3c(=O)n(CCS(=O)(=O)c4ccc(Br)cc4)c(=O)n32)CC1,drug_images\CID_1524.png
CID_1525,Bioactive Compound 1525,C23H30F2N6O5S,CC(C)C(NC(=O)Cn1c(-c2cccs2)ncc(N)c1=O)C(=O)C(F)(F)C(=O)NCCN1CCOCC1,drug_images\CID_1525.png
CID_1526,Bioactive Compound 1526,C19H22F3N5O5S,CC(C)C(NC(=O)Cn1c(-c2ccc(N)cc2)ncc(NS(C)(=O)=O)c1=O)C(=O)C(F)(F)F,drug_images\CID_1526.png
CID_1527,Bioactive Compound 1527,C8H16N2O4,CC(=O)NCC1NCC(O)C(O)C1O,drug_images\CID_1527.png
CID_1528,Bioactive Compound 1528,C14H25NO11,CC(=O)NC(C=O)C(O)C(O)C(O)COC1OC(CO)C(O)C(O)C1O,drug_images\CID_1528.png
CID_1529,Bioactive Compound 1529,C14H25NO11,CC(=O)NC1C(O)OC(CO)C(O)C1OC1OC(CO)C(O)C(O)C1O,drug_images\CID_1529.png
CID_1530,Bioactive Compound 1530,C13H12N4,Cn1c(N)nc2ncc(-c3ccccc3)cc21,drug_images\CID_1530.png
CID_1531,Bioactive Compound 1531,C4H11NO2,CC(N)(CO)CO,drug_images\CID_1531.png
CID_1533,Bioactive Compound 1533,C6H8N2,Cc1ccnc(N)c1,drug_images\CID_1533.png
CID_1534,Bioactive Compound 1534,C5H10N2S,CC1CCN=C(N)S1,drug_images\CID_1534.png
CID_1535,Bioactive Compound 1535,C9H7N3O4S2,Nc1ncc(S(=O)(=O)c2ccc([N+](=O)[O-])cc2)s1,drug_images\CID_1535.png
CID_1536,Bioactive Compound 1536,C15H14N2O2S,Cc1cc(C)cc(S(=O)(=O)c2cccc(N)c2C#N)c1,drug_images\CID_1536.png
CID_1538,Bioactive Compound 1538,C12H18N2O4S,CN(CC1(C)OCCO1)S(=O)(=O)c1ccccc1N,drug_images\CID_1538.png
CID_1539,Bioactive Compound 1539,C13H11N,Nc1ccc2c(c1)Cc1ccccc1-2,drug_images\CID_1539.png
CID_1540,Bioactive Compound 1540,C18H21N5O,c1ccc(Nc2nc(OCC3CCCCC3)c3[nH]cnc3n2)cc1,drug_images\CID_1540.png
CID_1541,Bioactive Compound 1541,C23H38O4,CCCCCC=CCC=CCC=CCC=CCCCC(=O)OC(CO)CO,drug_images\CID_1541.png
CID_1542,Bioactive Compound 1542,C10H11IO2,O=C(O)C(CI)Cc1ccccc1,drug_images\CID_1542.png
CID_1543,Bioactive Compound 1543,C23H16FNO2,Cc1c(-c2ccc(-c3ccccc3)cc2)nc2ccc(F)cc2c1C(=O)O,drug_images\CID_1543.png
CID_1544,Bioactive Compound 1544,C25H42N7O18P3S,CC(CSCCNC(=O)CCNC(=O)C(O)C(C)(C)COP(=O)(O)OP(=O)(O)OCC1OC(n2cnc3c(N)ncnc32)C(O)C1OP(=O)(O)O)C(=O)O,drug_images\CID_1544.png
CID_1545,Bioactive Compound 1545,C6H11ClO5,OCC1OC(O)C(Cl)C(O)C1O,drug_images\CID_1545.png
CID_1546,Bioactive Compound 1546,C10H12ClN5O3,Nc1nc(Cl)nc2c1ncn2C1CC(O)C(CO)O1,drug_images\CID_1546.png
CID_1547,Bioactive Compound 1547,C15H20ClN5O4,OCC1OC(n2cnc3c(NC4CCCC4)nc(Cl)nc32)C(O)C1O,drug_images\CID_1547.png
CID_1548,Bioactive Compound 1548,C10H11ClN5O13P3-4,Nc1nc(Cl)nc2c1ncn2C1OC(COP(=O)([O-])OP(=O)([O-])OP(=O)([O-])[O-])C(O)C1O,drug_images\CID_1548.png
CID_1549,Bioactive Compound 1549,C10H15ClN5O13P3,Nc1nc(Cl)nc2c1ncn2C1OC(COP(=O)(O)OP(=O)(O)OP(=O)(O)O)C(O)C1O,drug_images\CID_1549.png
CID_1550,Bioactive Compound 1550,C12H11F3N2O2,CC(O)C(C#N)C(=O)Nc1ccc(C(F)(F)F)cc1,drug_images\CID_1550.png
CID_1551,Bioactive Compound 1551,C10H21NO,NCC(O)C1CCCCCCC1,drug_images\CID_1551.png
CID_1552,Bioactive Compound 1552,C10H16Br2Cl2,C=CC(Cl)(CBr)CCC(Br)C(C)(C)Cl,drug_images\CID_1552.png
CID_1553,Bioactive Compound 1553,C11H17NO8,CC(=O)NC1C(O)C=C(C(=O)O)OC1C(O)C(O)CO,drug_images\CID_1553.png
CID_1554,Bioactive Compound 1554,C6H16NO8P,NC(CO)C(O)C(O)C(O)COP(=O)(O)O,drug_images\CID_1554.png
CID_1555,Bioactive Compound 1555,C44H84NO7P,CCCCCC=CCC=CCC=CCCCCCCC(=O)OC(COCCCCCCCCCCCCCCCC)COP(=O)([O-])OCC[N+](C)(C)C,drug_images\CID_1555.png
CID_1556,Bioactive Compound 1556,C44H85NO7P+,CCCCCC=CCC=CCC=CCCCCCCC(=O)OC(COCCCCCCCCCCCCCCCC)COP(=O)(O)OCC[N+](C)(C)C,drug_images\CID_1556.png
CID_1557,Bioactive Compound 1557,C43H78NO7P,CCC=CCC=CCC=CCC=CCC=CCCC(=O)OC(COCCCCCCCCCCCCCCCC)COP(=O)([O-])OCC[N+](C)(C)C,drug_images\CID_1557.png
CID_1558,Bioactive Compound 1558,C43H79NO7P+,CCC=CCC=CCC=CCC=CCC=CCCC(=O)OC(COCCCCCCCCCCCCCCCC)COP(=O)(O)OCC[N+](C)(C)C,drug_images\CID_1558.png
CID_1559,Bioactive Compound 1559,C19H21NO6S,CCOC(=O)CN(c1ccccc1C(=O)OC)S(=O)(=O)c1ccc(C)cc1,drug_images\CID_1559.png
CID_1560,Bioactive Compound 1560,C16H31FO2,CCCCCCCCCCCCCCC(F)C(=O)O,drug_images\CID_1560.png
CID_1561,Bioactive Compound 1561,C16H21NO2,CCCCCCCc1cc(=O)c2ccccc2n1O,drug_images\CID_1561.png
CID_1562,Bioactive Compound 1562,C7H13NO4,CC(C)CC(C(=O)O)C(=O)NO,drug_images\CID_1562.png
CID_1563,Bioactive Compound 1563,C14H28O3,CCCCCCCCCCCCC(O)C(=O)O,drug_images\CID_1563.png
CID_1564,Bioactive Compound 1564,C9H12ClNO4S,NCC(O)(CS(=O)(=O)O)c1ccc(Cl)cc1,drug_images\CID_1564.png
CID_1565,Bioactive Compound 1565,C10H17N3O2S,NC1=NC2C(CSC2CCCCC(=O)O)N1,drug_images\CID_1565.png
CID_1566,Bioactive Compound 1566,C25H34N4O8,COC(=O)C=Cc1ccc(C(=O)NCC(=O)NC(CCC(=O)OC)C(=O)NC(CC(C)C)C(N)=O)cc1,drug_images\CID_1566.png
CID_1567,Bioactive Compound 1567,C2H6OS,OCCS,drug_images\CID_1567.png
CID_1569,Bioactive Compound 1569,C5H4NNaOS,[Na+].[O-][n+]1ccccc1[S-],drug_images\CID_1569.png
CID_1570,Bioactive Compound 1570,C5H5NOS,On1ccccc1=S,drug_images\CID_1570.png
CID_1571,Bioactive Compound 1571,C25H53N2O6P,CCCCCCCCCCCCCCCC(=O)NCC(CC(C[N+](C)(C)C)OP(=O)([O-])O)OC,drug_images\CID_1571.png
CID_1572,Bioactive Compound 1572,C25H54N2O6P+,CCCCCCCCCCCCCCCC(=O)NCC(CC(C[N+](C)(C)C)OP(=O)(O)O)OC,drug_images\CID_1572.png
CID_1573,Bioactive Compound 1573,C19H26O3,COc1cc2c(cc1O)CCC1C2CCC2(C)C(O)CCC12,drug_images\CID_1573.png
CID_1574,Bioactive Compound 1574,C11H14N2O,Cc1[nH]c2ccc(O)cc2c1CCN,drug_images\CID_1574.png
CID_1576,Bioactive Compound 1576,C10H13NO,CNC(C)C(=O)c1ccccc1,drug_images\CID_1576.png
CID_1577,Bioactive Compound 1577,C12H10BrN2O+,C[n+]1ccc2c(c1)[nH]c1ccc(O)c(Br)c12,drug_images\CID_1577.png
CID_1578,Bioactive Compound 1578,C12H10BrN2O+,C[n+]1ccc2c(c1)[nH]c1cc(Br)c(O)cc12,drug_images\CID_1578.png
CID_1579,Bioactive Compound 1579,C11H14N5O10P2S-3,CSc1nc(N)c2ncn(C3OC(COP(=O)([O-])OP(=O)([O-])[O-])C(O)C3O)c2n1,drug_images\CID_1579.png
CID_1580,Bioactive Compound 1580,C11H17N5O10P2S,CSc1nc(N)c2ncn(C3OC(COP(=O)(O)OP(=O)(O)O)C(O)C3O)c2n1,drug_images\CID_1580.png
CID_1581,Bioactive Compound 1581,C11H14N5O13P3S-4,CSc1nc(N)c2ncn(C3OC(COP(=O)([O-])OP(=O)([O-])OP(=O)([O-])[O-])C(O)C3O)c2n1,drug_images\CID_1581.png
CID_1582,Bioactive Compound 1582,C11H18N5O13P3S,CSc1nc(N)c2ncn(C3OC(COP(=O)(O)OP(=O)(O)OP(=O)(O)O)C(O)C3O)c2n1,drug_images\CID_1582.png
CID_1583,Bioactive Compound 1583,C20H14N2O6,O=C(O)c1ccc(OC(=O)N(c2ccccc2)c2ccccc2)c([N+](=O)[O-])c1,drug_images\CID_1583.png
CID_1584,Bioactive Compound 1584,C16H14N2O2,O=c1[nH]n(CCc2ccccc2)c(=O)c2ccccc12,drug_images\CID_1584.png
CID_1585,Bioactive Compound 1585,C16H18N6O4,Nc1nc(Nc2ccccc2)nc2c1ncn2C1OC(CO)C(O)C1O,drug_images\CID_1585.png
CID_1587,Bioactive Compound 1587,C23H36N4O5,CC(C)CCNCC(O)C1Cc2ccc(cc2)OCCCC(=O)NC(CC(N)=O)C(=O)N1,drug_images\CID_1587.png
CID_1588,Bioactive Compound 1588,C20H30O6,O=C(O)CCCCC=CCC(O)C=CC=CC=CC(O)CCCC(=O)O,drug_images\CID_1588.png
CID_1589,Bioactive Compound 1589,C20H32O5,O=C(O)CCCC(O)C=CC=CC=CC(O)CC=CCCCCCO,drug_images\CID_1589.png
CID_1590,Bioactive Compound 1590,C27H44O3,C=C1CCC(O)CC1=CC=C1CCCC2(C)C1CCC2C(C)CCC(O)C(C)(C)O,drug_images\CID_1590.png
CID_1591,Bioactive Compound 1591,C28H47O12S3-3,CC(C)C(C)CCC(C)C1CCC2C3CC(OS(=O)(=O)[O-])C4CC(OS(=O)(=O)[O-])C(OS(=O)(=O)[O-])CC4(C)C3CCC12C,drug_images\CID_1591.png
CID_1592,Bioactive Compound 1592,C28H50O12S3,CC(C)C(C)CCC(C)C1CCC2C3CC(OS(=O)(=O)O)C4CC(OS(=O)(=O)O)C(OS(=O)(=O)O)CC4(C)C3CCC12C,drug_images\CID_1592.png
CID_1593,Bioactive Compound 1593,C27H44O2,C=C1CCC(O)CC1=CC=C1CCCC2(C)C1CCC2C(C)CCCC(C)(C)O,drug_images\CID_1593.png
CID_1594,Bioactive Compound 1594,C30H51O12S3-3,CCC(C)(C)C(C)CCC(C)C1CCC2C3CC(OS(=O)(=O)[O-])C4CC(OS(=O)(=O)[O-])C(OS(=O)(=O)[O-])CC4(C)C3CCC12C,drug_images\CID_1594.png
CID_1595,Bioactive Compound 1595,C30H54O12S3,CCC(C)(C)C(C)CCC(C)C1CCC2C3CC(OS(=O)(=O)O)C4CC(OS(=O)(=O)O)C(OS(=O)(=O)O)CC4(C)C3CCC12C,drug_images\CID_1595.png
CID_1596,Bioactive Compound 1596,C32H48O5,CC(=O)OC1CCC2(C)C3CC(=O)C(=C(C)C=CC=C(C)C(O)CC=C(C)C)C3(C)CCC2C1(C)CO,drug_images\CID_1596.png
CID_1597,Bioactive Compound 1597,C34H50O6,CC(=O)OC(CC=C(C)C)C(C)=CC=CC(C)=C1C(=O)CC2C1(C)CCC1C(C)(CO)C(OC(C)=O)CCC21C,drug_images\CID_1597.png
CID_1598,Bioactive Compound 1598,C14H16BNO,NCCOB(c1ccccc1)c1ccccc1,drug_images\CID_1598.png
CID_1599,Bioactive Compound 1599,C12H18N6O3,CN(C)c1ncnc2c1ncn2C1OC(CO)C(N)C1O,drug_images\CID_1599.png
CID_1600,Bioactive Compound 1600,C10H14N5O7P,Cc1cn(C2CC(N=[N+]=[N-])C(COP(=O)(O)O)O2)c(=O)[nH]c1=O,drug_images\CID_1600.png
CID_1601,Bioactive Compound 1601,C10H16N5O12P3,Nc1ncnc2c1ncn2C1OC(COP(=O)(O)OP(=O)(O)OP(=O)(O)O)CC1O,drug_images\CID_1601.png
CID_1602,Bioactive Compound 1602,C18H22N2O12P2,CC(=O)OC1CC(n2cc(C)c(=O)[nH]c2=O)OC1COP(=O)(O)OP(=O)(O)Oc1ccccc1,drug_images\CID_1602.png
CID_1603,Bioactive Compound 1603,C10H16N5O13P3,Nc1ncnc2c1ncn2C1OC(COP(=O)(O)OP(=O)(O)O)C(OP(=O)(O)O)C1O,drug_images\CID_1603.png
CID_1604,Bioactive Compound 1604,C13H14N2O5S3,COc1cccc(N2CCc3cc(S(N)(=O)=O)sc3S2(=O)=O)c1,drug_images\CID_1604.png
CID_1605,Bioactive Compound 1605,C28H26N4O5,CNC1CC2OC(C)(C1OC)n1c3c(O)cccc3c3c4c(c5c6cc(O)ccc6n2c5c31)C(=O)NC4,drug_images\CID_1605.png
CID_1607,Bioactive Compound 1607,C7H8N2O3,CN(N=O)c1ccc(O)c(O)c1,drug_images\CID_1607.png
CID_1608,Bioactive Compound 1608,C7H7Cl2N,NCc1ccc(Cl)c(Cl)c1,drug_images\CID_1608.png
CID_1609,Bioactive Compound 1609,C9H4Cl2O2,O=c1oc(Cl)c(Cl)c2ccccc12,drug_images\CID_1609.png
CID_1610,Bioactive Compound 1610,C9H14N2O5,O=C1NCC=CN1C1OC(CO)C(O)C1O,drug_images\CID_1610.png
CID_1611,Bioactive Compound 1611,C11H12N2O5S4,NS(=O)(=O)c1cc2c(s1)S(=O)(=O)N(Cc1cccs1)CC2O,drug_images\CID_1611.png
CID_1612,Bioactive Compound 1612,C13H14N2O6S3,COc1ccc(N2CC(O)c3cc(S(N)(=O)=O)sc3S2(=O)=O)cc1,drug_images\CID_1612.png
CID_1613,Bioactive Compound 1613,C19H12F3N3O3S,O=C(O)Cc1nn(Cc2nc3cc(C(F)(F)F)ccc3s2)c(=O)c2ccccc12,drug_images\CID_1613.png
CID_1614,Bioactive Compound 1614,C10H13NO2,CC(N)Cc1ccc2c(c1)OCO2,drug_images\CID_1614.png
CID_1615,Bioactive Compound 1615,C11H15NO2,CNC(C)Cc1ccc2c(c1)OCO2,drug_images\CID_1615.png
CID_1616,Bioactive Compound 1616,C8H8N4O2,Nc1cc(N)c2c(=O)[nH][nH]c(=O)c2c1,drug_images\CID_1616.png
CID_1618,Bioactive Compound 1618,C10H16N2O11P2,Cc1cn(C2CC(OP(=O)(O)O)C(COP(=O)(O)O)O2)c(=O)[nH]c1=O,drug_images\CID_1618.png
CID_1620,Bioactive Compound 1620,C19H37N5O5,CC(C)CC(CC(=O)NO)C(=O)NC(C(=O)NC(C)C(=O)NCCN)C(C)(C)C,drug_images\CID_1620.png
CID_1621,Bioactive Compound 1621,C11H21NO4,CC(N)C(CCCCCC(=O)O)CC(=O)O,drug_images\CID_1621.png
CID_1622,Bioactive Compound 1622,C28H29N3O4S,O=C(O)C(Cc1c[nH]c2ccccc12)NS(=O)(=O)c1ccc(N2CCC(c3ccccc3)CC2)cc1,drug_images\CID_1622.png
CID_1623,Bioactive Compound 1623,C32H35BrN2O2S,Oc1ccc2c(Cc3ccc(CN4CCCC4)c(Br)c3)c(-c3ccc(OCCN4CCCC4)cc3)sc2c1,drug_images\CID_1623.png
CID_1626,Bioactive Compound 1626,C11H26N2,CCCCN(CCCC)CCCN,drug_images\CID_1626.png
CID_1627,Bioactive Compound 1627,C19H18N2O3,CC1CN1C1=CC(=O)c2c(c(CO)c(-c3ccccc3)n2C)C1=O,drug_images\CID_1627.png
CID_1628,Bioactive Compound 1628,C13H9NO5,O=C(O)C(=O)Nc1cc2ccccc2cc1C(=O)O,drug_images\CID_1628.png
CID_1629,Bioactive Compound 1629,C7H8NO5P,O=C(O)c1ncccc1CP(=O)(O)O,drug_images\CID_1629.png
CID_1630,Bioactive Compound 1630,C6H10OS2,C=CCS(=O)CC=CS,drug_images\CID_1630.png
CID_1631,Bioactive Compound 1631,C28H28N4O3,[H]/N=C(\N)c1cccc(C(=O)NC(C(=O)N2CCC(C(=O)c3ccccc3)CC2)c2ccccc2)c1,drug_images\CID_1631.png
CID_1633,Bioactive Compound 1633,C20H21N3O2,O=CN1CCN(c2ccc(CC3C(=O)Nc4ccccc43)cc2)CC1,drug_images\CID_1633.png
CID_1634,Bioactive Compound 1634,C32H37N3O3S,Oc1ccc2c(Cc3ccc(OCCN4CCCC4)cc3)c(-c3ccc(OCCN4CCCC4)nc3)sc2c1,drug_images\CID_1634.png
CID_1635,Bioactive Compound 1635,C33H38N2O2S,c1ccc2c(Cc3ccc(OCCN4CCCC4)cc3)c(-c3ccc(OCCN4CCCC4)cc3)sc2c1,drug_images\CID_1635.png
CID_1636,Bioactive Compound 1636,C20H23F3N4O5S,CNS(=O)(=O)Nc1ccc(-c2ccccc2)n(CC(=O)NC(C(=O)C(F)(F)F)C(C)C)c1=O,drug_images\CID_1636.png
CID_1637,Bioactive Compound 1637,C32H46O7,CC(=O)OC1CCC2(C)C3CCC4(C)C(C(C=O)CC(=O)C=C(C)C)C(O)CC4(C)C3=CCC2C1(C)C(=O)O,drug_images\CID_1637.png
CID_1638,Bioactive Compound 1638,C27H42ClNO2,CC1CCC2N(C1)CC1C3CC4C(CC(=O)C5CC(Cl)CCC54C)C3CCC1C2(C)O,drug_images\CID_1638.png
CID_1639,Bioactive Compound 1639,C2H4N4,Nc1ncn[nH]1,drug_images\CID_1639.png
CID_1640,Bioactive Compound 1640,C10H12ClNO,NC(Cc1ccccc1)C(=O)CCl,drug_images\CID_1640.png
CID_1641,Bioactive Compound 1641,C9H13ClNO3P,NCC(CP(=O)(O)O)c1ccc(Cl)cc1,drug_images\CID_1641.png
CID_1642,Bioactive Compound 1642,C15H19N3O2,NC1(Cc2ccccc2)CCN2CCC(C=O)N2C1=O,drug_images\CID_1642.png
CID_1643,Bioactive Compound 1643,C20H20N2O3S,CCN(c1ccccc1)S(=O)(=O)c1ccc(Oc2ccccc2)c(N)c1,drug_images\CID_1643.png
CID_1644,Bioactive Compound 1644,C32H41N3O4,Cc1cccc(C)c1OCC(=O)NC(Cc1ccccc1)C(O)CC(CC(C)C)NC(=O)c1ccc(N)cc1,drug_images\CID_1644.png
CID_1645,Bioactive Compound 1645,C7H8N2O,NC(=O)c1cccc(N)c1,drug_images\CID_1645.png
CID_1646,Bioactive Compound 1646,C3H9NO3S,NCCCS(=O)(=O)O,drug_images\CID_1646.png
CID_1647,Bioactive Compound 1647,C3H6N2,N#CCCN,drug_images\CID_1647.png
CID_1648,Bioactive Compound 1648,C27H42BrNO2,CC1CCC2N(C1)CC1C3CC4C(CC(=O)C5CC(Br)CCC54C)C3CCC1C2(C)O,drug_images\CID_1648.png
CID_1649,Bioactive Compound 1649,C7H4BrN3O2,O=[N+]([O-])c1cccc2c(Br)[nH]nc12,drug_images\CID_1649.png
CID_1650,Bioactive Compound 1650,C10H17NO4,CC(C)C1CNC(C(=O)O)C1CC(=O)O,drug_images\CID_1650.png
CID_1651,Bioactive Compound 1651,C11H14N4O4,Nc1nccc2c1ncn2C1OC(CO)C(O)C1O,drug_images\CID_1651.png
CID_1652,Bioactive Compound 1652,C10H14N2O5,Nc1ccn(C2OC(CO)C(O)C2O)c(=O)c1,drug_images\CID_1652.png
CID_1653,Bioactive Compound 1653,C7H10O5,O=C(O)C1C=C(O)C(O)C(O)C1,drug_images\CID_1653.png
CID_1654,Bioactive Compound 1654,C18H23O5S-,CC12CCC3c4ccc(OS(=O)(=O)[O-])cc4CCC3C1CCC2O,drug_images\CID_1654.png
CID_1655,Bioactive Compound 1655,C18H24O5S,CC12CCC3c4ccc(OS(=O)(=O)O)cc4CCC3C1CCC2O,drug_images\CID_1655.png
CID_1657,Bioactive Compound 1657,C3H7FO2,OCC(O)CF,drug_images\CID_1657.png
CID_1658,Bioactive Compound 1658,C23H42O,C#CC(O)C=CCCCCCCCCC(C)CCCCCCCC,drug_images\CID_1658.png
CID_1659,Bioactive Compound 1659,C21H38O,C#CC(O)C=CCCCCCCCCCCC(C)CCCC,drug_images\CID_1659.png
CID_1660,Bioactive Compound 1660,C21H38O,C#CC(O)C=CCCCCCCCCCCCCCC(C)C,drug_images\CID_1660.png
CID_1661,Bioactive Compound 1661,C23H40O,C#CC(O)C=CCCCCCCCCCC=CCCCCC(C)C,drug_images\CID_1661.png
CID_1662,Bioactive Compound 1662,C6H10O5,CC(O)(CC(=O)O)CC(=O)O,drug_images\CID_1662.png
CID_1663,Bioactive Compound 1663,C7H10N2O,NNCc1cccc(O)c1,drug_images\CID_1663.png
CID_1664,Bioactive Compound 1664,C22H38O,C#CC(O)C=CCCCCCCCCCC=CCCCCCC,drug_images\CID_1664.png
CID_1665,Bioactive Compound 1665,C20H36O,C#CC(O)C=CCCCCCCCCCCCCCCC,drug_images\CID_1665.png
CID_1666,Bioactive Compound 1666,C21H38O,C#CC(O)C=CCCCCCCCCCCCCCCCC,drug_images\CID_1666.png
CID_1667,Bioactive Compound 1667,C15H18N2O4,Cn1c(CCCO)c(CO)c2c1C(=O)C=C(N1CC1)C2=O,drug_images\CID_1667.png
CID_1669,Bioactive Compound 1669,C9H13NO2,COc1cc(CCN)ccc1O,drug_images\CID_1669.png
CID_1670,Bioactive Compound 1670,C10H13NO4,COc1cc(CC(N)C(=O)O)ccc1O,drug_images\CID_1670.png
CID_1671,Bioactive Compound 1671,C17H23NO,COc1ccc2c(c1)C13CCCCC1C(C2)NCC3,drug_images\CID_1671.png
CID_1672,Bioactive Compound 1672,C4H11NO,COCCCN,drug_images\CID_1672.png
CID_1674,Bioactive Compound 1674,C21H16,Cc1ccc2cc3c(ccc4ccccc43)c3c2c1CC3,drug_images\CID_1674.png
CID_1675,Bioactive Compound 1675,C11H16N2O5,Cc1cn(C2CC(O)C(CO)O2)c(=O)n(C)c1=O,drug_images\CID_1675.png
CID_1676,Bioactive Compound 1676,C8H10N4O2,CCCn1c(=O)[nH]c(=O)c2[nH]cnc21,drug_images\CID_1676.png
CID_1677,Bioactive Compound 1677,C6H6BNO4,O=[N+]([O-])c1cccc(B(O)O)c1,drug_images\CID_1677.png
CID_1678,Bioactive Compound 1678,C3H5NO4,O=C(O)CC[N+](=O)[O-],drug_images\CID_1678.png
CID_1679,Bioactive Compound 1679,C7H6N2O2,NC(=O)c1cccc(N=O)c1,drug_images\CID_1679.png
CID_1680,Bioactive Compound 1680,C21H22O4,COc1cc2c(cc1CC=C(C)C)C1Oc3cc(O)ccc3C1CO2,drug_images\CID_1680.png
CID_1681,Bioactive Compound 1681,C9H9N,NCC#Cc1ccccc1,drug_images\CID_1681.png
CID_1682,Bioactive Compound 1682,C3H7O5P,O=C(O)CCP(=O)(O)O,drug_images\CID_1682.png
CID_1683,Bioactive Compound 1683,C15H17Cl2NO2,CN1C2CCC1CC(OC(=O)c1cc(Cl)cc(Cl)c1)C2,drug_images\CID_1683.png
CID_1684,Bioactive Compound 1684,C18H18F3N3O3,Cc1cc(CCCOc2c(C)cc(-c3noc(C(F)(F)F)n3)cc2C)on1,drug_images\CID_1684.png
CID_1685,Bioactive Compound 1685,C12H17NO6,Nc1ccc(OC2OC(CO)C(O)C(O)C2O)cc1,drug_images\CID_1685.png
CID_1686,Bioactive Compound 1686,C15H9BrO2,O=c1cc(-c2ccc(Br)cc2)oc2ccccc12,drug_images\CID_1686.png
CID_1687,Bioactive Compound 1687,C21H24ClNO,CN1C2CCC1CC(OC(c1ccccc1)c1ccc(Cl)cc1)C2,drug_images\CID_1687.png
CID_1688,Bioactive Compound 1688,C16H12Cl2N2O,CN1C(=O)CN=C(c2ccc(Cl)cc2)c2cc(Cl)ccc21,drug_images\CID_1688.png
CID_1689,Bioactive Compound 1689,C21H20O7,COc1cc(C2c3cc4c(cc3CC3COC(=O)C32)OCO4)cc(OC)c1O,drug_images\CID_1689.png
CID_1690,Bioactive Compound 1690,C27H30NO11+,COc1cccc2c1C(=O)c1c(O)c3c(c(O)c1C2=O)CC(O)(C(=O)CO)CC3OC1CC([NH3+])C(O)C(C)O1,drug_images\CID_1690.png
CID_1691,Bioactive Compound 1691,C27H29NO11,COc1cccc2c1C(=O)c1c(O)c3c(c(O)c1C2=O)CC(O)(C(=O)CO)CC3OC1CC(N)C(O)C(C)O1,drug_images\CID_1691.png
CID_1692,Bioactive Compound 1692,C27H24N4O4,COC1C(N)CC2OC1(C)n1c3c(O)cccc3c3c4c(c5c6ccccc6n2c5c31)C(=O)NC4,drug_images\CID_1692.png
CID_1693,Bioactive Compound 1693,C9H16O2,CCCCCC(O)C=CC=O,drug_images\CID_1693.png
CID_1694,Bioactive Compound 1694,C6HBr4N3,Brc1c(Br)c(Br)c2n[nH]nc2c1Br,drug_images\CID_1694.png
CID_1695,Bioactive Compound 1695,C6H8N2O2,O=c1[nH]oc2c1CNCC2,drug_images\CID_1695.png
CID_1696,Bioactive Compound 1696,C7H12N3O4+,OCC1C(O)C(O)C(O)c2cn[nH][n+]21,drug_images\CID_1696.png
CID_1697,Bioactive Compound 1697,C20H15N3O2,O=C1NC(=O)c2cc(Nc3ccccc3)c(Nc3ccccc3)cc21,drug_images\CID_1697.png
CID_1698,Bioactive Compound 1698,C10H14O6,O=C(O)CCC(=O)CCC(=O)CCC(=O)O,drug_images\CID_1698.png
CID_1699,Bioactive Compound 1699,C11H19N3O6,CC(=O)NC1C(N)C=C(C(=O)O)OC1C(O)C(O)CN,drug_images\CID_1699.png
CID_1700,Bioactive Compound 1700,C14H12F2N2O3S,NS(=O)(=O)c1ccc(C(=O)NCc2cccc(F)c2F)cc1,drug_images\CID_1700.png
CID_1701,Bioactive Compound 1701,C8H10FNO2S,NCCc1ccc(S(=O)(=O)F)cc1,drug_images\CID_1701.png
CID_1702,Bioactive Compound 1702,C10H16NO3PS,Nc1ccccc1SCCCCP(=O)(O)O,drug_images\CID_1702.png
CID_1703,Bioactive Compound 1703,C10H12FO4PS,O=P(O)(O)C=CCCSc1cc(F)ccc1O,drug_images\CID_1703.png
CID_1704,Bioactive Compound 1704,C10H15O5PS,O=S(CCCCP(=O)(O)O)c1ccccc1O,drug_images\CID_1704.png
CID_1705,Bioactive Compound 1705,C10H13O4PS,O=P(O)(O)C=CCCSc1ccccc1O,drug_images\CID_1705.png
CID_1706,Bioactive Compound 1706,C9H14N4,NC1=NC(=C2CCC(N)CC2)C=N1,drug_images\CID_1706.png
CID_1707,Bioactive Compound 1707,C14H9BrN4O3S,NS(=O)(=O)c1ccc(/N=N/C2=c3cc(Br)ccc3=NC2=O)cc1,drug_images\CID_1707.png
CID_1708,Bioactive Compound 1708,C15H20N2O4,CCC(CC)C(=O)Nc1cc(C(=O)O)ccc1NC(C)=O,drug_images\CID_1708.png
CID_1709,Bioactive Compound 1709,C31H37NO3S,O=C(O)CCC(CSc1ccc(Cc2ccccc2)cc1)NC(=O)CCCCCCc1ccccc1,drug_images\CID_1709.png
CID_1710,Bioactive Compound 1710,C9H15BO2Si,C[Si](C)(C)c1ccc(B(O)O)cc1,drug_images\CID_1710.png
CID_1711,Bioactive Compound 1711,C29H26N2O3,CC1(C)CCC(c2cnc3ccccc3c2)c2cc(C(=O)Nc3ccc(C(=O)O)cc3)ccc21,drug_images\CID_1711.png
CID_1712,Bioactive Compound 1712,C21H15N5O3S2,O=C1N=c2ccc3ncsc3c2=C1CNc1ccc(S(=O)(=O)Nc2ccccn2)cc1,drug_images\CID_1712.png
CID_1713,Bioactive Compound 1713,C17H15N3O3,COc1ccc2ncnc(NCc3ccc4c(c3)OCO4)c2c1,drug_images\CID_1713.png
CID_1714,Bioactive Compound 1714,C17H17N3O2S,COc1cc2ncnc(Nc3cccc(SC)c3)c2cc1OC,drug_images\CID_1714.png
CID_1715,Bioactive Compound 1715,C25H32N2O2S,COc1ccc2c(c1)CN(C(=O)CCN1CCC(Cc3ccccc3)CC1)CCS2,drug_images\CID_1715.png
CID_1716,Bioactive Compound 1716,C17H20N2O9S,O=C(O)CCC(NC(=O)c1ccc(S(=O)(=O)N2CCCC2C(=O)O)cc1)C(=O)O,drug_images\CID_1716.png
CID_1717,Bioactive Compound 1717,C31H43N5O6,CC(C)CC(CN1CC(=O)C(NC(=O)C(CC(C)C)NC(=O)OCc2ccncc2)C1)NC(=O)OCc1ccccc1,drug_images\CID_1717.png
CID_1718,Bioactive Compound 1718,C16H16N4O3,CC(=O)Nc1ccc(OC(=O)c2ccc(N=C(N)N)cc2)cc1,drug_images\CID_1718.png
CID_1719,Bioactive Compound 1719,C8H9FN2O2S,[H]/N=C(\N)c1ccc(CS(=O)(=O)F)cc1,drug_images\CID_1719.png
CID_1720,Bioactive Compound 1720,C12H8N2O2,Nc1ccc2c3c(cccc13)C(=O)NC2=O,drug_images\CID_1720.png
CID_1721,Bioactive Compound 1721,C11H18N2O7,CC(=O)NC1C(N)C=C(C(=O)O)OC1C(O)C(O)CO,drug_images\CID_1721.png
CID_1722,Bioactive Compound 1722,C6H8F3N3O7P2,Nc1nc(C(F)(F)F)ncc1COP(=O)(O)OP(=O)(O)O,drug_images\CID_1722.png
CID_1723,Bioactive Compound 1723,C20H18F4N2O2S,Cc1nc2cccc(F)c2c(N)c1CSCc1cccc(C(O)(O)C(F)(F)F)c1,drug_images\CID_1723.png
CID_1724,Bioactive Compound 1724,C32H41N3O4,Cc1cccc(C)c1OCC(=O)NC(Cc1ccccc1)C(O)CC(CC(C)C)NC(=O)c1cccc(N)c1,drug_images\CID_1724.png
CID_1725,Bioactive Compound 1725,C7H9N3,[H]/N=C(\N)c1ccc(N)cc1,drug_images\CID_1725.png
CID_1726,Bioactive Compound 1726,C4H12NO3P,NCCCCP(=O)(O)O,drug_images\CID_1726.png
CID_1727,Bioactive Compound 1727,C5H6N2,Nc1ccncc1,drug_images\CID_1727.png
CID_1728,Bioactive Compound 1728,C21H28O4,CC(=O)OC1=C2CCC3C4CCC(=O)C4(C)CCC3C2(C)CCC1=O,drug_images\CID_1728.png
CID_1729,Bioactive Compound 1729,C20H28O3,COC1=C2CCC3C4CCC(=O)C4(C)CCC3C2(C)CCC1=O,drug_images\CID_1729.png
CID_1730,Bioactive Compound 1730,C7H5ClHgO2,O=C(O)c1cc[c]([Hg][Cl])cc1,drug_images\CID_1730.png
CID_1731,Bioactive Compound 1731,C6H5ClO2,Oc1ccc(Cl)c(O)c1,drug_images\CID_1731.png
CID_1732,Bioactive Compound 1732,C7H7ClO,Cc1cc(O)ccc1Cl,drug_images\CID_1732.png
CID_1733,Bioactive Compound 1733,C11H8N2,Cc1ncc2ccccc2c1C#N,drug_images\CID_1733.png
CID_1734,Bioactive Compound 1734,C21H26NO2+,C[N+]1(C)CCC(OC(=O)C(c2ccccc2)c2ccccc2)CC1,drug_images\CID_1734.png
CID_1735,Bioactive Compound 1735,C13H23NO8,CC1OC(O)C(O)C(O)C1NC1C=C(CO)C(O)C(O)C1O,drug_images\CID_1735.png
CID_1736,Bioactive Compound 1736,C6H8O7-2,O=C([O-])C(O)CC(O)C(O)C(=O)[O-],drug_images\CID_1736.png
CID_1737,Bioactive Compound 1737,C6H10O7,O=C(O)C(O)CC(O)C(O)C(=O)O,drug_images\CID_1737.png
CID_1738,Bioactive Compound 1738,C9H10O4,COc1cc(CC(=O)O)ccc1O,drug_images\CID_1738.png
CID_1740,Bioactive Compound 1740,C6H3O7-3,O=C([O-])C=C(C(=O)[O-])C(O)C(=O)[O-],drug_images\CID_1740.png
CID_1741,Bioactive Compound 1741,C6H6O7,O=C(O)C=C(C(=O)O)C(O)C(=O)O,drug_images\CID_1741.png
CID_1742,Bioactive Compound 1742,C7H8N2O2,NNC(=O)c1ccc(O)cc1,drug_images\CID_1742.png
CID_1743,Bioactive Compound 1743,C18H24O3,CC12CCC3c4ccc(O)c(O)c4CCC3C1CCC2O,drug_images\CID_1743.png
CID_1744,Bioactive Compound 1744,C26H33NO2,CC(C=CC1=C(C)CCCC1(C)C)=CC=CC(C)=CC(=O)Nc1ccc(O)cc1,drug_images\CID_1744.png
CID_1745,Bioactive Compound 1745,C4H6N2O,OCc1cnc[nH]1,drug_images\CID_1745.png
CID_1746,Bioactive Compound 1746,C9H8IN2S+,NC(=[NH2+])c1cc2c(I)cccc2s1,drug_images\CID_1746.png
CID_1747,Bioactive Compound 1747,C9H7IN2S,[H]/N=C(\N)c1cc2c(I)cccc2s1,drug_images\CID_1747.png
CID_1748,Bioactive Compound 1748,C9H13NO2,COc1ccc(CCN)cc1O,drug_images\CID_1748.png
CID_1749,Bioactive Compound 1749,C25H39N5O2S,[H]N=S(C)(CC(CC(C)C)C(=O)NC1Cc2cn(c3ccccc23)CCCCCCNC1=O)=N[H],drug_images\CID_1749.png
CID_1750,Bioactive Compound 1750,C9H5NO3,O=C1C=Cc2c1cccc2[N+](=O)[O-],drug_images\CID_1750.png
CID_1752,Bioactive Compound 1752,C15H24O,CCCCCCCCCc1ccc(O)cc1,drug_images\CID_1752.png
CID_1753,Bioactive Compound 1753,C14H23NO10,COC1(C(=O)O)CC(OC(C)=O)C(NC(C)=O)C(C(O)C(O)CO)O1,drug_images\CID_1753.png
CID_1754,Bioactive Compound 1754,C13H26O3,CCCCCCCCCCOCCC(=O)O,drug_images\CID_1754.png
CID_1755,Bioactive Compound 1755,C10H16O5,O=C(O)CCCCCC(=O)CCC(=O)O,drug_images\CID_1755.png
CID_1756,Bioactive Compound 1756,C9H5N3O2,N#Cc1c(-c2ccccc2)no[n+]1[O-],drug_images\CID_1756.png
CID_1757,Bioactive Compound 1757,C13H14O8P2,O=P(O)(O)Oc1ccc(Cc2ccc(OP(=O)(O)O)cc2)cc1,drug_images\CID_1757.png
CID_1758,Bioactive Compound 1758,C11H17N3O3S,NCCCCNC(=O)c1ccc(S(N)(=O)=O)cc1,drug_images\CID_1758.png
CID_1759,Bioactive Compound 1759,C12H19N3O3S2,NS(=O)(=O)c1ccc(C(=O)NCCCCNCS)cc1,drug_images\CID_1759.png
CID_1761,Bioactive Compound 1761,C13H16N6O4,Nc1ncnc2c1ncn2C1OC(C(=O)NC2CC2)C(O)C1O,drug_images\CID_1761.png
CID_1762,Bioactive Compound 1762,C27H30O12,COc1ccc(C2c3cc4c(c(OC5OC(CO)C(O)C(O)C5O)c3CC3COC(=O)C32)OCO4)cc1OC,drug_images\CID_1762.png
CID_1763,Bioactive Compound 1763,C12H18N6O3S,NCCSCC1OC(n2cnc3c(N)ncnc32)C(O)C1O,drug_images\CID_1763.png
CID_1765,Bioactive Compound 1765,C15H22N8O8S,NC(=O)CCC(N)C(=O)NS(=O)(=O)OCC1OC(n2cnc3c(N)ncnc32)C(O)C1O,drug_images\CID_1765.png
CID_1766,Bioactive Compound 1766,C20H30O3,CCC=CCC=CCC=CCC=CC=CC(O)CCCC(=O)O,drug_images\CID_1766.png
CID_1767,Bioactive Compound 1767,C20H30O2,CCCCCC=CCC=CCC=CC=CC1CCCC(=O)O1,drug_images\CID_1767.png
CID_1768,Bioactive Compound 1768,C20H34O3,CCCCCCCCC=CCC=CC=CC(O)CCCC(=O)O,drug_images\CID_1768.png
CID_1769,Bioactive Compound 1769,C19H30O4,CCCCCC(O)C=CC=CC=CC=CC(O)CCCC(=O)O,drug_images\CID_1769.png
CID_1770,Bioactive Compound 1770,C20H32O4,CCCCCC=CCC=CC=CC=CC(O)C(O)CCCC(=O)O,drug_images\CID_1770.png
CID_1771,Bioactive Compound 1771,C20H32O3,CCCCCC=CCC=CCC=CC=CC(O)CCCC(=O)O,drug_images\CID_1771.png
CID_1772,Bioactive Compound 1772,C20H32O4,CCCCCC=CCC=CCC=CC=CC(CCCC(=O)O)OO,drug_images\CID_1772.png
CID_1774,Bioactive Compound 1774,C6H11NO,CC1(C)CCC=[N+]1[O-],drug_images\CID_1774.png
CID_1775,Bioactive Compound 1775,C15H12N2O2,O=C1NC(=O)C(c2ccccc2)(c2ccccc2)N1,drug_images\CID_1775.png
CID_1777,Bioactive Compound 1777,C20H30O2,CCCCCC=CCC=CCC=CCC#CCCCC(=O)O,drug_images\CID_1777.png
CID_1778,Bioactive Compound 1778,C20H32O3,CCCCCC=CCC=CCC=CCC1OC1CCCC(=O)O,drug_images\CID_1778.png
CID_1779,Bioactive Compound 1779,C10H5Cl2NO3,O=C(O)c1cc(=O)c2c(Cl)cc(Cl)cc2[nH]1,drug_images\CID_1779.png
CID_1780,Bioactive Compound 1780,C20H24O2,CCCCCC#CCC#CCC#CCC#CCCCC(=O)O,drug_images\CID_1780.png
CID_1781,Bioactive Compound 1781,C20H28O2,CCCCCCCCC#CCC#CCC#CCCCC(=O)O,drug_images\CID_1781.png
CID_1782,Bioactive Compound 1782,C23H20N6O,Oc1ccc(-c2nc3ccc(-c4nc5ccc(C6NCCN6)cc5[nH]4)cc3[nH]2)cc1,drug_images\CID_1782.png
CID_1783,Bioactive Compound 1783,C20H20Cl2N4O2S,CC(C)c1nc(COC(N)=O)n(Cc2ccncc2)c1Sc1cc(Cl)cc(Cl)c1,drug_images\CID_1783.png
CID_1784,Bioactive Compound 1784,C21H17NO3S,COc1ccc(C2=C(OC(C)=O)c3cccn3-c3ccccc3S2)cc1,drug_images\CID_1784.png
CID_1785,Bioactive Compound 1785,C22H20N2O3S,COc1ccc(C2=C(OC(=O)N(C)C)c3cccn3-c3ccccc3S2)cc1,drug_images\CID_1785.png
CID_1786,Bioactive Compound 1786,C18H22N2O3,Cc1cc(CCCCCOc2ccc(C3=NCCO3)cc2)on1,drug_images\CID_1786.png
CID_1787,Bioactive Compound 1787,C19H24N2O3,Cc1cc(CCCCCOc2ccc(C3=NC(C)CO3)cc2)on1,drug_images\CID_1787.png
CID_1788,Bioactive Compound 1788,C18H21ClN2O3,Cc1cc(CCCCCOc2ccc(C3=NCCO3)cc2Cl)on1,drug_images\CID_1788.png
CID_1789,Bioactive Compound 1789,C14H26N3O9P,O=c1[nH]c(NCC(O)C(O)C(O)CO)c(CCCCCP(=O)(O)O)c(=O)[nH]1,drug_images\CID_1789.png
CID_1790,Bioactive Compound 1790,C21H28N2O3,Cc1cc(CCCCCCCOc2ccc(C3=NC(C)CO3)cc2)on1,drug_images\CID_1790.png
CID_1791,Bioactive Compound 1791,C21H27ClN2O3,Cc1cc(CCCCCCCOc2ccc(C3=NC(C)CO3)cc2Cl)on1,drug_images\CID_1791.png
CID_1792,Bioactive Compound 1792,C12H13NO3S,CN(C)c1cccc2c(S(=O)(=O)O)cccc12,drug_images\CID_1792.png
CID_1793,Bioactive Compound 1793,C8H12ClN7O,CN(C)c1nc(N)c(C(=O)N=C(N)N)nc1Cl,drug_images\CID_1793.png
CID_1794,Bioactive Compound 1794,C12H18ClN7O,NC(N)=NC(=O)c1nc(Cl)c(N2CCCCCC2)nc1N,drug_images\CID_1794.png
CID_1795,Bioactive Compound 1795,C11H18ClN7O,CCN(c1nc(N)c(C(=O)N=C(N)N)nc1Cl)C(C)C,drug_images\CID_1795.png
CID_1796,Bioactive Compound 1796,C11H18ClN7O,CN(c1nc(N)c(C(=O)N=C(N)N)nc1Cl)C(C)(C)C,drug_images\CID_1796.png
CID_1797,Bioactive Compound 1797,C19H30N2O,CCCCCCCCCOc1ccc2[nH]cc(CCN)c2c1,drug_images\CID_1797.png
CID_1798,Bioactive Compound 1798,C5H9N4O3S2+,CC(=O)Nc1sc(S(N)(=O)=O)n[n+]1C,drug_images\CID_1798.png
CID_1799,Bioactive Compound 1799,C20H27N3O5,CCCN(CCc1ccccc1)C(=O)C1OC(C(=O)O)=CC(N)C1NC(C)=O,drug_images\CID_1799.png
CID_1800,Bioactive Compound 1800,C8H9N4+,NC(=[NH2+])c1ccc2nc[nH]c2c1,drug_images\CID_1800.png
CID_1801,Bioactive Compound 1801,C8H8N4,[H]/N=C(\N)c1ccc2nc[nH]c2c1,drug_images\CID_1801.png
CID_1802,Bioactive Compound 1802,C10H10N4O,NC(=O)c1cnn(-c2ccccc2)c1N,drug_images\CID_1802.png
CID_1803,Bioactive Compound 1803,C9H13N3O5,Nc1cn(C2CC(O)C(CO)O2)c(=O)[nH]c1=O,drug_images\CID_1803.png
CID_1804,Bioactive Compound 1804,C16H14BrN3O3S,CCOC(=O)c1nn(-c2ccc(C)cc2)c(=O)c2c(N)sc(Br)c12,drug_images\CID_1804.png
CID_1805,Bioactive Compound 1805,C8H12N4O5,Nc1ncn(C2OC(CO)C(O)C2O)c(=O)n1,drug_images\CID_1805.png
CID_1806,Bioactive Compound 1806,C9H12BrN2O8P,O=c1[nH]c(=O)n(C2CC(O)C(COP(=O)(O)O)O2)cc1Br,drug_images\CID_1806.png
CID_1807,Bioactive Compound 1807,C4H6BrNO4,O=[N+]([O-])C1(Br)COCOC1,drug_images\CID_1807.png
CID_1808,Bioactive Compound 1808,C6H5BrN2O,NC(=O)c1cncc(Br)c1,drug_images\CID_1808.png
CID_1809,Bioactive Compound 1809,C11H13N3O,NCCc1c[nH]c2ccc(C(N)=O)cc12,drug_images\CID_1809.png
CID_1810,Bioactive Compound 1810,C9H12ClN3O4,Nc1ccn(C2OC(CCl)C(O)C2O)c(=O)n1,drug_images\CID_1810.png
CID_1811,Bioactive Compound 1811,C6H6O7-2,O=C([O-])C(=O)CC(O)C(O)C(=O)[O-],drug_images\CID_1811.png
CID_1812,Bioactive Compound 1812,C20H18O5,CC1(C)C=Cc2c(O)ccc(C3COc4cc(O)ccc4C3=O)c2O1,drug_images\CID_1812.png
CID_1813,Bioactive Compound 1813,C10H16N5O13P3,Nc1ncnc2c1ncn2C1OC(COP(=O)(O)OP(=O)(O)O)C(O)C1OP(=O)(O)O,drug_images\CID_1813.png
CID_1814,Bioactive Compound 1814,C11H16N2O5,CCc1cn(C2CC(O)C(CO)O2)c(=O)[nH]c1=O,drug_images\CID_1814.png
CID_1815,Bioactive Compound 1815,C15H17FN3O8P,Nc1ccc(OP(=O)(O)OCC2OC(n3cc(F)c(=O)[nH]c3=O)CC2O)cc1,drug_images\CID_1815.png
CID_1816,Bioactive Compound 1816,C9H12FN2O8P,O=c1[nH]c(=O)n(C2CC(O)C(COP(=O)(O)O)O2)cc1F,drug_images\CID_1816.png
CID_1817,Bioactive Compound 1817,C9H11FN2O6,O=c1cc(F)n(C2OC(CO)C(O)C2O)c(=O)[nH]1,drug_images\CID_1817.png
CID_1818,Bioactive Compound 1818,C18H19FN4O,CN(C)CCNC(=O)c1cccc2c(N)c3cccc(F)c3nc12,drug_images\CID_1818.png
CID_1819,Bioactive Compound 1819,C11H13FNO4P,O=P(O)(O)OCCCc1c[nH]c2ccc(F)cc12,drug_images\CID_1819.png
CID_1820,Bioactive Compound 1820,C9H6FNO2,O=C(O)c1cc2cc(F)ccc2[nH]1,drug_images\CID_1820.png
CID_1821,Bioactive Compound 1821,C9H11FN2O6,O=c1[nH]c(=O)n(C2OC(CO)C(O)C2O)cc1F,drug_images\CID_1821.png
CID_1823,Bioactive Compound 1823,C21H38O,C#CC=CC(O)CCCCCCCCCCC(C)CCCC,drug_images\CID_1823.png
CID_1824,Bioactive Compound 1824,C10H19O3-,CCCCCC(O)CCCC(=O)[O-],drug_images\CID_1824.png
CID_1825,Bioactive Compound 1825,C10H20O3,CCCCCC(O)CCCC(=O)O,drug_images\CID_1825.png
CID_1826,Bioactive Compound 1826,C10H9NO3,O=C(O)Cc1c[nH]c2ccc(O)cc12,drug_images\CID_1826.png
CID_1827,Bioactive Compound 1827,C15H24N2O6,CC1(CO)OC(C)(n2cc(CO)c(=O)[nH]c2=O)C(C)(C)C1(C)O,drug_images\CID_1827.png
CID_1828,Bioactive Compound 1828,C9H12N2O7,O=c1[nH]c(=O)n(C2OC(CO)C(O)C2O)cc1O,drug_images\CID_1828.png
CID_1829,Bioactive Compound 1829,C9H6INO5,O=C(O)C(=O)Nc1ccc(I)cc1C(=O)O,drug_images\CID_1829.png
CID_1830,Bioactive Compound 1830,C11H13IN4O4,Nc1ncnc2c1c(I)cn2C1OC(CO)C(O)C1O,drug_images\CID_1830.png
CID_1831,Bioactive Compound 1831,C20H30O3,CCCCCC=CCC=CCC=CC=CC(=O)CCCC(=O)O,drug_images\CID_1831.png
CID_1832,Bioactive Compound 1832,C13H18N2O,COc1ccc2[nH]cc(CCN(C)C)c2c1,drug_images\CID_1832.png
CID_1833,Bioactive Compound 1833,C11H14N2O,COc1ccc2[nH]cc(CCN)c2c1,drug_images\CID_1833.png
CID_1834,Bioactive Compound 1834,C10H16N3O7P,Cc1cn(C2CC(O)C(COP(=O)(O)O)O2)c(=O)nc1N,drug_images\CID_1834.png
CID_1835,Bioactive Compound 1835,C10H15N3O4,Cc1cn(C2CC(O)C(CO)O2)c(=O)nc1N,drug_images\CID_1835.png
CID_1836,Bioactive Compound 1836,C17H14N2O4,CC1(c2ccc(Oc3ccccc3)cc2)C(=O)NC(=O)NC1=O,drug_images\CID_1836.png
CID_1837,Bioactive Compound 1837,C13H18N2,Cc1ccc2[nH]cc(CCN(C)C)c2c1,drug_images\CID_1837.png
CID_1838,Bioactive Compound 1838,C14H23N3O5,Cc1cn(C2(C)OC(C)(CO)C(C)(O)C2(C)O)c(=O)nc1N,drug_images\CID_1838.png
CID_1839,Bioactive Compound 1839,C6H6N4O4,NC(=O)NN=Cc1ccc([N+](=O)[O-])o1,drug_images\CID_1839.png
CID_1840,Bioactive Compound 1840,C9H14N4O7,O=Nc1c(NCC(O)C(O)C(O)CO)[nH]c(=O)[nH]c1=O,drug_images\CID_1840.png
CID_1841,Bioactive Compound 1841,C6H12O5S,O=CC(O)C(O)C(O)C(S)CO,drug_images\CID_1841.png
CID_1842,Bioactive Compound 1842,C17H19N5O5S,Cc1ccc(S(=O)(=O)OCC2OC(n3cnc4c(N)ncnc43)CC2O)cc1,drug_images\CID_1842.png
CID_1843,Bioactive Compound 1843,C21H31BrO3,CC12CCC(=O)CC1CCC1C2CCC2(C)C(OC(=O)CBr)CCC12,drug_images\CID_1843.png
CID_1844,Bioactive Compound 1844,C11H19NO8,CC(=O)NC(CCC(=O)C(=O)O)C(O)C(O)C(O)CO,drug_images\CID_1844.png
CID_1845,Bioactive Compound 1845,C8H4Cl2N2O2,O=c1[nH]c2cc(Cl)c(Cl)cc2[nH]c1=O,drug_images\CID_1845.png
CID_1848,Bioactive Compound 1848,C25H28O6,CC(C)=CCc1c(O)c(CC=C(C)C)c2c(c1O)C(=O)C(O)C(c1ccc(O)cc1)O2,drug_images\CID_1848.png
CID_1849,Bioactive Compound 1849,C25H26O6,CC(C)=CCc1c(O)c(CC=C(C)C)c2oc(-c3ccc(O)cc3)c(O)c(=O)c2c1O,drug_images\CID_1849.png
CID_1850,Bioactive Compound 1850,C11H15N7O5,[H]/N=C(\N)N(O)c1ncnc2c1ncn2C1OC(CO)C(O)C1O,drug_images\CID_1850.png
CID_1851,Bioactive Compound 1851,C20H28O2,C=C1C2=C(CC1(C)CC=CC(C)=CC(=O)O)C(C)(C)CCC2,drug_images\CID_1851.png
CID_1852,Bioactive Compound 1852,C31H47N4O11P,CCCCCCCCCCCC(CC(=O)O)c1c(C)c(C)cc2c1nc1c(=O)[nH]c(=O)nc-1n2CC(O)C(O)C(O)COP(=O)(O)O,drug_images\CID_1852.png
CID_1853,Bioactive Compound 1853,C13H9NO,O=c1[nH]c2ccccc2c2ccccc12,drug_images\CID_1853.png
CID_1854,Bioactive Compound 1854,C12H9F2O5P,O=C(O)c1ccc2cc(C(F)(F)P(=O)(O)O)ccc2c1,drug_images\CID_1854.png
CID_1855,Bioactive Compound 1855,C9H14N2O4,Cc1c(CC(CO)CO)[nH]c(=O)[nH]c1=O,drug_images\CID_1855.png
CID_1856,Bioactive Compound 1856,C8H12N3O9P,O=c1cnn(C2OC(COP(=O)(O)O)C(O)C2O)c(=O)[nH]1,drug_images\CID_1856.png
CID_1857,Bioactive Compound 1857,C13H11ClN4OS,CC(Sc1nc(N)cc(Cl)n1)c1cc2ccoc2cn1,drug_images\CID_1857.png
CID_1858,Bioactive Compound 1858,C13H15ClN2O2,COc1cc2c(CCNC(C)=O)c[nH]c2cc1Cl,drug_images\CID_1858.png
CID_1861,Bioactive Compound 1861,C8H10N4,CN(C)c1ncnc2[nH]ccc12,drug_images\CID_1861.png
CID_1862,Bioactive Compound 1862,C8H10FNO3,NCC(O)c1cc(O)c(O)cc1F,drug_images\CID_1862.png
CID_1863,Bioactive Compound 1863,C19H12N2O,O=Cc1c2[nH]c3ccccc3c2cc2[nH]c3ccccc3c12,drug_images\CID_1863.png
CID_1864,Bioactive Compound 1864,C13H16N2O3,COc1cc2c(CCNC(C)=O)c[nH]c2cc1O,drug_images\CID_1864.png
CID_1865,Bioactive Compound 1865,C8H12N2O3,Cc1c(CCCO)[nH]c(=O)[nH]c1=O,drug_images\CID_1865.png
CID_1866,Bioactive Compound 1866,C20H34O6,CCCCCC(O)C=CC1C(O)CC(O)C1CC(=O)CCCCC(=O)O,drug_images\CID_1866.png
CID_1868,Bioactive Compound 1868,C12H14N2O,COc1ccc2[nH]c3c(c2c1)CCNC3,drug_images\CID_1868.png
CID_1869,Bioactive Compound 1869,C11H15N5O4,CNc1ncnc2c1ncn2C1OC(CO)C(O)C1O,drug_images\CID_1869.png
CID_1870,Bioactive Compound 1870,C11H17N5,CCCCCCNc1ncnc2nc[nH]c12,drug_images\CID_1870.png
CID_1871,Bioactive Compound 1871,C9H5NO3,O=Nc1ccc2oc(=O)ccc2c1,drug_images\CID_1871.png
CID_1872,Bioactive Compound 1872,C22H27N3O,C=CCN1CC(C(=O)N(CC)CC)C=C2c3cccc4[nH]cc(c34)CC21,drug_images\CID_1872.png
CID_1873,Bioactive Compound 1873,C14H25NO11,CC(=O)NC1C(OCC(O)C(O)C(O)C(O)C=O)OC(CO)C(O)C1O,drug_images\CID_1873.png
CID_1874,Bioactive Compound 1874,C10H14N4O11P2,O=P(O)(O)OCC1OC(n2cnc3c(OP(=O)(O)O)ncnc32)C(O)C1O,drug_images\CID_1874.png
CID_1875,Bioactive Compound 1875,C26H34O8,CC1CC2C(C(O)CC3(C)C2CCC3(O)C(=O)COC(=O)CCC(=O)O)C2(C)C=CC(=O)C=C12,drug_images\CID_1875.png
CID_1876,Bioactive Compound 1876,C20H32O3,C=CC1(C)CC(=O)C2C(C)(CC(O)C3C(C)(C)CCCC32C)O1,drug_images\CID_1876.png
CID_1877,Bioactive Compound 1877,C22H40O2,CCCCCCCCCCCC=CC(C)(C)C=CCCCC(=O)O,drug_images\CID_1877.png
CID_1878,Bioactive Compound 1878,C22H26O5,CCCc1cc(=O)oc2c3c(c4c(c12)OC(C)(C)CC4)OC(C)C(C)C3=O,drug_images\CID_1878.png
CID_1880,Bioactive Compound 1880,C15H10O4,O=c1cc(-c2ccccc2)oc2c(O)c(O)ccc12,drug_images\CID_1880.png
CID_1881,Bioactive Compound 1881,C15H19N5,CCC(CC)n1ccc2c3c(N)nc(N)nc3ccc21,drug_images\CID_1881.png
CID_1882,Bioactive Compound 1882,C9H11ClN4O2,Cn1c(=O)c2c(ncn2CCCl)n(C)c1=O,drug_images\CID_1882.png
CID_1883,Bioactive Compound 1883,C8H10N2O3S,CC1=C(C(=O)O)N2C(=O)C(N)C2SC1,drug_images\CID_1883.png
CID_1884,Bioactive Compound 1884,C10H6ClNO3,O=C(O)c1cc(=O)c2ccc(Cl)cc2[nH]1,drug_images\CID_1884.png
CID_1885,Bioactive Compound 1885,C26H32O6,CC1(C)C(=O)C=CC2(C)C1CC(O)C1(C)C2CCC2(C)C(c3ccoc3)OC(=O)C3OC321,drug_images\CID_1885.png
CID_1886,Bioactive Compound 1886,C26H30O6,CC1(C)C(=O)C=CC2(C)C1CC(=O)C1(C)C2CCC2(C)C(c3ccoc3)OC(=O)C3OC321,drug_images\CID_1886.png
CID_1887,Bioactive Compound 1887,C20H32O4,C=CC1(C)CC(=O)C2C3(C)CCCC(C)(C)C3C(O)C(O)C2(C)O1,drug_images\CID_1887.png
CID_1888,Bioactive Compound 1888,C20H32O5,C=CC1(C)CC(=O)C2(O)C3(C)CCCC(C)(C)C3C(O)C(O)C2(C)O1,drug_images\CID_1888.png
CID_1889,Bioactive Compound 1889,C15H12O4,O=C1CC(c2ccc(O)cc2)Oc2cc(O)ccc21,drug_images\CID_1889.png
CID_1890,Bioactive Compound 1890,C15H12O3,O=C1CC(c2ccccc2)Oc2cc(O)ccc21,drug_images\CID_1890.png
CID_1892,Bioactive Compound 1892,C9H12N4O3,Cn1c(=O)c2c(ncn2CCO)n(C)c1=O,drug_images\CID_1892.png
CID_1893,Bioactive Compound 1893,C7H5N3O2,O=[N+]([O-])c1cccc2cn[nH]c12,drug_images\CID_1893.png
CID_1894,Bioactive Compound 1894,C8H7N5O2,[H]/N=C(\N)n1cc2cccc([N+](=O)[O-])c2n1,drug_images\CID_1894.png
CID_1895,Bioactive Compound 1895,C83H133N3O25,COC(=O)C(C)(C)C(O)C(C)C(=O)C(C)(C)C=CC(=O)NC(CC(C)C)C(O)C(C)C=C(C)C(O)C(C)CCC(O)C(C)C(=O)NC(C(C)O)C1OC(=O)C(C(O)C(=O)O)NC(=O)C=CC=CCCC=CC=CCC2CC(C)CC(CC(O)C(C)C(O)C(C)=CC(C)C(O)C(C)=CCC(OC(=O)CC(O)C(=O)O)C1C)O2,drug_images\CID_1895.png
CID_1897,Bioactive Compound 1897,C20H32O4,CCCCCC(O)C=CC=CC=CC(O)CC=CCCCC(=O)O,drug_images\CID_1897.png
CID_1898,Bioactive Compound 1898,C20H32O3,CCCCCC=CCC=CC=CC(O)CC=CCCCC(=O)O,drug_images\CID_1898.png
CID_1899,Bioactive Compound 1899,C20H32O2,CCCCCCCCC#CCC#CCCCCCCC(=O)O,drug_images\CID_1899.png
CID_1900,Bioactive Compound 1900,C18H16O3,OC1Cc2cc3c(ccc4ccccc43)cc2C(O)C1O,drug_images\CID_1900.png
CID_1901,Bioactive Compound 1901,C20H32O3,CCCCCC=CCC=CCC1OC1CC=CCCCC(=O)O,drug_images\CID_1901.png
CID_1902,Bioactive Compound 1902,C16H15ClN4O2,Cn1c(=O)c2c(nc(C=Cc3cccc(Cl)c3)n2C)n(C)c1=O,drug_images\CID_1902.png
CID_1903,Bioactive Compound 1903,C16H14ClN5O6PS-,Nc1ncnc2c1nc(Sc1ccc(Cl)cc1)n2C1OC2COP(=O)([O-])OC2C1O,drug_images\CID_1903.png
CID_1904,Bioactive Compound 1904,C16H15ClN5O6PS,Nc1ncnc2c1nc(Sc1ccc(Cl)cc1)n2C1OC2COP(=O)(O)OC2C1O,drug_images\CID_1904.png
CID_1905,Bioactive Compound 1905,C16H14ClN5NaO6PS,Nc1ncnc2c1nc(Sc1ccc(Cl)cc1)n2C1OC2COP(=O)([O-])OC2C1O.[Na+],drug_images\CID_1905.png
CID_1906,Bioactive Compound 1906,C16H26N7O6P,NCCCCCCNc1nc2c(N)ncnc2n1C1OC2COP(=O)(O)OC2C1O,drug_images\CID_1906.png
CID_1907,Bioactive Compound 1907,C16H28N7O7P,NCCCCCCNc1nc2c(N)ncnc2n1C1OC(COP(=O)(O)O)C(O)C1O,drug_images\CID_1907.png
CID_1908,Bioactive Compound 1908,C13H12N4O5S,Cn1c(=O)c2[nH]c(-c3ccc(S(=O)(=O)O)cc3)nc2n(C)c1=O,drug_images\CID_1908.png
CID_1909,Bioactive Compound 1909,C15H22N6O13P2,Nc1nc2c3ncnc2n1C1OC(COP(=O)(OP(=O)(O)O)OCC2OC(N3)C(O)C2O)C(O)C1O,drug_images\CID_1909.png
CID_1912,Bioactive Compound 1912,C10H10BrN5O6P-,Nc1ncnc2c1nc(Br)n2C1OC2COP(=O)([O-])OC2C1O,drug_images\CID_1912.png
CID_1913,Bioactive Compound 1913,C10H11BrN5O6P,Nc1ncnc2c1nc(Br)n2C1OC2COP(=O)(O)OC2C1O,drug_images\CID_1913.png
CID_1914,Bioactive Compound 1914,C10H14BrN5O10P2,O=P(O)(O)OP(=O)(O)OCC1OC(n2cnc3c(NBr)ncnc32)C(O)C1O,drug_images\CID_1914.png
CID_1917,Bioactive Compound 1917,C12H16N4O2,Cn1c(=O)c2[nH]c(C3CCCC3)nc2n(C)c1=O,drug_images\CID_1917.png
CID_1918,Bioactive Compound 1918,C28H36N10O15P2,Cc1cc2nc3c(=O)[nH]c(=O)nc-3n(CC(O)C(O)C(O)COP(=O)(O)OP(=O)(O)OCC3OC(n4cnc5c(N)ncnc54)C(O)C3O)c2cc1N(C)C,drug_images\CID_1918.png
CID_1921,Bioactive Compound 1921,C13H19N3O3,CCCCN1C(=O)C(C)C(=O)c2[nH]c(COC)nc21,drug_images\CID_1921.png
CID_1922,Bioactive Compound 1922,C13H12N4O2,Cn1c(=O)c2[nH]c(-c3ccccc3)nc2n(C)c1=O,drug_images\CID_1922.png
CID_1923,Bioactive Compound 1923,C9H7NO,Oc1cccc2cccnc12,drug_images\CID_1923.png
CID_1924,Bioactive Compound 1924,C11H14N5O6PS,Nc1ncnc2c1nc(CS)n2C1OC2COP(=O)(O)OC2C1O,drug_images\CID_1924.png
CID_1926,Bioactive Compound 1926,C20H32O3,CCCCCC=CCC=CCC(O)C=CC=CCCCC(=O)O,drug_images\CID_1926.png
CID_1927,Bioactive Compound 1927,C18H32O3,CCCCCC=CC=CC(O)CCCCCCCC(=O)O,drug_images\CID_1927.png
CID_1928,Bioactive Compound 1928,C18H32O4,CCCCCC=CC=CC(CCCCCCCC(=O)O)OO,drug_images\CID_1928.png
CID_1929,Bioactive Compound 1929,C18H32O3,CCCCCC=CCC1OC1CCCCCCCC(=O)O,drug_images\CID_1929.png
CID_1930,Bioactive Compound 1930,C18H35NO,CCCCCCCCC=CCCCCCCCC(N)=O,drug_images\CID_1930.png
CID_1931,Bioactive Compound 1931,C18H28O2,CCCCCC#CCC#CCCCCCCCC(=O)O,drug_images\CID_1931.png
CID_1932,Bioactive Compound 1932,C10H13N5O,Nc1ncnc2c1ncn2C1CCCCO1,drug_images\CID_1932.png
CID_1933,Bioactive Compound 1933,C20H20N2,c1ccc(CNc2c3c(nc4ccccc24)CCCC3)cc1,drug_images\CID_1933.png
CID_1934,Bioactive Compound 1934,C19H24O3,CC(C=Cc1c(C)cc(O)cc1C)=CC=CC(C)CC(=O)O,drug_images\CID_1934.png
CID_1935,Bioactive Compound 1935,C13H14N2,Nc1c2c(nc3ccccc13)CCCC2,drug_images\CID_1935.png
CID_1936,Bioactive Compound 1936,C11H18N2O7,CC(=O)NC1C(O)C=C(C(=O)O)OC1C(O)C(O)CN,drug_images\CID_1936.png
CID_1937,Bioactive Compound 1937,C17H17BrN4O,CN(C)CCNC(=O)c1cccc2nc3cccc(Br)c3nc12,drug_images\CID_1937.png
CID_1939,Bioactive Compound 1939,C12H22N2O8,COC1(C(=O)O)CC(O)C(NC(C)=O)C(C(O)C(O)CN)O1,drug_images\CID_1939.png
CID_1940,Bioactive Compound 1940,C22H34O6,C=CC1(C)CC(=O)C2C(C)(O1)C(OC(C)=O)C(O)C1C(C)(C)CCC(O)C12C,drug_images\CID_1940.png
CID_1941,Bioactive Compound 1941,C17H11NO8,COc1c(O)ccc2c1cc([N+](=O)[O-])c1c(C(=O)O)cc3c(c12)OCO3,drug_images\CID_1941.png
CID_1942,Bioactive Compound 1942,C8H11N5O,CC(O)Cn1cnc2c(N)ncnc21,drug_images\CID_1942.png
CID_1943,Bioactive Compound 1943,C17H30NO5P,CC(C)=CCCC(C)=CCCC(C)=CCONC(=O)CP(=O)(O)O,drug_images\CID_1943.png
CID_1944,Bioactive Compound 1944,C19H22N2O5S,Cc1ccccc1CC(=O)Nc1cc(C)c(S(=O)(=O)NCC(=O)O)c(C)c1,drug_images\CID_1944.png
CID_1946,Bioactive Compound 1946,C36H40N6O2,CN(C)CCCOc1ccc(-c2nc3ccc(-c4ccc5nc(-c6ccc(OCCCN(C)C)cc6)[nH]c5c4)cc3[nH]2)cc1,drug_images\CID_1946.png
CID_1947,Bioactive Compound 1947,C11H17N2O8P,Cc1ncc(COP(=O)(O)O)c(CNC(CO)C(=O)O)c1O,drug_images\CID_1947.png
CID_1948,Bioactive Compound 1948,C19H22N2O4S,O=C(O)CNS(=O)(=O)c1ccc(N2CCC(c3ccccc3)CC2)cc1,drug_images\CID_1948.png
CID_1949,Bioactive Compound 1949,C23H27BrFNO2,C=CCN(C)CCCCCCOc1ccc(C(=O)c2ccc(Br)cc2)c(F)c1,drug_images\CID_1949.png
CID_1950,Bioactive Compound 1950,C9H12NO5P,O=C(NCP(=O)(O)O)OCc1ccccc1,drug_images\CID_1950.png
CID_1951,Bioactive Compound 1951,C28H29F5N4O3,CNC(Cc1ccccc1)C(=O)N1CCCC1C(=O)NC(Cc1c[nH]c2ccccc12)C(=O)C(F)(F)C(F)(F)F,drug_images\CID_1951.png
CID_1952,Bioactive Compound 1952,C3H5O2Se-,C[Se]CC(=O)[O-],drug_images\CID_1952.png
CID_1953,Bioactive Compound 1953,C3H6O2Se,C[Se]CC(=O)O,drug_images\CID_1953.png
CID_1954,Bioactive Compound 1954,C3H5O2Te-,C[Te]CC(=O)[O-],drug_images\CID_1954.png
CID_1955,Bioactive Compound 1955,C3H6O2Te,C[Te]CC(=O)O,drug_images\CID_1955.png
CID_1956,Bioactive Compound 1956,C16H18N3O5P,[H]/N=C(\N)c1ccc(C(NC(=O)OCc2ccccc2)P(=O)(O)O)cc1,drug_images\CID_1956.png
CID_1957,Bioactive Compound 1957,C21H27N5O2,NC(Cc1ccccc1)C(=O)N1CCCC1C(=O)NCCNc1ccncc1,drug_images\CID_1957.png
CID_1958,Bioactive Compound 1958,C11H14IN5O2,Nc1ncnc2c1c(I)cn2C1CC(N)C(O)C1O,drug_images\CID_1958.png
CID_1959,Bioactive Compound 1959,C29H37N3O6,CNc1ccc2oc(CC3OC4(CCC3C)OC(C(C)C(=O)c3ccc[nH]3)C(C)CC4C)nc2c1C(=O)O,drug_images\CID_1959.png
CID_1960,Bioactive Compound 1960,C12H13ClN2O2S,NCCNS(=O)(=O)c1cccc2c(Cl)cccc12,drug_images\CID_1960.png
CID_1961,Bioactive Compound 1961,C20H27NO3,NCC1OC(C23CC4CC(CC(C4)C2)C3)Cc2c1ccc(O)c2O,drug_images\CID_1961.png
CID_1962,Bioactive Compound 1962,C9H12N2O,c1cncc(OCC2CCN2)c1,drug_images\CID_1962.png
CID_1963,Bioactive Compound 1963,C17H12Cl2N4O,OCc1nnc2n1-c1ccc(Cl)cc1C(c1ccccc1Cl)=NC2,drug_images\CID_1963.png
CID_1964,Bioactive Compound 1964,C18H20O5,CC1OC(=O)c2c(O)cc(O)cc2C=CCC2CC(=O)CCC21,drug_images\CID_1964.png
CID_1965,Bioactive Compound 1965,C29H36N3O6-,CNc1ccc2oc(CC3OC4(CCC3C)OC(C(C)C(=O)c3ccc[nH]3)C(C)CC4C)nc2c1C(=O)[O-],drug_images\CID_1965.png
CID_1966,Bioactive Compound 1966,C44H56F2N8O6,CC(C)C(NC(=O)N(C)Cc1ccccn1)C(=O)NC(Cc1ccccc1)C(O)(O)C(F)(F)C(Cc1ccccc1)NC(=O)C(NC(=O)N(C)Cc1ccccn1)C(C)C,drug_images\CID_1966.png
CID_1967,Bioactive Compound 1967,C21H26O3,CC1=C(C)C(=O)C(CCCCC#CCCCC#CCO)=C(C)C1=O,drug_images\CID_1967.png
CID_1968,Bioactive Compound 1968,C20H30N7O16P3,NC1=CN(C2OC(COP(=O)(O)OP(=O)(O)OCC3OC(n4cnc5c(N)ncnc54)C(OP(=O)(O)O)C3O)C(O)C2O)C=CC1,drug_images\CID_1968.png
CID_1969,Bioactive Compound 1969,C8H18N6,[H]/N=C(\N)C(C)(C)/N=N/C(C)(C)/C(N)=N/[H],drug_images\CID_1969.png
CID_1970,Bioactive Compound 1970,C18H21N7O4,CNC(=O)C1OC(n2cnc3c(NCc4ccc(N)cc4)ncnc32)C(O)C1O,drug_images\CID_1970.png
CID_1971,Bioactive Compound 1971,C14H18N6O,Nc1nc(NC2CC2)c2ncn(C3C=CC(CO)C3)c2n1,drug_images\CID_1971.png
CID_1972,Bioactive Compound 1972,C47H73NO17,CC1C=CC=CC=CC=CC=CC=CC=CC(OC2OC(C)C(O)C(N)C2O)CC2OC(O)(CC(O)CC(O)C(O)CCC(O)CC(O)CC(=O)OC(C)C(C)C1O)CC(O)C2C(=O)O,drug_images\CID_1972.png
CID_1973,Bioactive Compound 1973,C22H19BrN6O,Nc1ncnc2nc(-c3ccc(N4CCOCC4)nc3)cc(-c3cccc(Br)c3)c12,drug_images\CID_1973.png
CID_1974,Bioactive Compound 1974,C21H23NO3,CCCCCc1ccc(C=CC(=O)Nc2ccccc2C(=O)O)cc1,drug_images\CID_1974.png
CID_1976,Bioactive Compound 1976,C25H45N3O16,CC1OC(NC2C(CO)OC(NC3C(CO)OC(O)C(O)C3O)C(O)C2O)C(O)C(O)C1NC1C=C(CO)C(O)C(O)C1O,drug_images\CID_1976.png
CID_1977,Bioactive Compound 1977,C22H36ClNO,CCCCCC=CCC=CCC=CCC=CCCCC(=O)NCCCl,drug_images\CID_1977.png
CID_1978,Bioactive Compound 1978,C18H28N2O4,CCCC(=O)Nc1ccc(OCC(O)CNC(C)C)c(C(C)=O)c1,drug_images\CID_1978.png
CID_1979,Bioactive Compound 1979,C9H15NO2,CC(=O)OC1CN2CCC1CC2,drug_images\CID_1979.png
CID_1980,Bioactive Compound 1980,C10H10O8,CC(=O)OC1C(=O)OC2C(OC(C)=O)C(=O)OC12,drug_images\CID_1980.png
CID_1981,Bioactive Compound 1981,C21H18ClNO6,COc1ccc2c(c1)c(CC(=O)OCC(=O)O)c(C)n2C(=O)c1ccc(Cl)cc1,drug_images\CID_1981.png
CID_1982,Bioactive Compound 1982,C4H10NO3PS,COP(=O)(NC(C)=O)SC,drug_images\CID_1982.png
CID_1983,Bioactive Compound 1983,C8H9NO2,CC(=O)Nc1ccc(O)cc1,drug_images\CID_1983.png
CID_1984,Bioactive Compound 1984,C15H13NO4,CC(=O)Nc1ccc(OC(=O)c2ccccc2O)cc1,drug_images\CID_1984.png
CID_1985,Bioactive Compound 1985,C8H10AsNO5,CC(=O)Nc1cc([As](=O)(O)O)ccc1O,drug_images\CID_1985.png
CID_1986,Bioactive Compound 1986,C4H6N4O3S2,CC(=O)Nc1nnc(S(N)(=O)=O)s1,drug_images\CID_1986.png
CID_1987,Bioactive Compound 1987,C23H26ClN7O2,CCc1nc(N)nc(N)c1-c1ccc(Cl)c(/N=N/N(CCOC(C)=O)Cc2ccccc2)c1,drug_images\CID_1987.png
CID_1988,Bioactive Compound 1988,C14H20ClNO2,CCOCN(C(=O)CCl)c1c(C)cccc1CC,drug_images\CID_1988.png
CID_1989,Bioactive Compound 1989,C15H20N2O4S,CC(=O)c1ccc(S(=O)(=O)NC(=O)NC2CCCCC2)cc1,drug_images\CID_1989.png
CID_1990,Bioactive Compound 1990,C2H5NO2,CC(=O)NO,drug_images\CID_1990.png
CID_1991,Bioactive Compound 1991,C31H57N5O9,CC(=O)NC(C(=O)NC(C(=O)NC(CC(C)C)C(O)CC(=O)NC(C)C(=O)NC(CC(C)C)C(O)CC(=O)O)C(C)C)C(C)C,drug_images\CID_1991.png
CID_1992,Bioactive Compound 1992,C30H37N5O13,CC(=O)NC(CC(=O)O)C(=O)NC(CCC(=O)O)C(=O)NC(C(=O)NC(CC(=O)O)C(=O)Nc1ccc2c(C)cc(=O)oc2c1)C(C)C,drug_images\CID_1992.png
CID_1993,Bioactive Compound 1993,C8H18NO2+,CC(=O)OC(C)C[N+](C)(C)C,drug_images\CID_1993.png
CID_1994,Bioactive Compound 1994,C20H33NO3S,CC(=O)NC(CSCC=C(C)CCC=C(C)CCC=C(C)C)C(=O)O,drug_images\CID_1994.png
CID_1995,Bioactive Compound 1995,C8H15NO3,CC(=O)NC(CC(C)C)C(=O)O,drug_images\CID_1995.png
CID_1996,Bioactive Compound 1996,C8H16NO4+,CC(=O)OC(CC(=O)O)[N+](C)(C)C,drug_images\CID_1996.png
CID_1997,Bioactive Compound 1997,C43H66O14,CC(=O)OC1CC(OC2C(O)CC(OC3C(O)CC(OC4CCC5(C)C(CCC6C5CCC5(C)C(C7=CC(=O)OC7)CCC65O)C4)OC3C)OC2C)OC(C)C1O,drug_images\CID_1997.png
CID_1998,Bioactive Compound 1998,C46H73NO17,COC1C(OC(C)=O)CC(=O)OC(C)CC=CC=CC(OC(C)=O)C(C)CC(CC=O)C1OC1OC(C)C(OC2CC(C)(O)C(OC(=O)CC(C)C)C(C)O2)C(N(C)C)C1OC(C)=O,drug_images\CID_1998.png
CID_1999,Bioactive Compound 1999,C13H16N2O3,CCC(C(=O)NC(=O)NC(C)=O)c1ccccc1,drug_images\CID_1999.png
CID_2000,Bioactive Compound 2000,C11H13NO3,CC(=O)NC(Cc1ccccc1)C(=O)O,drug_images\CID_2000.png
CID_2001,Bioactive Compound 2001,C47H78N2O16,COC1C(OC(C)=O)CC(=O)OC(C)CC=CC=CC(OC2CCC(N(C)C)C(C)O2)C(C)CC(CC=O)C1OC1OC(C)C(OC2CC(C)(O)C(OC(C)=O)C(C)O2)C(N(C)C)C1O,drug_images\CID_2001.png
CID_2002,Bioactive Compound 2002,C13H14N2O3,CC(=O)NC(Cc1c[nH]c2ccccc12)C(=O)O,drug_images\CID_2002.png
CID_2003,Bioactive Compound 2003,C13H15N3O2,CC(=O)NC(Cc1c[nH]c2ccccc12)C(N)=O,drug_images\CID_2003.png
CID_2004,Bioactive Compound 2004,C13H17NO4,CCOC(=O)C(Cc1ccc(O)cc1)NC(C)=O,drug_images\CID_2004.png
CID_2005,Bioactive Compound 2005,C8H15NO3,CC(=O)NCCCCCC(=O)O,drug_images\CID_2005.png
CID_2006,Bioactive Compound 2006,C9H7N5O3,O=C(O)C(=O)Nc1cccc(-c2nn[nH]n2)c1,drug_images\CID_2006.png
CID_2007,Bioactive Compound 2007,C5H7ClN2O3,NC(C(=O)O)C1CC(Cl)=NO1,drug_images\CID_2007.png
CID_2008,Bioactive Compound 2008,C42H53NO15,CCC1(O)CC(OC2CC(N(C)C)C(OC3CC(O)C(OC4CCC(=O)C(C)O4)C(C)O3)C(C)O2)c2c(cc3c(c2O)C(=O)c2c(O)cccc2C3=O)C1C(=O)OC,drug_images\CID_2008.png
CID_2009,Bioactive Compound 2009,C10H20NO4+,CC(=O)OC(C)C(=O)OCC[N+](C)(C)C,drug_images\CID_2009.png
CID_2010,Bioactive Compound 2010,C22H28N6O14P2,CC(=O)c1ccc[n+](C2OC(COP(=O)([O-])OP(=O)(O)OCC3OC(n4cnc5c(N)ncnc54)C(O)C3O)C(O)C2O)c1,drug_images\CID_2010.png
CID_2011,Bioactive Compound 2011,C22H29N6O14P2+,CC(=O)c1ccc[n+](C2OC(COP(=O)(O)OP(=O)(O)OCC3OC(n4cnc5c(N)ncnc54)C(O)C3O)C(O)C2O)c1,drug_images\CID_2011.png
CID_2012,Bioactive Compound 2012,C34H47NO11,CCN1CC2(COC)C(O)CC(OC)C34C5CC6(O)C(OC)C(O)C(OC(C)=O)(C5C6OC(=O)c5ccccc5)C(C(OC)C23)C14,drug_images\CID_2012.png
CID_2013,Bioactive Compound 2013,C25H41NO,CCCCCC=CCC=CCC=CCC=CCCCC(=O)NCCC1CC1,drug_images\CID_2013.png
CID_2014,Bioactive Compound 2014,C14H13ClN4O,[H]/N=C(\N)c1ccc(NC(=O)Nc2ccc(Cl)cc2)cc1,drug_images\CID_2014.png
CID_2015,Bioactive Compound 2015,C13H9NO,O=c1c2ccccc2[nH]c2ccccc12,drug_images\CID_2015.png
CID_2016,Bioactive Compound 2016,C14H14N3+,C[n+]1c2cc(N)ccc2cc2ccc(N)cc21,drug_images\CID_2016.png
CID_2017,Bioactive Compound 2017,C15H15N3O,CCOc1ccc2nc3cc(N)ccc3c(N)c2c1,drug_images\CID_2017.png
CID_2018,Bioactive Compound 2018,C10H11NO3,CC(=O)Nc1ccc(CC(=O)O)cc1,drug_images\CID_2018.png
CID_2019,Bioactive Compound 2019,C62H86N12O16,Cc1c2oc3c(C)ccc(C(=O)NC4C(=O)NC(C(C)C)C(=O)N5CCCC5C(=O)N(C)CC(=O)N(C)C(C(C)C)C(=O)OC4C)c3nc-2c(C(=O)NC2C(=O)NC(C(C)C)C(=O)N3CCCC3C(=O)N(C)CC(=O)N(C)C(C(C)C)C(=O)OC2C)c(N)c1=O,drug_images\CID_2019.png
CID_2020,Bioactive Compound 2020,C19H35N3O5,CCCCCC(CC(=O)NO)C(=O)NC(C(=O)N1CCCC1CO)C(C)C,drug_images\CID_2020.png
CID_2021,Bioactive Compound 2021,C14H24N2O7,CNC1C(O)C(NC)C2OC3(O)C(=O)CC(C)OC3OC2C1O,drug_images\CID_2021.png
CID_2023,Bioactive Compound 2023,C16H26N5O18P3,Nc1ncnc2c1ncn2C1OC(CO)C(OC2OC(CO)C(OP(=O)(O)O)C(OP(=O)(O)O)C2O)C1OP(=O)(O)O,drug_images\CID_2023.png
CID_2024,Bioactive Compound 2024,C10H12N5O6P,Nc1ncnc2c1ncn2C1OC(CO)C2OP(=O)(O)OC21,drug_images\CID_2024.png
CID_2026,Bioactive Compound 2026,C28H32N8O6,NCCNC(=O)Cc1ccc(NC(=O)Cc2ccc(Nc3ncnc4c3ncn4C3OC(CO)C(O)C3O)cc2)cc1,drug_images\CID_2026.png
CID_2027,Bioactive Compound 2027,C10H15N5O10P2,Nc1ncnc2c1ncn2C1OC(COP(=O)(O)O)C(O)C1OP(=O)(O)O,drug_images\CID_2027.png
CID_2028,Bioactive Compound 2028,C10H16N5O12P3S,Nc1ncnc2c1ncn2C1OC(COP(=O)(O)OP(=O)(O)OP(O)(O)=S)C(O)C1O,drug_images\CID_2028.png
CID_2029,Bioactive Compound 2029,C19H27N7O20P4,Nc1ncnc2c1ncn2C1OC(COP(=O)(O)OP(=O)(O)OC2CC(n3ccc(=O)[nH]c3=O)OC2COP(=O)(O)O)C(OP(=O)(O)O)C1O,drug_images\CID_2029.png
CID_2030,Bioactive Compound 2030,C19H25N7O15P2,Nc1ncnc2c1ncn2C1OC(CO)C(OP(=O)(O)OCC2OC(n3ccc(=O)[nH]c3=O)C(O)C2OP(=O)(O)O)C1O,drug_images\CID_2030.png
CID_2031,Bioactive Compound 2031,C20H25NO2,CCN(CC)CCOC(=O)C(c1ccccc1)c1ccccc1,drug_images\CID_2031.png
CID_2032,Bioactive Compound 2032,C20H34N2O2,CCCCCCCCCCN(C)c1cc(CO)cc(NC(C)=O)c1,drug_images\CID_2032.png
CID_2033,Bioactive Compound 2033,C22H36O2,CCCCCC=CCC=CCC=CCC=CCCCCCC(=O)O,drug_images\CID_2033.png
CID_2034,Bioactive Compound 2034,C10H13N5O2,[H]/N=C(N)/N=N/c1cc2c(cc1O)N(C)CC2O,drug_images\CID_2034.png
CID_2035,Bioactive Compound 2035,C22H36O3,CCCCCC=CCC=CCC=CCC=CCCCC(=O)OCCO,drug_images\CID_2035.png
CID_2036,Bioactive Compound 2036,C9H9Br2NO3,COC1=C(Br)C(O)C(O)(CC#N)C=C1Br,drug_images\CID_2036.png
CID_2037,Bioactive Compound 2037,C29H46N6O9S,CCC(C)C(NC(=O)C(O)Cc1ccc(O)cc1)C(=O)N1C(C(=O)NCCCCN=C(N)N)CC2CCC(OS(=O)(=O)O)CC21,drug_images\CID_2037.png
CID_2039,Bioactive Compound 2039,C3H9N3S,[H]/N=C(\N)SCCN,drug_images\CID_2039.png
CID_2040,Bioactive Compound 2040,C16H14FN3O,Cc1ccccc1-n1c(CF)nc2ccc(N)cc2c1=O,drug_images\CID_2040.png
CID_2041,Bioactive Compound 2041,C10H5N3O2,N#CC(C#N)=Cc1ccc([N+](=O)[O-])cc1,drug_images\CID_2041.png
CID_2042,Bioactive Compound 2042,C15H9N5,N#CC(=Cc1ccc2[nH]ccc2c1)C(N)=C(C#N)C#N,drug_images\CID_2042.png
CID_2044,Bioactive Compound 2044,C14H13BrN2O,CC(C)(C)c1cc(C=C(C#N)C#N)cc(Br)c1O,drug_images\CID_2044.png
CID_2045,Bioactive Compound 2045,C13H8N4O,N#CC(=Cc1ccc(O)cc1)C(N)=C(C#N)C#N,drug_images\CID_2045.png
CID_2046,Bioactive Compound 2046,C10H5N3O3,N#CC(C#N)=Cc1ccc([N+](=O)[O-])c(O)c1,drug_images\CID_2046.png
CID_2048,Bioactive Compound 2048,C16H14N2,Cc1cc2ncc(-c3ccccc3)nc2cc1C,drug_images\CID_2048.png
CID_2049,Bioactive Compound 2049,C16H14N2O2,COc1cc2ncc(-c3ccccc3)nc2cc1OC,drug_images\CID_2049.png
CID_2050,Bioactive Compound 2050,C16H14N2O2,Cc1cc2ncc(-c3ccc(O)c(O)c3)nc2cc1C,drug_images\CID_2050.png
CID_2051,Bioactive Compound 2051,C16H14ClN3O2,COc1cc2ncnc(Nc3cccc(Cl)c3)c2cc1OC,drug_images\CID_2051.png
CID_2052,Bioactive Compound 2052,C10H6N2O2,N#CC(C#N)=Cc1ccc(O)c(O)c1,drug_images\CID_2052.png
CID_2054,Bioactive Compound 2054,C10H7NO4,N#CC(=Cc1ccc(O)c(O)c1)C(=O)O,drug_images\CID_2054.png
CID_2055,Bioactive Compound 2055,C16H12N2O3,N#CC(=Cc1ccc(O)c(O)c1)C(=O)Nc1ccccc1,drug_images\CID_2055.png
CID_2056,Bioactive Compound 2056,C18H16N2O3,CC(NC(=O)C(C#N)=Cc1ccc(O)c(O)c1)c1ccccc1,drug_images\CID_2056.png
CID_2057,Bioactive Compound 2057,C16H11NO5,N#CC(=Cc1ccc(O)c(O)c1)C(=O)c1ccc(O)c(O)c1,drug_images\CID_2057.png
CID_2058,Bioactive Compound 2058,C19H18N2O3,N#CC(=Cc1ccc(O)c(O)c1)C(=O)NCCCc1ccccc1,drug_images\CID_2058.png
CID_2059,Bioactive Compound 2059,C20H20N2O3,N#CC(=Cc1ccc(O)c(O)c1)C(=O)NCCCCc1ccccc1,drug_images\CID_2059.png
CID_2060,Bioactive Compound 2060,C31H41FN4O7,CCOC(=O)CCC(CC1CCNC1=O)NC(=O)C(CC(=O)C(NC(=O)c1cc(C)on1)C(C)C)Cc1ccc(F)cc1,drug_images\CID_2060.png
CID_2061,Bioactive Compound 2061,C10H6N2O3,N#CC(C#N)=Cc1cc(O)c(O)c(O)c1,drug_images\CID_2061.png
CID_2062,Bioactive Compound 2062,C19H15N3O3S2,COc1cc(C=C(C#N)C(N)=O)cc(CSc2nc3ccccc3s2)c1O,drug_images\CID_2062.png
CID_2063,Bioactive Compound 2063,C11H8N2O,COc1ccc(C=C(C#N)C#N)cc1,drug_images\CID_2063.png
CID_2064,Bioactive Compound 2064,C15H15NO4,COC(=O)c1ccc(NCc2cc(O)ccc2O)cc1,drug_images\CID_2064.png
CID_2065,Bioactive Compound 2065,C10H8N2O3,N#CC(=Cc1ccc(O)c(O)c1)C(N)=O,drug_images\CID_2065.png
CID_2066,Bioactive Compound 2066,C15H25NO3S,CC(=O)NC(CSCC=C(C)CCC=C(C)C)C(=O)O,drug_images\CID_2066.png
CID_2067,Bioactive Compound 2067,C25H41NO3S,CC(=O)NC(CSCC=C(C)CCC=C(C)CCC=C(C)CCC=C(C)C)C(=O)O,drug_images\CID_2067.png
CID_2068,Bioactive Compound 2068,C10H19N,CC(C)C1C2CCC(C2)C1N,drug_images\CID_2068.png
CID_2069,Bioactive Compound 2069,C33H34N2O5,O=C1N(Cc2ccccc2)C(COc2ccccc2)C(O)C(O)C(COc2ccccc2)N1Cc1ccccc1,drug_images\CID_2069.png
CID_2070,Bioactive Compound 2070,C35H40N2O9S,COC(O)c1ccc(CN2C(COc3ccccc3)C(O)C(O)C(COc3ccccc3)N(Cc3ccc(CO)cc3)S2(=O)=O)cc1,drug_images\CID_2070.png
CID_2071,Bioactive Compound 2071,C11H11NO4,NC1(C(=O)O)CCc2cc(C(=O)O)ccc21,drug_images\CID_2071.png
CID_2072,Bioactive Compound 2072,C9H8N2O,Nc1cccc2c(=O)[nH]ccc12,drug_images\CID_2072.png
CID_2073,Bioactive Compound 2073,C20H26N2O2,CCC1C2CC3C4N(C)c5ccccc5C45CC(C2C5O)N3C1O,drug_images\CID_2073.png
CID_2074,Bioactive Compound 2074,C30H35NO10,CCC1(O)CC(OC2CC(N(C)C)C(O)C(C)O2)c2c(cc3c(c2O)C(=O)c2c(O)cccc2C3=O)C1C(=O)OC,drug_images\CID_2074.png
CID_2075,Bioactive Compound 2075,C7H5ClN2O3,NC(=O)c1ccc([N+](=O)[O-])cc1Cl,drug_images\CID_2075.png
CID_2076,Bioactive Compound 2076,C30H58O10,CCCCCCCCCCCCCCCCCCOCC(COC(=O)OC1C(O)C(O)C(O)C(CO)C1O)OC,drug_images\CID_2076.png
CID_2077,Bioactive Compound 2077,C20H26N2O5S,CC(=O)SCC(C)C(=O)N1CCCC1C(=O)NC(Cc1ccccc1)C(=O)O,drug_images\CID_2077.png
CID_2078,Bioactive Compound 2078,C14H20ClNO2,CCc1cccc(CC)c1N(COC)C(=O)CCl,drug_images\CID_2078.png
CID_2079,Bioactive Compound 2079,C9H18N2O3,CC(C)CC(NC(=O)CCN)C(=O)O,drug_images\CID_2079.png
CID_2080,Bioactive Compound 2080,C12H16N2O3,CC(N)C(=O)NC(Cc1ccccc1)C(=O)O,drug_images\CID_2080.png
CID_2081,Bioactive Compound 2081,C13H18ClNO2,CC(N)C(=O)OC(C)(C)Cc1ccc(Cl)cc1,drug_images\CID_2081.png
CID_2082,Bioactive Compound 2082,C12H15N3O2S,CCCSc1ccc2nc(NC(=O)OC)[nH]c2c1,drug_images\CID_2082.png
CID_2083,Bioactive Compound 2083,C13H21NO3,CC(C)(C)NCC(O)c1ccc(O)c(CO)c1,drug_images\CID_2083.png
CID_2084,Bioactive Compound 2084,C11H13ClO3,CCCOc1ccc(CC(=O)O)cc1Cl,drug_images\CID_2084.png
CID_2085,Bioactive Compound 2085,C28H37ClO7,CCC(=O)OCC(=O)C1(OC(=O)CC)C(C)CC2C3C(Cl)CC4=CC(=O)C=CC4(C)C3C(O)CC21C,drug_images\CID_2085.png
CID_2086,Bioactive Compound 2086,C7H14N2O2S,CNC(=O)ON=CC(C)(C)SC,drug_images\CID_2086.png
CID_2087,Bioactive Compound 2087,C12H8Cl6,ClC1=C(Cl)C2(Cl)C3C4C=CC(C4)C3C1(Cl)C2(Cl)Cl,drug_images\CID_2087.png
CID_2088,Bioactive Compound 2088,C4H13NO7P2,NCCCC(O)(P(=O)(O)O)P(=O)(O)O,drug_images\CID_2088.png
CID_2089,Bioactive Compound 2089,C30H44O2,C=C1C(=O)C(CC2C(=O)CC3C4CCC(C)C23CC4(C)C)C2C3CCC(C)C12CC3(C)C,drug_images\CID_2089.png
CID_2090,Bioactive Compound 2090,C26H56N10,CCCCC(CC)C/N=C(\N)N/C(N)=N/CCCCCC/N=C(\N)N/C(N)=N/CC(CC)CCCC,drug_images\CID_2090.png
CID_2091,Bioactive Compound 2091,C27H44O2,C=C1C(=CC=C2CCCC3(C)C2CCC3C(C)CCCC(C)C)CC(O)CC1O,drug_images\CID_2091.png
CID_2092,Bioactive Compound 2092,C19H27N5O4,COc1cc2nc(N(C)CCCNC(=O)C3CCCO3)nc(N)c2cc1OC,drug_images\CID_2092.png
CID_2093,Bioactive Compound 2093,C20H30,CC=C(C)C=CC=C(C)C=CC1=C(C)CCCC1(C)C,drug_images\CID_2093.png
CID_2095,Bioactive Compound 2095,C9H16N2O4,CN(C)C1=NC2C(O)C(O)C(CO)C2O1,drug_images\CID_2095.png
CID_2096,Bioactive Compound 2096,C21H32O,C=CCC1(O)CCC2C3CCC4=CCCCC4C3CCC21C,drug_images\CID_2096.png
CID_2097,Bioactive Compound 2097,C13H17NO2,C=C(C)CNc1ccc(C(C)C(=O)O)cc1,drug_images\CID_2097.png
CID_2098,Bioactive Compound 2098,C21H22O10,O=C1c2c(O)cccc2C(OC2OC(CO)C(O)C(O)C2O)c2cc(CO)cc(O)c21,drug_images\CID_2098.png
CID_2099,Bioactive Compound 2099,C17H18N4O,Cc1[nH]cnc1CN1CCc2c(c3ccccc3n2C)C1=O,drug_images\CID_2099.png
CID_2100,Bioactive Compound 2100,C39H54N10O14S,CCC(C)C1NC(=O)CNC(=O)C2Cc3c([nH]c4cc(O)ccc34)S(=O)CC(NC(=O)CNC1=O)C(=O)NC(CC(N)=O)C(=O)N1CC(O)CC1C(=O)NC(C(C)C(O)CO)C(=O)N2,drug_images\CID_2100.png
CID_2101,Bioactive Compound 2101,C10H7NO3,N#CC(=Cc1cccc(O)c1)C(=O)O,drug_images\CID_2101.png
CID_2102,Bioactive Compound 2102,C10H7NO3,N#CC(=Cc1ccc(O)cc1)C(=O)O,drug_images\CID_2102.png
CID_2103,Bioactive Compound 2103,C23H38FN8O17P3,CC(C)(COP(=O)(O)OP(=O)(O)OCC1OC(n2cnc3c(N)ncnc32)C(O)C1OP(=O)(O)O)C(O)C(=O)NCCC(=O)NCCC(F)C(N)=O,drug_images\CID_2103.png
CID_2104,Bioactive Compound 2104,C23H37FN7O18P3,CC(C)(COP(=O)(O)OP(=O)(O)OCC1OC(n2cnc3c(N)ncnc32)C(O)C1OP(=O)(O)O)C(O)C(=O)NCCC(=O)NCCC(F)C(=O)O,drug_images\CID_2104.png
CID_2105,Bioactive Compound 2105,C6H11N3O4,NC(N)=NC(CCC(=O)O)C(=O)O,drug_images\CID_2105.png
CID_2106,Bioactive Compound 2106,C15H27O4P,CC(C)=CCCC(C)=CCCC(C)=CC(O)P(=O)(O)O,drug_images\CID_2106.png
CID_2107,Bioactive Compound 2107,C11H14N2O,CC(N)Cc1c[nH]c2ccc(O)cc12,drug_images\CID_2107.png
CID_2108,Bioactive Compound 2108,C7H14O6,COC1OC(CO)C(O)C(O)C1O,drug_images\CID_2108.png
CID_2109,Bioactive Compound 2109,C5H9NO4,CC(N)(CC(=O)O)C(=O)O,drug_images\CID_2109.png
CID_2110,Bioactive Compound 2110,C10H13NO3,CC(N)(Cc1cccc(O)c1)C(=O)O,drug_images\CID_2110.png
CID_2111,Bioactive Compound 2111,C6H13NO2S,CSCCC(C)(N)C(=O)O,drug_images\CID_2111.png
CID_2112,Bioactive Compound 2112,C11H15NO3,COC(=O)C(C)(N)Cc1ccc(O)cc1,drug_images\CID_2112.png
CID_2113,Bioactive Compound 2113,C6H14N2O2,CC(N)(CCCN)C(=O)O,drug_images\CID_2113.png
CID_2114,Bioactive Compound 2114,C10H8NaO4P,O=P([O-])(O)Oc1cccc2ccccc12.[Na+],drug_images\CID_2114.png
CID_2115,Bioactive Compound 2115,C10H9O4P,O=P(O)(O)Oc1cccc2ccccc12,drug_images\CID_2115.png
CID_2116,Bioactive Compound 2116,C29H50O2,Cc1c(C)c2c(c(C)c1O)CCC(C)(CCCC(C)CCCC(C)CCCC(C)C)O2,drug_images\CID_2116.png
CID_2117,Bioactive Compound 2117,C31H52O3,CC(=O)Oc1c(C)c(C)c2c(c1C)CCC(C)(CCCC(C)CCCC(C)CCCC(C)C)O2,drug_images\CID_2117.png
CID_2118,Bioactive Compound 2118,C17H13ClN4,Cc1nnc2n1-c1ccc(Cl)cc1C(c1ccccc1)=NC2,drug_images\CID_2118.png
CID_2119,Bioactive Compound 2119,C15H23NO2,C=CCc1ccccc1OCC(O)CNC(C)C,drug_images\CID_2119.png
CID_2120,Bioactive Compound 2120,C14H9NO4,O=C(O)CN1C(=O)c2cccc3cccc(c23)C1=O,drug_images\CID_2120.png
CID_2122,Bioactive Compound 2122,C11H14ClN3O4S3,C=CCSCC1Nc2cc(Cl)c(S(N)(=O)=O)cc2S(=O)(=O)N1,drug_images\CID_2122.png
CID_2123,Bioactive Compound 2123,C9H18N6,CN(C)c1nc(N(C)C)nc(N(C)C)n1,drug_images\CID_2123.png
CID_2124,Bioactive Compound 2124,AlF3,[F][Al]([F])[F],drug_images\CID_2124.png
CID_2125,Bioactive Compound 2125,C22H21Cl2IN4O,Cc1c(C(=O)NN2CCCCC2)nn(-c2ccc(Cl)cc2Cl)c1-c1ccc(I)cc1,drug_images\CID_2125.png
CID_2126,Bioactive Compound 2126,C22H25NO3,CC1(C)CCC(C)(C)c2cc(C(=O)Nc3ccc(C(=O)O)cc3)ccc21,drug_images\CID_2126.png
CID_2127,Bioactive Compound 2127,C26H37NO2,CCCCCC=CCC=CCC=CCC=CCCCC(=O)Nc1ccc(O)cc1,drug_images\CID_2127.png
CID_2128,Bioactive Compound 2128,C19H25Cl2N2O4S+,C[NH+](CCc1ccc(Cl)c(Cl)c1)CC(O)COc1ccc(NS(C)(=O)=O)cc1,drug_images\CID_2128.png
CID_2129,Bioactive Compound 2129,C19H24Cl2N2O4S,CN(CCc1ccc(Cl)c(Cl)c1)CC(O)COc1ccc(NS(C)(=O)=O)cc1,drug_images\CID_2129.png
CID_2130,Bioactive Compound 2130,C10H17N,NC12CC3CC(CC(C3)C1)C2,drug_images\CID_2130.png
CID_2131,Bioactive Compound 2131,C28H42Cl2N4O2+2,CC[N+](CC)(CCNC(=O)C(=O)NCC[N+](CC)(CC)Cc1ccccc1Cl)Cc1ccccc1Cl,drug_images\CID_2131.png
CID_2132,Bioactive Compound 2132,C13H18Br2N2O,Nc1c(Br)cc(Br)cc1CNC1CCC(O)CC1,drug_images\CID_2132.png
CID_2133,Bioactive Compound 2133,C28H35FO7,CC(=O)OCC(=O)C12OC3(CCCC3)OC1CC1C3CCC4=CC(=O)C=CC4(C)C3(F)C(O)CC12C,drug_images\CID_2133.png
CID_2134,Bioactive Compound 2134,C22H28N4O4,O=C1c2ccccc2C(=O)c2c(NCCNCCO)ccc(NCCNCCO)c21,drug_images\CID_2134.png
CID_2135,Bioactive Compound 2135,C11H12N3O+,COc1c[n+](-c2ccccc2)ncc1N,drug_images\CID_2135.png
CID_2136,Bioactive Compound 2136,C15H13NO3,Nc1c(CC(=O)O)cccc1C(=O)c1ccccc1,drug_images\CID_2136.png
CID_2137,Bioactive Compound 2137,C18H16N2O3,CCn1cc(C(=O)O)c(=O)c2ccc(Cc3ccccc3)nc21,drug_images\CID_2137.png
CID_2138,Bioactive Compound 2138,C10H10N2O3,[H]/N=C(\N)c1ccc(CC(=O)C(=O)O)cc1,drug_images\CID_2138.png
CID_2139,Bioactive Compound 2139,C23H39N8O17P3,CC(C)(COP(=O)(O)OP(=O)(O)OCC1OC(n2cnc3c(N)ncnc32)C(O)C1OP(=O)(O)O)C(O)C(=O)NCCC(=O)NCCCC(N)=O,drug_images\CID_2139.png
CID_2140,Bioactive Compound 2140,C11H9I3N2O4,CC(=O)Nc1c(I)c(NC(C)=O)c(I)c(C(=O)O)c1I,drug_images\CID_2140.png
CID_2141,Bioactive Compound 2141,C5H15N2O3PS,NCCCNCCSP(=O)(O)O,drug_images\CID_2141.png
CID_2142,Bioactive Compound 2142,C22H43N5O13,NCCC(O)C(=O)NC1CC(N)C(OC2OC(CN)C(O)C(O)C2O)C(O)C1OC1OC(CO)C(O)C(N)C1O,drug_images\CID_2142.png
CID_2143,Bioactive Compound 2143,C21H26N2O,CN1C2CCC1CC(OC(c1ccccc1)c1ccccc1N)C2,drug_images\CID_2143.png
CID_2144,Bioactive Compound 2144,C13H21N3O5S,NCCOCCOCCNC(=O)c1ccc(S(N)(=O)=O)cc1,drug_images\CID_2144.png
CID_2145,Bioactive Compound 2145,C13H16N2O2,CCC1(c2ccc(N)cc2)CCC(=O)NC1=O,drug_images\CID_2145.png
CID_2146,Bioactive Compound 2146,CH6N4,NN=C(N)N,drug_images\CID_2146.png
CID_2147,Bioactive Compound 2147,C13H17N,NC12CCCCC1Cc1ccccc12,drug_images\CID_2147.png
CID_2148,Bioactive Compound 2148,C9H10N2O3,Nc1ccc(C(=O)NCC(=O)O)cc1,drug_images\CID_2148.png
CID_2149,Bioactive Compound 2149,C4H9NO3,NCC(O)CC(=O)O,drug_images\CID_2149.png
CID_2150,Bioactive Compound 2150,C15H24N4O6S,NCC(=O)NCCOCCOCCNC(=O)c1ccc(S(N)(=O)=O)cc1,drug_images\CID_2150.png
CID_2151,Bioactive Compound 2151,C11H13N3O,Cc1c(N)c(=O)n(-c2ccccc2)n1C,drug_images\CID_2151.png
CID_2153,Bioactive Compound 2153,C7H8N4O2,Cn1c(=O)c2[nH]cnc2n(C)c1=O,drug_images\CID_2153.png
CID_2154,Bioactive Compound 2154,C19H20N8O5,Nc1nc(N)c2nc(CNc3ccc(C(=O)NC(CCC(=O)O)C(=O)O)cc3)cnc2n1,drug_images\CID_2154.png
CID_2155,Bioactive Compound 2155,C3H4N2S,Nc1nccs1,drug_images\CID_2155.png
CID_2156,Bioactive Compound 2156,C25H30I2NO3+,CCCCc1oc2ccccc2c1C(=O)c1cc(I)c(OCC[NH+](CC)CC)c(I)c1,drug_images\CID_2156.png
CID_2157,Bioactive Compound 2157,C25H29I2NO3,CCCCc1oc2ccccc2c1C(=O)c1cc(I)c(OCCN(CC)CC)c(I)c1,drug_images\CID_2157.png
CID_2158,Bioactive Compound 2158,C14H27NO6,CN(C)CCCOC1C(C(O)CO)OC2OC(C)(C)OC21,drug_images\CID_2158.png
CID_2159,Bioactive Compound 2159,C17H27N3O4S,CCN1CCCC1CNC(=O)c1cc(S(=O)(=O)CC)c(N)cc1OC,drug_images\CID_2159.png
CID_2160,Bioactive Compound 2160,C20H23N,CN(C)CCC=C1c2ccccc2CCc2ccccc21,drug_images\CID_2160.png
CID_2161,Bioactive Compound 2161,C16H14N2O4,CC(C)c1ccc2oc3nc(N)c(C(=O)O)cc3c(=O)c2c1,drug_images\CID_2161.png
CID_2162,Bioactive Compound 2162,C20H25ClN2O5,CCOC(=O)C1=C(COCCN)NC(C)=C(C(=O)OC)C1c1ccccc1Cl,drug_images\CID_2162.png
CID_2163,Bioactive Compound 2163,C11H17N2O3-,CCC1(CCC(C)C)C(=O)NC(=O)N=C1[O-],drug_images\CID_2163.png
CID_2164,Bioactive Compound 2164,C11H18N2O3,CCC1(CCC(C)C)C(=O)NC(=O)NC1=O,drug_images\CID_2164.png
CID_2165,Bioactive Compound 2165,C20H22ClN3O,CCN(CC)Cc1cc(Nc2ccnc3cc(Cl)ccc23)ccc1O,drug_images\CID_2165.png
CID_2166,Bioactive Compound 2166,C20H22ClN3O,CCN(CC)Cc1ccc(Nc2ccnc3cc(Cl)ccc23)cc1O,drug_images\CID_2166.png
CID_2167,Bioactive Compound 2167,C35H46N6O8S,CCC(C)(C)OC(=O)NC(Cc1c[nH]c2ccccc12)C(=O)NC(CCSC)C(=O)NC(CC(=O)O)C(=O)NC(Cc1ccccc1)C(N)=O,drug_images\CID_2167.png
CID_2168,Bioactive Compound 2168,C21H35NO,CCC(C)(C)c1ccc(CC(C)CN2CC(C)OC(C)C2)cc1,drug_images\CID_2168.png
CID_2169,Bioactive Compound 2169,C18H24N2O5S,COc1ccccc1OCCNCC(O)c1ccc(C)c(S(N)(=O)=O)c1,drug_images\CID_2169.png
CID_2170,Bioactive Compound 2170,C17H16ClN3O,Clc1ccc2c(c1)C(N1CCNCC1)=Nc1ccccc1O2,drug_images\CID_2170.png
CID_2171,Bioactive Compound 2171,C16H19N3O5S,CC1(C)SC2C(NC(=O)C(N)c3ccc(O)cc3)C(=O)N2C1C(=O)O,drug_images\CID_2171.png
CID_2172,Bioactive Compound 2172,C8H9NO5,O=C(O)C1C(=CCO)OC2CC(=O)N21,drug_images\CID_2172.png
CID_2173,Bioactive Compound 2173,C16H18N3O4S-,CC1(C)SC2C(NC(=O)C(N)c3ccccc3)C(=O)N2C1C(=O)[O-],drug_images\CID_2173.png
CID_2174,Bioactive Compound 2174,C16H19N3O4S,CC1(C)SC2C(NC(=O)C(N)c3ccccc3)C(=O)N2C1C(=O)O,drug_images\CID_2174.png
CID_2175,Bioactive Compound 2175,C25H30N4O9S2,CC1(C)SC2C(NC(=O)C(N)c3ccccc3)C(=O)N2C1C(=O)OCOC(=O)C1N2C(=O)CC2S(=O)(=O)C1(C)C,drug_images\CID_2175.png
CID_2176,Bioactive Compound 2176,C20H21N3O7S,CCOC(=O)OC(C)OC1=C(C(=O)Nc2ccccn2)N(C)S(=O)(=O)c2ccccc21,drug_images\CID_2176.png
CID_2177,Bioactive Compound 2177,C25H35N3O6S,CC(C)CN(CC(O)C(Cc1ccccc1)NC(=O)OC1CCOC1)S(=O)(=O)c1ccc(N)cc1,drug_images\CID_2177.png
CID_2178,Bioactive Compound 2178,C14H19N4+,CCCc1ncc(C[n+]2ccccc2C)c(N)n1,drug_images\CID_2178.png
CID_2179,Bioactive Compound 2179,C21H19N3O3S,COc1cc(NS(C)(=O)=O)ccc1Nc1c2ccccc2nc2ccccc12,drug_images\CID_2179.png
CID_2180,Bioactive Compound 2180,C20H27NO11,N#CC(OC1OC(COC2OC(CO)C(O)C(O)C2O)C(O)C(O)C1O)c1ccccc1,drug_images\CID_2180.png
CID_2181,Bioactive Compound 2181,C10H14N2,c1cncc(C2CCCCN2)c1,drug_images\CID_2181.png
CID_2183,Bioactive Compound 2183,C20H37NO2,CCCCCC=CCC=CCCCCCCCC(=O)NCCO,drug_images\CID_2183.png
CID_2184,Bioactive Compound 2184,C22H39NO2,CCCCCC=CCC=CCC=CCCCCCCC(=O)NCCO,drug_images\CID_2184.png
CID_2185,Bioactive Compound 2185,C22H37NO2,CCCCCC=CCC=CCC=CCC=CCCCC(=O)NCCO,drug_images\CID_2185.png
CID_2186,Bioactive Compound 2186,C24H41NO2,CCCCCC=CCC=CCC=CCC=CCCCCCC(=O)NCCO,drug_images\CID_2186.png
CID_2187,Bioactive Compound 2187,C17H19N5,CC(C)(C#N)c1cc(Cn2cncn2)cc(C(C)(C)C#N)c1,drug_images\CID_2187.png
CID_2188,Bioactive Compound 2188,C8H4ClNO8S2-2,O=S(=O)([O-])Oc1cc2c(ccn2S(=O)(=O)[O-])c(Cl)c1O,drug_images\CID_2188.png
CID_2189,Bioactive Compound 2189,C8H6ClNO8S2,O=S(=O)(O)Oc1cc2c(ccn2S(=O)(=O)O)c(Cl)c1O,drug_images\CID_2189.png
CID_2190,Bioactive Compound 2190,C8H5ClNO5S-,O=S(=O)([O-])n1ccc2c(Cl)c(O)c(O)cc21,drug_images\CID_2190.png
CID_2191,Bioactive Compound 2191,C8H6ClNO5S,O=S(=O)(O)n1ccc2c(Cl)c(O)c(O)cc21,drug_images\CID_2191.png
CID_2192,Bioactive Compound 2192,C19H24O2,CC12C=CC(=O)C=C1CCC1C2CCC2(C)C(=O)CCC12,drug_images\CID_2192.png
CID_2193,Bioactive Compound 2193,C19H26O2,CC12CCC3C(CCC4=CC(=O)CCC43C)C1CCC2=O,drug_images\CID_2193.png
CID_2194,Bioactive Compound 2194,C10H8OS3,COc1ccc(-c2cc(=S)ss2)cc1,drug_images\CID_2194.png
CID_2195,Bioactive Compound 2195,C32H46O9,COC(CCC(C)C1OC23CC(OC(=O)CC(C(C)O)OC(=O)CC(=C(C)CC2(C)C)O3)C1C)c1cccc(O)c1,drug_images\CID_2195.png
CID_2196,Bioactive Compound 2196,C12H13NO3,COc1ccc(C(=O)N2CCCC2=O)cc1,drug_images\CID_2196.png
CID_2197,Bioactive Compound 2197,C16H12O3,COc1ccc(C2C(=O)c3ccccc3C2=O)cc1,drug_images\CID_2197.png
CID_2198,Bioactive Compound 2198,C17H23NO4,CN1C2CC(OC(=O)C(CO)c3ccccc3)CC1C(O)C2,drug_images\CID_2198.png
CID_2199,Bioactive Compound 2199,C14H19NO4,COc1ccc(CC2NCC(O)C2OC(C)=O)cc1,drug_images\CID_2199.png
CID_2200,Bioactive Compound 2200,C17H19N3,c1ccc(CN(CC2=NCCN2)c2ccccc2)cc1,drug_images\CID_2200.png
CID_2201,Bioactive Compound 2201,C15H10O2,O=C(O)c1c2ccccc2cc2ccccc12,drug_images\CID_2201.png
CID_2202,Bioactive Compound 2202,C14H10O3,O=C1c2c(O)cccc2Cc2cccc(O)c21,drug_images\CID_2202.png
CID_2203,Bioactive Compound 2203,C22H22O7,COc1cc(C2c3cc4c(cc3CC3COC(=O)C32)OCO4)cc(OC)c1OC,drug_images\CID_2203.png
CID_2204,Bioactive Compound 2204,C27H38N2O9,CCCCCC1C(=O)OC(C)C(NC(=O)c2cccc(NC=O)c2O)C(=O)OC(C)C1OC(=O)CC(C)C,drug_images\CID_2204.png
CID_2205,Bioactive Compound 2205,C27H44N10O6,CC(C)C(NC(=O)C(CCCN=C(N)N)NC(=O)NC(Cc1ccccc1)C(=O)O)C(=O)NC(C=O)CCCN=C(N)N,drug_images\CID_2205.png
CID_2206,Bioactive Compound 2206,C11H12N2O,Cc1cc(=O)n(-c2ccccc2)n1C,drug_images\CID_2206.png
CID_2207,Bioactive Compound 2207,C4H10NO5P,NC(CCP(=O)(O)O)C(=O)O,drug_images\CID_2207.png
CID_2208,Bioactive Compound 2208,C30H41N3O10P2,CC(=O)NC(Cc1ccc(P(=O)(O)O)c(P(=O)(O)O)c1)C(=O)NC1CCCCc2cc(OCC3CCCCC3)c(C(N)=O)cc21,drug_images\CID_2208.png
CID_2209,Bioactive Compound 2209,C5H10N2S2,NSC(=S)N1CCCC1,drug_images\CID_2209.png
CID_2210,Bioactive Compound 2210,C20H34O4,CC1(CO)C(O)CCC2(C)C1CCC1CC3CC12CCC3(O)CO,drug_images\CID_2210.png
CID_2211,Bioactive Compound 2211,C15H18O2S,CCCCC#CCSc1ccccc1OC(C)=O,drug_images\CID_2211.png
CID_2212,Bioactive Compound 2212,C33H47N5O6,CCC(=O)CCCCCC1NC(=O)C2CCCCN2C(=O)C(C(C)CC)NC(=O)C(c2cn(OC)c3ccccc23)NC1=O,drug_images\CID_2212.png
CID_2214,Bioactive Compound 2214,C9H10O3,COc1cc(C(C)=O)ccc1O,drug_images\CID_2214.png
CID_2215,Bioactive Compound 2215,C17H17NO2,CN1CCc2cccc3c2C1Cc1ccc(O)c(O)c1-3,drug_images\CID_2215.png
CID_2216,Bioactive Compound 2216,C9H10Cl2N4,Nc1cc(Cl)c(NC2=NCCN2)c(Cl)c1,drug_images\CID_2216.png
CID_2217,Bioactive Compound 2217,C22H43N5O11,CNC1C(OC2(C)OC(CO)C(N)C(O)C2O)OC2CC(N)C(OC3C(N)CC(N)C(O)C3O)OC2C1O,drug_images\CID_2217.png
CID_2218,Bioactive Compound 2218,C22H30N2,CCN(CC)CCCN(c1ccccc1)C1Cc2ccccc2C1,drug_images\CID_2218.png
CID_2219,Bioactive Compound 2219,C5H13O8P,O=P(O)(O)OCC(O)C(O)C(O)CO,drug_images\CID_2219.png
CID_2220,Bioactive Compound 2220,C20H33NO,CCCCCC=CCC=CCC=CCC=CCCCC(N)=O,drug_images\CID_2220.png
CID_2221,Bioactive Compound 2221,C23H38O2,CCCCCC=CCC=CCC=CCC=CCCCC(=O)OC(C)C,drug_images\CID_2221.png
CID_2222,Bioactive Compound 2222,C44H82NO7P,CCCCCC=CCC=CCC=CCC=CCCCC(=O)OC(COCCCCCCCCCCCCCCCC)COP(=O)([O-])OCC[N+](C)(C)C,drug_images\CID_2222.png
CID_2223,Bioactive Compound 2223,C44H83NO7P+,CCCCCC=CCC=CCC=CCC=CCCCC(=O)OC(COCCCCCCCCCCCCCCCC)COP(=O)(O)OCC[N+](C)(C)C,drug_images\CID_2223.png
CID_2224,Bioactive Compound 2224,C21H31F3O,CCCCCC=CCC=CCC=CCC=CCCCC(=O)C(F)(F)F,drug_images\CID_2224.png
CID_2225,Bioactive Compound 2225,C19H20N2O7,COC(=O)C1=C(C)NC(C)=C(C(=O)OCC(C)=O)C1c1ccccc1[N+](=O)[O-],drug_images\CID_2225.png
CID_2226,Bioactive Compound 2226,C22H44N6O10,NCCC(O)C(=O)NC1CC(N)C(OC2OC(CN)CCC2N)C(O)C1OC1OC(CO)C(O)C(N)C1O,drug_images\CID_2226.png
CID_2227,Bioactive Compound 2227,C6H16N6,NC(N)=NCCCCN=C(N)N,drug_images\CID_2227.png
CID_2229,Bioactive Compound 2229,C10H13NO2,C#CCOC(=O)C1=CCCN(C)C1,drug_images\CID_2229.png
CID_2230,Bioactive Compound 2230,C8H13NO2,COC(=O)C1=CCCN(C)C1,drug_images\CID_2230.png
CID_2231,Bioactive Compound 2231,C38H74N18O10,CC(NC(=O)C(CCCN=C(N)N)NC(=O)C(CCCCN)NC(=O)C(N)CCCN=C(N)N)C(=O)NC(CCCN=C(N)N)C(=O)NC(CCCCN)C(=O)NC(CCC(=O)O)C(=O)O,drug_images\CID_2231.png
CID_2232,Bioactive Compound 2232,C23H36N6O5S,CC1CNc2c(cccc2S(=O)(=O)NC(CCCN=C(N)N)C(=O)N2CCC(C)CC2C(=O)O)C1,drug_images\CID_2232.png
CID_2233,Bioactive Compound 2233,C6H16N5O+,NC(=O)C(N)CCC[NH+]=C(N)N,drug_images\CID_2233.png
CID_2234,Bioactive Compound 2234,C6H15N5O,NC(=O)C(N)CCCN=C(N)N,drug_images\CID_2234.png
CID_2235,Bioactive Compound 2235,C11H15N5O3,Nc1ncnc2c1ncn2C1CC(CO)C(O)C1O,drug_images\CID_2235.png
CID_2236,Bioactive Compound 2236,C17H11NO7,COc1cccc2c1cc([N+](=O)[O-])c1c(C(=O)O)cc3c(c12)OCO3,drug_images\CID_2236.png
CID_2237,Bioactive Compound 2237,C15H24,C=C(C)C1CC=C2CCCC(C)C2(C)C1,drug_images\CID_2237.png
CID_2238,Bioactive Compound 2238,C17H11N3O4,O=c1c2ccccc2oc2c(Cn3ccnc3)ccc([N+](=O)[O-])c12,drug_images\CID_2238.png
CID_2239,Bioactive Compound 2239,C15H21N3O2S3,CC(C)(C)NCC(O)CSc1nc(-c2ccc(C(N)=O)s2)cs1,drug_images\CID_2239.png
CID_2240,Bioactive Compound 2240,C15H22O5,CC1CCC2C(C)C(=O)OC3OC4(C)CCC1C32OO4,drug_images\CID_2240.png
CID_2241,Bioactive Compound 2241,C43H69NO12,CCC1C=C(C)CC(C)CC(OC)C2OC(O)(C(=O)C(=O)N3CCCCC3C(=O)OC(C(C)=CC3CCC(O)C(OC)C3)C(C)C(O)CC1=O)C(C)CC2OC,drug_images\CID_2241.png
CID_2242,Bioactive Compound 2242,C14H18N2O5,COC(=O)C(Cc1ccccc1)NC(=O)C(N)CC(=O)O,drug_images\CID_2242.png
CID_2243,Bioactive Compound 2243,C14H19N6O10P,Nc1ncnc2c1ncn2C1OC(COP(=O)(O)OC(=O)C(N)CC(=O)O)C(O)C1O,drug_images\CID_2243.png
CID_2244,Bioactive Compound 2244,C9H8O4,CC(=O)Oc1ccccc1C(=O)O,drug_images\CID_2244.png
CID_2245,Bioactive Compound 2245,C21H27N5O7S,CNC(=O)CC(N)C(=O)NC(C(=O)NC1C(=O)N2C1SC(C)(C)C2C(=O)O)c1ccc(O)cc1,drug_images\CID_2245.png
CID_2246,Bioactive Compound 2246,C40H52O4,CC(C=CC=C(C)C=CC1=C(C)C(=O)C(O)CC1(C)C)=CC=CC=C(C)C=CC=C(C)C=CC1=C(C)C(=O)C(O)CC1(C)C,drug_images\CID_2246.png
CID_2247,Bioactive Compound 2247,C28H31FN4O,COc1ccc(CCN2CCC(Nc3nc4ccccc4n3Cc3ccc(F)cc3)CC2)cc1,drug_images\CID_2247.png
CID_2248,Bioactive Compound 2248,C17H35N5O6,COC1C(O)C(N)C(OC2OC(C(C)N)CCC2N)C(O)C1N(C)C(=O)CN,drug_images\CID_2248.png
CID_2249,Bioactive Compound 2249,C14H22N2O3,CC(C)NCC(O)COc1ccc(CC(N)=O)cc1,drug_images\CID_2249.png
CID_2250,Bioactive Compound 2250,C33H35FN2O5,CC(C)c1c(C(=O)Nc2ccccc2)c(-c2ccccc2)c(-c2ccc(F)cc2)n1CCC(O)CC(O)CC(=O)O,drug_images\CID_2250.png
CID_2251,Bioactive Compound 2251,C10H13N5O13P3-3,Nc1ncnc2c1ncn2C1OC(COP(=O)([O-])OP(=O)([O-])OP(=O)([O-])O)C(O)C1O,drug_images\CID_2251.png
CID_2252,Bioactive Compound 2252,C10H16N2O4,CC(C)(C)c1o[nH]c(=O)c1CC([NH3+])C(=O)[O-],drug_images\CID_2252.png
CID_2253,Bioactive Compound 2253,C10H16N2O4,CC(C)(C)c1o[nH]c(=O)c1CC(N)C(=O)O,drug_images\CID_2253.png
CID_2254,Bioactive Compound 2254,C30H44O16S2-2,C=C1C2CCC3C4(C)CC(OC5OC(CO)C(OS(=O)(=O)[O-])C(OS(=O)(=O)[O-])C5OC(=O)CC(C)C)CC(C(=O)O)C4CCC3(C2)C1O,drug_images\CID_2254.png
CID_2255,Bioactive Compound 2255,C30H46O16S2,C=C1C2CCC3C4(C)CC(OC5OC(CO)C(OS(=O)(=O)O)C(OS(=O)(=O)O)C5OC(=O)CC(C)C)CC(C(=O)O)C4CCC3(C2)C1O,drug_images\CID_2255.png
CID_2256,Bioactive Compound 2256,C8H14ClN5,CCNc1nc(Cl)nc(NC(C)C)n1,drug_images\CID_2256.png
CID_2257,Bioactive Compound 2257,C22H20N3O9+3,[NH3+]OC(=O)C1=CC(=C(c2ccc(O)c(C(=O)O[NH3+])c2)c2ccc(O)c(C(=O)O[NH3+])c2)C=CC1=O,drug_images\CID_2257.png
CID_2258,Bioactive Compound 2258,C22H17N3O9,NOC(=O)C1=CC(=C(c2ccc(O)c(C(=O)ON)c2)c2ccc(O)c(C(=O)ON)c2)C=CC1=O,drug_images\CID_2258.png
CID_2259,Bioactive Compound 2259,C22H14O9,O=C(O)C1=CC(=C(c2ccc(O)c(C(=O)O)c2)c2ccc(O)c(C(=O)O)c2)C=CC1=O,drug_images\CID_2259.png
CID_2261,Bioactive Compound 2261,C25H32O8,CCC1OC2(C)C(O)C(C=CC=CC=Cc3oc(=O)cc(OC)c3C)OC1(C)C2OC(C)=O,drug_images\CID_2261.png
CID_2262,Bioactive Compound 2262,C48H72O14,CCC(C)C1OC2(C=CC1C)CC1CC(CC=C(C)C(OC3CC(OC)C(OC4CC(OC)C(O)C(C)O4)C(C)O3)C(C)C=CC=C3COC4C(O)C(C)=CC(C(=O)O1)C34O)O2,drug_images\CID_2262.png
CID_2263,Bioactive Compound 2263,C35H44O16,CC=C(C)C(=O)OC1CC(OC(C)=O)C2(C(=O)OC)COC3C2C12COC(O)(C(=O)OC)C2C(C)(C12OC1(C)C1CC2OC2OC=CC21O)C3O,drug_images\CID_2263.png
CID_2264,Bioactive Compound 2264,C17H20ClN3O3,CN1C(=O)COc2c(C(=O)NC3CN4CCC3CC4)cc(Cl)cc21,drug_images\CID_2264.png
CID_2265,Bioactive Compound 2265,C9H7N7O2S,Cn1cnc([N+](=O)[O-])c1Sc1ncnc2nc[nH]c12,drug_images\CID_2265.png
CID_2266,Bioactive Compound 2266,C9H16O4,O=C(O)CCCCCCCC(=O)O,drug_images\CID_2266.png
CID_2267,Bioactive Compound 2267,C22H24ClN3O,CN1CCCC(n2nc(Cc3ccc(Cl)cc3)c3ccccc3c2=O)CC1,drug_images\CID_2267.png
CID_2268,Bioactive Compound 2268,C10H12N3O3PS2,COP(=S)(OC)SCn1nnc2ccccc2c1=O,drug_images\CID_2268.png
CID_2269,Bioactive Compound 2269,C38H72N2O12,CCC1OC(=O)C(C)C(OC2CC(C)(OC)C(O)C(C)O2)C(C)C(OC2OC(C)CC(N(C)C)C2O)C(C)(O)CC(C)CN(C)C(C)C(O)C1(C)O,drug_images\CID_2269.png
CID_2270,Bioactive Compound 2270,C20H22N5O6S-,CC1(C)SC2C(NC(=O)C(NC(=O)N3CCNC3=O)c3ccccc3)C(=O)N2C1C(=O)[O-],drug_images\CID_2270.png
CID_2271,Bioactive Compound 2271,C20H23N5O6S,CC1(C)SC2C(NC(=O)C(NC(=O)N3CCNC3=O)c3ccccc3)C(=O)N2C1C(=O)O,drug_images\CID_2271.png
CID_2272,Bioactive Compound 2272,C12H10N2,c1ccc(/N=N/c2ccccc2)cc1,drug_images\CID_2272.png
CID_2273,Bioactive Compound 2273,C12H11ClN6O2S2,NS(=O)(=O)c1cc(-c2nn[nH]n2)c(NCc2cccs2)cc1Cl,drug_images\CID_2273.png
CID_2274,Bioactive Compound 2274,C13H17N5O8S2,CC1C(NC(=O)C(=NOC(C)(C)C(=O)O)c2csc(N)n2)C(=O)N1S(=O)(=O)O,drug_images\CID_2274.png
CID_2275,Bioactive Compound 2275,C15H18O3S,Cc1cc(S(=O)(=O)O)c2c(C)ccc(C(C)C)cc1-2,drug_images\CID_2275.png
CID_2276,Bioactive Compound 2276,C39H53N9O15S,CCC(C)C1NC(=O)CNC(=O)C2Cc3c([nH]c4cc(O)ccc34)S(=O)CC(NC(=O)CNC1=O)C(=O)NC(CC(=O)O)C(=O)N1CC(O)CC1C(=O)NC(C(C)C(O)CO)C(=O)N2,drug_images\CID_2276.png
CID_2277,Bioactive Compound 2277,C9H15N3O,CCN1CCc2nc(N)oc2CC1,drug_images\CID_2277.png
CID_2278,Bioactive Compound 2278,C14H11NO6,O=C(Oc1cccc(CO[N+](=O)[O-])c1)c1ccccc1O,drug_images\CID_2278.png
CID_2279,Bioactive Compound 2279,C22H38N4O3S2,CSCCC(NC(=O)C(Cc1ccccc1)NCC(NCC(N)CS)C(C)C)C(=O)O,drug_images\CID_2279.png
CID_2280,Bioactive Compound 2280,C17H16N8O+2,NC(=[NH2+])c1ccc2nc(C(=O)c3nc4ccc(C(N)=[NH2+])cc4[nH]3)[nH]c2c1,drug_images\CID_2280.png
CID_2281,Bioactive Compound 2281,C17H14N8O,[H]/N=C(\N)c1ccc2nc(C(=O)c3nc4ccc(/C(N)=N/[H])cc4[nH]3)[nH]c2c1,drug_images\CID_2281.png
CID_2282,Bioactive Compound 2282,C21H27N3O7S,CCOC(=O)OC(C)OC(=O)C1N2C(=O)C(NC(=O)C(N)c3ccccc3)C2SC1(C)C,drug_images\CID_2282.png
CID_2283,Bioactive Compound 2283,C66H103N17O16S,CCC(C)C(N)C1=NC(C(=O)NC(CC(C)C)C(=O)NC(CCC(=O)O)C(=O)NC(C(=O)NCCCCC2NC(=O)C(CC(N)=O)NC(=O)C(CC(=O)O)NC(=O)C(Cc3cnc[nH]3)NC(=O)C(Cc3ccccc3)NC(=O)C(C(C)CC)NC(=O)C(CCCN)NC2=O)C(C)CC)CS1,drug_images\CID_2283.png
CID_2284,Bioactive Compound 2284,C10H12ClNO2,NCC(CC(=O)O)c1ccc(Cl)cc1,drug_images\CID_2284.png
CID_2285,Bioactive Compound 2285,C8H8O3,O=C(O)OCc1ccccc1,drug_images\CID_2285.png
CID_2286,Bioactive Compound 2286,C21H24O4,CC(C)(c1ccc(OCC2CO2)cc1)c1ccc(OCC2CO2)cc1,drug_images\CID_2286.png
CID_2287,Bioactive Compound 2287,C35H58O9,COC1=CC(C)=CC(C)C(O)C(C)CC(C)=CC=CC(OC)C(C(C)C(O)C(C)C2(O)CC(O)C(C)C(C(C)C)O2)OC1=O,drug_images\CID_2287.png
CID_2289,Bioactive Compound 2289,C28H22O7,Oc1ccc(C2Oc3cc(O)cc4c3C2c2cc(O)cc(O)c2C(c2ccc(O)cc2)C4O)cc1,drug_images\CID_2289.png
CID_2290,Bioactive Compound 2290,C28H26N2O10,O=C(NC1CNCCCC1OC(=O)c1cc(O)c(C(=O)c2c(O)cccc2C(=O)O)c(O)c1)c1ccc(O)cc1,drug_images\CID_2290.png
CID_2291,Bioactive Compound 2291,C66H75Cl2N9O25,CNC(CC(C)C)C(=O)NC1C(=O)NC(CC(N)=O)C(=O)NC2C(=O)NC3C(=O)NC(C(=O)NC(C(=O)O)c4cc(O)cc(O)c4-c4cc3ccc4O)C(OC3CC(C)(N)C(O)(O)C(C)O3)c3ccc(c(Cl)c3)Oc3cc2cc(c3OC2OC(CO)C(O)C(O)C2O)Oc2ccc(cc2Cl)C1O,drug_images\CID_2291.png
CID_2292,Bioactive Compound 2292,C12H19NO2,CCCCNCC(O)c1ccc(O)cc1,drug_images\CID_2292.png
CID_2293,Bioactive Compound 2293,C34H40N2O18,CC(=O)OCOC(=O)CN(CC(=O)OCOC(C)=O)c1ccccc1OCCOc1ccccc1N(CC(=O)OCOC(C)=O)CC(=O)OCOC(C)=O,drug_images\CID_2293.png
CID_2294,Bioactive Compound 2294,C8H12N2O3,CCC1(CC)C(=O)NC(=O)NC1=O,drug_images\CID_2294.png
CID_2295,Bioactive Compound 2295,C12H9NO6,COC(=O)c1ccc(C=Cc2ccc([N+](=O)[O-])o2)o1,drug_images\CID_2295.png
CID_2296,Bioactive Compound 2296,C27H29N3O6,COC(=O)C1=C(C)NC(C)=C(C(=O)OC2CCN(Cc3ccccc3)C2)C1c1cccc([N+](=O)[O-])c1,drug_images\CID_2296.png
CID_2299,Bioactive Compound 2299,C23H31N3O4S2,CNC(=O)C(Cc1ccccc1)NC(=O)C(CC(C)C)C(CSc1cccs1)C(=O)NO,drug_images\CID_2299.png
CID_2300,Bioactive Compound 2300,C11H9ClN2O2,Cn1cc2c3c1C(=O)C(=O)C(Cl)=C3NCC2,drug_images\CID_2300.png
CID_2301,Bioactive Compound 2301,C10H9NO2S,Cc1ccc(S(=O)(=O)C=CC#N)cc1,drug_images\CID_2301.png
CID_2302,Bioactive Compound 2302,C13H15NO2S,CC(C)(C)c1ccc(S(=O)(=O)C=CC#N)cc1,drug_images\CID_2302.png
CID_2303,Bioactive Compound 2303,C16H15F3N2O4,COC(=O)C1=C(C)NC(C)=C([N+](=O)[O-])C1c1ccccc1C(F)(F)F,drug_images\CID_2303.png
CID_2304,Bioactive Compound 2304,C16H31N3O4,CCCCC(CN(O)C=O)C(=O)NC(C(=O)N(C)C)C(C)(C)C,drug_images\CID_2304.png
CID_2305,Bioactive Compound 2305,C28H38N4O7S,CCCCOC(=O)C(O)C(NC(=O)c1ccc2n1C(=O)CN(S(=O)(=O)Cc1ccccc1)C2)C1CCC(N)CC1,drug_images\CID_2305.png
CID_2306,Bioactive Compound 2306,C5H12BNO4S,NC(CSCCB(O)O)C(=O)O,drug_images\CID_2306.png
CID_2307,Bioactive Compound 2307,C28H37ClO7,CCC(=O)OCC(=O)C1(OC(=O)CC)C(C)CC2C3CCC4=CC(=O)C=CC4(C)C3(Cl)C(O)CC21C,drug_images\CID_2307.png
CID_2308,Bioactive Compound 2308,C22H29ClO5,CC1CC2C3CCC4=CC(=O)C=CC4(C)C3(Cl)C(O)CC2(C)C1(O)C(=O)CO,drug_images\CID_2308.png
CID_2309,Bioactive Compound 2309,C16H21NO4,CC(=O)c1cc2cccc(OCC(O)CNC(C)C)c2o1,drug_images\CID_2309.png
CID_2310,Bioactive Compound 2310,C8H13NO2,CCC1(C)CC(=O)NC(=O)C1,drug_images\CID_2310.png
CID_2311,Bioactive Compound 2311,C24H28N2O5,CCOC(=O)C(CCc1ccccc1)NC1CCc2ccccc2N(CC(=O)O)C1=O,drug_images\CID_2311.png
CID_2312,Bioactive Compound 2312,C19H31NO,CN(C)CCCOC1(Cc2ccccc2)CCCCCC1,drug_images\CID_2312.png
CID_2313,Bioactive Compound 2313,C16H14N2O3,O=C(O)COc1nn(Cc2ccccc2)c2ccccc12,drug_images\CID_2313.png
CID_2314,Bioactive Compound 2314,C11H13NO4,CNC(=O)Oc1cccc2c1OC(C)(C)O2,drug_images\CID_2314.png
CID_2315,Bioactive Compound 2315,C15H14F3N3O4S2,NS(=O)(=O)c1cc2c(cc1C(F)(F)F)NC(Cc1ccccc1)NS2(=O)=O,drug_images\CID_2315.png
CID_2316,Bioactive Compound 2316,C23H27N3O4,NC(N)=NCC1CCC(C(=O)Oc2ccccc2C(=O)OCc2ccccc2)CC1,drug_images\CID_2316.png
CID_2317,Bioactive Compound 2317,C32H54N4O2S2,COc1ccccc1CNCCCCCCNCCSSCCNCCCCCCNCc1ccccc1OC,drug_images\CID_2317.png
CID_2318,Bioactive Compound 2318,C19H20F3NO2,CC(Cc1cccc(C(F)(F)F)c1)NCCOC(=O)c1ccccc1,drug_images\CID_2318.png
CID_2319,Bioactive Compound 2319,C13H16F3N3O4,CCCCN(CC)c1c([N+](=O)[O-])cc(C(F)(F)F)cc1[N+](=O)[O-],drug_images\CID_2319.png
CID_2320,Bioactive Compound 2320,C19H23N4O6PS,CC(=C(CCOP(=O)(O)O)SC(=O)c1ccccc1)N(C=O)Cc1cnc(C)nc1N,drug_images\CID_2320.png
CID_2321,Bioactive Compound 2321,C32H58N2O8,CCCCCCCCCCCCCC(=O)OC1CCC(NC(=O)C(OC)C(O)C(O)C(O)C=CC(C)C)C(=O)N(C)C1,drug_images\CID_2321.png
CID_2322,Bioactive Compound 2322,C17H30N2O7,COC(C(=O)NC1CCC(O)CNC1=O)C(O)C(O)C(O)C=CC(C)C,drug_images\CID_2322.png
CID_2323,Bioactive Compound 2323,C18H32N2O7,COC(C(=O)NC1CCC(O)CN(C)C1=O)C(O)C(O)C(O)C=CC(C)C,drug_images\CID_2323.png
CID_2324,Bioactive Compound 2324,C28H31N3O6,COC(=O)C1=C(C)NC(C)=C(C(=O)OC2CCCN(Cc3ccccc3)C2)C1c1cccc([N+](=O)[O-])c1,drug_images\CID_2324.png
CID_2325,Bioactive Compound 2325,C19H23NO4S,COc1cccc(OC)c1OCCNCC1CSc2ccccc2O1,drug_images\CID_2325.png
CID_2326,Bioactive Compound 2326,C21H27NO,CC(COc1ccccc1Cc1ccccc1)N1CCCCC1,drug_images\CID_2326.png
CID_2327,Bioactive Compound 2327,C10H15N3O5,NC(CO)C(=O)NNCc1ccc(O)c(O)c1O,drug_images\CID_2327.png
CID_2328,Bioactive Compound 2328,C10H12N2O3S,CC(C)N1C(=O)c2ccccc2NS1(=O)=O,drug_images\CID_2328.png
CID_2329,Bioactive Compound 2329,C23H20N2O5,O=C(O)c1ccc(NC(=O)C(Cc2ccc(O)cc2)NC(=O)c2ccccc2)cc1,drug_images\CID_2329.png
CID_2330,Bioactive Compound 2330,C22H40N+,CCCCCCCCCCCCC[N+](C)(C)Cc1ccccc1,drug_images\CID_2330.png
CID_2331,Bioactive Compound 2331,C7H7NO,NC(=O)c1ccccc1,drug_images\CID_2331.png
CID_2332,Bioactive Compound 2332,C7H8N2,[H]/N=C(\N)c1ccccc1,drug_images\CID_2332.png
CID_2333,Bioactive Compound 2333,C17H12Br2O3,CCc1oc2ccccc2c1C(=O)c1cc(Br)c(O)c(Br)c1,drug_images\CID_2333.png
CID_2334,Bioactive Compound 2334,C12H6O12,O=C(O)c1c(C(=O)O)c(C(=O)O)c(C(=O)O)c(C(=O)O)c1C(=O)O,drug_images\CID_2334.png
CID_2335,Bioactive Compound 2335,C27H42NO2+,CC(C)(C)CC(C)(C)c1ccc(OCCOCC[N+](C)(C)Cc2ccccc2)cc1,drug_images\CID_2335.png
CID_2336,Bioactive Compound 2336,C20H12,c1ccc2c(c1)cc1ccc3cccc4ccc2c1c34,drug_images\CID_2336.png
CID_2337,Bioactive Compound 2337,C9H11NO2,CCOC(=O)c1ccc(N)cc1,drug_images\CID_2337.png
CID_2338,Bioactive Compound 2338,C18H29N5O4,CC(=O)C(C)NC(=O)C(CCCNC(N)N)NC(=O)OCc1ccccc1,drug_images\CID_2338.png
CID_2339,Bioactive Compound 2339,C21H24N2O5,CC(=O)C(C)NC(=O)C(Cc1ccc(O)cc1)NC(=O)OCc1ccccc1,drug_images\CID_2339.png
CID_2340,Bioactive Compound 2340,C16H19NO4,CN1C2CCC1C(C(=O)O)C(OC(=O)c1ccccc1)C2,drug_images\CID_2340.png
CID_2341,Bioactive Compound 2341,C17H21N,CC(Cc1ccccc1)N(C)Cc1ccccc1,drug_images\CID_2341.png
CID_2342,Bioactive Compound 2342,C22H32N2O5,CCN(CC)C(=O)C1CN2CCc3cc(OC)c(OC)cc3C2CC1OC(C)=O,drug_images\CID_2342.png
CID_2343,Bioactive Compound 2343,C15H14ClN3O4S3,NS(=O)(=O)c1cc2c(cc1Cl)NC(CSCc1ccccc1)=NS2(=O)=O,drug_images\CID_2343.png
CID_2344,Bioactive Compound 2344,C21H25NO,CN1C2CCC1CC(OC(c1ccccc1)c1ccccc1)C2,drug_images\CID_2344.png
CID_2345,Bioactive Compound 2345,C14H12O2,O=C(OCc1ccccc1)c1ccccc1,drug_images\CID_2345.png
CID_2346,Bioactive Compound 2346,C8H7NS,S=C=NCc1ccccc1,drug_images\CID_2346.png
CID_2347,Bioactive Compound 2347,C19H20O4,CCCCOC(=O)c1ccccc1C(=O)OCc1ccccc1,drug_images\CID_2347.png
CID_2348,Bioactive Compound 2348,C14H14ClN3O4S2,NS(=O)(=O)c1cc2c(cc1Cl)NC(Cc1ccccc1)NS2(=O)=O,drug_images\CID_2348.png
CID_2349,Bioactive Compound 2349,C16H18N2O4S,CC1(C)SC2C(NC(=O)Cc3ccccc3)C(=O)N2C1C(=O)O,drug_images\CID_2349.png
CID_2350,Bioactive Compound 2350,C21H25ClN2O3,O=C(O)CCCN1CCC(OC(c2ccc(Cl)cc2)c2ccccn2)CC1,drug_images\CID_2350.png
CID_2351,Bioactive Compound 2351,C24H34N2O,CC(C)COCC(CN(Cc1ccccc1)c1ccccc1)N1CCCC1,drug_images\CID_2351.png
CID_2352,Bioactive Compound 2352,C24H30O5,CC#CCC(C)C(O)C=CC1C(O)CC2Oc3c(CCCC(=O)O)cccc3C21,drug_images\CID_2352.png
CID_2353,Bioactive Compound 2353,C20H18NO4+,COc1ccc2cc3[n+](cc2c1OC)CCc1cc2c(cc1-3)OCO2,drug_images\CID_2353.png
CID_2354,Bioactive Compound 2354,C14H15N7,[H]/N=C(\N)c1ccc(/N=N/Nc2ccc(/C(N)=N/[H])cc2)cc1,drug_images\CID_2354.png
CID_2355,Bioactive Compound 2355,C12H8O4,COc1c2ccoc2cc2oc(=O)ccc12,drug_images\CID_2355.png
CID_2356,Bioactive Compound 2356,C14H16O9,COc1c(O)cc2c(c1O)C1OC(CO)C(O)C(O)C1OC2=O,drug_images\CID_2356.png
CID_2357,Bioactive Compound 2357,C21H31N7O15P2,NC(=O)C1=CN(C2OC(COP(=O)(O)OP(=O)(O)OCC3OC(n4cnc5c(N)ncnc54)C(O)C3O)C(O)C2O)C(O)CC1,drug_images\CID_2357.png
CID_2358,Bioactive Compound 2358,C9H9NO5,COc1ccc2c(c1)OC(O)C(=O)N2O,drug_images\CID_2358.png
CID_2359,Bioactive Compound 2359,C8H7BO2S,OB(O)c1cc2ccccc2s1,drug_images\CID_2359.png
CID_2360,Bioactive Compound 2360,C5H8N2O5,NC(CNC(=O)C(=O)O)C(=O)O,drug_images\CID_2360.png
CID_2361,Bioactive Compound 2361,C19H12O2,O=c1cc(-c2ccccc2)oc2ccc3ccccc3c12,drug_images\CID_2361.png
CID_2362,Bioactive Compound 2362,C21H27N7O17P3-,NC(=O)c1ccc[n+](C2OC(COP(=O)([O-])OP(=O)(O)OCC3OC(n4cnc5c(N)ncnc54)C(OP(=O)([O-])O)C3O)C(O)C2O)c1,drug_images\CID_2362.png
CID_2363,Bioactive Compound 2363,C22H22O8,COc1cc(C2c3cc4c(c(O)c3CC3COC(=O)C32)OCO4)cc(OC)c1OC,drug_images\CID_2363.png
CID_2364,Bioactive Compound 2364,C28H32O13,COc1cc(C2c3cc4c(c(OC5OC(CO)C(O)C(O)C5O)c3CC3COC(=O)C32)OCO4)cc(OC)c1OC,drug_images\CID_2364.png
CID_2365,Bioactive Compound 2365,C3H4O2,O=C1CCO1,drug_images\CID_2365.png
CID_2366,Bioactive Compound 2366,C8H12N2,CNCCc1ccccn1,drug_images\CID_2366.png
CID_2367,Bioactive Compound 2367,C22H30FO8P,CC1CC2C3CCC4=CC(=O)C=CC4(C)C3(F)C(O)CC2(C)C1(O)C(=O)COP(=O)(O)O,drug_images\CID_2367.png
CID_2368,Bioactive Compound 2368,C10H15N3,C/N=C(\NC)NCc1ccccc1,drug_images\CID_2368.png
CID_2369,Bioactive Compound 2369,C18H29NO3,CC(C)NCC(O)COc1ccc(CCOCC2CC2)cc1,drug_images\CID_2369.png
CID_2370,Bioactive Compound 2370,C7H17N2O2+,CC(C[N+](C)(C)C)OC(N)=O,drug_images\CID_2370.png
CID_2371,Bioactive Compound 2371,C30H48O3,C=C(C)C1CCC2(C(=O)O)CCC3(C)C(CCC4C5(C)CCC(O)C(C)(C)C5CCC43C)C12,drug_images\CID_2371.png
CID_2372,Bioactive Compound 2372,C20H27NO4,COc1ccc(CCNCC(O)COc2cccc(C)c2)cc1OC,drug_images\CID_2372.png
CID_2374,Bioactive Compound 2374,C14H22O2,CC(C)(C)c1cc(O)c(C(C)(C)C)cc1O,drug_images\CID_2374.png
CID_2375,Bioactive Compound 2375,C18H14F4N2O4S,CC(O)(CS(=O)(=O)c1ccc(F)cc1)C(=O)Nc1ccc(C#N)c(C(F)(F)F)c1,drug_images\CID_2375.png
CID_2376,Bioactive Compound 2376,C20H17NO6,CN1CCc2cc3c(cc2C1C1OC(=O)c2c1ccc1c2OCO1)OCO3,drug_images\CID_2376.png
CID_2377,Bioactive Compound 2377,C18H23NO,CNCCCCOc1ccccc1Cc1ccccc1,drug_images\CID_2377.png
CID_2378,Bioactive Compound 2378,C22H18N2,c1ccc(-c2ccc(C(c3ccccc3)n3ccnc3)cc2)cc1,drug_images\CID_2378.png
CID_2381,Bioactive Compound 2381,C21H29NO,OC(CCN1CCCCC1)(c1ccccc1)C1CC2C=CC1C2,drug_images\CID_2381.png
CID_2382,Bioactive Compound 2382,C21H19NO4S,Cc1ccc(S(=O)(=O)N(CC(=O)O)c2ccccc2-c2ccccc2)cc1,drug_images\CID_2382.png
CID_2383,Bioactive Compound 2383,C6H15NO2,COCCNCCOC,drug_images\CID_2383.png
CID_2384,Bioactive Compound 2384,C17H18N8O2+2,NC(=[NH2+])c1ccc2nc(C(O)(O)c3nc4ccc(C(N)=[NH2+])cc4[nH]3)[nH]c2c1,drug_images\CID_2384.png
CID_2385,Bioactive Compound 2385,C17H16N8O2,[H]/N=C(\N)c1ccc2nc(C(O)(O)c3nc4ccc(/C(N)=N/[H])cc4[nH]3)[nH]c2c1,drug_images\CID_2385.png
CID_2386,Bioactive Compound 2386,C17H18N8+2,NC(=[NH2+])c1ccc2nc(Cc3nc4ccc(C(N)=[NH2+])cc4[nH]3)[nH]c2c1,drug_images\CID_2386.png
CID_2387,Bioactive Compound 2387,C17H16N8,[H]/N=C(\N)c1ccc2nc(Cc3nc4ccc(/C(N)=N/[H])cc4[nH]3)[nH]c2c1,drug_images\CID_2387.png
CID_2388,Bioactive Compound 2388,C20H29N10O22P5,Nc1ncnc2c1ncn2C1OC(COP(=O)(O)OP(=O)(O)OP(=O)(O)OP(=O)(O)OP(=O)(O)OCC2OC(n3cnc4c(N)ncnc43)C(O)C2O)C(O)C1O,drug_images\CID_2388.png
CID_2389,Bioactive Compound 2389,C23H20N4O6,N#CC(=Cc1ccc(O)c(O)c1)C(=O)NCCCNC(=O)C(C#N)=Cc1ccc(O)c(O)c1,drug_images\CID_2389.png
CID_2390,Bioactive Compound 2390,C17H14N2O3,N#CC(=Cc1ccc(O)c(O)c1)C(=O)NCc1ccccc1,drug_images\CID_2390.png
CID_2391,Bioactive Compound 2391,C22H19NO4,CC(=O)Oc1ccc(C(c2ccc(OC(C)=O)cc2)c2ccccn2)cc1,drug_images\CID_2391.png
CID_2392,Bioactive Compound 2392,C25H24N6O,CN1CCN(c2ccc3nc(-c4ccc5nc(-c6ccc(O)cc6)[nH]c5c4)[nH]c3c2)CC1,drug_images\CID_2392.png
CID_2393,Bioactive Compound 2393,C62H66N2O20+2,COc1cccc2c1C(=O)c1c(O)c3c(c(O)c1C2=O)CC(O)(C(C)=O)CC3OC1CC([NH2+]Cc2ccc(C[NH2+]C3CC(OC4CC(O)(C(C)=O)Cc5c(O)c6c(c(O)c54)C(=O)c4c(OC)cccc4C6=O)OC(C)C3O)cc2)C(O)C(C)O1,drug_images\CID_2393.png
CID_2394,Bioactive Compound 2394,C62H64N2O20,COc1cccc2c1C(=O)c1c(O)c3c(c(O)c1C2=O)CC(O)(C(C)=O)CC3OC1CC(NCc2ccc(CNC3CC(OC4CC(O)(C(C)=O)Cc5c(O)c6c(c(O)c54)C(=O)c4c(OC)cccc4C6=O)OC(C)C3O)cc2)C(O)C(C)O1,drug_images\CID_2394.png
CID_2395,Bioactive Compound 2395,C16H24N4O3S,CC(=C(S)CCOC(=O)C(C)C)N(C=O)Cc1cnc(C)nc1N,drug_images\CID_2395.png
CID_2396,Bioactive Compound 2396,C25H24N4O2,CN(C)CCCn1cc(C2=C(c3c[nH]c4ccccc34)C(=O)NC2=O)c2ccccc21,drug_images\CID_2396.png
CID_2397,Bioactive Compound 2397,C27H26N4O2,CN1CCCC1CCn1cc(C2=C(c3c[nH]c4ccccc34)C(=O)NC2=O)c2ccccc21,drug_images\CID_2397.png
CID_2398,Bioactive Compound 2398,C23H20N4O2,NCCCn1cc(C2=C(c3c[nH]c4ccccc34)C(=O)NC2=O)c2ccccc21,drug_images\CID_2398.png
CID_2399,Bioactive Compound 2399,C20H13N3O2,O=C1NC(=O)C(c2c[nH]c3ccccc23)=C1c1c[nH]c2ccccc12,drug_images\CID_2399.png
CID_2400,Bioactive Compound 2400,C21H15N3O2,CN1C(=O)C(c2c[nH]c3ccccc23)=C(c2c[nH]c3ccccc23)C1=O,drug_images\CID_2400.png
CID_2401,Bioactive Compound 2401,C27H26N4O2,O=C1NC(=O)C(c2cn(CCC3CCCCN3)c3ccccc23)=C1c1c[nH]c2ccccc12,drug_images\CID_2401.png
CID_2402,Bioactive Compound 2402,C27H27N5O2,O=C1NC(=O)C(c2cn(CCCN3CCNCC3)c3ccccc23)=C1c1c[nH]c2ccccc12,drug_images\CID_2402.png
CID_2403,Bioactive Compound 2403,C24H22N4O2,Cn1cc(C2=C(c3cn(CCCN)c4ccccc34)C(=O)NC2=O)c2ccccc21,drug_images\CID_2403.png
CID_2404,Bioactive Compound 2404,C26H24N4O2,Cn1cc(C2=C(c3c4n(c5ccccc35)CCC(CN)C4)C(=O)NC2=O)c2ccccc21,drug_images\CID_2404.png
CID_2405,Bioactive Compound 2405,C18H31NO4,CC(C)NCC(O)COc1ccc(COCCOC(C)C)cc1,drug_images\CID_2405.png
CID_2406,Bioactive Compound 2406,C12H6Cl4O2S,Oc1c(Cl)cc(Cl)cc1Sc1cc(Cl)cc(Cl)c1O,drug_images\CID_2406.png
CID_2407,Bioactive Compound 2407,C12H4Cl4O2S-2,[O-]c1c(Cl)cc(Cl)cc1Sc1cc(Cl)cc(Cl)c1[O-],drug_images\CID_2407.png
CID_2408,Bioactive Compound 2408,C17H13ClN2O2,O=C1c2cc(Cl)ccc2N=C2N(c3ccccc3)CCC12O,drug_images\CID_2408.png
CID_2409,Bioactive Compound 2409,C18H20N2O2,CC=C(C)C=C1CN=C2N(c3ccccc3)CCC2(O)C1=O,drug_images\CID_2409.png
CID_2410,Bioactive Compound 2410,C50H72N16O22S2,Cc1c(N)nc(C(CC(N)=O)NCC(N)C(N)=O)nc1C(=O)NC(C(=O)NC(C)C(O)C(C)C(=O)NC(C(=O)NCCc1nc(-c2nc(C(=O)O)cs2)cs1)C(C)O)C(OC1OC(CO)C(O)C(O)C1OC1OC(CO)C(O)C(OC(N)=O)C1O)c1cnc[nH]1,drug_images\CID_2410.png
CID_2412,Bioactive Compound 2412,C55H84N20O21S2,Cc1c(N)nc(C(CC(N)=O)NCC(N)C(N)=O)nc1C(=O)NC(C(=O)NC(C)C(O)C(C)C(=O)NC(C(=O)NCCc1nc(-c2nc(C(=O)NCCCCN=C(N)N)cs2)cs1)C(C)O)C(OC1OC(CO)C(O)C(O)C1OC1OC(CO)C(O)C(OC(N)=O)C1O)c1cnc[nH]1,drug_images\CID_2412.png
CID_2413,Bioactive Compound 2413,C17H15NOS,Cc1cccc(C23SCCN2C(=O)c2ccccc23)c1,drug_images\CID_2413.png
CID_2414,Bioactive Compound 2414,C18H15NO3S,COC(=O)C1CSC2(c3ccccc3)c3ccccc3C(=O)N12,drug_images\CID_2414.png
CID_2415,Bioactive Compound 2415,C23H23ClN2O4,COc1ccc2c(c1)c(CC(=O)N1CCOCC1)c(C)n2C(=O)c1ccc(Cl)cc1,drug_images\CID_2415.png
CID_2416,Bioactive Compound 2416,C23H32N6O5S,NC(N)=NCCCC(=O)NCC1CCCN1C(=O)C(CO)NS(=O)(=O)c1ccc2ccccc2c1,drug_images\CID_2416.png
CID_2417,Bioactive Compound 2417,C25H34N6O5S,[H]/N=C(\N)N1CCCC(C(=O)NCC2CCCN2C(=O)C(CO)NS(=O)(=O)c2ccc3ccccc3c2)C1,drug_images\CID_2417.png
CID_2418,Bioactive Compound 2418,C23H26FNO4,CC1(C)CCC(C)(C)c2cc(C(O)C(=O)Nc3ccc(C(=O)O)cc3F)ccc21,drug_images\CID_2418.png
CID_2419,Bioactive Compound 2419,C22H31N3O3,COc1ccccc1N1CCN(CCN2C(=O)CC3(CCCC3)CC2=O)CC1,drug_images\CID_2419.png
CID_2420,Bioactive Compound 2420,C10H12N2O2,CC(N=O)c1ccc(C(C)N=O)cc1,drug_images\CID_2420.png
CID_2421,Bioactive Compound 2421,C12H14N4O6,COC(=O)CN(N=O)c1ccc(N(CC(=O)OC)N=O)cc1,drug_images\CID_2421.png
CID_2422,Bioactive Compound 2422,C18H24N6O,CC(C)n1cnc2c(NCc3ccccc3)nc(NCCCO)nc21,drug_images\CID_2422.png
CID_2423,Bioactive Compound 2423,C28H38O7,COC(CC=CC=CCCC=CCC(C)C=CC(=CC(=O)O)CC(=O)O)C(C)=CC=C(C)C(=O)O,drug_images\CID_2423.png
CID_2424,Bioactive Compound 2424,C24H30N2O2,Cc1cc2c(CCC(CNC(C)(C)C)OC(=O)c3ccccc3)cccc2[nH]1,drug_images\CID_2424.png
CID_2425,Bioactive Compound 2425,C23H32BBr2N3O6,O=CCCCC(=O)NC(Cc1ccccc1)C(=O)N1CCCC1C(=O)NC(CCC(Br)Br)B(O)O,drug_images\CID_2425.png
CID_2426,Bioactive Compound 2426,C14H12BrN5,Nc1cc2ncnc(Nc3cccc(Br)c3)c2cc1N,drug_images\CID_2426.png
CID_2427,Bioactive Compound 2427,C16H12BrN5,Cn1cnc2cc3c(Nc4cccc(Br)c4)ncnc3cc21,drug_images\CID_2427.png
CID_2428,Bioactive Compound 2428,C15H10BrN5,Brc1cccc(Nc2ncnc3cc4nc[nH]c4cc23)c1,drug_images\CID_2428.png
CID_2429,Bioactive Compound 2429,C14H20BrN5O2,CC1(C)N=C(N)N=C(N)N1OCCCOc1ccc(Br)cc1,drug_images\CID_2429.png
CID_2430,Bioactive Compound 2430,C16H24O4,CC1CCCC=CC2CC(O)CC2C(O)C=CC(=O)O1,drug_images\CID_2430.png
CID_2431,Bioactive Compound 2431,C11H17BrN+,CC[N+](C)(C)Cc1ccccc1Br,drug_images\CID_2431.png
CID_2432,Bioactive Compound 2432,C50H70O14,C=C(C=O)CC1CC(O)C2(C)OC3CC4OC5CC6(C)OC7(C)CCC8OC9CC%10(C)OC%11C(C)=CC(=O)OC%11CC%10OC9CC(C)C8OC7CC6OC5(C)CC=CC4OC3CC2O1,drug_images\CID_2432.png
CID_2433,Bioactive Compound 2433,C50H72O14,C=C(CO)CC1CC(O)C2(C)OC3CC4OC5CC6(C)OC7(C)CCC8OC9CC%10(C)OC%11C(C)=CC(=O)OC%11CC%10OC9CC(C)C8OC7CC6OC5(C)CC=CC4OC3CC2O1,drug_images\CID_2433.png
CID_2434,Bioactive Compound 2434,C50H72O14,C=C(C)CC1CC(O)C2(C)OC3CC4OC5CC6(C)OC7(C)CCC8OC9CC%10(C)OC%11C(C)=CC(=O)OC%11CC%10OC9CC(C)C8OC7CC6OC5(C)CC5OC5C4OC3CC2O1,drug_images\CID_2434.png
CID_2435,Bioactive Compound 2435,C11H10BrN5,Brc1c(NC2=NCCN2)ccc2nccnc12,drug_images\CID_2435.png
CID_2436,Bioactive Compound 2436,C19H21ClNNaO4,CC(Cc1ccc(OCC(=O)[O-])cc1)NCC(O)c1cccc(Cl)c1.[Na+],drug_images\CID_2436.png
CID_2437,Bioactive Compound 2437,C19H22ClNO4,CC(Cc1ccc(OCC(=O)O)cc1)NCC(O)c1cccc(Cl)c1,drug_images\CID_2437.png
CID_2438,Bioactive Compound 2438,C14H18N2O,CN1CCC(c2c[nH]c3ccc(O)cc23)CC1,drug_images\CID_2438.png
CID_2439,Bioactive Compound 2439,C20H24BrN4O6-,COc1cc(Cc2c[nH+]c(N)nc2N)cc(OCCCC(CCC(=O)[O-])C(=O)[O-])c1Br,drug_images\CID_2439.png
CID_2440,Bioactive Compound 2440,C20H25BrN4O6,COc1cc(Cc2cnc(N)nc2N)cc(OCCCC(CCC(=O)O)C(=O)O)c1Br,drug_images\CID_2440.png
CID_2441,Bioactive Compound 2441,C14H10BrN3O,O=C1CN=C(c2ccccn2)c2cc(Br)ccc2N1,drug_images\CID_2441.png
CID_2442,Bioactive Compound 2442,C14H20Br2N2,CN(Cc1cc(Br)cc(Br)c1N)C1CCCCC1,drug_images\CID_2442.png
CID_2443,Bioactive Compound 2443,C32H40BrN5O5,CC(C)CC1C(=O)N2CCCC2C2(O)OC(NC(=O)C3C=C4c5cccc6[nH]c(Br)c(c56)CC4N(C)C3)(C(C)C)C(=O)N12,drug_images\CID_2443.png
CID_2444,Bioactive Compound 2444,C17H20BrNO,CN(C)CCOC(c1ccccc1)c1ccc(Br)cc1,drug_images\CID_2444.png
CID_2445,Bioactive Compound 2445,C16H13BrO2,O=C1OC(=CBr)CCC1c1cccc2ccccc12,drug_images\CID_2445.png
CID_2446,Bioactive Compound 2446,C14H22BrN3O2,CCN(CC)CCNC(=O)c1cc(Br)c(N)cc1OC,drug_images\CID_2446.png
CID_2447,Bioactive Compound 2447,C6H11BrN2O2,CC(C)C(Br)C(=O)NC(N)=O,drug_images\CID_2447.png
CID_2448,Bioactive Compound 2448,C21H23BrFNO2,O=C(CCCN1CCC(O)(c2ccc(Br)cc2)CC1)c1ccc(F)cc1,drug_images\CID_2448.png
CID_2449,Bioactive Compound 2449,C22H26O4,CC1=C(C)C(=O)C(C(CCCCCC(=O)O)c2ccccc2)=C(C)C1=O,drug_images\CID_2449.png
CID_2450,Bioactive Compound 2450,C3H6BrNO4,O=[N+]([O-])C(Br)(CO)CO,drug_images\CID_2450.png
CID_2451,Bioactive Compound 2451,C15H10BrClN4S,Cc1nnc2n1-c1sc(Br)cc1C(c1ccccc1Cl)=NC2,drug_images\CID_2451.png
CID_2452,Bioactive Compound 2452,C21H25BrN2O3,CCC12CCCN3CCc4c(n(c5cc(Br)ccc45)C(O)(C(=O)OC)C1)C32,drug_images\CID_2452.png
CID_2453,Bioactive Compound 2453,C9H5Br2NO,Oc1c(Br)cc(Br)c2cccnc12,drug_images\CID_2453.png
CID_2454,Bioactive Compound 2454,C25H25N3O5,COC(=O)C(=CNc1ccc(Oc2ccccc2OC(C)C)nc1)NC(=O)c1ccccc1,drug_images\CID_2454.png
CID_2455,Bioactive Compound 2455,C15H9F6N5OS,Cc1nnsc1C(=O)Nc1ccc(-n2nc(C(F)(F)F)cc2C(F)(F)F)cc1,drug_images\CID_2455.png
CID_2456,Bioactive Compound 2456,C13H13NO2S,Cc1ccc(S(=O)(=O)Nc2ccccc2)cc1,drug_images\CID_2456.png
CID_2457,Bioactive Compound 2457,C12H11N3,c1ccc2nc(C3=NCCN3)ccc2c1,drug_images\CID_2457.png
CID_2458,Bioactive Compound 2458,C20H25NO2,C=CC(C)(C)C1(CCC=C(C)C)C(=O)Nc2ccccc2C1=O,drug_images\CID_2458.png
CID_2459,Bioactive Compound 2459,C7H13NO3S2,CC(C)(S)C(=O)NC(CS)C(=O)O,drug_images\CID_2459.png
CID_2460,Bioactive Compound 2460,C18H24N5O8P,CCCC(=O)Nc1ncnc2c1ncn2C1OC2COP(=O)(O)OC2C1OC(=O)CCC,drug_images\CID_2460.png
CID_2461,Bioactive Compound 2461,C14H22N2O3,CCCCC1C(=O)NC(=O)N(C2CCCCC2)C1=O,drug_images\CID_2461.png
CID_2462,Bioactive Compound 2462,C25H34O6,CCCC1OC2CC3C4CCC5=CC(=O)C=CC5(C)C4C(O)CC3(C)C2(C(=O)CO)O1,drug_images\CID_2462.png
CID_2463,Bioactive Compound 2463,C14H16N4,CC(C)=CC(C)=NNc1nncc2ccccc12,drug_images\CID_2463.png
CID_2464,Bioactive Compound 2464,C24H34O4,CC12CCC(O)CC1CCC1C2CCC2(C)C(c3ccc(=O)oc3)CCC12O,drug_images\CID_2464.png
CID_2465,Bioactive Compound 2465,C18H29NO4,CC(C)(C)NCC(O)COc1ccccc1OCC1CCCO1,drug_images\CID_2465.png
CID_2466,Bioactive Compound 2466,C12H17NO3,CCCCOc1ccc(CC(=O)NO)cc1,drug_images\CID_2466.png
CID_2467,Bioactive Compound 2467,C17H25NO4,COc1cc(OC)c(C(=O)CCCN2CCCC2)c(OC)c1,drug_images\CID_2467.png
CID_2468,Bioactive Compound 2468,C6H15N5,CCCC/N=C(\N)N=C(N)N,drug_images\CID_2468.png
CID_2469,Bioactive Compound 2469,C16H30N3O14S2+,CC(=O)NC1C(OC2CC(C(=O)NCCS(=O)(=O)O)[NH2+]C2CO)OC(CO)C(OS(=O)(=O)O)C1O,drug_images\CID_2469.png
CID_2470,Bioactive Compound 2470,C16H29N3O14S2,CC(=O)NC1C(OC2CC(C(=O)NCCS(=O)(=O)O)NC2CO)OC(CO)C(OS(=O)(=O)O)C1O,drug_images\CID_2470.png
CID_2471,Bioactive Compound 2471,C17H20N2O5S,CCCCNc1cc(C(=O)O)cc(S(N)(=O)=O)c1Oc1ccccc1,drug_images\CID_2471.png
CID_2472,Bioactive Compound 2472,C19H27N5O3,CCCC(=O)N1CCCN(c2nc(N)c3cc(OC)c(OC)cc3n2)CC1,drug_images\CID_2472.png
CID_2473,Bioactive Compound 2473,C14H20N2O2,CC(C)(C)NCC(O)COc1ccccc1C#N,drug_images\CID_2473.png
CID_2474,Bioactive Compound 2474,C18H28N2O,CCCCN1CCCCC1C(=O)Nc1c(C)cccc1C,drug_images\CID_2474.png
CID_2475,Bioactive Compound 2475,C14H22ClNO2,Cc1ccc(Cl)c(OCC(O)CNC(C)(C)C)c1,drug_images\CID_2475.png
CID_2476,Bioactive Compound 2476,C29H41NO4,COC12CCC3(CC1C(C)(O)C(C)(C)C)C1Cc4ccc(O)c5c4C3(CCN1CC1CC1)C2O5,drug_images\CID_2476.png
CID_2477,Bioactive Compound 2477,C21H31N5O2,O=C1CC2(CCCC2)CC(=O)N1CCCCN1CCN(c2ncccn2)CC1,drug_images\CID_2477.png
CID_2478,Bioactive Compound 2478,C6H14O6S2,CS(=O)(=O)OCCCCOS(C)(=O)=O,drug_images\CID_2478.png
CID_2479,Bioactive Compound 2479,C10H16N2O3,CCC(C)C1(CC)C(=O)NC(=O)NC1=O,drug_images\CID_2479.png
CID_2480,Bioactive Compound 2480,C18H30N2O2,CCCCN(CCCC)CCCOC(=O)c1ccc(N)cc1,drug_images\CID_2480.png
CID_2481,Bioactive Compound 2481,C11H16N2O3,C=CCC1(CC(C)C)C(=O)NC(=O)NC1=O,drug_images\CID_2481.png
CID_2482,Bioactive Compound 2482,C11H15NO2,CCCCOC(=O)c1ccc(N)cc1,drug_images\CID_2482.png
CID_2483,Bioactive Compound 2483,C15H12O5,O=C(C=Cc1ccc(O)c(O)c1)c1ccc(O)cc1O,drug_images\CID_2483.png
CID_2484,Bioactive Compound 2484,C23H27N,CN(Cc1ccc(C(C)(C)C)cc1)Cc1cccc2ccccc12,drug_images\CID_2484.png
CID_2485,Bioactive Compound 2485,C21H41N5O12,NCCC(O)C(=O)NC1CC(N)C(OC2OC(CN)C(O)C(O)C2N)C(OC2OC(CO)C(O)C2O)C1O,drug_images\CID_2485.png
CID_2486,Bioactive Compound 2486,C16H29NO5,CCCCC(CC)CNC(=O)CC(C)OC(=O)CCC(=O)O,drug_images\CID_2486.png
CID_2487,Bioactive Compound 2487,C21H29NO2,Oc1ccc2c(c1)C13CCCCC1(O)C(C2)N(CC1CCC1)CC3,drug_images\CID_2487.png
CID_2488,Bioactive Compound 2488,C28H38NO4+,CCCCOc1ccc(C[N+]2(C)C3CCC2CC(OC(=O)C(CO)c2ccccc2)C3)cc1,drug_images\CID_2488.png
CID_2490,Bioactive Compound 2490,C24H26O7,COC(=O)C1(Cc2ccc(O)c(CC=C(C)C)c2)OC(=O)C(O)C1c1ccc(O)cc1,drug_images\CID_2490.png
CID_2491,Bioactive Compound 2491,C17H17FN2O3,CC(C=Cc1cccc(Oc2ccc(F)cc2)c1)N(O)C(N)=O,drug_images\CID_2491.png
CID_2494,Bioactive Compound 2494,C27H37N3O2,C=CCN1CC(C)N(C(c2ccc(C(=O)N(CC)CC)cc2)c2cccc(O)c2)CC1C,drug_images\CID_2494.png
CID_2495,Bioactive Compound 2495,C26H55N2O7P,CCCCCCCCCCCCCCCCOCC(COP(=O)([O-])OCC[N+](C)(C)C)OC(=O)NC,drug_images\CID_2495.png
CID_2496,Bioactive Compound 2496,C26H56N2O7P+,CCCCCCCCCCCCCCCCOCC(COP(=O)(O)OCC[N+](C)(C)C)OC(=O)NC,drug_images\CID_2496.png
CID_2497,Bioactive Compound 2497,C34H48N4+2,Cc1cc(N)c2ccccc2[n+]1CCCCCCCCCCCCCC[n+]1c(C)cc(N)c2ccccc21,drug_images\CID_2497.png
CID_2498,Bioactive Compound 2498,C34H67NO3,CCCCCCCCCCCCCC=CC(O)C(CO)NC(=O)CCCCCCCCCCCCCCC,drug_images\CID_2498.png
CID_2499,Bioactive Compound 2499,C26H54NO7P,CCCCCCCCCCCCCCCCOCC(COP(=O)([O-])OCC[N+](C)(C)C)OC(C)=O,drug_images\CID_2499.png
CID_2500,Bioactive Compound 2500,C26H55NO7P+,CCCCCCCCCCCCCCCCOCC(COP(=O)(O)OCC[N+](C)(C)C)OC(C)=O,drug_images\CID_2500.png
CID_2501,Bioactive Compound 2501,C28H58NO7P,CCCCCCCCCCCCCCCCCCOCC(COP(=O)([O-])OCC[N+](C)(C)C)OC(C)=O,drug_images\CID_2501.png
CID_2502,Bioactive Compound 2502,C28H59NO7P+,CCCCCCCCCCCCCCCCCCOCC(COP(=O)(O)OCC[N+](C)(C)C)OC(C)=O,drug_images\CID_2502.png
CID_2503,Bioactive Compound 2503,C28H56NO7P,CCCCCCCCC=CCCCCCCCCOCC(COP(=O)([O-])OCC[N+](C)(C)C)OC(C)=O,drug_images\CID_2503.png
CID_2504,Bioactive Compound 2504,C28H57NO7P+,CCCCCCCCC=CCCCCCCCCOCC(COP(=O)(O)OCC[N+](C)(C)C)OC(C)=O,drug_images\CID_2504.png
CID_2505,Bioactive Compound 2505,C20H39NO3,CCCCCCCCCCCCCC=CC(O)C(CO)NC(C)=O,drug_images\CID_2505.png
CID_2506,Bioactive Compound 2506,C20H41NO3,CCCCCCCCCCCCCCCC(O)C(CO)NC(C)=O,drug_images\CID_2506.png
CID_2507,Bioactive Compound 2507,C26H21N3O5,O=C1N2C=C(c3ccc(O)cc3)N=C(Cc3ccccc3)C2=NC1(Cc1ccc(O)cc1)OO,drug_images\CID_2507.png
CID_2508,Bioactive Compound 2508,C26H51NO3,CCCCCCCCCCCCCC=CC(O)C(CO)NC(=O)CCCCCCC,drug_images\CID_2508.png
CID_2509,Bioactive Compound 2509,C26H53NO2,CCCCCCCCCCCCCC=CC(O)C(CO)NCCCCCCCC,drug_images\CID_2509.png
CID_2510,Bioactive Compound 2510,C26H53NO3,CCCCCCCCCCCCCCCC(O)C(CO)NC(=O)CCCCCCC,drug_images\CID_2510.png
CID_2511,Bioactive Compound 2511,C38H72N2O8,CCOC(=O)CCCCCCCCCCCN(C)C(=O)COC(C)C(C)OCC(=O)N(C)CCCCCCCCCCCC(=O)OCC,drug_images\CID_2511.png
CID_2512,Bioactive Compound 2512,C26H37N5O2,C=CCN1CC(C(=O)N(CCCN(C)C)C(=O)NCC)CC2c3cccc4[nH]cc(c34)CC21,drug_images\CID_2512.png
CID_2513,Bioactive Compound 2513,C2H7AsO2,C[As](C)(=O)O,drug_images\CID_2513.png
CID_2514,Bioactive Compound 2514,C4H8CdO4,CC(=O)O.CC(=O)O.[Cd],drug_images\CID_2514.png
CID_2515,Bioactive Compound 2515,C12H21N5O3,CCOC(=O)NNc1ccc(N(CC)CC(C)O)nn1,drug_images\CID_2515.png
CID_2516,Bioactive Compound 2516,C20H28O3,CC12CCc3occc3C1CCC13CC(CCC12)C(O)(CO)C3,drug_images\CID_2516.png
CID_2517,Bioactive Compound 2517,C22H30O4,CC(=O)OCC1(O)CC23CCC4c5ccoc5CCC4(C)C2CCC1C3,drug_images\CID_2517.png
CID_2518,Bioactive Compound 2518,C9H8O4,O=C(O)C=Cc1ccc(O)c(O)c1,drug_images\CID_2518.png
CID_2519,Bioactive Compound 2519,C8H10N4O2,Cn1c(=O)c2c(ncn2C)n(C)c1=O,drug_images\CID_2519.png
CID_2520,Bioactive Compound 2520,C27H38N2O4,COc1ccc(CCN(C)CCCC(C#N)(c2ccc(OC)c(OC)c2)C(C)C)cc1OC,drug_images\CID_2520.png
CID_2521,Bioactive Compound 2521,C30H26N2O13,O=C(O)CN(CC(=O)O)Cc1cc2c(-c3ccccc3C(=O)O)c3cc(CN(CC(=O)O)CC(=O)O)c(=O)cc-3oc2cc1O,drug_images\CID_2521.png
CID_2522,Bioactive Compound 2522,C27H40O3,C=C1C(=CC=C2CCCC3(C)C2CCC3C(C)C=CC(O)C2CC2)CC(O)CC1O,drug_images\CID_2522.png
CID_2523,Bioactive Compound 2523,C28H42O3,C=C1C(=CC=C2CCCC3(C)C2CCC3C(C)C=CC(O)C2CC2)CC(O)CC1(C)O,drug_images\CID_2523.png
CID_2524,Bioactive Compound 2524,C27H44O3,C=C1C(=CC=C2CCCC3(C)C2CCC3C(C)CCCC(C)(C)O)CC(O)CC1O,drug_images\CID_2524.png
CID_2525,Bioactive Compound 2525,C18H34I2O2,CCCCCCC(I)CCC(I)CCCCCCCC(=O)O,drug_images\CID_2525.png
CID_2526,Bioactive Compound 2526,C3H9O6P,O=P(O)(O)OC(CO)CO,drug_images\CID_2526.png
CID_2527,Bioactive Compound 2527,C10H19NO5,CC(C)(CO)C(O)C(=O)NCCCC(=O)O,drug_images\CID_2527.png
CID_2528,Bioactive Compound 2528,C12H11I3N2O4,CC(=O)Nc1c(I)c(C(=O)O)c(I)c(N(C)C(C)=O)c1I,drug_images\CID_2528.png
CID_2529,Bioactive Compound 2529,C18H32CaN2O10,CC(C)(CO)C(O)C(=O)NCCC(=O)[O-].CC(C)(CO)C(O)C(=O)NCCC(=O)[O-].[Ca+2],drug_images\CID_2529.png
CID_2530,Bioactive Compound 2530,C17H14N2O5S,Cc1ccc(O)c(/N=N/c2c(O)cc(S(=O)(=O)O)c3ccccc23)c1,drug_images\CID_2530.png
CID_2531,Bioactive Compound 2531,C31H23Cl6N2O+,Clc1ccc(C(c2ccc(Cl)cc2)n2cc[n+](CC(OCc3ccc(Cl)cc3Cl)c3ccc(Cl)cc3Cl)c2)cc1,drug_images\CID_2531.png
CID_2532,Bioactive Compound 2532,C20H30N2O4,CCCCC(C=O)NC(=O)C(CC(C)C)NC(=O)OCc1ccccc1,drug_images\CID_2532.png
CID_2533,Bioactive Compound 2533,C44H38O14,COc1c(O)c2c(=O)cc(OC)c3c4c(OC)cc(=O)c5c(O)c(OC)c(CC(C)OC(=O)c6ccccc6)c(c(c1CC(C)OC(=O)Oc1ccc(O)cc1)c23)c54,drug_images\CID_2533.png
CID_2534,Bioactive Compound 2534,C50H81N4O15P,COCC(C(O)C(O)C(=O)NCCC(C)c1nc(C=CCC2OC3(CC(O)C2C)OC(C(CC(O)C(C)C(O)C(C)C=C(C)C(C)=CC=CC(C)=CC#N)OC)C(OP(=O)(O)O)C3(C)C)co1)N(C)C,drug_images\CID_2534.png
CID_2535,Bioactive Compound 2535,C16H14O5,COc1ccc(C(=O)C=Cc2ccc(O)c(O)c2)c(O)c1,drug_images\CID_2535.png
CID_2536,Bioactive Compound 2536,C20H22N4O5,CN(C)C(=O)COC(=O)Cc1ccc(OC(=O)c2ccc(N=C(N)N)cc2)cc1,drug_images\CID_2536.png
CID_2537,Bioactive Compound 2537,C10H16O,CC12CCC(CC1=O)C2(C)C,drug_images\CID_2537.png
CID_2538,Bioactive Compound 2538,C20H16N2O4,CCC1(O)C(=O)OCc2c1cc1n(c2=O)Cc2cc3ccccc3nc2-1,drug_images\CID_2538.png
CID_2539,Bioactive Compound 2539,C26H26N2O9,CCC1(OC2OC(CO)C(O)C(O)C2O)C(=O)OCc2c1cc1n(c2=O)Cc2cc3ccccc3nc2-1,drug_images\CID_2539.png
CID_2540,Bioactive Compound 2540,C33H34N6O6,CCOc1nc2cccc(C(=O)OC(C)OC(=O)OC3CCCCC3)c2n1Cc1ccc(-c2ccccc2-c2nn[nH]n2)cc1,drug_images\CID_2540.png
CID_2541,Bioactive Compound 2541,C24H20N6O3,CCOc1nc2cccc(C(=O)O)c2n1Cc1ccc(-c2ccccc2-c2nn[nH]n2)cc1,drug_images\CID_2541.png
CID_2542,Bioactive Compound 2542,C21H30O2,C=C(C)C1CC=C(C)CC1c1c(O)cc(CCCCC)cc1O,drug_images\CID_2542.png
CID_2543,Bioactive Compound 2543,C21H26O2,CCCCCc1cc(O)c2c(c1)OC(C)(C)c1ccc(C)cc1-2,drug_images\CID_2543.png
CID_2544,Bioactive Compound 2544,C10H14O5,CC1(C(=O)O)C2CCC(O2)C1(C)C(=O)O,drug_images\CID_2544.png
CID_2545,Bioactive Compound 2545,C10H12O4,CC12C(=O)OC(=O)C1(C)C1CCC2O1,drug_images\CID_2545.png
CID_2546,Bioactive Compound 2546,C9H14N2O4S,CC(CSN=O)C(=O)N1CCCC1C(=O)O,drug_images\CID_2546.png
CID_2547,Bioactive Compound 2547,C25H44N14O8,NCCCC(N)CC(=O)NCC1NC(=O)C(CO)NC(=O)C(N)CNC(=O)C(C2CCN=C(N)N2)NC(=O)C(=CNC(N)=O)NC1=O,drug_images\CID_2547.png
CID_2548,Bioactive Compound 2548,C18H27NO3,COc1cc(CNC(=O)CCCCC=CC(C)C)ccc1O,drug_images\CID_2548.png
CID_2550,Bioactive Compound 2550,C9H15NO3S,CC(CS)C(=O)N1CCCC1C(=O)O,drug_images\CID_2550.png
CID_2551,Bioactive Compound 2551,C6H15N2O2+,C[N+](C)(C)CCOC(N)=O,drug_images\CID_2551.png
CID_2552,Bioactive Compound 2552,C21H34O4,CCCCCC(O)C=CC1C(O)CC2CC(=CCCCC(=O)O)CC21,drug_images\CID_2552.png
CID_2554,Bioactive Compound 2554,C15H12N2O,NC(=O)N1c2ccccc2C=Cc2ccccc21,drug_images\CID_2554.png
CID_2555,Bioactive Compound 2555,C15H12N2O2,NC(=O)N1c2ccccc2C2OC2c2ccccc21,drug_images\CID_2555.png
CID_2556,Bioactive Compound 2556,C8H15O8P,O=C(O)C1(O)CC(O)C(O)C(CP(=O)(O)O)C1,drug_images\CID_2556.png
CID_2557,Bioactive Compound 2557,C10H12N4O3,CN1CC(O)c2cc(/N=N/C(N)=O)c(O)cc21,drug_images\CID_2557.png
CID_2558,Bioactive Compound 2558,C10H11N3O5S,CN1C2=CC(=O)C(=NC(N)=O)C=C2CC1S(=O)(=O)O,drug_images\CID_2558.png
CID_2559,Bioactive Compound 2559,C17H16N2O6S-2,CC1(C)SC2C(NC(=O)C(C(=O)[O-])c3ccccc3)C(=O)N2C1C(=O)[O-],drug_images\CID_2559.png
CID_2560,Bioactive Compound 2560,C17H18N2O6S,CC1(C)SC2C(NC(=O)C(C(=O)O)c3ccccc3)C(=O)N2C1C(=O)O,drug_images\CID_2560.png
CID_2561,Bioactive Compound 2561,C34H50O7,CC1(C(=O)O)CCC2(C)CCC3(C)C(=CC(=O)C4C5(C)CCC(OC(=O)CCC(=O)O)C(C)(C)C5CCC43C)C2C1,drug_images\CID_2561.png
CID_2562,Bioactive Compound 2562,C20H31NO3,CCN(CC)CCOCCOC(=O)C1(c2ccccc2)CCCC1,drug_images\CID_2562.png
CID_2563,Bioactive Compound 2563,C10H14N2O4,CC(Cc1ccc(O)c(O)c1)(NN)C(=O)O,drug_images\CID_2563.png
CID_2564,Bioactive Compound 2564,C16H19ClN2O,CN(C)CCOC(c1ccc(Cl)cc1)c1ccccn1,drug_images\CID_2564.png
CID_2565,Bioactive Compound 2565,C26H43N3O5,CC(C)CC(CO)NC(=O)C(CC(C)C)NC(=O)C(CC(C)C)NC(=O)OCc1ccccc1,drug_images\CID_2565.png
CID_2566,Bioactive Compound 2566,C12H15NO3,CNC(=O)Oc1cccc2c1OC(C)(C)C2,drug_images\CID_2566.png
CID_2567,Bioactive Compound 2567,C6H8O4Pt,O=C(O)C1(C(=O)O)CCC1.[Pt],drug_images\CID_2567.png
CID_2568,Bioactive Compound 2568,C6H8O4,O=C(O)C1(C(=O)O)CCC1,drug_images\CID_2568.png
CID_2569,Bioactive Compound 2569,C15H19N3O5,COC(COC(N)=O)C1=C(N2CC2)C(=O)C(C)=C(N2CC2)C1=O,drug_images\CID_2569.png
CID_2570,Bioactive Compound 2570,C14H18N2O4,CC1(C)N(O)C(c2ccc(C(=O)O)cc2)=[N+]([O-])C1(C)C,drug_images\CID_2570.png
CID_2572,Bioactive Compound 2572,C7H13NO4,O=C(O)CCCNCCC(=O)O,drug_images\CID_2572.png
CID_2573,Bioactive Compound 2573,C23H38N7O18P3,CC(C)(COP(=O)(O)OP(=O)(O)OCC1OC(n2cnc3c(N)ncnc32)C(O)C1OP(=O)(O)O)C(O)C(=O)NCCC(=O)NCCCC(=O)O,drug_images\CID_2573.png
CID_2574,Bioactive Compound 2574,C8H14N4O,NCCC(=O)NCCc1cnc[nH]1,drug_images\CID_2574.png
CID_2575,Bioactive Compound 2575,C26H26N2O6S,CC1(C)SC2C(NC(=O)C(C(=O)Oc3ccc4c(c3)CCC4)c3ccccc3)C(=O)N2C1C(=O)O,drug_images\CID_2575.png
CID_2576,Bioactive Compound 2576,C12H24N2O4,CCCC(C)(COC(N)=O)COC(=O)NC(C)C,drug_images\CID_2576.png
CID_2577,Bioactive Compound 2577,C11H16FN3O3,CCCCCCNC(=O)n1cc(F)c(=O)[nH]c1=O,drug_images\CID_2577.png
CID_2578,Bioactive Compound 2578,C5H9Cl2N3O2,O=NN(CCCl)C(=O)NCCCl,drug_images\CID_2578.png
CID_2579,Bioactive Compound 2579,C20H26O4,CC(C)c1cc2c(c(O)c1O)C13CCCC(C)(C)C1CC2OC3=O,drug_images\CID_2579.png
CID_2580,Bioactive Compound 2580,C28H38N4O,NC(=O)C1(N2CCCCC2)CCN(CCCN2c3ccccc3CCc3ccccc32)CC1,drug_images\CID_2580.png
CID_2581,Bioactive Compound 2581,C15H12ClNO2,CC(C(=O)O)c1ccc2c(c1)[nH]c1ccc(Cl)cc12,drug_images\CID_2581.png
CID_2582,Bioactive Compound 2582,C8H18NO2+,COC(=O)CCC[N+](C)(C)C,drug_images\CID_2582.png
CID_2583,Bioactive Compound 2583,C16H24N2O3,CC(C)(C)NCC(O)COc1cccc2c1CCC(=O)N2,drug_images\CID_2583.png
CID_2584,Bioactive Compound 2584,C12H14N6O10S2,NC(=O)OCC1C(NC(=O)C(=NOCC(=O)O)c2csc(N)n2)C(=O)N1S(=O)(=O)O,drug_images\CID_2584.png
CID_2585,Bioactive Compound 2585,C24H26N2O4,COc1ccccc1OCCNCC(O)COc1cccc2[nH]c3ccccc3c12,drug_images\CID_2585.png
CID_2586,Bioactive Compound 2586,C31H38O8,C=CC(C)=CCC1(C)C(C)CCC23C(=CC(OC(=O)c4ccc(O)cc4)CC12)C(OC(C)=O)OC3OC(C)=O,drug_images\CID_2586.png
CID_2587,Bioactive Compound 2587,C32H40O9,C=CC(C)=CCC1(C)C(C)CCC23C(=CC(OC(=O)c4ccc(O)c(OC)c4)CC12)C(OC(C)=O)OC3OC(C)=O,drug_images\CID_2587.png
CID_2588,Bioactive Compound 2588,C31H38O9,C=CC(C)=CCC1(C)C(C)CC(OC(=O)c2ccc(O)cc2)C23C(=CC(O)CC12)C(OC(C)=O)OC3OC(C)=O,drug_images\CID_2588.png
CID_2589,Bioactive Compound 2589,C31H38O9,C=CC(C)=CCC1(C)C(C)CC(O)C23C(=CC(OC(=O)c4ccc(O)cc4)CC12)C(OC(C)=O)OC3OC(C)=O,drug_images\CID_2589.png
CID_2590,Bioactive Compound 2590,C33H40O10,C=CC(C)=CCC1(C)C(C)CC(OC(=O)c2ccc(O)cc2)C23C(=CC(OC(C)=O)CC12)C(OC(C)=O)OC3OC(C)=O,drug_images\CID_2590.png
CID_2591,Bioactive Compound 2591,C14H16N2O5S,COCC1CCCN1S(=O)(=O)c1ccc2c(c1)C(=O)C(=O)N2,drug_images\CID_2591.png
CID_2592,Bioactive Compound 2592,C8H15NO4,OC1CN2CCC(O)C2C(O)C1O,drug_images\CID_2592.png
CID_2593,Bioactive Compound 2593,C23H45N5O14,NCC1OC(OC2C(CO)OC(OC3C(N)C(O)CC(N)C3OC3OC(CO)C(O)C(O)C3N)C2O)C(N)C(O)C1O,drug_images\CID_2593.png
CID_2594,Bioactive Compound 2594,C26H32ClN3O6,CC(C)C(NC(=O)OC(C)(C)C)C(=O)NC(Cc1ccccc1)C(=O)NOC(=O)c1ccc(Cl)cc1,drug_images\CID_2594.png
CID_2595,Bioactive Compound 2595,C10H8N2O2,CNC1=CC(=O)c2ccncc2C1=O,drug_images\CID_2595.png
CID_2596,Bioactive Compound 2596,C10H7BrN2O2,CNC1=C(Br)C(=O)c2ccncc2C1=O,drug_images\CID_2596.png
CID_2597,Bioactive Compound 2597,C10H7ClN2O2,CNC1=C(Cl)C(=O)c2ccncc2C1=O,drug_images\CID_2597.png
CID_2598,Bioactive Compound 2598,C11H10N2O3,O=C1C=C(NCCO)C(=O)c2cnccc21,drug_images\CID_2598.png
CID_2599,Bioactive Compound 2599,C10H9N3O,C/N=C1\C=C(N)c2ccncc2C1=O,drug_images\CID_2599.png
CID_2600,Bioactive Compound 2600,C12H13N3O2,C/N=C1\C=C(NCCO)c2ccncc2C1=O,drug_images\CID_2600.png
CID_2601,Bioactive Compound 2601,C17H16N2O5,CCOC(=O)c1ccc(/N=N/c2ccc(O)c(CC(=O)O)c2)cc1,drug_images\CID_2601.png
CID_2602,Bioactive Compound 2602,C10H10N2O4,O=C(C=Cc1cccc(C(=O)NO)c1)NO,drug_images\CID_2602.png
CID_2603,Bioactive Compound 2603,C9H5ClN4,N#CC(C#N)=NNc1cccc(Cl)c1,drug_images\CID_2603.png
CID_2604,Bioactive Compound 2604,C16H16N2O2,N#CC(=Cc1cc2c3c(c1)CCCN3CCC2)C(=O)O,drug_images\CID_2604.png
CID_2605,Bioactive Compound 2605,C26H26O3,CC1(C)CCC(C)(C)c2cc(C(=O)c3ccc4cc(C(=O)O)ccc4c3)ccc21,drug_images\CID_2605.png
CID_2606,Bioactive Compound 2606,C8H10N2O2,C#CCOC(=O)C1CN=CNC1,drug_images\CID_2606.png
CID_2607,Bioactive Compound 2607,C17H11ClN2O,O=C1Nc2ccccc2C1=Cc1c(Cl)[nH]c2ccccc12,drug_images\CID_2607.png
CID_2608,Bioactive Compound 2608,C10H11N5O2S,Nc1cc(Nc2ccc(S(N)(=O)=O)cc2)ncn1,drug_images\CID_2608.png
CID_2609,Bioactive Compound 2609,C15H14ClN3O4S,NC(C(=O)NC1C(=O)N2C(C(=O)O)=C(Cl)CSC12)c1ccccc1,drug_images\CID_2609.png
CID_2610,Bioactive Compound 2610,C16H17N3O5S,CC1=C(C(=O)O)N2C(=O)C(NC(=O)C(N)c3ccc(O)cc3)C2SC1,drug_images\CID_2610.png
CID_2611,Bioactive Compound 2611,C19H18N3O4S2+,O=C(Cc1cccs1)NC1C(=O)N2C(C(=O)O)=C(C[n+]3ccccc3)CSC12,drug_images\CID_2611.png
CID_2612,Bioactive Compound 2612,C16H16N2O6S2,CC(=O)OCC1=C(C(=O)O)N2C(=O)C(NC(=O)Cc3cccs3)C2SC1,drug_images\CID_2612.png
CID_2613,Bioactive Compound 2613,C18H17N6O5S2-,Cn1nnnc1SCC1=C(C(=O)[O-])N2C(=O)C(NC(=O)C(O)c3ccccc3)C2SC1,drug_images\CID_2613.png
CID_2614,Bioactive Compound 2614,C18H18N6O5S2,Cn1nnnc1SCC1=C(C(=O)O)N2C(=O)C(NC(=O)C(O)c3ccccc3)C2SC1,drug_images\CID_2614.png
CID_2615,Bioactive Compound 2615,C19H18N6O6S2,Cn1nnnc1SCC1=C(C(=O)O)N2C(=O)C(NC(=O)C(OC=O)c3ccccc3)C2SC1,drug_images\CID_2615.png
CID_2616,Bioactive Compound 2616,C17H17N3O6S2,CC(=O)OCC1=C(C(=O)O)N2C(=O)C(NC(=O)CSc3ccncc3)C2SC1,drug_images\CID_2616.png
CID_2617,Bioactive Compound 2617,C14H13N8O4S3-,Cc1nnc(SCC2=C(C(=O)[O-])N3C(=O)C(NC(=O)Cn4cnnn4)C3SC2)s1,drug_images\CID_2617.png
CID_2618,Bioactive Compound 2618,C14H14N8O4S3,Cc1nnc(SCC2=C(C(=O)O)N3C(=O)C(NC(=O)Cn4cnnn4)C3SC2)s1,drug_images\CID_2618.png
CID_2619,Bioactive Compound 2619,C22H29N9O9S2,CCN1CCN(C(=O)NC(C(=O)NC2(OC)C(=O)N3C(C(=O)O)=C(CSc4nnnn4C)CSC32)C(C)O)C(=O)C1=O,drug_images\CID_2619.png
CID_2621,Bioactive Compound 2621,C25H28N6O8S2,CON=C(C(=O)NC1C(=O)N2C(OC(=O)COC(=O)C(C)(C)C)=C(C=Cc3scnc3C)CSC12)c1coc(N)n1,drug_images\CID_2621.png
CID_2622,Bioactive Compound 2622,C19H24N6O5S2,CON=C(C(=O)NC1C(=O)N2C(C(=O)[O-])=C(C[N+]3(C)CCCC3)CSC12)c1csc(N)n1,drug_images\CID_2622.png
CID_2623,Bioactive Compound 2623,C19H25N6O5S2+,CON=C(C(=O)NC1C(=O)N2C(C(=O)O)=C(C[N+]3(C)CCCC3)CSC12)c1csc(N)n1,drug_images\CID_2623.png
CID_2624,Bioactive Compound 2624,C16H17N9O5S3,CON=C(C(=O)NC1C(=O)N2C(C(=O)O)=C(CSc3nnnn3C)CSC12)c1csc(N)n1,drug_images\CID_2624.png
CID_2625,Bioactive Compound 2625,C15H16N7O5S3-,COC1(NC(=O)CSCC#N)C(=O)N2C(C(=O)[O-])=C(CSc3nnnn3C)CSC21,drug_images\CID_2625.png
CID_2626,Bioactive Compound 2626,C15H17N7O5S3,COC1(NC(=O)CSCC#N)C(=O)N2C(C(=O)O)=C(CSc3nnnn3C)CSC21,drug_images\CID_2626.png
CID_2627,Bioactive Compound 2627,C16H21N7O7S3,COC1(NC(=O)CSCC(N)C(=O)O)C(=O)N2C(C(=O)O)=C(CSc3nnnn3C)CSC21,drug_images\CID_2627.png
CID_2628,Bioactive Compound 2628,C20H20N6O7S4,CON=C(C(=O)NC1C(=O)N2C(C(=O)O)=C(CSc3nc(C)c(CC(=O)O)s3)CSC12)c1csc(N)n1,drug_images\CID_2628.png
CID_2629,Bioactive Compound 2629,C25H26N9O8S2-,CCN1CCN(C(=O)NC(C(=O)NC2C(=O)N3C(C(=O)[O-])=C(CSc4nnnn4C)CSC23)c2ccc(O)cc2)C(=O)C1=O,drug_images\CID_2629.png
CID_2630,Bioactive Compound 2630,C25H27N9O8S2,CCN1CCN(C(=O)NC(C(=O)NC2C(=O)N3C(C(=O)O)=C(CSc4nnnn4C)CSC23)c2ccc(O)cc2)C(=O)C1=O,drug_images\CID_2630.png
CID_2631,Bioactive Compound 2631,C16H16N5O7S2-,CON=C(C(=O)NC1C(=O)N2C(C(=O)[O-])=C(COC(C)=O)CSC12)c1csc(N)n1,drug_images\CID_2631.png
CID_2632,Bioactive Compound 2632,C16H17N5O7S2,CON=C(C(=O)NC1C(=O)N2C(C(=O)O)=C(COC(C)=O)CSC12)c1csc(N)n1,drug_images\CID_2632.png
CID_2633,Bioactive Compound 2633,C17H19N7O7S4,COC1(NC(=O)C2SC(=C(C(N)=O)C(=O)O)S2)CN2C(C(=O)O)=C(CSc3nnnn3C)CSC21,drug_images\CID_2633.png
CID_2634,Bioactive Compound 2634,C16H15N7O7S4,Cn1nnnc1SCC1=C(C(=O)O)N2C(=O)C(NC(=O)C3SC(=C(C(N)=O)C(=O)O)S3)C2SC1,drug_images\CID_2634.png
CID_2635,Bioactive Compound 2635,C18H23N9O4S3,CN(C)CCn1nnnc1SCC1=C(C(=O)O)N2C(=O)C(NC(=O)Cc3csc(N)n3)C2SC1,drug_images\CID_2635.png
CID_2636,Bioactive Compound 2636,C27H37N9O7S3,CC(OC(=O)OC1CCCCC1)OC(=O)C1=C(CSc2nnnn2CCN(C)C)CSC2C(NC(=O)Cc3csc(N)n3)C(=O)N12,drug_images\CID_2636.png
CID_2637,Bioactive Compound 2637,C16H16N3O7S2-,COC1(NC(=O)Cc2cccs2)C(=O)N2C(C(=O)[O-])=C(COC(N)=O)CSC21,drug_images\CID_2637.png
CID_2638,Bioactive Compound 2638,C16H17N3O7S2,COC1(NC(=O)Cc2cccs2)C(=O)N2C(C(=O)O)=C(COC(N)=O)CSC21,drug_images\CID_2638.png
CID_2639,Bioactive Compound 2639,C19H17N9O5S2,CON=C(C(=O)NC1C(=O)N2C(C(=O)[O-])=C(C[n+]3ccn4ncccc43)CSC12)c1nsc(N)n1,drug_images\CID_2639.png
CID_2640,Bioactive Compound 2640,C19H18N9O5S2+,CON=C(C(=O)NC1C(=O)N2C(C(=O)O)=C(C[n+]3ccn4ncccc43)CSC12)c1nsc(N)n1,drug_images\CID_2640.png
CID_2641,Bioactive Compound 2641,C28H29N6O9S2+,O=C(O)C1=C(C[n+]2ccc(CCS(=O)(=O)O)cc2)CSC2C(NC(=O)C(NC(=O)c3nc[nH]c3C(=O)O)c3ccccc3)CN12,drug_images\CID_2641.png
CID_2642,Bioactive Compound 2642,C25H24N8O7S2,Cc1cc(=O)c(C(=O)NC(C(=O)NC2C(=O)N3C(C(=O)O)=C(CSc4nnnn4C)CSC23)c2ccc(O)cc2)c[nH]1,drug_images\CID_2642.png
CID_2643,Bioactive Compound 2643,C21H21N6O5S2+,CON=C(C(=O)NC1C(=O)N2C(C(=O)O)=C([n+]3cccc4c3CCC4)CSC12)c1csc(N)n1,drug_images\CID_2643.png
CID_2644,Bioactive Compound 2644,C22H29N5O9S2,COCC1=C(C(=O)OC(C)OC(=O)OC(C)(C)C)N2C(=O)C(NC(=O)C(=NOC)c3csc(N)n3)C2SC1,drug_images\CID_2644.png
CID_2645,Bioactive Compound 2645,C21H27N5O9S2,COCC1=C(C(=O)OC(C)OC(=O)OC(C)C)N2C(=O)C(NC(=O)C(=NOC)c3csc(N)n3)C2SC1,drug_images\CID_2645.png
CID_2646,Bioactive Compound 2646,C18H19N3O5S,CC=CC1=C(C(=O)O)N2C(=O)C(NC(=O)C(N)c3ccc(O)cc3)C2SC1,drug_images\CID_2646.png
CID_2647,Bioactive Compound 2647,C16H19N3O5S,COC1=C(C(=O)O)N2C(=O)C(NC(=O)C(N)C3=CCC=CC3)C2SC1,drug_images\CID_2647.png
CID_2648,Bioactive Compound 2648,C22H19N4O8S2-,NC(=O)c1cc[n+](CC2=C(C(=O)[O-])N3C(=O)C(NC(=O)C(c4ccccc4)S(=O)(=O)[O-])C3SC2)cc1,drug_images\CID_2648.png
CID_2649,Bioactive Compound 2649,C22H21N4O8S2+,NC(=O)c1cc[n+](CC2=C(C(=O)O)N3C(=O)C(NC(=O)C(c4ccccc4)S(=O)(=O)O)C3SC2)cc1,drug_images\CID_2649.png
CID_2650,Bioactive Compound 2650,C22H22N6O7S2,CC(C)(ON=C(C(=O)NC1C(=O)N2C(C(=O)[O-])=C(C[n+]3ccccc3)CSC12)c1csc(N)n1)C(=O)O,drug_images\CID_2650.png
CID_2651,Bioactive Compound 2651,C22H23N6O7S2+,CC(C)(ON=C(C(=O)NC1C(=O)N2C(C(=O)O)=C(C[n+]3ccccc3)CSC12)c1csc(N)n1)C(=O)O,drug_images\CID_2651.png
CID_2652,Bioactive Compound 2652,C22H27N9O7S2,CON=C(C(=O)NC1C(=O)N2C(C(=O)OCOC(=O)C(C)(C)C)=C(Cn3nnc(C)n3)CSC12)c1csc(N)n1,drug_images\CID_2652.png
CID_2653,Bioactive Compound 2653,C13H12N8O4S3,O=C(Cn1cnnn1)NC1C(=O)N2C(C(=O)O)=C(CSc3nncs3)CSC12,drug_images\CID_2653.png
CID_2654,Bioactive Compound 2654,C15H14N4O6S2,Nc1nc(C(=CCC(=O)O)C(=O)NC2C(=O)N3C(C(=O)O)=CCSC23)cs1,drug_images\CID_2654.png
CID_2655,Bioactive Compound 2655,C13H13N5O5S2,CON=C(C(=O)NC1C(=O)N2C(C(=O)O)=CCSC12)c1csc(N)n1,drug_images\CID_2655.png
CID_2656,Bioactive Compound 2656,C18H16N8O7S3-2,CON=C(C(=O)NC1C(=O)N2C(C(=O)[O-])=C(CSc3nc(=O)c([O-])nn3C)CSC12)c1csc(N)n1,drug_images\CID_2656.png
CID_2657,Bioactive Compound 2657,C18H18N8O7S3,CON=C(C(=O)NC1C(=O)N2C(C(=O)O)=C(CSc3nc(=O)c(=O)[nH]n3C)CSC12)c1csc(N)n1,drug_images\CID_2657.png
CID_2658,Bioactive Compound 2658,C16H15N4O8S-,CON=C(C(=O)NC1C(=O)N2C(C(=O)[O-])=C(COC(N)=O)CSC12)c1ccco1,drug_images\CID_2658.png
CID_2659,Bioactive Compound 2659,C16H16N4O8S,CON=C(C(=O)NC1C(=O)N2C(C(=O)O)=C(COC(N)=O)CSC12)c1ccco1,drug_images\CID_2659.png
CID_2660,Bioactive Compound 2660,C20H22N4O10S,CON=C(C(=O)NC1C(=O)N2C(C(=O)OC(C)OC(C)=O)=C(COC(N)=O)CSC12)c1ccoc1,drug_images\CID_2660.png
CID_2661,Bioactive Compound 2661,C28H36O4,CC1(C(=O)O)CCC2(C)CCC3(C)C4=CC=C5C=C(O)C(=O)C=C5C4(C)CCC3(C)C2C1,drug_images\CID_2661.png
CID_2662,Bioactive Compound 2662,C17H14F3N3O2S,Cc1ccc(-c2cc(C(F)(F)F)nn2-c2ccc(S(N)(=O)=O)cc2)cc1,drug_images\CID_2662.png
CID_2663,Bioactive Compound 2663,C20H33N3O4,CCN(CC)C(=O)Nc1ccc(OCC(O)CNC(C)(C)C)c(C(C)=O)c1,drug_images\CID_2663.png
CID_2665,Bioactive Compound 2665,C28H38N2O4,CCC1CN2CCc3cc(OC)c(OC)cc3C2CC1CC1NCCc2cc(O)c(OC)cc21,drug_images\CID_2665.png
CID_2666,Bioactive Compound 2666,C16H17N3O4S,CC1=C(C(=O)O)N2C(=O)C(NC(=O)C(N)c3ccccc3)C2SC1,drug_images\CID_2666.png
CID_2667,Bioactive Compound 2667,C14H16N2O4S2,CC1=C(C(=O)O)NC(C(C=O)NC(=O)Cc2cccs2)SC1,drug_images\CID_2667.png
CID_2668,Bioactive Compound 2668,C16H20N3O8S-,CC(=O)OCC1=C(C(=O)[O-])N2C(=O)C(NC(=O)CCCC(N)C(=O)O)C2SC1,drug_images\CID_2668.png
CID_2669,Bioactive Compound 2669,C16H21N3O8S,CC(=O)OCC1=C(C(=O)O)N2C(=O)C(NC(=O)CCCC(N)C(=O)O)C2SC1,drug_images\CID_2669.png
CID_2670,Bioactive Compound 2670,C16H15N2O6S2-,CC(=O)OCC1=C(C(=O)[O-])N2C(=O)C(NC(=O)Cc3cccs3)C2SC1,drug_images\CID_2670.png
CID_2671,Bioactive Compound 2671,C7H10BNO3S,O=C(Cc1cccs1)NCB(O)O,drug_images\CID_2671.png
CID_2672,Bioactive Compound 2672,C17H16N3O6S2-,CC(=O)OCC1=C(C(=O)[O-])N2C(=O)C(NC(=O)CSc3ccncc3)C2SC1,drug_images\CID_2672.png
CID_2673,Bioactive Compound 2673,C16H19N3O4S,CC1=C(C(=O)O)N2C(=O)C(NC(=O)C(N)C3=CCC=CC3)C2SC1,drug_images\CID_2673.png
CID_2674,Bioactive Compound 2674,C29H26O10,COc1c(O)c2c(=O)cc3c4c5c(cc(=O)c6c(O)c(OC)c(CC(C)O)c(c(c1CC(C)O)c24)c65)OCO3,drug_images\CID_2674.png
CID_2675,Bioactive Compound 2675,C16H15N5O7S2,C=CC1=C(C(=O)O)N2C(=O)C(NC(=O)C(=NOCC(=O)O)c3csc(N)n3)C2SC1,drug_images\CID_2675.png
CID_2676,Bioactive Compound 2676,C26H34FNO5,COCc1c(C(C)C)nc(C(C)C)c(C=CC(O)CC(O)CC(=O)O)c1-c1ccc(F)cc1,drug_images\CID_2676.png
CID_2677,Bioactive Compound 2677,C12H19NO3,CC=CCC=CCCC(=O)C(O)CC(N)=O,drug_images\CID_2677.png
CID_2678,Bioactive Compound 2678,C21H25ClN2O3,O=C(O)COCCN1CCN(C(c2ccccc2)c2ccc(Cl)cc2)CC1,drug_images\CID_2678.png
CID_2679,Bioactive Compound 2679,C18H26N4O6S,CCOC(=O)OCCC(SC(=O)OCC)=C(C)N(C=O)Cc1cnc(C)nc1N,drug_images\CID_2679.png
CID_2680,Bioactive Compound 2680,C17H23NO4,NCC1CCC(C(=O)Oc2ccc(CCC(=O)O)cc2)CC1,drug_images\CID_2680.png
CID_2681,Bioactive Compound 2681,C19H42N+,CCCCCCCCCCCCCCCC[N+](C)(C)C,drug_images\CID_2681.png
CID_2682,Bioactive Compound 2682,C16H34O,CCCCCCCCCCCCCCCCO,drug_images\CID_2682.png
CID_2683,Bioactive Compound 2683,C21H38N+,CCCCCCCCCCCCCCCC[n+]1ccccc1,drug_images\CID_2683.png
CID_2684,Bioactive Compound 2684,C10H17NOS,CC1OC2(CS1)CN1CCC2CC1,drug_images\CID_2684.png
CID_2685,Bioactive Compound 2685,C23H25F3N4O5,Cn1cc(C(F)(F)F)nc1-c1ccc(OCC(O)CNCCOc2ccc(O)c(C(N)=O)c2)cc1,drug_images\CID_2685.png
CID_2686,Bioactive Compound 2686,C31H51N5O5,CC(=O)NC(C(=O)NC(Cc1ccccc1)C(O)CN(CC1CCCCC1)NC(=O)C(NC(C)=O)C(C)C)C(C)C,drug_images\CID_2686.png
CID_2687,Bioactive Compound 2687,C14H21N3O3,CC(C)(C)NCC(O)COc1cccc2[nH]c(=O)[nH]c12,drug_images\CID_2687.png
CID_2688,Bioactive Compound 2688,C15H11Cl2NOS,O=C1CSC(c2ccccc2Cl)c2cc(Cl)ccc2N1,drug_images\CID_2688.png
CID_2689,Bioactive Compound 2689,C17H17F3N4,CN1CCN(c2nc3cc(C(F)(F)F)ccc3n3cccc23)CC1,drug_images\CID_2689.png
CID_2690,Bioactive Compound 2690,C13H8ClN5O,Nc1nc2ccc(Cl)cc2c2nc(-c3ccco3)nn12,drug_images\CID_2690.png
CID_2691,Bioactive Compound 2691,C23H29N7O6,CCNC(=O)C1OC(n2cnc3c(N)nc(NCCc4ccc(CCC(=O)O)cc4)nc32)C(O)C1O,drug_images\CID_2691.png
CID_2692,Bioactive Compound 2692,C16H23N5O4,OCC1OC(n2cnc3c(NC4CCCCC4)ncnc32)C(O)C1O,drug_images\CID_2692.png
CID_2693,Bioactive Compound 2693,C31H30N6O6S4,CN1C(=O)C2(Cc3cn(C45CC67SSC(CO)(C(=O)N6C4Nc4ccccc45)N(C)C7=O)c4ccccc34)SSC1(CO)C(=O)N2C,drug_images\CID_2693.png
CID_2694,Bioactive Compound 2694,C27H39N5O6,CC(C)C1NC(=O)C(Cc2ccccc2)NC(=O)C(CCCCCC(=O)NO)NC(=O)C2CCCN2C1=O,drug_images\CID_2694.png
CID_2695,Bioactive Compound 2695,C29H43N5O7,CCC(C)C1NC(=O)C(Cc2ccc(OC)cc2)NC(=O)C(CCCCCC(=O)NO)NC(=O)C2CCCN2C1=O,drug_images\CID_2695.png
CID_2696,Bioactive Compound 2696,C27H39N5O5,CC(=O)NCCCCC1NC(=O)C2CCCN2C(=O)C(C(C)C)NC(=O)C(Cc2ccccc2)NC1=O,drug_images\CID_2696.png
CID_2697,Bioactive Compound 2697,C27H38N4O6,CC(C)C1NC(=O)C(Cc2ccccc2)NC(=O)C(CCCCCC(=O)O)NC(=O)C2CCCN2C1=O,drug_images\CID_2697.png
CID_2698,Bioactive Compound 2698,C28H41N5O6,CC(C)C1NC(=O)C(Cc2ccccc2)NC(=O)C(CCCCCCC(=O)NO)NC(=O)C2CCCN2C1=O,drug_images\CID_2698.png
CID_2699,Bioactive Compound 2699,C26H37N5O6,CC(C)C1NC(=O)C(Cc2ccccc2)NC(=O)C(CCCCC(=O)NO)NC(=O)C2CCCN2C1=O,drug_images\CID_2699.png
CID_2700,Bioactive Compound 2700,C20H36O2,CCOC(=O)CCCCCCCCCCCCC1C=CCC1,drug_images\CID_2700.png
CID_2701,Bioactive Compound 2701,C21H18NO4+,COc1ccc2c(cc([NH3+])c3c4cc5c(cc4ccc23)OCO5)c1OC,drug_images\CID_2701.png
CID_2702,Bioactive Compound 2702,C21H17NO4,COc1ccc2c(cc(N)c3c4cc5c(cc4ccc23)OCO5)c1OC,drug_images\CID_2702.png
CID_2703,Bioactive Compound 2703,C21H18NO4+,COc1ccc2c(c[n+](C)c3c4cc5c(cc4ccc23)OCO5)c1OC,drug_images\CID_2703.png
CID_2704,Bioactive Compound 2704,C7H9NO5,O=C1CC(C(=O)O)NC(C(=O)O)C1,drug_images\CID_2704.png
CID_2705,Bioactive Compound 2705,C25H42O4,CC(CCC(=O)O)C1CCCC2C3C(O)CC4CC(O)CCC4(C)C3CCC12C,drug_images\CID_2705.png
CID_2706,Bioactive Compound 2706,C28H38N4O6,CC1(C)NC(=O)C(CCCCCC(=O)C2CO2)NC(=O)C2CCCN2C(=O)C(Cc2ccccc2)NC1=O,drug_images\CID_2706.png
CID_2707,Bioactive Compound 2707,C2H3Cl3O2,OC(O)C(Cl)(Cl)Cl,drug_images\CID_2707.png
CID_2708,Bioactive Compound 2708,C14H19Cl2NO2,O=C(O)CCCc1ccc(N(CCCl)CCCl)cc1,drug_images\CID_2708.png
CID_2709,Bioactive Compound 2709,C15H16Cl2N2O8,O=C(O)CCC(=O)OCC(NC(=O)C(Cl)Cl)C(O)c1ccc([N+](=O)[O-])cc1,drug_images\CID_2709.png
CID_2710,Bioactive Compound 2710,C18H21ClN2,CN1CCN(C(c2ccccc2)c2ccc(Cl)cc2)CC1,drug_images\CID_2710.png
CID_2711,Bioactive Compound 2711,C10H8Cl8,ClC1CC2C(C1Cl)C1(Cl)C(Cl)C(Cl)C2(Cl)C1(Cl)Cl,drug_images\CID_2711.png
CID_2712,Bioactive Compound 2712,C16H14ClN3O,C/N=C1/CN(O)C(c2ccccc2)=c2cc(Cl)ccc2=N1,drug_images\CID_2712.png
CID_2713,Bioactive Compound 2713,C22H30Cl2N10,NC(=N/C(N)=N/CCCCCC/N=C(\N)N=C(N)Nc1ccc(Cl)cc1)Nc1ccc(Cl)cc1,drug_images\CID_2713.png
CID_2714,Bioactive Compound 2714,C23H29ClO4,CC(=O)OC1(C(C)=O)CCC2C3C=C(Cl)C4=CC(=O)CCC4(C)C3CCC21C,drug_images\CID_2714.png
CID_2715,Bioactive Compound 2715,C5H12ClHgN2O2+,[H]/[O+]=C(\N)NCC([CH2][Hg][Cl])OC,drug_images\CID_2715.png
CID_2716,Bioactive Compound 2716,C5H11ClHgN2O2,COC(CNC(N)=O)[CH2][Hg][Cl],drug_images\CID_2716.png
CID_2717,Bioactive Compound 2717,C11H12ClNO3S,CN1C(=O)CCS(=O)(=O)C1c1ccc(Cl)cc1,drug_images\CID_2717.png
CID_2718,Bioactive Compound 2718,C11H8ClNO2,CC(=O)Oc1ccc(Cl)c2cccnc12,drug_images\CID_2718.png
CID_2719,Bioactive Compound 2719,C18H26ClN3,CCN(CC)CCCC(C)Nc1ccnc2cc(Cl)ccc12,drug_images\CID_2719.png
CID_2720,Bioactive Compound 2720,C7H6ClN3O4S2,NS(=O)(=O)c1cc2c(cc1Cl)NC=NS2(=O)=O,drug_images\CID_2720.png
CID_2721,Bioactive Compound 2721,C23H21ClO3,COc1ccc(C(Cl)=C(c2ccc(OC)cc2)c2cccc(OC)c2)cc1,drug_images\CID_2721.png
CID_2722,Bioactive Compound 2722,C9H5Cl2NO,Oc1c(Cl)cc(Cl)c2cccnc12,drug_images\CID_2722.png
CID_2723,Bioactive Compound 2723,C8H9ClO,Cc1cc(O)cc(C)c1Cl,drug_images\CID_2723.png
CID_2724,Bioactive Compound 2724,C10H12ClNO4,NC(=O)OCC(O)COc1ccc(Cl)cc1,drug_images\CID_2724.png
CID_2725,Bioactive Compound 2725,C16H19ClN2,CN(C)CCC(c1ccc(Cl)cc1)c1ccccn1,drug_images\CID_2725.png
CID_2726,Bioactive Compound 2726,C17H19ClN2S,CN(C)CCCN1c2ccccc2Sc2ccc(Cl)cc21,drug_images\CID_2726.png
CID_2727,Bioactive Compound 2727,C10H13ClN2O3S,CCCNC(=O)NS(=O)(=O)c1ccc(Cl)cc1,drug_images\CID_2727.png
CID_2728,Bioactive Compound 2728,C10H12ClNO2,CC(C)OC(=O)Nc1cccc(Cl)c1,drug_images\CID_2728.png
CID_2729,Bioactive Compound 2729,C18H18ClNS,CN(C)CCC=C1c2ccccc2Sc2ccc(Cl)cc21,drug_images\CID_2729.png
CID_2730,Bioactive Compound 2730,C9H11Cl3NO3PS,CCOP(=S)(OCC)Oc1nc(Cl)c(Cl)cc1Cl,drug_images\CID_2730.png
CID_2732,Bioactive Compound 2732,C14H11ClN2O4S,NS(=O)(=O)c1cc(C2(O)NC(=O)c3ccccc32)ccc1Cl,drug_images\CID_2732.png
CID_2733,Bioactive Compound 2733,C7H4ClNO2,O=c1[nH]c2cc(Cl)ccc2o1,drug_images\CID_2733.png
CID_2734,Bioactive Compound 2734,C7H4ClNO3,O=c1[nH]c2cc(Cl)c(O)cc2o1,drug_images\CID_2734.png
CID_2735,Bioactive Compound 2735,C27H44O,C=C1CCC(O)CC1=CC=C1CCCC2(C)C1CCC2C(C)CCCC(C)C,drug_images\CID_2735.png
CID_2736,Bioactive Compound 2736,C24H44O5,CCCCCCCCCCCCCCCCC1(OC)C=CC(CC(=O)OC)OO1,drug_images\CID_2736.png
CID_2737,Bioactive Compound 2737,C83H133N3O26,COC(=O)C(C)(C)C(O)C(C)C(=O)C(C)(C)C=CC(=O)NC(C(O)C(C)C)C(O)C(C)C=C(C)C(O)C(C)CCC(O)C(C)C(=O)NC(C(C)O)C1OC(=O)C(C(O)C(=O)O)NC(=O)C=CC=CCCC=CC=CCC2CC(C)CC(CC(O)C(C)C(O)C(C)=CC(C)C(O)C(C)=CCC(OC(=O)CC(O)C(=O)O)C1C)O2,drug_images\CID_2737.png
CID_2738,Bioactive Compound 2738,C79H129N3O22,COC(=O)C(C)(C)C(O)C(C)C(=O)C(C)(C)C=CC(=O)NC(C(O)C(C)C)C(O)C(C)C=C(C)C(O)C(C)CCC(O)C(C)C(=O)NC(C(C)O)C1OC(=O)C(C(O)C(=O)O)NC(=O)C=CC=CCCC=CC=CCC2CC(C)CC(CC(O)C(C)C(O)C(C)=CC(C)C(O)C(C)=CCC(O)C1C)O2,drug_images\CID_2738.png
CID_2739,Bioactive Compound 2739,C81H131N3O23,CC1=CCC(OC(=O)CC(O)C(=O)O)C(C)C(C(NC(=O)C(C)C(O)CCC(C)C(O)C(C)=CC(C)C(O)C(CC(C)C)NC(=O)C=CC(C)(C)C(=O)C(C)C(O)C(C)C)C(C)O)OC(=O)C(C(O)C(=O)O)NC(=O)C=CC=CCCC=CC=CCC2CC(C)CC(CC(O)C(C)C(O)C(C)=CC(C)C1O)O2,drug_images\CID_2739.png
CID_2740,Bioactive Compound 2740,C83H133N3O26,COC(=O)C(C)(C)C(O)C(C)C(=O)C(C)(C)C=CC(=O)NC(C(O)C(C)C)C(O)C(C)C=C(C)C(O)C(C)CCC(O)C(C)C(=O)NC1C(C)OC(=O)C(C(O)C(=O)O)NC(=O)C=CC=CCCC=CC=CCC2CC(C)CC(CC(O)C(C)C(O)C(C)=CC(C)C(O)C(C)=CCC(OC(=O)CC(O)C(=O)O)C(C)C1O)O2,drug_images\CID_2740.png
CID_2741,Bioactive Compound 2741,C10H6O4,O=C(O)c1cc(=O)c2ccccc2o1,drug_images\CID_2741.png
CID_2742,Bioactive Compound 2742,C57H82O25,COC(C(=O)C(O)C(C)O)C1Cc2cc3cc(OC4CC(OC5CC(O)C(OC)C(C)O5)C(OC(C)=O)C(C)O4)c(C)c(O)c3c(O)c2C(=O)C1OC1OCC(C2OCC(OC3CC(C)(O)C(OC(C)=O)C(C)O3)C(O)C2C)C(O)C1C,drug_images\CID_2742.png
CID_2743,Bioactive Compound 2743,C10H16O2,CC(C)=CC1C(C(=O)O)C1(C)C,drug_images\CID_2743.png
CID_2745,Bioactive Compound 2745,C31H41N7O7,CC(C)CC(NC(=O)C(NC(=O)NC(Cc1ccccc1)C(=O)O)C1CCN=C(N)N1)C(=O)NC(Cc1ccccc1)C(=O)O,drug_images\CID_2745.png
CID_2746,Bioactive Compound 2746,C15H15N3O2,CC(=O)Nc1ccc(C(=O)Nc2ccccc2N)cc1,drug_images\CID_2746.png
CID_2747,Bioactive Compound 2747,C18H18N2,c1ccc(C2(c3ccccc3)CC2C2=NCCN2)cc1,drug_images\CID_2747.png
CID_2748,Bioactive Compound 2748,C15H23N3O4S,CC1(C)SC2C(NC(=O)C3(N)CCCCC3)C(=O)N2C1C(=O)O,drug_images\CID_2748.png
CID_2749,Bioactive Compound 2749,C12H17NO2,Cc1cc(C2CCCCC2)n(O)c(=O)c1,drug_images\CID_2749.png
CID_2750,Bioactive Compound 2750,C18H23NO3S,CC1(COc2ccc(CC3SC(=O)NC3=O)cc2)CCCCC1,drug_images\CID_2750.png
CID_2751,Bioactive Compound 2751,C22H31N3O5,CCOC(=O)C(CCc1ccccc1)NC1CCCN2CCCC(C(=O)O)N2C1=O,drug_images\CID_2751.png
CID_2752,Bioactive Compound 2752,C27H28N2O7,COCCOC(=O)C1=C(C)NC(C)=C(C(=O)OCC=Cc2ccccc2)C1c1cccc([N+](=O)[O-])c1,drug_images\CID_2752.png
CID_2753,Bioactive Compound 2753,C20H26N2O3,CN(C(=O)CCCOc1ccc2[nH]c(=O)ccc2c1)C1CCCCC1,drug_images\CID_2753.png
CID_2754,Bioactive Compound 2754,C20H27N5O2,O=C1CCc2cc(OCCCCc3nnnn3C3CCCCC3)ccc2N1,drug_images\CID_2754.png
CID_2755,Bioactive Compound 2755,C12H17N3O,CC(C)NCC(O)c1ccc(N)c(C#N)c1,drug_images\CID_2755.png
CID_2756,Bioactive Compound 2756,C10H16N6S,C/N=C(\NC#N)NCCSCc1nc[nH]c1C,drug_images\CID_2756.png
CID_2757,Bioactive Compound 2757,C19H22N2O,C=CC1CN2CCC1CC2C(O)c1ccnc2ccccc12,drug_images\CID_2757.png
CID_2758,Bioactive Compound 2758,C10H18O,CC12CCC(CC1)C(C)(C)O2,drug_images\CID_2758.png
CID_2759,Bioactive Compound 2759,C22H31N3O5,COc1cc(C=CC(=O)N2CCN(CC(=O)N3CCCC3)CC2)cc(OC)c1OC,drug_images\CID_2759.png
CID_2760,Bioactive Compound 2760,C26H28N2,C(=CN1CCN(C(c2ccccc2)c2ccccc2)CC1)Cc1ccccc1,drug_images\CID_2760.png
CID_2761,Bioactive Compound 2761,C26H28N2,C(=Cc1ccccc1)CN1CCN(C(c2ccccc2)c2ccccc2)CC1,drug_images\CID_2761.png
CID_2762,Bioactive Compound 2762,C12H10N2O5,CCn1nc(C(=O)O)c(=O)c2cc3c(cc21)OCO3,drug_images\CID_2762.png
CID_2763,Bioactive Compound 2763,C13H14Cl2O3,CC(C)(Oc1ccc(C2CC2(Cl)Cl)cc1)C(=O)O,drug_images\CID_2763.png
CID_2764,Bioactive Compound 2764,C17H18FN3O3,O=C(O)c1cn(C2CC2)c2cc(N3CCNCC3)c(F)cc2c1=O,drug_images\CID_2764.png
CID_2765,Bioactive Compound 2765,C13H16N2O,c1ccc(C2CC2)c(OCC2=NCCN2)c1,drug_images\CID_2765.png
CID_2766,Bioactive Compound 2766,C4H7NO2,NCC=CC(=O)O,drug_images\CID_2766.png
CID_2767,Bioactive Compound 2767,H4Cl2N2Pt,[Cl][Pt+2][Cl].[NH2-].[NH2-],drug_images\CID_2767.png
CID_2768,Bioactive Compound 2768,Cl2Pt+2,[Cl][Pt+2][Cl],drug_images\CID_2768.png
CID_2769,Bioactive Compound 2769,C23H29ClFN3O4,COc1cc(N)c(Cl)cc1C(=O)NC1CCN(CCCOc2ccc(F)cc2)CC1OC,drug_images\CID_2769.png
CID_2770,Bioactive Compound 2770,Cl2Pt,[Cl][Pt][Cl],drug_images\CID_2770.png
CID_2771,Bioactive Compound 2771,C20H21FN2O,CN(C)CCCC1(c2ccc(F)cc2)OCc2cc(C#N)ccc21,drug_images\CID_2771.png
CID_2772,Bioactive Compound 2772,C14H27N4O11P2+,C[N+](C)(C)CCOP(=O)(O)OP(=O)(O)OCC1(O)COC(n2ccc(N)nc2=O)C1O,drug_images\CID_2772.png
CID_2773,Bioactive Compound 2773,C6H9NO2S,CC(=O)NC1SCCC1=O,drug_images\CID_2773.png
CID_2775,Bioactive Compound 2775,C11H10O4,COc1cc(OC)c2ccc(=O)oc2c1,drug_images\CID_2775.png
CID_2776,Bioactive Compound 2776,C18H13BrN4O,CC#CC(=O)Nc1ccc2ncnc(Nc3cccc(Br)c3)c2c1,drug_images\CID_2776.png
CID_2777,Bioactive Compound 2777,C17H22N2O3,O=C(NCCCCN1CCOCC1)c1cc2ccccc2o1,drug_images\CID_2777.png
CID_2778,Bioactive Compound 2778,C35H63NO13,COC1CC(OC2CC(OC3OC(C)CC(N(C)C)C3O)C(C)(OC)CC(C)C(=O)C(C)C(O)C(C)(O)C(C)OC(=O)C2C)OC(C)C1O,drug_images\CID_2778.png
CID_2779,Bioactive Compound 2779,C10H15NO4,CC(C)C(O)C12NC(=O)C(C)C1OC2=O,drug_images\CID_2779.png
CID_2780,Bioactive Compound 2780,C20H24ClN3O2,COc1cc(N)c(Cl)cc1C(=O)NC1CCN(Cc2ccccc2)CC1,drug_images\CID_2780.png
CID_2781,Bioactive Compound 2781,C21H26ClNO,CN1CCCC1CCOC(C)(c1ccccc1)c1ccc(Cl)cc1,drug_images\CID_2781.png
CID_2782,Bioactive Compound 2782,C19H20ClN3,Clc1ccc(Cn2c(CN3CCCC3)nc3ccccc32)cc1,drug_images\CID_2782.png
CID_2783,Bioactive Compound 2783,C12H18Cl2N2O,CC(C)(C)NCC(O)c1cc(Cl)c(N)c(Cl)c1,drug_images\CID_2783.png
CID_2784,Bioactive Compound 2784,C22H26NO3+,C[N+]12CCC(CC1)C(OC(=O)C(O)(c1ccccc1)c1ccccc1)C2,drug_images\CID_2784.png
CID_2785,Bioactive Compound 2785,C22H26N4O4,CN(C)C(=O)C(Cc1ccccc1)NC(=O)C(=O)CC(=O)NCCc1ccccn1,drug_images\CID_2785.png
CID_2786,Bioactive Compound 2786,C18H33ClN2O5S,CCCC1CC(C(=O)NC(C(C)Cl)C2OC(SC)C(O)C(O)C2O)N(C)C1,drug_images\CID_2786.png
CID_2787,Bioactive Compound 2787,C28H36O6,CCC(C)(Oc1ccc(C2(c3ccc(OC(C)(CC)C(=O)O)cc3)CCCCC2)cc1)C(=O)O,drug_images\CID_2787.png
CID_2788,Bioactive Compound 2788,C9H5ClINO,Oc1c(I)cc(Cl)c2cccnc12,drug_images\CID_2788.png
CID_2789,Bioactive Compound 2789,C16H13ClN2O2,CN1C(=O)CC(=O)N(c2ccccc2)c2cc(Cl)ccc21,drug_images\CID_2789.png
CID_2790,Bioactive Compound 2790,C14H17ClN4S,N/C(=N/Cc1ccc(Cl)cc1)SCCCc1cnc[nH]1,drug_images\CID_2790.png
CID_2791,Bioactive Compound 2791,C25H32ClFO5,CCC(=O)OC1(C(=O)CCl)C(C)CC2C3CCC4=CC(=O)C=CC4(C)C3(F)C(O)CC21C,drug_images\CID_2791.png
CID_2792,Bioactive Compound 2792,C26H32ClFO5,CCCC(=O)OC1(C(=O)CCl)C(C)CC2C3CCC4=CC(=O)C=CC4(C)C3(F)C(=O)CC21C,drug_images\CID_2792.png
CID_2793,Bioactive Compound 2793,C28H37ClN4O,NC(=O)C1(N2CCCCC2)CCN(CCCN2c3ccccc3CCc3ccc(Cl)cc32)CC1,drug_images\CID_2793.png
CID_2794,Bioactive Compound 2794,C27H22Cl2N4,CC(C)/N=c1\cc2n(-c3ccc(Cl)cc3)c3ccccc3nc-2cc1Nc1ccc(Cl)cc1,drug_images\CID_2794.png
CID_2795,Bioactive Compound 2795,C17H20ClNO,CN(C)CCC(O)(c1ccccc1)c1ccccc1Cl,drug_images\CID_2795.png
CID_2796,Bioactive Compound 2796,C12H15ClO3,CCOC(=O)C(C)(C)Oc1ccc(Cl)cc1,drug_images\CID_2796.png
CID_2797,Bioactive Compound 2797,C10H11ClO3,CC(C)(Oc1ccc(Cl)cc1)C(=O)O,drug_images\CID_2797.png
CID_2798,Bioactive Compound 2798,C21H37ClN+,CCCCCCC[N+](CC)(CC)CCCCc1ccc(Cl)cc1,drug_images\CID_2798.png
CID_2799,Bioactive Compound 2799,C21H26Cl2O,CC(C)(C)CC(C)(C)c1ccc(O)c(Cc2ccc(Cl)cc2Cl)c1,drug_images\CID_2799.png
CID_2800,Bioactive Compound 2800,C26H28ClNO,CCN(CC)CCOc1ccc(C(=C(Cl)c2ccccc2)c2ccccc2)cc1,drug_images\CID_2800.png
CID_2801,Bioactive Compound 2801,C19H23ClN2,CN(C)CCCN1c2ccccc2CCc2ccc(Cl)cc21,drug_images\CID_2801.png
CID_2802,Bioactive Compound 2802,C15H10ClN3O3,O=C1CN=C(c2ccccc2Cl)c2cc([N+](=O)[O-])ccc2N1,drug_images\CID_2802.png
CID_2803,Bioactive Compound 2803,C9H9Cl2N3,Clc1cccc(Cl)c1NC1=NCCN1,drug_images\CID_2803.png
CID_2804,Bioactive Compound 2804,C14H20ClN3O3S,CC1CCCC(C)N1NC(=O)c1ccc(Cl)c(S(N)(=O)=O)c1,drug_images\CID_2804.png
CID_2805,Bioactive Compound 2805,C20H24ClNO,Clc1ccc(C(OCCN2CCCCC2)c2ccccc2)cc1,drug_images\CID_2805.png
CID_2806,Bioactive Compound 2806,C16H16ClNO2S,COC(=O)C(c1ccccc1Cl)N1CCc2sccc2C1,drug_images\CID_2806.png
CID_2807,Bioactive Compound 2807,C22H28ClO6-,O=C([O-])CCCC=CCC1C(O)CC(O)C1C=CC(O)COc1cccc(Cl)c1,drug_images\CID_2807.png
CID_2808,Bioactive Compound 2808,C22H29ClO6,O=C(O)CCCC=CCC1C(O)CC(O)C1C=CC(O)COc1cccc(Cl)c1,drug_images\CID_2808.png
CID_2809,Bioactive Compound 2809,C16H11ClN2O3,O=C(O)C1N=C(c2ccccc2)c2cc(Cl)ccc2NC1=O,drug_images\CID_2809.png
CID_2810,Bioactive Compound 2810,C11H16ClNO,CC(C)NCC(O)c1ccccc1Cl,drug_images\CID_2810.png
CID_2811,Bioactive Compound 2811,C16H15ClN2OS,CCc1cc2c(s1)N(C)C(=O)CN=C2c1ccccc1Cl,drug_images\CID_2811.png
CID_2812,Bioactive Compound 2812,C22H17ClN2,Clc1ccccc1C(c1ccccc1)(c1ccccc1)n1ccnc1,drug_images\CID_2812.png
CID_2813,Bioactive Compound 2813,C19H17ClN3O5S-,Cc1onc(-c2ccccc2Cl)c1C(=O)NC1C(=O)N2C1SC(C)(C)C2C(=O)[O-],drug_images\CID_2813.png
CID_2814,Bioactive Compound 2814,C19H18ClN3O5S,Cc1onc(-c2ccccc2Cl)c1C(=O)NC1C(=O)N2C1SC(C)(C)C2C(=O)O,drug_images\CID_2814.png
CID_2815,Bioactive Compound 2815,C12H12BClN2O4,Cc1onc(-c2ccccc2Cl)c1C(=O)NCB(O)O,drug_images\CID_2815.png
CID_2816,Bioactive Compound 2816,C17H14Cl2N2O2,O=C1CN2CCOC2(c2ccccc2Cl)c2cc(Cl)ccc2N1,drug_images\CID_2816.png
CID_2817,Bioactive Compound 2817,C9H6ClNO,Oc1ccc(Cl)c2cccnc12,drug_images\CID_2817.png
CID_2821,Bioactive Compound 2821,C9H2N4Na2O4,N#Cc1cc2nc([O-])c([O-])nc2cc1[N+](=O)[O-].[Na+].[Na+],drug_images\CID_2821.png
CID_2822,Bioactive Compound 2822,C33H48N9O17P3S,CC(C)(COP(=O)(O)OP(=O)(O)OCC1OC(n2cnc3c(N)ncnc32)C(O)C1OP(=O)(O)O)C(O)C(=O)NCCC(=O)NCCSCC(=O)NCCc1c[nH]c2ccccc12,drug_images\CID_2822.png
CID_2823,Bioactive Compound 2823,C62H88CoN13O14P,CC1=C2N=C(C=C3N=C(C(C)=C4N=C(C(CC(N)=O)C4(C)CCC(=O)NCC(C)OP(=O)(O)OC4C(CO)OC(n5cnc6cc(C)c(C)cc65)C4O)C4(C)N=C1C(CCC(N)=O)C4(C)CC(N)=O)C(CCC(N)=O)C3(C)C)C(CCC(N)=O)C2(C)CC(N)=O.[Co],drug_images\CID_2823.png
CID_2824,Bioactive Compound 2824,C62H88N13O14P,CC1=C2N=C(C=C3N=C(C(C)=C4N=C(C(CC(N)=O)C4(C)CCC(=O)NCC(C)OP(=O)(O)OC4C(CO)OC(n5cnc6cc(C)c(C)cc65)C4O)C4(C)N=C1C(CCC(N)=O)C4(C)CC(N)=O)C(CCC(N)=O)C3(C)C)C(CCC(N)=O)C2(C)CC(N)=O,drug_images\CID_2824.png
CID_2825,Bioactive Compound 2825,C18H23NO4,CCOC(=O)C1C(OC(=O)c2ccccc2)CC2CCC1N2C,drug_images\CID_2825.png
CID_2826,Bioactive Compound 2826,C17H21NO4,COC(=O)C1C(OC(=O)c2ccccc2)CC2CCC1N2C,drug_images\CID_2826.png
CID_2827,Bioactive Compound 2827,C32H30N2O4,CC(C)=CCc1ccc2[nH]cc(C3=C(O)C(=O)C(c4c[nH]c5ccc(CC=C(C)C)cc45)=C(O)C3=O)c2c1,drug_images\CID_2827.png
CID_2828,Bioactive Compound 2828,C18H21NO3,COc1ccc2c3c1OC1C(O)C=CC4C(C2)N(C)CCC341,drug_images\CID_2828.png
CID_2829,Bioactive Compound 2829,C26H21N3O4,O=C1N2C=C(c3ccc(O)cc3)N=C(Cc3ccccc3)C2=NC1(O)Cc1ccc(O)cc1,drug_images\CID_2829.png
CID_2831,Bioactive Compound 2831,C63H88CoN14O14P-,CC1=C2N=C(C=C3N=C(C(C)=C4N=C(C(CC(N)=O)C4(C)CCC(=O)NCC(C)OP(=O)(O)OC4C(CO)OC(n5cnc6cc(C)c(C)cc65)C4O)C4(C)N=C1C(CCC(N)=O)C4(C)CC(N)=O)C(CCC(N)=O)C3(C)C)C(CCC(N)=O)C2(C)CC(N)=O.[C-]#N.[Co],drug_images\CID_2831.png
CID_2832,Bioactive Compound 2832,C21H25NO5,CNC1CCc2cc(OC)c(OC)c(OC)c2-c2ccc(OC)c(=O)cc21,drug_images\CID_2832.png
CID_2833,Bioactive Compound 2833,C22H25NO6,COc1cc2c(c(OC)c1OC)-c1ccc(OC)c(=O)cc1C(NC(C)=O)CC2,drug_images\CID_2833.png
CID_2834,Bioactive Compound 2834,C27H43NO8,C=CC1(C)CC(=O)C2(O)C(C)(O1)C(OC(C)=O)C(OC(=O)CCN(C)C)C1C(C)(C)CCC(O)C12C,drug_images\CID_2834.png
CID_2835,Bioactive Compound 2835,C57H103N16O28S5-5,CCC(C)C1NC(=O)C(CCNCS(=O)(=O)[O-])NC(=O)C(NC(=O)C(CCNCS(=O)(=O)[O-])NC(=O)C(NC(=O)C(CCNCS(=O)(=O)[O-])NC(=O)CCCCC(C)C)C(C)O)CCNC(=O)C(C(C)O)NC(=O)C(CCNCS(=O)(=O)[O-])NC(=O)C(CCNCS(=O)(=O)[O-])NC(=O)C(C(C)CC)NC1=O,drug_images\CID_2835.png
CID_2836,Bioactive Compound 2836,C57H108N16O28S5,CCC(C)C1NC(=O)C(CCNCS(=O)(=O)O)NC(=O)C(NC(=O)C(CCNCS(=O)(=O)O)NC(=O)C(NC(=O)C(CCNCS(=O)(=O)O)NC(=O)CCCCC(C)C)C(C)O)CCNC(=O)C(C(C)O)NC(=O)C(CCNCS(=O)(=O)O)NC(=O)C(CCNCS(=O)(=O)O)NC(=O)C(C(C)CC)NC1=O,drug_images\CID_2836.png
CID_2837,Bioactive Compound 2837,C35H49N5O7,CCC(=O)CCCCCC1NC(=O)C2CCCCN2C(=O)C(C(C)CC)NC(=O)C(c2cn(CC(=O)OC)c3ccccc23)NC1=O,drug_images\CID_2837.png
CID_2838,Bioactive Compound 2838,C34H49N5O5,CCC(=O)CCCCCC1NC(=O)C2CCCCN2C(=O)C(C(C)CC)NC(=O)C(c2cn(CC)c3ccccc23)NC1=O,drug_images\CID_2838.png
CID_2839,Bioactive Compound 2839,C34H47N5O7,CCC(=O)CCCCCC1NC(=O)C2CCCCN2C(=O)C(C(C)CC)NC(=O)C(c2cn(OC)c3ccccc3c2=O)NC1=O,drug_images\CID_2839.png
CID_2840,Bioactive Compound 2840,C35H49N5O6,CCC(=O)CCCCCC1NC(=O)C2CCCCN2C(=O)C(C(C)CC)NC(=O)C(c2cn(CC)c3ccccc3c2=O)NC1=O,drug_images\CID_2840.png
CID_2841,Bioactive Compound 2841,C32H45N5O7,CCC(C)C1NC(=O)C(c2cn(OC)c3ccccc23)NC(=O)C(CCCCCC(=O)OC)NC(=O)C2CCCCN2C1=O,drug_images\CID_2841.png
CID_2842,Bioactive Compound 2842,C31H43N5O7,CCC(C)C1NC(=O)C(c2cn(OC)c3ccccc23)NC(=O)C(CCCCCC(=O)O)NC(=O)C2CCCCN2C1=O,drug_images\CID_2842.png
CID_2843,Bioactive Compound 2843,C33H46FN5O6,CCC(C)C1NC(=O)C(c2cn(OC)c3ccccc23)NC(=O)C(CCCCCC(=O)C(C)F)NC(=O)C2CCCCN2C1=O,drug_images\CID_2843.png
CID_2844,Bioactive Compound 2844,C31H44N6O7,CCC(C)C1NC(=O)C(c2cn(OC)c3ccccc23)NC(=O)C(CCCCCC(=O)NO)NC(=O)C2CCCCN2C1=O,drug_images\CID_2844.png
CID_2845,Bioactive Compound 2845,C32H45N5O6S,CCC(C)C1NC(=O)C(c2cn(OC)c3ccccc23)NC(=O)C(CCCCCSC(C)=O)NC(=O)C2CCCCN2C1=O,drug_images\CID_2845.png
CID_2846,Bioactive Compound 2846,C37H54N6O5,CCC(=O)CCCCCC1NC(=O)C2CCCCN2C(=O)C(C(C)CC)NC(=O)C(c2cn(CN3CCCC3)c3ccccc23)NC1=O,drug_images\CID_2846.png
CID_2847,Bioactive Compound 2847,C40H53N5O7,CCC(=O)CCCCCC1NC(=O)C2CCCCN2C(=O)C(C(C)CC)NC(=O)C(c2c(-c3cc(OC)cc(OC)c3)[nH]c3ccccc23)NC1=O,drug_images\CID_2847.png
CID_2848,Bioactive Compound 2848,C33H44ClN5O5,CCC(=O)CCCCCC1NC(=O)C2CCCCN2C(=O)C(C(C)CC)NC(=O)C(c2cnc3ccccc3c2Cl)NC1=O,drug_images\CID_2848.png
CID_2849,Bioactive Compound 2849,C38H54N6O5,CCC(=O)CCCCCC1NC(=O)C2CCCCN2C(=O)C(C(C)CC)NC(=O)C(c2cnc3ccccc3c2N2CCCCC2)NC1=O,drug_images\CID_2849.png
CID_2850,Bioactive Compound 2850,C32H41N5O6,O=C(CCCCCC1NC(=O)C2CCCCN2C(=O)C(Cc2ccccc2)NC(=O)C(Cc2ccccc2)NC1=O)NO,drug_images\CID_2850.png
CID_2851,Bioactive Compound 2851,C30H45N5O7,CCC(C)C1NC(=O)C(Cc2ccc(OC)cc2)NC(=O)C(CCCCCC(=O)NO)NC(=O)C2CCCCN2C1=O,drug_images\CID_2851.png
CID_2852,Bioactive Compound 2852,C31H39N5O6,O=C(CCCCCC1NC(=O)C2CCCN2C(=O)C(Cc2ccccc2)NC(=O)C(Cc2ccccc2)NC1=O)NO,drug_images\CID_2852.png
CID_2853,Bioactive Compound 2853,C26H37N5O6,CC1(C)NC(=O)C(CCCCCC(=O)NO)NC(=O)C2CCCN2C(=O)C(Cc2ccccc2)NC1=O,drug_images\CID_2853.png
CID_2854,Bioactive Compound 2854,C23H34O5,CCC(C)C(=O)OC1CCC=C2C=CC(C)C(CCC3CC(O)CC(=O)O3)C21,drug_images\CID_2854.png
CID_2855,Bioactive Compound 2855,C32H45N3O3,CNCCc1ccc(OC)c(Cc2cc(CCNC)cc(Cc3cc(CCNC)ccc3OC)c2OC)c1,drug_images\CID_2855.png
CID_2856,Bioactive Compound 2856,C16H19ClN6O,CC(C)n1cnc2c(Nc3cccc(Cl)c3)nc(NCCO)nc21,drug_images\CID_2856.png
CID_2857,Bioactive Compound 2857,C18H18BrN3O2,CCOc1cc2ncnc(Nc3cccc(Br)c3)c2cc1OCC,drug_images\CID_2857.png
CID_2858,Bioactive Compound 2858,C46H73NO14,CC=CC1OC(O)(C(C)C(O)C(C)C2=C(OC)C=CC=C(C)CC(C)C(O)C(CC)C(O)C(C)C=C(C)C=C(OC)C(=O)O2)CC(OC2CC(O)C(OC(N)=O)C(C)O2)C1C,drug_images\CID_2858.png
CID_2859,Bioactive Compound 2859,C6H10O5,OC1C(O)C(O)C2OC2C1O,drug_images\CID_2859.png
CID_2860,Bioactive Compound 2860,C24H40N2,CC1C2CCC3C4CC=C5CC(N(C)C)CCC5(C)C4CCC32CN1C,drug_images\CID_2860.png
CID_2862,Bioactive Compound 2862,C29H42O10,CC1OC(OC2CCC3(C=O)C4CCC5(C)C(C6=CC(=O)OC6)CCC5(O)C4CCC3(O)C2)C(O)C(O)C1O,drug_images\CID_2862.png
CID_2863,Bioactive Compound 2863,C23H30O6,CC(=O)OCC(=O)C1(O)CCC2C3CCC4=CC(=O)CCC4(C)C3C(=O)CC21C,drug_images\CID_2863.png
CID_2864,Bioactive Compound 2864,C34H48O8,C=CC(=C)CCC1(C)C(C)CC(O)C23C(=CC(OC(=O)C=CC=CCCCCC)CC12)C(OC(C)=O)OC3OC(C)=O,drug_images\CID_2864.png
CID_2865,Bioactive Compound 2865,C34H52O8,C=CC(=C)CCC1(C)C(C)CC(OC(=O)CCCCCCCCC)C23C(=CC(O)CC12)C(OC(C)=O)OC3OC(C)=O,drug_images\CID_2865.png
CID_2866,Bioactive Compound 2866,C21H26N2O3,COC(=O)C1C(O)CCC2CN3CCc4c([nH]c5ccccc45)C3CC21,drug_images\CID_2866.png
CID_2867,Bioactive Compound 2867,C20H14BrN3O2,O=C(NC=Cc1c[nH]c2cc(Br)ccc12)C(=O)c1c[nH]c2ccccc12,drug_images\CID_2867.png
CID_2868,Bioactive Compound 2868,C20H15N3O2,O=C(NC=Cc1c[nH]c2ccccc12)C(=O)c1c[nH]c2ccccc12,drug_images\CID_2868.png
CID_2869,Bioactive Compound 2869,C20H14BrN3O3,O=C(NC=Cc1c[nH]c2ccc(Br)cc12)C(=O)c1c[nH]c2c(O)cccc12,drug_images\CID_2869.png
CID_2870,Bioactive Compound 2870,C57H65N5O17,COC1C(OC(=O)c2ccc(C)[nH]2)C(O)C(Oc2ccc3c(c2C)OC(=O)C(NC(=O)c2[nH]cc(CC(=O)Nc4cc5ccc(OC6OC(C)(C)C(OC)C(OC(=O)c7ccc(C)[nH]7)C6O)c(C)c5oc4=O)c2C)C3)CC1(C)C,drug_images\CID_2870.png
CID_2871,Bioactive Compound 2871,C14H16ClO5PS,CCOP(=S)(OCC)Oc1ccc2c(C)c(Cl)c(=O)oc2c1,drug_images\CID_2871.png
CID_2872,Bioactive Compound 2872,C30H31ClN2O7,CC(C)(C)CN1C(=O)C(CC(=O)NC(CC(=O)O)C(=O)O)OC(c2cccc3ccccc23)c2cc(Cl)ccc21,drug_images\CID_2872.png
CID_2873,Bioactive Compound 2873,C22H20ClN3O4,O=C(NC(Cc1ccccc1)C(=O)N1CC(C(=O)O)C1)c1cc2cc(Cl)ccc2[nH]1,drug_images\CID_2873.png
CID_2874,Bioactive Compound 2874,C23H23ClFN3O3,O=C(NC(Cc1ccc(F)cc1)C(=O)N1CCC(O)CC1)c1cc2cc(Cl)ccc2[nH]1,drug_images\CID_2874.png
CID_2875,Bioactive Compound 2875,C11H19F2NO3,NC(CC1CCCCC1)C(O)C(F)(F)C(=O)O,drug_images\CID_2875.png
CID_2876,Bioactive Compound 2876,C13H12O3S,CC1=C(SCCO)C(=O)c2ccccc2C1=O,drug_images\CID_2876.png
CID_2877,Bioactive Compound 2877,C15H18N2O2,COc1ccc2[nH]cc(CCNC(=O)C3CC3)c2c1,drug_images\CID_2877.png
CID_2878,Bioactive Compound 2878,C11H14NO5P,NC(C(=O)O)(c1ccc(P(=O)(O)O)cc1)C1CC1,drug_images\CID_2878.png
CID_2879,Bioactive Compound 2879,C7H8O,Cc1ccc(O)cc1,drug_images\CID_2879.png
CID_2880,Bioactive Compound 2880,C18H15ClN2O,C=C(c1ccccc1OCc1cccc(Cl)c1)n1ccnc1,drug_images\CID_2880.png
CID_2881,Bioactive Compound 2881,C23H14O11-2,O=C([O-])c1cc(=O)c2c(OCC(O)COc3cccc4oc(C(=O)[O-])cc(=O)c34)cccc2o1,drug_images\CID_2881.png
CID_2882,Bioactive Compound 2882,C23H16O11,O=C(O)c1cc(=O)c2c(OCC(O)COc3cccc4oc(C(=O)O)cc(=O)c34)cccc2o1,drug_images\CID_2882.png
CID_2883,Bioactive Compound 2883,C13H17NO,CC=CC(=O)N(CC)c1ccccc1C,drug_images\CID_2883.png
CID_2884,Bioactive Compound 2884,C50H67N11O11S2,CC(O)C(NC(=O)C1NC(=O)C(C(C)O)NC(=O)C(CCCN)NC(=O)C(Cc2c[nH]c3ccccc23)NC(=O)C(Cc2ccc(O)cc2)NC(=O)C(NC(=O)C(N)Cc2ccccc2)CSSC1(C)C)C(N)=O,drug_images\CID_2884.png
CID_2885,Bioactive Compound 2885,C32H46O8,CC(=O)OC(C)(C)C=CC(=O)C(C)(O)C1C(O)CC2(C)C3CC=C4C(CC(O)C(=O)C4(C)C)C3(C)C(=O)CC12C,drug_images\CID_2885.png
CID_2886,Bioactive Compound 2886,C30H44O7,CC(C)(O)C=CC(=O)C(C)(O)C1C(O)CC2(C)C3CC=C4C(CC(O)C(=O)C4(C)C)C3(C)C(=O)CC12C,drug_images\CID_2886.png
CID_2887,Bioactive Compound 2887,C32H44O8,CC(=O)OC(C)(C)C=CC(=O)C(C)(O)C1C(O)CC2(C)C3CC=C4C(C=C(O)C(=O)C4(C)C)C3(C)C(=O)CC12C,drug_images\CID_2887.png
CID_2888,Bioactive Compound 2888,C30H42O7,CC(C)(O)C=CC(=O)C(C)(O)C1C(O)CC2(C)C3CC=C4C(C=C(O)C(=O)C4(C)C)C3(C)C(=O)CC12C,drug_images\CID_2888.png
CID_2889,Bioactive Compound 2889,C21H20O6,COc1cc(C=CC(=O)CC(=O)C=Cc2ccc(O)c(OC)c2)ccc1O,drug_images\CID_2889.png
CID_2890,Bioactive Compound 2890,C14H17NO3,O=C(c1ccc2c(c1)OCCO2)N1CCCCC1,drug_images\CID_2890.png
CID_2891,Bioactive Compound 2891,C63H89CoN14O14P,CC1=C2N=C(C=C3N=C(C(C)=C4[N-]C(C(CC(N)=O)C4(C)CCC(=O)NCC(C)OP(=O)(O)OC4C(CO)OC(n5cnc6cc(C)c(C)cc65)C4O)C4(C)N=C1C(CCC(N)=O)C4(C)CC(N)=O)C(CCC(N)=O)C3(C)C)C(CCC(N)=O)C2(C)CC(N)=O.[C-]#N.[Co+2],drug_images\CID_2891.png
CID_2892,Bioactive Compound 2892,C62H90N13O14P,CC1=C2N=C(C=C3NC(=C(C)C4=NC(C)(C5N=C1C(C)(CCC(=O)NCC(C)OP(=O)(O)OC1C(CO)OC(n6cnc7cc(C)c(C)cc76)C1O)C5CC(N)=O)C(C)(CC(N)=O)C4CCC(N)=O)C(C)(CC(N)=O)C3CCC(N)=O)C(C)(C)C2CCC(N)=O,drug_images\CID_2892.png
CID_2893,Bioactive Compound 2893,C17H24O3,CC1CC(OC(=O)C(O)c2ccccc2)CC(C)(C)C1,drug_images\CID_2893.png
CID_2894,Bioactive Compound 2894,C23H27N5O4,COc1cc2nc(N3CCN(C(=O)c4ccco4)C4CCCCC43)nc(N)c2cc1OC,drug_images\CID_2894.png
CID_2895,Bioactive Compound 2895,C20H21N,CN(C)CCC=C1c2ccccc2C=Cc2ccccc21,drug_images\CID_2895.png
CID_2896,Bioactive Compound 2896,C5H9N3O2,NC1=NCCN1CC(=O)O,drug_images\CID_2896.png
CID_2897,Bioactive Compound 2897,C12H25N,NC1CCCCCCCCCCC1,drug_images\CID_2897.png
CID_2898,Bioactive Compound 2898,C23H24O4,CC(=O)Oc1ccc(C(=C2CCCCC2)c2ccc(OC(C)=O)cc2)cc1,drug_images\CID_2898.png
CID_2899,Bioactive Compound 2899,C7H15N,NC1CCCCCC1,drug_images\CID_2899.png
CID_2900,Bioactive Compound 2900,C15H23NO4,CC1CC(C)C(=O)C(C(O)CC2CC(=O)NC(=O)C2)C1,drug_images\CID_2900.png
CID_2901,Bioactive Compound 2901,C6H11NO2,NC1(C(=O)O)CCCC1,drug_images\CID_2901.png
CID_2902,Bioactive Compound 2902,C8H14N2O2,CC(C)CC1NC(=O)CNC1=O,drug_images\CID_2902.png
CID_2903,Bioactive Compound 2903,C8H17N,NC1CCCCCCC1,drug_images\CID_2903.png
CID_2904,Bioactive Compound 2904,C13H18ClN3O4S2,NS(=O)(=O)c1cc2c(cc1Cl)NC(CC1CCCC1)NS2(=O)=O,drug_images\CID_2904.png
CID_2905,Bioactive Compound 2905,C17H25NO3,CN(C)CCOC(=O)C(c1ccccc1)C1(O)CCCC1,drug_images\CID_2905.png
CID_2906,Bioactive Compound 2906,C5H11N,NC1CCCC1,drug_images\CID_2906.png
CID_2907,Bioactive Compound 2907,C7H15Cl2N2O2P,O=P1(N(CCCl)CCCl)NCCCO1,drug_images\CID_2907.png
CID_2909,Bioactive Compound 2909,C62H111N11O12,CC=CCC(C)C(O)C1C(=O)NC(CC)C(=O)N(C)CC(=O)N(C)C(CC(C)C)C(=O)NC(C(C)C)C(=O)N(C)C(CC(C)C)C(=O)NC(C)C(=O)NC(C)C(=O)N(C)C(CC(C)C)C(=O)N(C)C(CC(C)C)C(=O)N(C)C(C(C)C)C(=O)N1C,drug_images\CID_2909.png
CID_2910,Bioactive Compound 2910,C14H16ClN3O4S2,NS(=O)(=O)c1cc2c(cc1Cl)NC(C1CC3C=CC1C3)NS2(=O)=O,drug_images\CID_2910.png
CID_2911,Bioactive Compound 2911,C19H29NO,OC(CCN1CCCCC1)(c1ccccc1)C1CCCC1,drug_images\CID_2911.png
CID_2912,Bioactive Compound 2912,C22H19Cl2NO3,CC1(C)C(C=C(Cl)Cl)C1C(=O)OC(C#N)c1cccc(Oc2ccccc2)c1,drug_images\CID_2912.png
CID_2913,Bioactive Compound 2913,C21H21N,CN1CCC(=C2c3ccccc3C=Cc3ccccc32)CC1,drug_images\CID_2913.png
CID_2914,Bioactive Compound 2914,C24H29ClO4,CC(=O)OC1(C(C)=O)CCC2C3C=C(Cl)C4=CC(=O)C5CC5C4(C)C3CCC21C,drug_images\CID_2914.png
CID_2915,Bioactive Compound 2915,C4H12N2S2,NCCSSCCN,drug_images\CID_2915.png
CID_2916,Bioactive Compound 2916,C2H8NO3PS,NCCSP(=O)(O)O,drug_images\CID_2916.png
CID_2917,Bioactive Compound 2917,C17H26N3O15P,Nc1ccn(C2OC(COP(=O)(O)OC3(C(=O)O)CC(O)C(O)C(C(O)CO)O3)C(O)C2O)c(=O)n1,drug_images\CID_2917.png
CID_2918,Bioactive Compound 2918,C29H35NO5,C=C1C(=O)C2C=CCC(C)CCCC(O)C=CC(=O)OC23C(=O)NC(Cc2ccccc2)C3C1C,drug_images\CID_2918.png
CID_2919,Bioactive Compound 2919,C29H37NO5,C=C1C(C)C2C(Cc3ccccc3)NC(=O)C23OC(=O)C=CC(O)CCCC(C)CC=CC3C1O,drug_images\CID_2919.png
CID_2920,Bioactive Compound 2920,C28H33NO7,CC1CC=CC2C3OC3(C)C(C)C3C(Cc4ccccc4)NC(=O)C23OC(=O)OC=CC(C)(O)C1=O,drug_images\CID_2920.png
CID_2921,Bioactive Compound 2921,C30H39NO5,C=C1C(C)C2C(Cc3ccccc3)NC(=O)C23C(OC(C)=O)C=CC(C)(O)CC(C)CC=CC3C1O,drug_images\CID_2921.png
CID_2922,Bioactive Compound 2922,C30H37NO7,CC(=O)OC1C=CC(C)(O)C(=O)C(C)CC=CC2C(O)C3(C)OC3(C)C3C(Cc4ccccc4)NC(=O)C123,drug_images\CID_2922.png
CID_2923,Bioactive Compound 2923,C30H39NO7,CC(=O)OC1C=CC(C)(O)C(=O)C(C)CC=CC2C(O)C(C)(O)C(C)C3C(Cc4ccccc4)NC(=O)C123,drug_images\CID_2923.png
CID_2924,Bioactive Compound 2924,C31H43NO5,CC(=O)OC1C=CC(C)(O)CC(C)CC=CC2C(O)C(C)(C)C(C)C3C(Cc4ccccc4)NC(=O)C123,drug_images\CID_2924.png
CID_2925,Bioactive Compound 2925,C30H37NO6,CC(=O)OC1C=CC(C)(O)C(=O)C(C)CC=CC2C3OC3(C)C(C)C3C(Cc4ccccc4)NC(=O)C123,drug_images\CID_2925.png
CID_2926,Bioactive Compound 2926,C30H37NO6,CC(=O)OC1C=CC(C)(O)C(=O)C(C)CC=CC2C(O)C(C)=C(C)C3C(Cc4ccccc4)NC(=O)C123,drug_images\CID_2926.png
CID_2927,Bioactive Compound 2927,C6H14NO5P,NC(CCCCP(=O)(O)O)C(=O)O,drug_images\CID_2927.png
CID_2928,Bioactive Compound 2928,C14H17BNO4-,CC(=O)NC(Cc1cccc2ccccc12)[B-](O)(O)O,drug_images\CID_2928.png
CID_2929,Bioactive Compound 2929,C22H16ClN3O2,O=C(Nc1ccncc1)C(=O)c1cn(Cc2ccc(Cl)cc2)c2ccccc12,drug_images\CID_2929.png
CID_2930,Bioactive Compound 2930,C10H12N2O4,O=C(NO)NC(Cc1ccccc1)C(=O)O,drug_images\CID_2930.png
CID_2931,Bioactive Compound 2931,C11H16N3O7P,Cc1ncc(COP(=O)(O)O)c(CNC2CONC2=O)c1O,drug_images\CID_2931.png
CID_2932,Bioactive Compound 2932,C15H23N5O4,NC(N)=NCCCC(NC(=O)C(N)Cc1ccc(O)cc1)C(=O)O,drug_images\CID_2932.png
CID_2933,Bioactive Compound 2933,C9H11N5O4,Nc1ncnc2c1ncn2CC(O)C(O)C(=O)O,drug_images\CID_2933.png
CID_2934,Bioactive Compound 2934,C23H39NO2,CCCCCCCCCCCCCC(=O)NC(C)C(O)c1ccccc1,drug_images\CID_2934.png
CID_2935,Bioactive Compound 2935,C6H12N2O6S,NC(CCC(=O)NCS(=O)(=O)O)C(=O)O,drug_images\CID_2935.png
CID_2936,Bioactive Compound 2936,C6H14O12P2,O=P(O)(O)OC1C(O)C(O)C(O)C(O)C1OP(=O)(O)O,drug_images\CID_2936.png
CID_2937,Bioactive Compound 2937,C20H30O4,CCCCCC(O)CC=C1C(=O)C=CC1CC=CCCCC(=O)O,drug_images\CID_2937.png
CID_2938,Bioactive Compound 2938,C49H56N6O2+2,COc1ccc2[nH]c3ccc4cc[n+](CCN5CCC(CCCC6CCN(CC[n+]7ccc8ccc9[nH]c%10ccc(OC)cc%10c9c8c7)CC6)CC5)cc4c3c2c1,drug_images\CID_2938.png
CID_2939,Bioactive Compound 2939,C10H15N2O13P3,Cc1cn(C2C=CC(COP(=O)(O)OP(=O)(O)OP(=O)(O)O)O2)c(=O)[nH]c1=O,drug_images\CID_2939.png
CID_2940,Bioactive Compound 2940,C11H15OS2-,S=C([S-])OC1CC2CC1C1CCCC21,drug_images\CID_2940.png
CID_2941,Bioactive Compound 2941,C11H16OS2,S=C(S)OC1CC2CC1C1CCCC21,drug_images\CID_2941.png
CID_2942,Bioactive Compound 2942,C6H10N6O,CN(C)N=Nc1nc[nH]c1C(N)=O,drug_images\CID_2942.png
CID_2943,Bioactive Compound 2943,C10H6Cl4O4,COC(=O)c1c(Cl)c(Cl)c(C(=O)OC)c(Cl)c1Cl,drug_images\CID_2943.png
CID_2946,Bioactive Compound 2946,C12H12N2O2,CN1CCc2cn(C)c3c2C1=CC(=O)C3=O,drug_images\CID_2946.png
CID_2947,Bioactive Compound 2947,C11H10N2O2,CN1CCc2c[nH]c3c2C1=CC(=O)C3=O,drug_images\CID_2947.png
CID_2948,Bioactive Compound 2948,C16H10O5,COc1c(C=O)c(O)cc2c1C(=O)c1ccccc1C2=O,drug_images\CID_2948.png
CID_2949,Bioactive Compound 2949,C22H27NO2,C#CC1(O)CCC2C3CCC4=Cc5oncc5CC4(C)C3CCC21C,drug_images\CID_2949.png
CID_2950,Bioactive Compound 2950,C14H8O4,O=C1c2cccc(O)c2C(=O)c2c(O)cccc21,drug_images\CID_2950.png
CID_2951,Bioactive Compound 2951,C14H9N4O5-,O=C1N=C([O-])CN1N=Cc1ccc(-c2ccc([N+](=O)[O-])cc2)o1,drug_images\CID_2951.png
CID_2952,Bioactive Compound 2952,C14H10N4O5,O=C1CN(N=Cc2ccc(-c3ccc([N+](=O)[O-])cc3)o2)C(=O)N1,drug_images\CID_2952.png
CID_2954,Bioactive Compound 2954,C16H15N5,[H]/N=C(\N)c1ccc(-c2cc3ccc(/C(N)=N/[H])cc3[nH]2)cc1,drug_images\CID_2954.png
CID_2955,Bioactive Compound 2955,C12H12N2O2S,Nc1ccc(S(=O)(=O)c2ccc(N)cc2)cc1,drug_images\CID_2955.png
CID_2956,Bioactive Compound 2956,C23H26F2N2O4,CC(NC(=O)Cc1cc(F)cc(F)c1)C(=O)NC(C(=O)OC(C)(C)C)c1ccccc1,drug_images\CID_2956.png
CID_2957,Bioactive Compound 2957,C17H21N2+,CC[n+]1ccccc1C=Cc1ccc(N(C)C)cc1,drug_images\CID_2957.png
CID_2958,Bioactive Compound 2958,C27H29NO10,COc1cccc2c1C(=O)c1c(O)c3c(c(O)c1C2=O)CC(O)(C(C)=O)CC3OC1CC(N)C(O)C(C)O1,drug_images\CID_2958.png
CID_2959,Bioactive Compound 2959,C32H39NO10,COc1cccc2c1C(=O)c1c(O)c3c(c(O)c1C2=O)CC(O)(C(C)=O)CC3OCC1(C)OC(C)C(C)(O)C(N)C1(C)C,drug_images\CID_2959.png
CID_2961,Bioactive Compound 2961,C46H82NO7P,CCC=CCC=CCC=CCC=CCC=CCC=CCCC(=O)OC(COCCCCCCCCCCCCCCCC)COP(=O)([O-])OCC[N+](C)(C)C,drug_images\CID_2961.png
CID_2962,Bioactive Compound 2962,C46H83NO7P+,CCC=CCC=CCC=CCC=CCC=CCC=CCCC(=O)OC(COCCCCCCCCCCCCCCCC)COP(=O)(O)OCC[N+](C)(C)C,drug_images\CID_2962.png
CID_2963,Bioactive Compound 2963,C16H15N3,N#CC(C#N)=Cc1cc2c3c(c1)CCCN3CCC2,drug_images\CID_2963.png
CID_2964,Bioactive Compound 2964,C20H32O6,C=CC1(C)CC(=O)C2(O)C(C)(O1)C(O)C(O)C1C(C)(C)CCC(O)C12C,drug_images\CID_2964.png
CID_2966,Bioactive Compound 2966,C10H13N3,[H]/N=C(\N)N1CCc2ccccc2C1,drug_images\CID_2966.png
CID_2967,Bioactive Compound 2967,C32H48O10,COC(CCC(C)C1OC23CC(OC(=O)CC(C(C)O)OC(=O)CC(O)(O2)C(C)CC3(C)C)C1C)c1cccc(O)c1,drug_images\CID_2967.png
CID_2968,Bioactive Compound 2968,C16H38N2+2,C[N+](C)(C)CCCCCCCCCC[N+](C)(C)C,drug_images\CID_2968.png
CID_2969,Bioactive Compound 2969,C10H20O2,CCCCCCCCCC(=O)O,drug_images\CID_2969.png
CID_2970,Bioactive Compound 2970,C11H13N5O4,C=C1OC(CO)(n2cnc3c(N)ncnc32)C(O)C1O,drug_images\CID_2970.png
CID_2971,Bioactive Compound 2971,C19H30O4,CCCCCCCCCCC1=C(C)C(=O)C(OC)=C(OC)C1=O,drug_images\CID_2971.png
CID_2972,Bioactive Compound 2972,C7H9NO2,Cc1c(O)c(=O)ccn1C,drug_images\CID_2972.png
CID_2973,Bioactive Compound 2973,C25H48N6O8,CC(=O)N(O)CCCCCNC(=O)CCC(=O)N(O)CCCCCNC(=O)CCC(=O)N(O)CCCCCN,drug_images\CID_2973.png
CID_2974,Bioactive Compound 2974,C24H33O5-,CC(CCC(=O)[O-])C1CCC2C3C(=O)CC4CC(=O)CCC4(C)C3CC(=O)C12C,drug_images\CID_2974.png
CID_2975,Bioactive Compound 2975,C24H34O5,CC(CCC(=O)O)C1CCC2C3C(=O)CC4CC(=O)CCC4(C)C3CC(=O)C12C,drug_images\CID_2975.png
CID_2976,Bioactive Compound 2976,C26H32N2O5,CCOC(=O)C(CCc1ccccc1)NC(C)C(=O)N(CC(=O)O)C1Cc2ccccc2C1,drug_images\CID_2976.png
CID_2977,Bioactive Compound 2977,C21H30O2,CCCCCc1cc(O)c2c(c1)OC(C)(C)C1CC=C(C)CC21,drug_images\CID_2977.png
CID_2978,Bioactive Compound 2978,C21H30O2,CCCCCc1cc(O)c2c(c1)OC(C)(C)C1CCC(C)=CC21,drug_images\CID_2978.png
CID_2979,Bioactive Compound 2979,C22H27N6Rh-3,CC([NH-])C[N-]CCNCC(C)[NH-].[N-]=C1C(=[N-])c2ccccc2-c2ccccc21.[Rh+2],drug_images\CID_2979.png
CID_2980,Bioactive Compound 2980,C8H22N4,CC(N)CNCCNCC(C)N,drug_images\CID_2980.png
CID_2981,Bioactive Compound 2981,C14H10N2,[H]/N=C1\C(=N\[H])c2ccccc2-c2ccccc21,drug_images\CID_2981.png
CID_2982,Bioactive Compound 2982,C22H19Br2NO3,CC1(C)C(C=C(Br)Br)C1C(=O)OC(C#N)c1cccc(Oc2ccccc2)c1,drug_images\CID_2982.png
CID_2984,Bioactive Compound 2984,C16H24N4O3,CCCCn1c(=O)c2c(ncn2CC(C)=O)n(CCCC)c1=O,drug_images\CID_2984.png
CID_2985,Bioactive Compound 2985,C17H24O2,C=CCCCCCC=CC(O)C#CC#CC(O)CC,drug_images\CID_2985.png
CID_2986,Bioactive Compound 2986,C17H22O2,C=CCCCCCC(O)C=CC#CC#CC(O)C=C,drug_images\CID_2986.png
CID_2987,Bioactive Compound 2987,C24H40O4,CC(CCC(=O)O)C1CCC2C3CCC4CC(O)CCC4(C)C3CC(O)C12C,drug_images\CID_2987.png
CID_2988,Bioactive Compound 2988,C22H24O7,COc1cc(CC2C(=O)OCC2Cc2ccc3c(c2)OCO3)cc(OC)c1OC,drug_images\CID_2988.png
CID_2989,Bioactive Compound 2989,C26H28N2O8,C=CC1C(OC2OC(CO)C(O)C(O)C2O)OC=C2C(=O)N3Cc4cc5ccccc5nc4C3CC21,drug_images\CID_2989.png
CID_2990,Bioactive Compound 2990,C7H8N2O3,CN(N=O)c1cc(O)ccc1O,drug_images\CID_2990.png
CID_2991,Bioactive Compound 2991,C24H32O5,CCC(=O)OC1(C(C)=O)CCC2C3CCC4=CC(=O)C=CC4(C)C3C(O)CC21C,drug_images\CID_2991.png
CID_2992,Bioactive Compound 2992,C11H16O4,C=CC(O)C1OC1C=CC1OC1C(C)O,drug_images\CID_2992.png
CID_2993,Bioactive Compound 2993,C30H40N4+2,Cc1cc(N)c2ccccc2[n+]1CCCCCCCCCC[n+]1c(C)cc(N)c2ccccc21,drug_images\CID_2993.png
CID_2994,Bioactive Compound 2994,C19H28N4O5,CC(C)CC(NC(=O)C(Cc1ccccc1)NC(=O)CNC(=O)CN)C(=O)O,drug_images\CID_2994.png
CID_2995,Bioactive Compound 2995,C18H22N2,CNCCCN1c2ccccc2CCc2ccccc21,drug_images\CID_2995.png
CID_2996,Bioactive Compound 2996,C47H74O19,CC1OC(OC2CCC3(C)C(CCC4C3CC(O)C3(C)C(C5=CC(=O)OC5)CCC43O)C2)CC(O)C1OC1CC(O)C(OC2CC(O)C(OC3OC(CO)C(O)C(O)C3O)C(C)O2)C(C)O1,drug_images\CID_2996.png
CID_2997,Bioactive Compound 2997,C15H11ClN2O,O=C1CN=C(c2ccccc2)c2cc(Cl)ccc2N1,drug_images\CID_2997.png
CID_2998,Bioactive Compound 2998,C17H27NO3,CCCCCCCCC(=O)NCc1ccc(O)c(OC)c1,drug_images\CID_2998.png
CID_2999,Bioactive Compound 2999,C21H26O2,C#CC1(O)C=CC2C3CCC4=CC(=O)CCC4C3CCC21CC,drug_images\CID_2999.png
CID_3000,Bioactive Compound 3000,C22H29FO4,CC1CC2C3CCC4=CC(=O)C=CC4(C)C3(F)C(O)CC2(C)C1C(=O)CO,drug_images\CID_3000.png
CID_3001,Bioactive Compound 3001,C23H32O4,CC(=O)OCC(=O)C1CCC2C3CCC4=CC(=O)CCC4(C)C3CCC12C,drug_images\CID_3001.png
CID_3002,Bioactive Compound 3002,C21H36N7O16P3,CCNC(=O)CCNC(=O)C(O)C(C)(C)COP(=O)(O)OP(=O)(O)OCC1OC(n2cnc3c(N)ncnc32)C(O)C1OP(=O)(O)O,drug_images\CID_3002.png
CID_3003,Bioactive Compound 3003,C22H29FO5,CC1CC2C3CCC4=CC(=O)C=CC4(C)C3(F)C(O)CC2(C)C1(O)C(=O)CO,drug_images\CID_3003.png
CID_3004,Bioactive Compound 3004,C29H33FO9S,CC1CC2C3CCC4=CC(=O)C=CC4(C)C3(F)C(O)CC2(C)C1(O)C(=O)COC(=O)c1cccc(S(=O)(=O)O)c1,drug_images\CID_3004.png
CID_3005,Bioactive Compound 3005,C38H59FO6,CCCCCCCCCCCCCCCC(=O)OCC(=O)C1(O)C(C)CC2C3CCC4=CC(=O)C=CC4(C)C3(F)C(O)CC21C,drug_images\CID_3005.png
CID_3006,Bioactive Compound 3006,C22H28FO8P-2,CC1CC2C3CCC4=CC(=O)C=CC4(C)C3(F)C(O)CC2(C)C1(O)C(=O)COP(=O)([O-])[O-],drug_images\CID_3006.png
CID_3007,Bioactive Compound 3007,C9H13N,CC(N)Cc1ccccc1,drug_images\CID_3007.png
CID_3008,Bioactive Compound 3008,C18H25NO,COc1ccc2c(c1)C13CCCCC1C(C2)N(C)CC3,drug_images\CID_3008.png
CID_3009,Bioactive Compound 3009,C6H12F2N2O2,NCCCC(N)(C(=O)O)C(F)F,drug_images\CID_3009.png
CID_3010,Bioactive Compound 3010,C19H30N2O,CCCCCCCCCCNc1cc(CO)c2cc[nH]c2c1,drug_images\CID_3010.png
CID_3011,Bioactive Compound 3011,C20H34O2,CCCCCC=CCC=CCC=CCCCCCCC(=O)O,drug_images\CID_3011.png
CID_3012,Bioactive Compound 3012,C27H26FN3OS,Cc1nc2sccn2c(=O)c1CCN1CCC(=C(c2ccccc2)c2ccc(F)cc2)CC1,drug_images\CID_3012.png
CID_3014,Bioactive Compound 3014,C20H36O5,CCCCCCCCCCCCCOC(=O)C1CCC(=O)OC1CO,drug_images\CID_3014.png
CID_3015,Bioactive Compound 3015,C22H27ClO3,CC(=O)C1(O)CCC2C3C=C(Cl)C4=CC(=O)C5CC5C4(C)C3CCC21C,drug_images\CID_3015.png
CID_3016,Bioactive Compound 3016,C16H13ClN2O,CN1C(=O)CN=C(c2ccccc2)c2cc(Cl)ccc21,drug_images\CID_3016.png
CID_3017,Bioactive Compound 3017,C12H21N2O3PS,CCOP(=S)(OCC)Oc1cc(C)nc(C(C)C)n1,drug_images\CID_3017.png
CID_3018,Bioactive Compound 3018,C18H22N2O6,CCOC(=O)NC1=C(C2CC2)C(=O)C(NC(=O)OCC)=C(C2CC2)C1=O,drug_images\CID_3018.png
CID_3019,Bioactive Compound 3019,C8H7ClN2O2S,CC1=NS(=O)(=O)c2cc(Cl)ccc2N1,drug_images\CID_3019.png
CID_3020,Bioactive Compound 3020,C56H42O14,Oc1ccc(C2Oc3cc(O)cc4c3C2c2cc(O)cc(O)c2C(c2ccc(O)cc2)C4(O)C2(O)c3cc(O)cc4c3C(c3cc(O)cc(O)c3C2c2ccc(O)cc2)C(c2ccc(O)cc2)O4)cc1,drug_images\CID_3020.png
CID_3021,Bioactive Compound 3021,C18H37N5O8,NCC1CCC(N)C(OC2C(N)CC(N)C(OC3OC(CO)C(O)C(N)C3O)C2O)O1,drug_images\CID_3021.png
CID_3022,Bioactive Compound 3022,C14H8O5,O=C(O)c1cccc2c1oc1c(C(=O)O)cccc12,drug_images\CID_3022.png
CID_3023,Bioactive Compound 3023,C12H8S,c1ccc2c(c1)sc1ccccc12,drug_images\CID_3023.png
CID_3024,Bioactive Compound 3024,CH2Br2,BrCBr,drug_images\CID_3024.png
CID_3025,Bioactive Compound 3025,C20H29N3O2,CCCCOc1cc(C(=O)NCCN(CC)CC)c2ccccc2n1,drug_images\CID_3025.png
CID_3026,Bioactive Compound 3026,C16H22O4,CCCCOC(=O)c1ccccc1C(=O)OCCCC,drug_images\CID_3026.png
CID_3027,Bioactive Compound 3027,C17H23N5O9P-,CCCC(=O)NC1=NC2C(N=CN2C2OC3OP(=O)([O-])OC3C2OC(=O)CCC)C(=O)N1,drug_images\CID_3027.png
CID_3028,Bioactive Compound 3028,C17H24N5O9P,CCCC(=O)NC1=NC2C(N=CN2C2OC3OP(=O)(O)OC3C2OC(=O)CCC)C(=O)N1,drug_images\CID_3028.png
CID_3029,Bioactive Compound 3029,C18H23N5O8P-,CCCC(=O)Nc1ncnc2c1ncn2C1OC2COP(=O)([O-])OC2C1OC(=O)CCC,drug_images\CID_3029.png
CID_3030,Bioactive Compound 3030,C8H6Cl2O3,COc1c(Cl)ccc(Cl)c1C(=O)O,drug_images\CID_3030.png
CID_3031,Bioactive Compound 3031,C7H3Cl2N,N#Cc1c(Cl)cccc1Cl,drug_images\CID_3031.png
CID_3032,Bioactive Compound 3032,C14H10Cl2NO2-,O=C([O-])Cc1ccccc1Nc1c(Cl)cccc1Cl,drug_images\CID_3032.png
CID_3033,Bioactive Compound 3033,C14H11Cl2NO2,O=C(O)Cc1ccccc1Nc1c(Cl)cccc1Cl,drug_images\CID_3033.png
CID_3034,Bioactive Compound 3034,C14H13Cl3N6O,C=C(NCc1ccc(Cl)cc1Cl)NC(=O)c1nc(Cl)c(N)nc1N,drug_images\CID_3034.png
CID_3035,Bioactive Compound 3035,C14H8Cl4,ClC(Cl)=C(c1ccc(Cl)cc1)c1ccc(Cl)cc1,drug_images\CID_3035.png
CID_3036,Bioactive Compound 3036,C14H9Cl5,Clc1ccc(C(c2ccc(Cl)cc2)C(Cl)(Cl)Cl)cc1,drug_images\CID_3036.png
CID_3037,Bioactive Compound 3037,C13H10Cl2O2,Oc1ccc(Cl)cc1Cc1cc(Cl)ccc1O,drug_images\CID_3037.png
CID_3038,Bioactive Compound 3038,C6H6Cl2N2O4S2,NS(=O)(=O)c1cc(Cl)c(Cl)c(S(N)(=O)=O)c1,drug_images\CID_3038.png
CID_3039,Bioactive Compound 3039,C4H7Cl2O4P,COP(=O)(OC)OC=C(Cl)Cl,drug_images\CID_3039.png
CID_3040,Bioactive Compound 3040,C19H16Cl2N3O5S-,Cc1onc(-c2c(Cl)cccc2Cl)c1C(=O)NC1C(=O)N2C1SC(C)(C)C2C(=O)[O-],drug_images\CID_3040.png
CID_3041,Bioactive Compound 3041,C19H17Cl2N3O5S,Cc1onc(-c2c(Cl)cccc2Cl)c1C(=O)NC1C(=O)N2C1SC(C)(C)C2C(=O)O,drug_images\CID_3041.png
CID_3042,Bioactive Compound 3042,C19H35NO2,CCN(CC)CCOC(=O)C1(C2CCCCC2)CCCCC1,drug_images\CID_3042.png
CID_3044,Bioactive Compound 3044,C10H13N5O2,CC1OC(n2cnc3c(N)ncnc32)CC1O,drug_images\CID_3044.png
CID_3045,Bioactive Compound 3045,C7H7NO4,O=C(NO)c1ccc(O)c(O)c1,drug_images\CID_3045.png
CID_3046,Bioactive Compound 3046,C16H8N2Na2O6S4,N#CSc1ccc(C=Cc2ccc(N=C=S)cc2S(=O)(=O)[O-])c(S(=O)(=O)[O-])c1.[Na+].[Na+],drug_images\CID_3046.png
CID_3047,Bioactive Compound 3047,C16H10N2O6S4,N#CSc1ccc(C=Cc2ccc(N=C=S)cc2S(=O)(=O)O)c(S(=O)(=O)O)c1,drug_images\CID_3047.png
CID_3048,Bioactive Compound 3048,C12H8Cl6O,ClC1=C(Cl)C2(Cl)C3C4CC(C5OC45)C3C1(Cl)C2(Cl)Cl,drug_images\CID_3048.png
CID_3049,Bioactive Compound 3049,C18H18O2,CC=C(C(=CC)c1ccc(O)cc1)c1ccc(O)cc1,drug_images\CID_3049.png
CID_3050,Bioactive Compound 3050,C12H19O3P,CCOP(=O)(Cc1ccc(C)cc1)OCC,drug_images\CID_3050.png
CID_3051,Bioactive Compound 3051,C6H10O5,CCOC(=O)OC(=O)OCC,drug_images\CID_3051.png
CID_3052,Bioactive Compound 3052,C10H21N3O,CCN(CC)C(=O)N1CCN(C)CC1,drug_images\CID_3052.png
CID_3053,Bioactive Compound 3053,C14H23N3O10,O=C(O)CN(CCN(CC(=O)O)CC(=O)O)CCN(CC(=O)O)CC(=O)O,drug_images\CID_3053.png
CID_3054,Bioactive Compound 3054,C18H20O2,CCC(=C(CC)c1ccc(O)cc1)c1ccc(O)cc1,drug_images\CID_3054.png
CID_3055,Bioactive Compound 3055,C21H27NO,OC(CCCN1CCCCC1)(c1ccccc1)c1ccccc1,drug_images\CID_3055.png
CID_3056,Bioactive Compound 3056,C26H32F2O7,CC(=O)OCC(=O)C1(OC(C)=O)C(C)CC2C3CC(F)C4=CC(=O)C=CC4(C)C3(F)C(O)CC21C,drug_images\CID_3056.png
CID_3057,Bioactive Compound 3057,C27H36F2O5,CC1CC2C3CC(F)C4=CC(=O)C=CC4(C)C3(F)C(O)CC2(C)C1C(=O)COC(=O)C(C)(C)C,drug_images\CID_3057.png
CID_3058,Bioactive Compound 3058,C27H36F2O5,CCCCC(=O)OCC(=O)C1C(C)CC2C3CC(F)C4=CC(=O)C=CC4(C)C3(F)C(O)CC21C,drug_images\CID_3058.png
CID_3059,Bioactive Compound 3059,C13H8F2O3,O=C(O)c1cc(-c2ccc(F)cc2F)ccc1O,drug_images\CID_3059.png
CID_3060,Bioactive Compound 3060,C27H34F2O7,CCCC(=O)OC1(C(=O)COC(C)=O)CCC2C3CC(F)C4=CC(=O)C=CC4(C)C3(F)C(O)CC21C,drug_images\CID_3060.png
CID_3061,Bioactive Compound 3061,C41H64O13,CC1OC(OC2C(O)CC(OC3C(O)CC(OC4CCC5(C)C(CCC6C5CCC5(C)C(C7=CC(=O)OC7)CCC65O)C4)OC3C)OC2C)CC(O)C1O,drug_images\CID_3061.png
CID_3062,Bioactive Compound 3062,C41H64O14,CC1OC(OC2C(O)CC(OC3C(O)CC(OC4CCC5(C)C(CCC6C5CC(O)C5(C)C(C7=CC(=O)OC7)CCC65O)C4)OC3C)OC2C)CC(O)C1O,drug_images\CID_3062.png
CID_3063,Bioactive Compound 3063,C18H23NO3,COc1ccc2c3c1OC1C(O)CCC4C(C2)N(C)CCC341,drug_images\CID_3063.png
CID_3064,Bioactive Compound 3064,C29H39NO5,C=C1C(C)C2C(Cc3ccccc3)NC(=O)C23OC(=O)CCC(O)CCCC(C)CC=CC3C1O,drug_images\CID_3064.png
CID_3065,Bioactive Compound 3065,C35H41N5O5,CC(C)C1(NC(=O)C2CC3c4cccc5[nH]cc(c45)CC3N(C)C2)OC2(O)C3CCCN3C(=O)C(Cc3ccccc3)N2C1=O,drug_images\CID_3065.png
CID_3066,Bioactive Compound 3066,C33H37N5O5,CN1CC(C(=O)NC2(C)OC3(O)C4CCCN4C(=O)C(Cc4ccccc4)N3C2=O)CC2c3cccc4[nH]cc(c34)CC21,drug_images\CID_3066.png
CID_3067,Bioactive Compound 3067,C31H39N5O5,CC(C)C1C(=O)N2CCCC2C2(O)OC(NC(=O)C3C=C4c5cccc6[nH]cc(c56)CC4N(C)C3)(C(C)C)C(=O)N12,drug_images\CID_3067.png
CID_3068,Bioactive Compound 3068,C29H46O12,CC1OC(OC2CC(O)C3(CO)C4C(O)CC5(C)C(C6COC(=O)C6)CCC5(O)C4CCC3(O)C2)C(O)C(O)C1O,drug_images\CID_3068.png
CID_3069,Bioactive Compound 3069,C21H41N7O12,CNC1C(OC2C(OC3C(O)C(O)C(N=C(N)N)C(O)C3N=C(N)N)OC(C)C2(O)CO)OC(CO)C(O)C1O,drug_images\CID_3069.png
CID_3070,Bioactive Compound 3070,C28H46O,CC1CCC(O)CC1=CC=C1CCCC2(C)C1CCC2C(C)C=CC(C)C(C)C,drug_images\CID_3070.png
CID_3071,Bioactive Compound 3071,C17H14N2,c1ccc2c(Cc3c[nH]c4ccccc34)c[nH]c2c1,drug_images\CID_3071.png
CID_3072,Bioactive Compound 3072,C6H15O3P,CC(C)O[PH](=O)OC(C)C,drug_images\CID_3072.png
CID_3073,Bioactive Compound 3073,C7H17O3P,CC(C)OP(C)(=O)OC(C)C,drug_images\CID_3073.png
CID_3074,Bioactive Compound 3074,C31H44N2O10,COc1cc(C(=O)OCCCN2CCCN(CCCOC(=O)c3cc(OC)c(OC)c(OC)c3)CC2)cc(OC)c1OC,drug_images\CID_3074.png
CID_3075,Bioactive Compound 3075,C22H27N2O4S+,COc1ccc(C2Sc3ccccc3N(CC[NH+](C)C)C(=O)C2OC(C)=O)cc1,drug_images\CID_3075.png
CID_3076,Bioactive Compound 3076,C22H26N2O4S,COc1ccc(C2Sc3ccccc3N(CCN(C)C)C(=O)C2OC(C)=O)cc1,drug_images\CID_3076.png
CID_3077,Bioactive Compound 3077,C6H15N3S,[H]/N=C(\N)SCCCN(C)C,drug_images\CID_3077.png
CID_3078,Bioactive Compound 3078,C20H21NO3,COc1ccc2c(=O)c(C)c(-c3ccccc3)oc2c1CN(C)C,drug_images\CID_3078.png
CID_3079,Bioactive Compound 3079,C18H25N,Cc1ccc2c(c1)C13CCCCC1C(C2)N(C)CC3,drug_images\CID_3079.png
CID_3080,Bioactive Compound 3080,C3H8OS2,OCC(S)CS,drug_images\CID_3080.png
CID_3081,Bioactive Compound 3081,C5H7NO3,CC1(C)OC(=O)NC1=O,drug_images\CID_3081.png
CID_3082,Bioactive Compound 3082,C5H12NO3PS2,CNC(=O)CSP(=S)(OC)OC,drug_images\CID_3082.png
CID_3083,Bioactive Compound 3083,C18H19N3Na4O12,COc1cc(C(CN(CC(=O)[O-])CC(=O)[O-])N(CC(=O)[O-])CC(=O)[O-])c([N+](=O)[O-])cc1OC.[Na+].[Na+].[Na+].[Na+],drug_images\CID_3083.png
CID_3084,Bioactive Compound 3084,C18H23N3O12,COc1cc(C(CN(CC(=O)O)CC(=O)O)N(CC(=O)O)CC(=O)O)c([N+](=O)[O-])cc1OC,drug_images\CID_3084.png
CID_3086,Bioactive Compound 3086,C4H6O5,COC(=O)OC(=O)OC,drug_images\CID_3086.png
CID_3087,Bioactive Compound 3087,C43H86NO5+,CCCCCCCCCCCCCCCCCC(=O)OCC(C[N+](C)(C)CCO)OC(=O)CCCCCCCCCCCCCCCCC,drug_images\CID_3087.png
CID_3088,Bioactive Compound 3088,C26H35N3O5,COc1cc2[nH]c3c(c2cc1OC)CCN1CC2C(C)OC=C(C(=O)OCCN(C)C)C2CC31,drug_images\CID_3088.png
CID_3089,Bioactive Compound 3089,C19H25N3O2S2,CC(CN1c2ccccc2Sc2ccc(S(=O)(=O)N(C)C)cc21)N(C)C,drug_images\CID_3089.png
CID_3090,Bioactive Compound 3090,C5H7N3O2,Cc1ncc([N+](=O)[O-])n1C,drug_images\CID_3090.png
CID_3091,Bioactive Compound 3091,C20H38N4O4,CCCCN(CCN(CCCC)C(=O)N1CCOCC1)C(=O)N1CCOCC1,drug_images\CID_3091.png
CID_3092,Bioactive Compound 3092,C8H7N3O5,Cc1c(C(N)=O)cc([N+](=O)[O-])cc1[N+](=O)[O-],drug_images\CID_3092.png
CID_3093,Bioactive Compound 3093,C18H34O4,CCCCCCCC(=O)OCCOC(=O)CCCCCCC,drug_images\CID_3093.png
CID_3094,Bioactive Compound 3094,C16H35N,CCCCCCCCNCCCCCCCC,drug_images\CID_3094.png
CID_3095,Bioactive Compound 3095,C24H27NO3,COc1cccc2c(-c3ccc4c(c3O)C(C)NC(C)C4)c(C)cc(OC)c12,drug_images\CID_3095.png
CID_3097,Bioactive Compound 3097,C14H12O4,COc1cccc(C(=O)c2ccccc2O)c1O,drug_images\CID_3097.png
CID_3098,Bioactive Compound 3098,C35H68NaO8P,CCCCCCCCCCCCCCCC(=O)OCC(COP(=O)([O-])O)OC(=O)CCCCCCCCCCCCCCC.[Na+],drug_images\CID_3098.png
CID_3099,Bioactive Compound 3099,C35H69O8P,CCCCCCCCCCCCCCCC(=O)OCC(COP(=O)(O)O)OC(=O)CCCCCCCCCCCCCCC,drug_images\CID_3099.png
CID_3100,Bioactive Compound 3100,C17H21NO,CN(C)CCOC(c1ccccc1)c1ccccc1,drug_images\CID_3100.png
CID_3101,Bioactive Compound 3101,C12H8I+,c1ccc2c(c1)[I+]c1ccccc1-2,drug_images\CID_3101.png
CID_3102,Bioactive Compound 3102,C13H10O,O=C(c1ccccc1)c1ccccc1,drug_images\CID_3102.png
CID_3103,Bioactive Compound 3103,C19H23NO,CN1CCC(OC(c2ccccc2)c2ccccc2)CC1,drug_images\CID_3103.png
CID_3104,Bioactive Compound 3104,C11H18N5O12P3,Nc1ncnc2c1ncn2C1OC(COP(=O)(O)CP(=O)(O)OP(=O)(O)O)C(O)C1O,drug_images\CID_3104.png
CID_3105,Bioactive Compound 3105,C19H29NO5,CNCC(O)c1ccc(OC(=O)C(C)(C)C)c(OC(=O)C(C)(C)C)c1,drug_images\CID_3105.png
CID_3106,Bioactive Compound 3106,C14H23NO2,CCCN(CCC)CCc1ccc(O)c(O)c1,drug_images\CID_3106.png
CID_3107,Bioactive Compound 3107,C17H31N3O4,CCC(C)C(N)C(=O)N1CCCC1C(=O)NC(C(=O)O)C(C)CC,drug_images\CID_3107.png
CID_3108,Bioactive Compound 3108,C24H40N8O4,OCCN(CCO)c1nc(N2CCCCC2)c2nc(N(CCO)CCO)nc(N3CCCCC3)c2n1,drug_images\CID_3108.png
CID_3109,Bioactive Compound 3109,C10H8N2O2S2,[O-][n+]1ccccc1SSc1cccc[n+]1[O-],drug_images\CID_3109.png
CID_3110,Bioactive Compound 3110,C13H16N3O4S-,Cc1c(N(C)CS(=O)(=O)[O-])c(=O)n(-c2ccccc2)n1C,drug_images\CID_3110.png
CID_3111,Bioactive Compound 3111,C13H17N3O4S,Cc1c(N(C)CS(=O)(=O)O)c(=O)n(-c2ccccc2)n1C,drug_images\CID_3111.png
CID_3112,Bioactive Compound 3112,C20H24N2O8,CC1=NC(CC2=NCC(CCC(=O)O)=C2CC(=O)O)C(CCC(=O)O)=C1CC(=O)O,drug_images\CID_3112.png
CID_3114,Bioactive Compound 3114,C21H29N3O,CC(C)N(CCC(C(N)=O)(c1ccccc1)c1ccccn1)C(C)C,drug_images\CID_3114.png
CID_3115,Bioactive Compound 3115,C22H27N9O4,[H]/N=C(\N)CCNC(=O)c1cc(NC(=O)c2cc(NC(=O)c3cc(NC=O)cn3C)cn2C)cn1C,drug_images\CID_3115.png
CID_3116,Bioactive Compound 3116,C22H32N4O4+2,CN(CCCCCCN(C)C(=O)Oc1ccc[n+](C)c1)C(=O)Oc1ccc[n+](C)c1,drug_images\CID_3116.png
CID_3117,Bioactive Compound 3117,C10H20N2S4,CCN(CC)C(=S)SSC(=S)N(CC)CC,drug_images\CID_3117.png
CID_3118,Bioactive Compound 3118,C8H19O2PS3,CCOP(=S)(OCC)SCCSCC,drug_images\CID_3118.png
CID_3119,Bioactive Compound 3119,C46H50N6O2+2,COc1ccc2[nH]c3ccc4cc[n+](CCN5CCC(C6CCN(CC[n+]7ccc8ccc9[nH]c%10ccc(OC)cc%10c9c8c7)CC6)CC5)cc4c3c2c1,drug_images\CID_3119.png
CID_3120,Bioactive Compound 3120,C9H10Cl2N2O,CN(C)C(=O)Nc1ccc(Cl)c(Cl)c1,drug_images\CID_3120.png
CID_3121,Bioactive Compound 3121,C8H16O2,CCCC(CCC)C(=O)O,drug_images\CID_3121.png
CID_3122,Bioactive Compound 3122,C7H16NO5P,NC(CCCCCP(=O)(O)O)C(=O)O,drug_images\CID_3122.png
CID_3123,Bioactive Compound 3123,C8H18NO5P,NC(CCCCCCP(=O)(O)O)C(=O)O,drug_images\CID_3123.png
CID_3125,Bioactive Compound 3125,C10H13NO3,CC(N)(Cc1ccc(O)cc1)C(=O)O,drug_images\CID_3125.png
CID_3126,Bioactive Compound 3126,C18H39NO2,CCCCCCCCCCCCCCCC(O)C(N)CO,drug_images\CID_3126.png
CID_3127,Bioactive Compound 3127,C9H12ClN,CC(N)Cc1ccc(Cl)cc1,drug_images\CID_3127.png
CID_3128,Bioactive Compound 3128,C10H14ClN,CNC(C)Cc1ccc(Cl)cc1,drug_images\CID_3128.png
CID_3129,Bioactive Compound 3129,C23H38N2O3,CCCCCCCCCC(=O)NC(CN1CCOCC1)C(O)c1ccccc1,drug_images\CID_3129.png
CID_3130,Bioactive Compound 3130,C29H50N2O3,CCCCCCCCCCCCCCCC(=O)NC(CN1CCOCC1)C(O)c1ccccc1,drug_images\CID_3130.png
CID_3131,Bioactive Compound 3131,C26H52NO3+,CCCCCCCCCCCCCCCCCC(=O)CC(CC(=O)O)C[N+](C)(C)C,drug_images\CID_3131.png
CID_3132,Bioactive Compound 3132,C12H15NO3S,O=C(O)CNC(=O)C(CS)Cc1ccccc1,drug_images\CID_3132.png
CID_3133,Bioactive Compound 3133,C19H20O4,COc1ccc(C=CC(=O)OCCc2ccccc2)cc1OC,drug_images\CID_3133.png
CID_3134,Bioactive Compound 3134,C7H9N5,CN(C)c1ncnc2nc[nH]c12,drug_images\CID_3134.png
CID_3135,Bioactive Compound 3135,C17H16N2O,CN(C)c1ccc(C=C2C(=O)Nc3ccccc32)cc1,drug_images\CID_3135.png
CID_3136,Bioactive Compound 3136,C12H10O4,COC1=C(OC)C(=O)c2ccccc2C1=O,drug_images\CID_3136.png
CID_3137,Bioactive Compound 3137,C35H38N2O5,O=C1N(Cc2ccc(CO)cc2)C(Cc2ccccc2)C(O)C(O)C(Cc2ccccc2)N1Cc1ccc(CO)cc1,drug_images\CID_3137.png
CID_3138,Bioactive Compound 3138,C33H38N4O3,Nc1cccc(CN2C(Cc3ccccc3)C(O)C(O)C(Cc3ccccc3)N(Cc3cccc(N)c3)C2O)c1,drug_images\CID_3138.png
CID_3139,Bioactive Compound 3139,C16H14N2O2,COc1cc(OC)c2cc(-c3ccncc3)cnc2c1,drug_images\CID_3139.png
CID_3140,Bioactive Compound 3140,C8H2N4O6,O=C1N=c2cc([N+](=O)[O-])c([N+](=O)[O-])cc2=NC1=O,drug_images\CID_3140.png
CID_3141,Bioactive Compound 3141,C18H23NO3,CC(CNCCc1ccc(O)c(O)c1)Cc1cccc(O)c1,drug_images\CID_3141.png
CID_3142,Bioactive Compound 3142,C21H30N2O8S,CCOC(=O)Oc1ccc(CCNC(=O)C(CCSC)NC(C)=O)cc1OC(=O)OCC,drug_images\CID_3142.png
CID_3143,Bioactive Compound 3143,C43H53NO14,CC(=O)OC12COC1CC(O)C1(C)C(=O)C(O)C3=C(C)C(OC(=O)C(O)C(NC(=O)OC(C)(C)C)c4ccccc4)CC(O)(C(OC(=O)c4ccccc4)C21)C3(C)C,drug_images\CID_3143.png
CID_3144,Bioactive Compound 3144,C22H32O2,CCC=CCC=CCC=CCC=CCC=CCC=CCCC(=O)O,drug_images\CID_3144.png
CID_3145,Bioactive Compound 3145,C22H34O2,CCC=CCC=CCC=CCC=CCC=CCCCCCC(=O)O,drug_images\CID_3145.png
CID_3146,Bioactive Compound 3146,C22H38O2,CCC=CCC=CCC=CCCCCCCCCCCCC(=O)O,drug_images\CID_3146.png
CID_3147,Bioactive Compound 3147,C23H23N2O2+,CCN1C(=CC=CC=Cc2oc3ccccc3[n+]2CC)Oc2ccccc21,drug_images\CID_3147.png
CID_3148,Bioactive Compound 3148,C19H20N2O3,O=C(OC1CC2CC3CC(C1)N2CC3=O)c1c[nH]c2ccccc12,drug_images\CID_3148.png
CID_3149,Bioactive Compound 3149,C22H40NO+,CCCCCCCCCCCC[N+](C)(C)CCOc1ccccc1,drug_images\CID_3149.png
CID_3150,Bioactive Compound 3150,C15H21NO6,CC(=CC=CC(C)C(=O)O)C1CNC(C(=O)O)C1CC(=O)O,drug_images\CID_3150.png
CID_3151,Bioactive Compound 3151,C22H24ClN5O2,O=c1[nH]c2ccccc2n1CCCN1CCC(n2c(=O)[nH]c3cc(Cl)ccc32)CC1,drug_images\CID_3151.png
CID_3152,Bioactive Compound 3152,C24H29NO3,COc1cc2c(cc1OC)C(=O)C(CC1CCN(Cc3ccccc3)CC1)C2,drug_images\CID_3152.png
CID_3153,Bioactive Compound 3153,C10H13NO2,NC1CCc2cc(O)c(O)cc2C1,drug_images\CID_3153.png
CID_3154,Bioactive Compound 3154,C10H16N2O4S3,CCNC1CC(C)S(=O)(=O)c2sc(S(N)(=O)=O)cc21,drug_images\CID_3154.png
CID_3155,Bioactive Compound 3155,C19H21NS,CN(C)CCC=C1c2ccccc2CSc2ccccc21,drug_images\CID_3155.png
CID_3156,Bioactive Compound 3156,C24H30N2O2,CCN1CC(CCN2CCOCC2)C(c2ccccc2)(c2ccccc2)C1=O,drug_images\CID_3156.png
CID_3157,Bioactive Compound 3157,C23H25N5O5,COc1cc2nc(N3CCN(C(=O)C4COc5ccccc5O4)CC3)nc(N)c2cc1OC,drug_images\CID_3157.png
CID_3158,Bioactive Compound 3158,C19H21NO,CN(C)CCC=C1c2ccccc2COc2ccccc21,drug_images\CID_3158.png
CID_3159,Bioactive Compound 3159,C9H11FN2O5,CC1OC(n2cc(F)c(=O)[nH]c2=O)C(O)C1O,drug_images\CID_3159.png
CID_3160,Bioactive Compound 3160,C27H31NO11,COc1cccc2c1C(=O)C1C(O)=C3C(=C(O)C1C2=O)CC(O)(C(=O)CO)CC3OC1CC(N)C(O)C(C)O1,drug_images\CID_3160.png
CID_3162,Bioactive Compound 3162,C17H22N2O,CN(C)CCOC(C)(c1ccccc1)c1ccccn1,drug_images\CID_3162.png
CID_3163,Bioactive Compound 3163,C27H31N5O6,COc1cc(OC)cc(C(CNc2ncnc3c2ncn3C2OC(CO)C(O)C2O)c2ccccc2C)c1,drug_images\CID_3163.png
CID_3164,Bioactive Compound 3164,C18H26N2O2,O=C1NCC(OCCCCN2CCCCC2)c2ccccc21,drug_images\CID_3164.png
CID_3165,Bioactive Compound 3165,C12H12Cl2N2O4,OCC1OC(n2cnc3cc(Cl)c(Cl)cc32)C(O)C1O,drug_images\CID_3165.png
CID_3166,Bioactive Compound 3166,C20H31NO2,CCN(CC)CCOC(=O)C(c1ccccc1)C1CCCCC1,drug_images\CID_3166.png
CID_3167,Bioactive Compound 3167,C20H32O2,CC1CC2(C)C(CCC3C4CCC(O)C4(C)CCC32)CC1=O,drug_images\CID_3167.png
CID_3168,Bioactive Compound 3168,C22H22FN3O2,O=C(CCCN1CC=C(n2c(=O)[nH]c3ccccc32)CC1)c1ccc(F)cc1,drug_images\CID_3168.png
CID_3169,Bioactive Compound 3169,C13H20N2O2,OCC(O)CN1CCN(c2ccccc2)CC1,drug_images\CID_3169.png
CID_3170,Bioactive Compound 3170,C23H36O3,CCC(=O)OC1CCC2C3CCC4CC(=O)C(C)CC4(C)C3CCC12C,drug_images\CID_3170.png
CID_3171,Bioactive Compound 3171,C9H11NO5,NC(C(=O)O)C(O)c1ccc(O)c(O)c1,drug_images\CID_3171.png
CID_3172,Bioactive Compound 3172,C11H15BrClN,CCN(CCCl)Cc1ccccc1Br,drug_images\CID_3172.png
CID_3173,Bioactive Compound 3173,C4H5NNa2O2S2,CN(CC(=O)[O-])C(=S)[S-].[Na+].[Na+],drug_images\CID_3173.png
CID_3174,Bioactive Compound 3174,C4H7NO2S2,CN(CC(=O)O)C(=S)S,drug_images\CID_3174.png
CID_3175,Bioactive Compound 3175,C26H27N3O8,COC(=O)C1(C)Nc2c(O)cc3c(c2C1=O)C(C)CN3C(=O)c1cc2cc(OC)c(OC)c(OC)c2[nH]1,drug_images\CID_3175.png
CID_3176,Bioactive Compound 3176,C25H25N3O7,COC(=O)c1cc2c3c(cc(O)c2[nH]1)N(C(=O)c1cc2cc(OC)c(OC)c(OC)c2[nH]1)CC3C,drug_images\CID_3176.png
CID_3177,Bioactive Compound 3177,C17H12BrFO2S2,CS(=O)(=O)c1ccc(-c2cc(Br)sc2-c2ccc(F)cc2)cc1,drug_images\CID_3177.png
CID_3178,Bioactive Compound 3178,C26H27N4O3+,CC(N)n1ccc(Oc2ccc(C(Cc3ccc4ccc(C(N)=[NH2+])cc4c3)C(=O)O)cc2)c1,drug_images\CID_3178.png
CID_3179,Bioactive Compound 3179,C26H26N4O3,[H]/N=C(\N)c1ccc2ccc(CC(C(=O)O)c3ccc(Oc4ccn(C(C)N)c4)cc3)cc2c1,drug_images\CID_3179.png
CID_3180,Bioactive Compound 3180,C18H27NO2,CCCCOc1ccc(C(=O)CCN2CCCCC2)cc1,drug_images\CID_3180.png
CID_3181,Bioactive Compound 3181,C21H28O2,CC(=O)C1CCC2C3C=CC4=CC(=O)CCC4(C)C3CCC12C,drug_images\CID_3181.png
CID_3182,Bioactive Compound 3182,C10H14N4O4,Cn1c(=O)c2c(ncn2CC(O)CO)n(C)c1=O,drug_images\CID_3182.png
CID_3183,Bioactive Compound 3183,C11H13BrN2O5,O=c1[nH]c(=O)n(C2CC(O)C(CO)O2)cc1C=CBr,drug_images\CID_3183.png
CID_3184,Bioactive Compound 3184,C21H29N3O3S+2,Cc1cccc(CC[NH+]2CCC(C(=O)c3ccc(NS(C)(=O)=O)cc3)CC2)[nH+]1,drug_images\CID_3184.png
CID_3185,Bioactive Compound 3185,C21H27N3O3S,Cc1cccc(CCN2CCC(C(=O)c3ccc(NS(C)(=O)=O)cc3)CC2)n1,drug_images\CID_3185.png
CID_3186,Bioactive Compound 3186,C15H30N5O5+,CC(C)CC(NC(=O)C(O)CC(=O)O)C(=O)NCCCC[NH+]=C(N)N,drug_images\CID_3186.png
